username,event_date,release_id,country,organization_id,Y,D_tau_m3,D_tau_m2,D_tau_m1,D_tau_0,D_tau_1,D_tau_2,D_tau_3,D_tau_4
12rambau,2023-03-28,97222037,italy,,1,1,0,0,0,0,0,0,0
12rambau,2023-03-29,97368881,italy,1284191,1,0,1,0,0,0,0,0,0
12rambau,2023-03-30,97494955,italy,1284191,1,0,0,1,0,0,0,0,0
12rambau,2023-03-31,,italy,,0,0,0,0,1,0,0,0,0
12rambau,2023-04-03,,italy,,0,0,0,0,0,1,0,0,0
12rambau,2023-04-04,,italy,,0,0,0,0,0,0,1,0,0
12rambau,2023-04-05,,italy,,0,0,0,0,0,0,0,1,0
12rambau,2023-04-06,98379752,italy,,1,0,0,0,0,0,0,0,1
1C0D,2023-03-28,97139358,france,,1,0,0,0,0,0,0,0,0
1C0D,2023-03-29,97405372,france,,1,0,0,0,0,0,0,0,0
1C0D,2023-03-30,,france,,0,0,0,0,0,0,0,0,0
1C0D,2023-03-31,,france,,0,0,0,0,0,0,0,0,0
1C0D,2023-04-03,97913579,france,,1,0,0,0,0,0,0,0,0
1C0D,2023-04-04,,france,,0,0,0,0,0,0,0,0,0
1C0D,2023-04-05,98243569,france,,1,0,0,0,0,0,0,0,0
1C0D,2023-04-06,98475100,france,,1,0,0,0,0,0,0,0,0
2emeagauche,2023-03-28,,france,,0,0,0,0,0,0,0,0,0
2emeagauche,2023-03-29,,france,,0,0,0,0,0,0,0,0,0
2emeagauche,2023-03-30,,france,,0,0,0,0,0,0,0,0,0
2emeagauche,2023-03-31,97595982,france,,1,0,0,0,0,0,0,0,0
2emeagauche,2023-04-03,,france,,0,0,0,0,0,0,0,0,0
2emeagauche,2023-04-04,,france,,0,0,0,0,0,0,0,0,0
2emeagauche,2023-04-05,,france,,0,0,0,0,0,0,0,0,0
2emeagauche,2023-04-06,,france,,0,0,0,0,0,0,0,0,0
7AC,2023-03-28,,italy,82617326,0,1,0,0,0,0,0,0,0
7AC,2023-03-29,,italy,82617326,0,0,1,0,0,0,0,0,0
7AC,2023-03-30,,italy,82617326,0,0,0,1,0,0,0,0,0
7AC,2023-03-31,97569991,italy,82617326,1,0,0,0,1,0,0,0,0
7AC,2023-04-03,,italy,82617326,0,0,0,0,0,1,0,0,0
7AC,2023-04-04,,italy,82617326,0,0,0,0,0,0,1,0,0
7AC,2023-04-05,,italy,82617326,0,0,0,0,0,0,0,1,0
7AC,2023-04-06,,italy,82617326,0,0,0,0,0,0,0,0,1
A-d-r-i,2023-03-28,97186281,france,,1,0,0,0,0,0,0,0,0
A-d-r-i,2023-03-29,97260595,france,,1,0,0,0,0,0,0,0,0
A-d-r-i,2023-03-30,97488251,france,,1,0,0,0,0,0,0,0,0
A-d-r-i,2023-03-31,,france,,0,0,0,0,0,0,0,0,0
A-d-r-i,2023-04-03,97809853,france,,1,0,0,0,0,0,0,0,0
A-d-r-i,2023-04-04,98102046,france,,1,0,0,0,0,0,0,0,0
A-d-r-i,2023-04-05,,france,,0,0,0,0,0,0,0,0,0
A-d-r-i,2023-04-06,98336622,france,,1,0,0,0,0,0,0,0,0
ANDRVV,2023-03-28,,italy,,0,1,0,0,0,0,0,0,0
ANDRVV,2023-03-29,,italy,,0,0,1,0,0,0,0,0,0
ANDRVV,2023-03-30,,italy,,0,0,0,1,0,0,0,0,0
ANDRVV,2023-03-31,,italy,,0,0,0,0,1,0,0,0,0
ANDRVV,2023-04-03,97913236,italy,,1,0,0,0,0,1,0,0,0
ANDRVV,2023-04-04,,italy,,0,0,0,0,0,0,1,0,0
ANDRVV,2023-04-05,,italy,,0,0,0,0,0,0,0,1,0
ANDRVV,2023-04-06,,italy,,0,0,0,0,0,0,0,0,1
AX3L25,2023-03-28,,france,,0,0,0,0,0,0,0,0,0
AX3L25,2023-03-29,,france,,0,0,0,0,0,0,0,0,0
AX3L25,2023-03-30,,france,,0,0,0,0,0,0,0,0,0
AX3L25,2023-03-31,,france,,0,0,0,0,0,0,0,0,0
AX3L25,2023-04-03,,france,,0,0,0,0,0,0,0,0,0
AX3L25,2023-04-04,,france,,0,0,0,0,0,0,0,0,0
AX3L25,2023-04-05,98241680,france,,1,0,0,0,0,0,0,0,0
AX3L25,2023-04-06,98444963,france,,1,0,0,0,0,0,0,0,0
AdrianPaulCarrieres,2023-03-28,,france,,0,0,0,0,0,0,0,0,0
AdrianPaulCarrieres,2023-03-29,,france,,0,0,0,0,0,0,0,0,0
AdrianPaulCarrieres,2023-03-30,,france,,0,0,0,0,0,0,0,0,0
AdrianPaulCarrieres,2023-03-31,,france,,0,0,0,0,0,0,0,0,0
AdrianPaulCarrieres,2023-04-03,,france,,0,0,0,0,0,0,0,0,0
AdrianPaulCarrieres,2023-04-04,,france,,0,0,0,0,0,0,0,0,0
AdrianPaulCarrieres,2023-04-05,98159678,france,,1,0,0,0,0,0,0,0,0
AdrianPaulCarrieres,2023-04-06,,france,,0,0,0,0,0,0,0,0,0
AdrienLeGuillou,2023-03-28,,france,26282757,0,0,0,0,0,0,0,0,0
AdrienLeGuillou,2023-03-29,,france,26282757,0,0,0,0,0,0,0,0,0
AdrienLeGuillou,2023-03-30,,france,26282757,0,0,0,0,0,0,0,0,0
AdrienLeGuillou,2023-03-31,,france,26282757,0,0,0,0,0,0,0,0,0
AdrienLeGuillou,2023-04-03,,france,26282757,0,0,0,0,0,0,0,0,0
AdrienLeGuillou,2023-04-04,,france,26282757,0,0,0,0,0,0,0,0,0
AdrienLeGuillou,2023-04-05,98166711,france,26282757,1,0,0,0,0,0,0,0,0
AdrienLeGuillou,2023-04-06,,france,26282757,0,0,0,0,0,0,0,0,0
Agurato,2023-03-28,,france,126482535,0,0,0,0,0,0,0,0,0
Agurato,2023-03-29,,france,126482535,0,0,0,0,0,0,0,0,0
Agurato,2023-03-30,,france,126482535,0,0,0,0,0,0,0,0,0
Agurato,2023-03-31,97656809,france,126482535,1,0,0,0,0,0,0,0,0
Agurato,2023-04-03,,france,126482535,0,0,0,0,0,0,0,0,0
Agurato,2023-04-04,,france,126482535,0,0,0,0,0,0,0,0,0
Agurato,2023-04-05,,france,126482535,0,0,0,0,0,0,0,0,0
Agurato,2023-04-06,,france,126482535,0,0,0,0,0,0,0,0,0
Akecel,2023-03-28,,france,,0,0,0,0,0,0,0,0,0
Akecel,2023-03-29,,france,,0,0,0,0,0,0,0,0,0
Akecel,2023-03-30,97507307,france,,1,0,0,0,0,0,0,0,0
Akecel,2023-03-31,97698060,france,,1,0,0,0,0,0,0,0,0
Akecel,2023-04-03,,france,,0,0,0,0,0,0,0,0,0
Akecel,2023-04-04,98069995,france,,1,0,0,0,0,0,0,0,0
Akecel,2023-04-05,98274289,france,,1,0,0,0,0,0,0,0,0
Akecel,2023-04-06,98335615,france,,1,0,0,0,0,0,0,0,0
AlbanAndrieu,2023-03-28,,france,,0,0,0,0,0,0,0,0,0
AlbanAndrieu,2023-03-29,97339487,france,,1,0,0,0,0,0,0,0,0
AlbanAndrieu,2023-03-30,,france,,0,0,0,0,0,0,0,0,0
AlbanAndrieu,2023-03-31,,france,,0,0,0,0,0,0,0,0,0
AlbanAndrieu,2023-04-03,,france,,0,0,0,0,0,0,0,0,0
AlbanAndrieu,2023-04-04,,france,,0,0,0,0,0,0,0,0,0
AlbanAndrieu,2023-04-05,,france,,0,0,0,0,0,0,0,0,0
AlbanAndrieu,2023-04-06,,france,,0,0,0,0,0,0,0,0,0
AlessandroMinoccheri,2023-03-28,97196462,italy,,1,1,0,0,0,0,0,0,0
AlessandroMinoccheri,2023-03-29,97365143,italy,65668081,1,0,1,0,0,0,0,0,0
AlessandroMinoccheri,2023-03-30,,italy,,0,0,0,1,0,0,0,0,0
AlessandroMinoccheri,2023-03-31,,italy,,0,0,0,0,1,0,0,0,0
AlessandroMinoccheri,2023-04-03,,italy,,0,0,0,0,0,1,0,0,0
AlessandroMinoccheri,2023-04-04,98066387,italy,65668081,1,0,0,0,0,0,1,0,0
AlessandroMinoccheri,2023-04-05,98145694,italy,65668081,1,0,0,0,0,0,0,1,0
AlessandroMinoccheri,2023-04-06,,italy,,0,0,0,0,0,0,0,0,1
AlexALTP,2023-03-28,,france,94073854,0,0,0,0,0,0,0,0,0
AlexALTP,2023-03-29,97323466,france,94073854,1,0,0,0,0,0,0,0,0
AlexALTP,2023-03-30,,france,94073854,0,0,0,0,0,0,0,0,0
AlexALTP,2023-03-31,,france,94073854,0,0,0,0,0,0,0,0,0
AlexALTP,2023-04-03,,france,94073854,0,0,0,0,0,0,0,0,0
AlexALTP,2023-04-04,,france,94073854,0,0,0,0,0,0,0,0,0
AlexALTP,2023-04-05,,france,94073854,0,0,0,0,0,0,0,0,0
AlexALTP,2023-04-06,,france,94073854,0,0,0,0,0,0,0,0,0
AlexLamande,2023-03-28,,france,22865023,0,0,0,0,0,0,0,0,0
AlexLamande,2023-03-29,,france,22865023,0,0,0,0,0,0,0,0,0
AlexLamande,2023-03-30,,france,22865023,0,0,0,0,0,0,0,0,0
AlexLamande,2023-03-31,97646401,france,22865023,1,0,0,0,0,0,0,0,0
AlexLamande,2023-04-03,,france,22865023,0,0,0,0,0,0,0,0,0
AlexLamande,2023-04-04,,france,22865023,0,0,0,0,0,0,0,0,0
AlexLamande,2023-04-05,,france,22865023,0,0,0,0,0,0,0,0,0
AlexLamande,2023-04-06,,france,22865023,0,0,0,0,0,0,0,0,0
AlexisBRENON,2023-03-28,,france,,0,0,0,0,0,0,0,0,0
AlexisBRENON,2023-03-29,97311359,france,,1,0,0,0,0,0,0,0,0
AlexisBRENON,2023-03-30,,france,,0,0,0,0,0,0,0,0,0
AlexisBRENON,2023-03-31,,france,,0,0,0,0,0,0,0,0,0
AlexisBRENON,2023-04-03,,france,,0,0,0,0,0,0,0,0,0
AlexisBRENON,2023-04-04,,france,,0,0,0,0,0,0,0,0,0
AlexisBRENON,2023-04-05,,france,,0,0,0,0,0,0,0,0,0
AlexisBRENON,2023-04-06,,france,,0,0,0,0,0,0,0,0,0
AlexisVLRT,2023-03-28,,france,86767100,0,0,0,0,0,0,0,0,0
AlexisVLRT,2023-03-29,,france,86767100,0,0,0,0,0,0,0,0,0
AlexisVLRT,2023-03-30,,france,86767100,0,0,0,0,0,0,0,0,0
AlexisVLRT,2023-03-31,,france,86767100,0,0,0,0,0,0,0,0,0
AlexisVLRT,2023-04-03,,france,86767100,0,0,0,0,0,0,0,0,0
AlexisVLRT,2023-04-04,98046839,france,86767100,1,0,0,0,0,0,0,0,0
AlexisVLRT,2023-04-05,,france,86767100,0,0,0,0,0,0,0,0,0
AlexisVLRT,2023-04-06,98388697,france,86767100,1,0,0,0,0,0,0,0,0
Alfio010,2023-03-28,,italy,,0,1,0,0,0,0,0,0,0
Alfio010,2023-03-29,,italy,,0,0,1,0,0,0,0,0,0
Alfio010,2023-03-30,,italy,,0,0,0,1,0,0,0,0,0
Alfio010,2023-03-31,,italy,,0,0,0,0,1,0,0,0,0
Alfio010,2023-04-03,,italy,,0,0,0,0,0,1,0,0,0
Alfio010,2023-04-04,,italy,,0,0,0,0,0,0,1,0,0
Alfio010,2023-04-05,98243320,italy,,1,0,0,0,0,0,0,1,0
Alfio010,2023-04-06,,italy,,0,0,0,0,0,0,0,0,1
Allan-Nava,2023-03-28,,italy,128170946,0,1,0,0,0,0,0,0,0
Allan-Nava,2023-03-29,,italy,128170946,0,0,1,0,0,0,0,0,0
Allan-Nava,2023-03-30,,italy,128170946,0,0,0,1,0,0,0,0,0
Allan-Nava,2023-03-31,,italy,128170946,0,0,0,0,1,0,0,0,0
Allan-Nava,2023-04-03,,italy,128170946,0,0,0,0,0,1,0,0,0
Allan-Nava,2023-04-04,,italy,128170946,0,0,0,0,0,0,1,0,0
Allan-Nava,2023-04-05,,italy,128170946,0,0,0,0,0,0,0,1,0
Allan-Nava,2023-04-06,98438640,italy,128170946,1,0,0,0,0,0,0,0,1
Almouro,2023-03-28,,france,9597329,0,0,0,0,0,0,0,0,0
Almouro,2023-03-29,,france,9597329,0,0,0,0,0,0,0,0,0
Almouro,2023-03-30,,france,9597329,0,0,0,0,0,0,0,0,0
Almouro,2023-03-31,,france,9597329,0,0,0,0,0,0,0,0,0
Almouro,2023-04-03,97871767,france,9597329,1,0,0,0,0,0,0,0,0
Almouro,2023-04-04,,france,9597329,0,0,0,0,0,0,0,0,0
Almouro,2023-04-05,,france,9597329,0,0,0,0,0,0,0,0,0
Almouro,2023-04-06,,france,9597329,0,0,0,0,0,0,0,0,0
AlxisHenry,2023-03-28,97152208,france,,1,0,0,0,0,0,0,0,0
AlxisHenry,2023-03-29,97357491,france,,1,0,0,0,0,0,0,0,0
AlxisHenry,2023-03-30,97534816,france,,1,0,0,0,0,0,0,0,0
AlxisHenry,2023-03-31,97604307,france,122083428,1,0,0,0,0,0,0,0,0
AlxisHenry,2023-04-03,97851714,france,,1,0,0,0,0,0,0,0,0
AlxisHenry,2023-04-04,,france,,0,0,0,0,0,0,0,0,0
AlxisHenry,2023-04-05,,france,,0,0,0,0,0,0,0,0,0
AlxisHenry,2023-04-06,,france,,0,0,0,0,0,0,0,0,0
AmauriC,2023-03-28,,france,,0,0,0,0,0,0,0,0,0
AmauriC,2023-03-29,,france,,0,0,0,0,0,0,0,0,0
AmauriC,2023-03-30,,france,,0,0,0,0,0,0,0,0,0
AmauriC,2023-03-31,,france,,0,0,0,0,0,0,0,0,0
AmauriC,2023-04-03,97848267,france,,1,0,0,0,0,0,0,0,0
AmauriC,2023-04-04,,france,,0,0,0,0,0,0,0,0,0
AmauriC,2023-04-05,,france,,0,0,0,0,0,0,0,0,0
AmauriC,2023-04-06,,france,,0,0,0,0,0,0,0,0,0
AndreasSchantl,2023-03-28,,austria,63889666,0,0,0,0,0,0,0,0,0
AndreasSchantl,2023-03-29,,austria,63889666,0,0,0,0,0,0,0,0,0
AndreasSchantl,2023-03-30,,austria,63889666,0,0,0,0,0,0,0,0,0
AndreasSchantl,2023-03-31,,austria,63889666,0,0,0,0,0,0,0,0,0
AndreasSchantl,2023-04-03,,austria,63889666,0,0,0,0,0,0,0,0,0
AndreasSchantl,2023-04-04,,austria,63889666,0,0,0,0,0,0,0,0,0
AndreasSchantl,2023-04-05,,austria,63889666,0,0,0,0,0,0,0,0,0
AndreasSchantl,2023-04-06,98348275,austria,63889666,1,0,0,0,0,0,0,0,0
Andromelus,2023-03-28,,france,,0,0,0,0,0,0,0,0,0
Andromelus,2023-03-29,,france,,0,0,0,0,0,0,0,0,0
Andromelus,2023-03-30,97514130,france,,1,0,0,0,0,0,0,0,0
Andromelus,2023-03-31,,france,,0,0,0,0,0,0,0,0,0
Andromelus,2023-04-03,,france,,0,0,0,0,0,0,0,0,0
Andromelus,2023-04-04,,france,,0,0,0,0,0,0,0,0,0
Andromelus,2023-04-05,,france,,0,0,0,0,0,0,0,0,0
Andromelus,2023-04-06,,france,,0,0,0,0,0,0,0,0,0
Ant0wan,2023-03-28,,france,,0,0,0,0,0,0,0,0,0
Ant0wan,2023-03-29,,france,,0,0,0,0,0,0,0,0,0
Ant0wan,2023-03-30,,france,,0,0,0,0,0,0,0,0,0
Ant0wan,2023-03-31,,france,,0,0,0,0,0,0,0,0,0
Ant0wan,2023-04-03,,france,,0,0,0,0,0,0,0,0,0
Ant0wan,2023-04-04,,france,,0,0,0,0,0,0,0,0,0
Ant0wan,2023-04-05,98280962,france,,1,0,0,0,0,0,0,0,0
Ant0wan,2023-04-06,98447993,france,,1,0,0,0,0,0,0,0,0
Antiz96,2023-03-28,,france,,0,0,0,0,0,0,0,0,0
Antiz96,2023-03-29,,france,,0,0,0,0,0,0,0,0,0
Antiz96,2023-03-30,,france,,0,0,0,0,0,0,0,0,0
Antiz96,2023-03-31,,france,,0,0,0,0,0,0,0,0,0
Antiz96,2023-04-03,97825559,france,,1,0,0,0,0,0,0,0,0
Antiz96,2023-04-04,,france,,0,0,0,0,0,0,0,0,0
Antiz96,2023-04-05,,france,,0,0,0,0,0,0,0,0,0
Antiz96,2023-04-06,,france,,0,0,0,0,0,0,0,0,0
AntoineBourin,2023-03-28,,france,,0,0,0,0,0,0,0,0,0
AntoineBourin,2023-03-29,,france,,0,0,0,0,0,0,0,0,0
AntoineBourin,2023-03-30,,france,,0,0,0,0,0,0,0,0,0
AntoineBourin,2023-03-31,97661097,france,,1,0,0,0,0,0,0,0,0
AntoineBourin,2023-04-03,,france,,0,0,0,0,0,0,0,0,0
AntoineBourin,2023-04-04,,france,,0,0,0,0,0,0,0,0,0
AntoineBourin,2023-04-05,,france,,0,0,0,0,0,0,0,0,0
AntoineBourin,2023-04-06,,france,,0,0,0,0,0,0,0,0,0
AntoineRelief,2023-03-28,,france,7983478,0,0,0,0,0,0,0,0,0
AntoineRelief,2023-03-29,,france,7983478,0,0,0,0,0,0,0,0,0
AntoineRelief,2023-03-30,,france,7983478,0,0,0,0,0,0,0,0,0
AntoineRelief,2023-03-31,97636243,france,7983478,1,0,0,0,0,0,0,0,0
AntoineRelief,2023-04-03,,france,7983478,0,0,0,0,0,0,0,0,0
AntoineRelief,2023-04-04,,france,7983478,0,0,0,0,0,0,0,0,0
AntoineRelief,2023-04-05,,france,7983478,0,0,0,0,0,0,0,0,0
AntoineRelief,2023-04-06,98436087,france,7983478,1,0,0,0,0,0,0,0,0
AntonOellerer,2023-03-28,,austria,68952075,0,0,0,0,0,0,0,0,0
AntonOellerer,2023-03-29,,austria,68952075,0,0,0,0,0,0,0,0,0
AntonOellerer,2023-03-30,97488733,austria,68952075,1,0,0,0,0,0,0,0,0
AntonOellerer,2023-03-31,,austria,68952075,0,0,0,0,0,0,0,0,0
AntonOellerer,2023-04-03,,austria,68952075,0,0,0,0,0,0,0,0,0
AntonOellerer,2023-04-04,,austria,68952075,0,0,0,0,0,0,0,0,0
AntonOellerer,2023-04-05,,austria,68952075,0,0,0,0,0,0,0,0,0
AntonOellerer,2023-04-06,,austria,68952075,0,0,0,0,0,0,0,0,0
Anypodetos,2023-03-28,,austria,,0,0,0,0,0,0,0,0,0
Anypodetos,2023-03-29,,austria,,0,0,0,0,0,0,0,0,0
Anypodetos,2023-03-30,,austria,,0,0,0,0,0,0,0,0,0
Anypodetos,2023-03-31,,austria,,0,0,0,0,0,0,0,0,0
Anypodetos,2023-04-03,97828666,austria,,1,0,0,0,0,0,0,0,0
Anypodetos,2023-04-04,,austria,,0,0,0,0,0,0,0,0,0
Anypodetos,2023-04-05,,austria,,0,0,0,0,0,0,0,0,0
Anypodetos,2023-04-06,,austria,,0,0,0,0,0,0,0,0,0
Arenz2001,2023-03-28,,france,,0,0,0,0,0,0,0,0,0
Arenz2001,2023-03-29,,france,,0,0,0,0,0,0,0,0,0
Arenz2001,2023-03-30,,france,,0,0,0,0,0,0,0,0,0
Arenz2001,2023-03-31,97605731,france,,1,0,0,0,0,0,0,0,0
Arenz2001,2023-04-03,,france,,0,0,0,0,0,0,0,0,0
Arenz2001,2023-04-04,,france,,0,0,0,0,0,0,0,0,0
Arenz2001,2023-04-05,,france,,0,0,0,0,0,0,0,0,0
Arenz2001,2023-04-06,,france,,0,0,0,0,0,0,0,0,0
ArmanNik,2023-03-28,,italy,25003669,0,1,0,0,0,0,0,0,0
ArmanNik,2023-03-29,97295291,italy,25003669,1,0,1,0,0,0,0,0,0
ArmanNik,2023-03-30,97460008,italy,25003669,1,0,0,1,0,0,0,0,0
ArmanNik,2023-03-31,,italy,25003669,0,0,0,0,1,0,0,0,0
ArmanNik,2023-04-03,97839846,italy,25003669,1,0,0,0,0,1,0,0,0
ArmanNik,2023-04-04,,italy,25003669,0,0,0,0,0,0,1,0,0
ArmanNik,2023-04-05,98177008,italy,25003669,1,0,0,0,0,0,0,1,0
ArmanNik,2023-04-06,,italy,25003669,0,0,0,0,0,0,0,0,1
ArnaudLigny,2023-03-28,,france,45047331,0,0,0,0,0,0,0,0,0
ArnaudLigny,2023-03-29,,france,45047331,0,0,0,0,0,0,0,0,0
ArnaudLigny,2023-03-30,,france,45047331,0,0,0,0,0,0,0,0,0
ArnaudLigny,2023-03-31,,france,45047331,0,0,0,0,0,0,0,0,0
ArnaudLigny,2023-04-03,97913913,france,45047331,1,0,0,0,0,0,0,0,0
ArnaudLigny,2023-04-04,98060200,france,45047331,1,0,0,0,0,0,0,0,0
ArnaudLigny,2023-04-05,98161196,france,45047331,1,0,0,0,0,0,0,0,0
ArnaudLigny,2023-04-06,98478083,france,45047331,1,0,0,0,0,0,0,0,0
Arthi-chaud,2023-03-28,,france,,0,0,0,0,0,0,0,0,0
Arthi-chaud,2023-03-29,,france,,0,0,0,0,0,0,0,0,0
Arthi-chaud,2023-03-30,,france,,0,0,0,0,0,0,0,0,0
Arthi-chaud,2023-03-31,97697499,france,,1,0,0,0,0,0,0,0,0
Arthi-chaud,2023-04-03,,france,,0,0,0,0,0,0,0,0,0
Arthi-chaud,2023-04-04,,france,,0,0,0,0,0,0,0,0,0
Arthi-chaud,2023-04-05,,france,,0,0,0,0,0,0,0,0,0
Arthi-chaud,2023-04-06,,france,,0,0,0,0,0,0,0,0,0
Astropilot,2023-03-28,,france,,0,0,0,0,0,0,0,0,0
Astropilot,2023-03-29,97398264,france,,1,0,0,0,0,0,0,0,0
Astropilot,2023-03-30,,france,,0,0,0,0,0,0,0,0,0
Astropilot,2023-03-31,,france,,0,0,0,0,0,0,0,0,0
Astropilot,2023-04-03,,france,,0,0,0,0,0,0,0,0,0
Astropilot,2023-04-04,,france,,0,0,0,0,0,0,0,0,0
Astropilot,2023-04-05,,france,,0,0,0,0,0,0,0,0,0
Astropilot,2023-04-06,98429241,france,,1,0,0,0,0,0,0,0,0
Athozus,2023-03-28,,france,58391373,0,0,0,0,0,0,0,0,0
Athozus,2023-03-29,,france,58391373,0,0,0,0,0,0,0,0,0
Athozus,2023-03-30,,france,58391373,0,0,0,0,0,0,0,0,0
Athozus,2023-03-31,,france,58391373,0,0,0,0,0,0,0,0,0
Athozus,2023-04-03,97866372,france,58391373,1,0,0,0,0,0,0,0,0
Athozus,2023-04-04,,france,58391373,0,0,0,0,0,0,0,0,0
Athozus,2023-04-05,,france,58391373,0,0,0,0,0,0,0,0,0
Athozus,2023-04-06,,france,58391373,0,0,0,0,0,0,0,0,0
Atinux,2023-03-28,97175644,france,,1,0,0,0,0,0,0,0,0
Atinux,2023-03-29,,france,,0,0,0,0,0,0,0,0,0
Atinux,2023-03-30,,france,,0,0,0,0,0,0,0,0,0
Atinux,2023-03-31,,france,,0,0,0,0,0,0,0,0,0
Atinux,2023-04-03,,france,,0,0,0,0,0,0,0,0,0
Atinux,2023-04-04,,france,,0,0,0,0,0,0,0,0,0
Atinux,2023-04-05,,france,,0,0,0,0,0,0,0,0,0
Atinux,2023-04-06,,france,,0,0,0,0,0,0,0,0,0
BGSpiegl,2023-03-28,,austria,,0,0,0,0,0,0,0,0,0
BGSpiegl,2023-03-29,,austria,,0,0,0,0,0,0,0,0,0
BGSpiegl,2023-03-30,,austria,,0,0,0,0,0,0,0,0,0
BGSpiegl,2023-03-31,,austria,,0,0,0,0,0,0,0,0,0
BGSpiegl,2023-04-03,97872735,austria,,1,0,0,0,0,0,0,0,0
BGSpiegl,2023-04-04,,austria,,0,0,0,0,0,0,0,0,0
BGSpiegl,2023-04-05,,austria,,0,0,0,0,0,0,0,0,0
BGSpiegl,2023-04-06,,austria,,0,0,0,0,0,0,0,0,0
Baboo7,2023-03-28,,france,11797105,0,0,0,0,0,0,0,0,0
Baboo7,2023-03-29,,france,11797105,0,0,0,0,0,0,0,0,0
Baboo7,2023-03-30,97544305,france,11797105,1,0,0,0,0,0,0,0,0
Baboo7,2023-03-31,,france,11797105,0,0,0,0,0,0,0,0,0
Baboo7,2023-04-03,,france,11797105,0,0,0,0,0,0,0,0,0
Baboo7,2023-04-04,,france,11797105,0,0,0,0,0,0,0,0,0
Baboo7,2023-04-05,,france,11797105,0,0,0,0,0,0,0,0,0
Baboo7,2023-04-06,,france,11797105,0,0,0,0,0,0,0,0,0
BaptisteRameau,2023-03-28,,france,,0,0,0,0,0,0,0,0,0
BaptisteRameau,2023-03-29,97332612,france,,1,0,0,0,0,0,0,0,0
BaptisteRameau,2023-03-30,,france,,0,0,0,0,0,0,0,0,0
BaptisteRameau,2023-03-31,,france,,0,0,0,0,0,0,0,0,0
BaptisteRameau,2023-04-03,,france,,0,0,0,0,0,0,0,0,0
BaptisteRameau,2023-04-04,,france,,0,0,0,0,0,0,0,0,0
BaptisteRameau,2023-04-05,,france,,0,0,0,0,0,0,0,0,0
BaptisteRameau,2023-04-06,,france,,0,0,0,0,0,0,0,0,0
Baptouuuu,2023-03-28,,france,12136170,0,0,0,0,0,0,0,0,0
Baptouuuu,2023-03-29,,france,12136170,0,0,0,0,0,0,0,0,0
Baptouuuu,2023-03-30,97475493,france,12136170,1,0,0,0,0,0,0,0,0
Baptouuuu,2023-03-31,97645083,france,12136170,1,0,0,0,0,0,0,0,0
Baptouuuu,2023-04-03,,france,12136170,0,0,0,0,0,0,0,0,0
Baptouuuu,2023-04-04,,france,12136170,0,0,0,0,0,0,0,0,0
Baptouuuu,2023-04-05,98236484,france,12136170,1,0,0,0,0,0,0,0,0
Baptouuuu,2023-04-06,,france,12136170,0,0,0,0,0,0,0,0,0
BastLast,2023-03-28,,france,72596764,0,0,0,0,0,0,0,0,0
BastLast,2023-03-29,97382063,france,72596764,1,0,0,0,0,0,0,0,0
BastLast,2023-03-30,,france,72596764,0,0,0,0,0,0,0,0,0
BastLast,2023-03-31,97698260,france,72596764,1,0,0,0,0,0,0,0,0
BastLast,2023-04-03,,france,72596764,0,0,0,0,0,0,0,0,0
BastLast,2023-04-04,,france,72596764,0,0,0,0,0,0,0,0,0
BastLast,2023-04-05,,france,72596764,0,0,0,0,0,0,0,0,0
BastLast,2023-04-06,98476651,france,72596764,1,0,0,0,0,0,0,0,0
BatyLeo,2023-03-28,,france,,0,0,0,0,0,0,0,0,0
BatyLeo,2023-03-29,,france,,0,0,0,0,0,0,0,0,0
BatyLeo,2023-03-30,,france,,0,0,0,0,0,0,0,0,0
BatyLeo,2023-03-31,,france,,0,0,0,0,0,0,0,0,0
BatyLeo,2023-04-03,,france,,0,0,0,0,0,0,0,0,0
BatyLeo,2023-04-04,,france,,0,0,0,0,0,0,0,0,0
BatyLeo,2023-04-05,98173447,france,,1,0,0,0,0,0,0,0,0
BatyLeo,2023-04-06,,france,,0,0,0,0,0,0,0,0,0
BeBlood,2023-03-28,97125207,france,1061391,1,0,0,0,0,0,0,0,0
BeBlood,2023-03-29,,france,1061391,0,0,0,0,0,0,0,0,0
BeBlood,2023-03-30,,france,1061391,0,0,0,0,0,0,0,0,0
BeBlood,2023-03-31,,france,1061391,0,0,0,0,0,0,0,0,0
BeBlood,2023-04-03,,france,1061391,0,0,0,0,0,0,0,0,0
BeBlood,2023-04-04,,france,1061391,0,0,0,0,0,0,0,0,0
BeBlood,2023-04-05,,france,1061391,0,0,0,0,0,0,0,0,0
BeBlood,2023-04-06,,france,1061391,0,0,0,0,0,0,0,0,0
Benjamin-Loison,2023-03-28,,france,,0,0,0,0,0,0,0,0,0
Benjamin-Loison,2023-03-29,96245012,france,,1,0,0,0,0,0,0,0,0
Benjamin-Loison,2023-03-30,,france,,0,0,0,0,0,0,0,0,0
Benjamin-Loison,2023-03-31,,france,,0,0,0,0,0,0,0,0,0
Benjamin-Loison,2023-04-03,,france,,0,0,0,0,0,0,0,0,0
Benjamin-Loison,2023-04-04,,france,,0,0,0,0,0,0,0,0,0
Benjamin-Loison,2023-04-05,98241550,france,,1,0,0,0,0,0,0,0,0
Benjamin-Loison,2023-04-06,,france,,0,0,0,0,0,0,0,0,0
BennyExtreme,2023-03-28,,italy,,0,1,0,0,0,0,0,0,0
BennyExtreme,2023-03-29,,italy,,0,0,1,0,0,0,0,0,0
BennyExtreme,2023-03-30,,italy,,0,0,0,1,0,0,0,0,0
BennyExtreme,2023-03-31,,italy,,0,0,0,0,1,0,0,0,0
BennyExtreme,2023-04-03,,italy,,0,0,0,0,0,1,0,0,0
BennyExtreme,2023-04-04,,italy,,0,0,0,0,0,0,1,0,0
BennyExtreme,2023-04-05,98226762,italy,,1,0,0,0,0,0,0,1,0
BennyExtreme,2023-04-06,,italy,,0,0,0,0,0,0,0,0,1
Betree,2023-03-28,,france,28169525,0,0,0,0,0,0,0,0,0
Betree,2023-03-29,,france,28169525,0,0,0,0,0,0,0,0,0
Betree,2023-03-30,97558448,france,28169525,1,0,0,0,0,0,0,0,0
Betree,2023-03-31,,france,28169525,0,0,0,0,0,0,0,0,0
Betree,2023-04-03,,france,28169525,0,0,0,0,0,0,0,0,0
Betree,2023-04-04,,france,28169525,0,0,0,0,0,0,0,0,0
Betree,2023-04-05,,france,28169525,0,0,0,0,0,0,0,0,0
Betree,2023-04-06,,france,28169525,0,0,0,0,0,0,0,0,0
BibiSebi,2023-03-28,,austria,13880908,0,0,0,0,0,0,0,0,0
BibiSebi,2023-03-29,,austria,13880908,0,0,0,0,0,0,0,0,0
BibiSebi,2023-03-30,97442072,austria,13880908,1,0,0,0,0,0,0,0,0
BibiSebi,2023-03-31,,austria,13880908,0,0,0,0,0,0,0,0,0
BibiSebi,2023-04-03,,austria,13880908,0,0,0,0,0,0,0,0,0
BibiSebi,2023-04-04,,austria,13880908,0,0,0,0,0,0,0,0,0
BibiSebi,2023-04-05,,austria,13880908,0,0,0,0,0,0,0,0,0
BibiSebi,2023-04-06,,austria,13880908,0,0,0,0,0,0,0,0,0
BigNocciolino,2023-03-28,,italy,,0,1,0,0,0,0,0,0,0
BigNocciolino,2023-03-29,,italy,,0,0,1,0,0,0,0,0,0
BigNocciolino,2023-03-30,,italy,,0,0,0,1,0,0,0,0,0
BigNocciolino,2023-03-31,,italy,,0,0,0,0,1,0,0,0,0
BigNocciolino,2023-04-03,97822212,italy,,1,0,0,0,0,1,0,0,0
BigNocciolino,2023-04-04,,italy,,0,0,0,0,0,0,1,0,0
BigNocciolino,2023-04-05,,italy,,0,0,0,0,0,0,0,1,0
BigNocciolino,2023-04-06,,italy,,0,0,0,0,0,0,0,0,1
Bighoneypot,2023-03-28,97167490,italy,37554149,1,1,0,0,0,0,0,0,0
Bighoneypot,2023-03-29,97285504,italy,37554149,1,0,1,0,0,0,0,0,0
Bighoneypot,2023-03-30,,italy,37554149,0,0,0,1,0,0,0,0,0
Bighoneypot,2023-03-31,,italy,37554149,0,0,0,0,1,0,0,0,0
Bighoneypot,2023-04-03,,italy,37554149,0,0,0,0,0,1,0,0,0
Bighoneypot,2023-04-04,,italy,37554149,0,0,0,0,0,0,1,0,0
Bighoneypot,2023-04-05,,italy,37554149,0,0,0,0,0,0,0,1,0
Bighoneypot,2023-04-06,,italy,37554149,0,0,0,0,0,0,0,0,1
BlackPearlsDev,2023-03-28,,france,,0,0,0,0,0,0,0,0,0
BlackPearlsDev,2023-03-29,,france,,0,0,0,0,0,0,0,0,0
BlackPearlsDev,2023-03-30,,france,,0,0,0,0,0,0,0,0,0
BlackPearlsDev,2023-03-31,,france,,0,0,0,0,0,0,0,0,0
BlackPearlsDev,2023-04-03,97830302,france,,1,0,0,0,0,0,0,0,0
BlackPearlsDev,2023-04-04,,france,,0,0,0,0,0,0,0,0,0
BlackPearlsDev,2023-04-05,,france,,0,0,0,0,0,0,0,0,0
BlackPearlsDev,2023-04-06,,france,,0,0,0,0,0,0,0,0,0
Bluzzi,2023-03-28,,france,75595214,0,0,0,0,0,0,0,0,0
Bluzzi,2023-03-29,,france,75595214,0,0,0,0,0,0,0,0,0
Bluzzi,2023-03-30,,france,75595214,0,0,0,0,0,0,0,0,0
Bluzzi,2023-03-31,97581479,france,75595214,1,0,0,0,0,0,0,0,0
Bluzzi,2023-04-03,,france,75595214,0,0,0,0,0,0,0,0,0
Bluzzi,2023-04-04,98064106,france,75595214,1,0,0,0,0,0,0,0,0
Bluzzi,2023-04-05,,france,75595214,0,0,0,0,0,0,0,0,0
Bluzzi,2023-04-06,,france,75595214,0,0,0,0,0,0,0,0,0
Bob-AT,2023-03-28,,austria,,0,0,0,0,0,0,0,0,0
Bob-AT,2023-03-29,,austria,,0,0,0,0,0,0,0,0,0
Bob-AT,2023-03-30,,austria,,0,0,0,0,0,0,0,0,0
Bob-AT,2023-03-31,,austria,,0,0,0,0,0,0,0,0,0
Bob-AT,2023-04-03,,austria,,0,0,0,0,0,0,0,0,0
Bob-AT,2023-04-04,,austria,,0,0,0,0,0,0,0,0,0
Bob-AT,2023-04-05,,austria,,0,0,0,0,0,0,0,0,0
Bob-AT,2023-04-06,98467385,austria,,1,0,0,0,0,0,0,0,0
BobAubouin,2023-03-28,,france,,0,0,0,0,0,0,0,0,0
BobAubouin,2023-03-29,,france,,0,0,0,0,0,0,0,0,0
BobAubouin,2023-03-30,,france,,0,0,0,0,0,0,0,0,0
BobAubouin,2023-03-31,,france,,0,0,0,0,0,0,0,0,0
BobAubouin,2023-04-03,,france,,0,0,0,0,0,0,0,0,0
BobAubouin,2023-04-04,97993960,france,,1,0,0,0,0,0,0,0,0
BobAubouin,2023-04-05,,france,,0,0,0,0,0,0,0,0,0
BobAubouin,2023-04-06,,france,,0,0,0,0,0,0,0,0,0
BobanSpasic,2023-03-28,,austria,,0,0,0,0,0,0,0,0,0
BobanSpasic,2023-03-29,,austria,,0,0,0,0,0,0,0,0,0
BobanSpasic,2023-03-30,,austria,,0,0,0,0,0,0,0,0,0
BobanSpasic,2023-03-31,,austria,,0,0,0,0,0,0,0,0,0
BobanSpasic,2023-04-03,,austria,,0,0,0,0,0,0,0,0,0
BobanSpasic,2023-04-04,98085339,austria,,1,0,0,0,0,0,0,0,0
BobanSpasic,2023-04-05,,austria,,0,0,0,0,0,0,0,0,0
BobanSpasic,2023-04-06,,austria,,0,0,0,0,0,0,0,0,0
Bocchio01,2023-03-28,97249350,italy,,1,1,0,0,0,0,0,0,0
Bocchio01,2023-03-29,,italy,,0,0,1,0,0,0,0,0,0
Bocchio01,2023-03-30,,italy,,0,0,0,1,0,0,0,0,0
Bocchio01,2023-03-31,,italy,,0,0,0,0,1,0,0,0,0
Bocchio01,2023-04-03,,italy,,0,0,0,0,0,1,0,0,0
Bocchio01,2023-04-04,,italy,,0,0,0,0,0,0,1,0,0
Bocchio01,2023-04-05,,italy,,0,0,0,0,0,0,0,1,0
Bocchio01,2023-04-06,,italy,,0,0,0,0,0,0,0,0,1
BololZ,2023-03-28,,france,,0,0,0,0,0,0,0,0,0
BololZ,2023-03-29,,france,,0,0,0,0,0,0,0,0,0
BololZ,2023-03-30,,france,,0,0,0,0,0,0,0,0,0
BololZ,2023-03-31,,france,,0,0,0,0,0,0,0,0,0
BololZ,2023-04-03,,france,,0,0,0,0,0,0,0,0,0
BololZ,2023-04-04,,france,,0,0,0,0,0,0,0,0,0
BololZ,2023-04-05,98274534,france,,1,0,0,0,0,0,0,0,0
BololZ,2023-04-06,98390627,france,,1,0,0,0,0,0,0,0,0
BotellaA,2023-03-28,97114315,france,44871842,1,0,0,0,0,0,0,0,0
BotellaA,2023-03-29,97329589,france,44871842,1,0,0,0,0,0,0,0,0
BotellaA,2023-03-30,97557841,france,44871842,1,0,0,0,0,0,0,0,0
BotellaA,2023-03-31,97597734,france,44871842,1,0,0,0,0,0,0,0,0
BotellaA,2023-04-03,,france,44871842,0,0,0,0,0,0,0,0,0
BotellaA,2023-04-04,98047458,france,44871842,1,0,0,0,0,0,0,0,0
BotellaA,2023-04-05,98151475,france,44871842,1,0,0,0,0,0,0,0,0
BotellaA,2023-04-06,98390737,france,44871842,1,0,0,0,0,0,0,0,0
BraindeadHermit,2023-03-28,,italy,,0,1,0,0,0,0,0,0,0
BraindeadHermit,2023-03-29,,italy,,0,0,1,0,0,0,0,0,0
BraindeadHermit,2023-03-30,,italy,,0,0,0,1,0,0,0,0,0
BraindeadHermit,2023-03-31,,italy,,0,0,0,0,1,0,0,0,0
BraindeadHermit,2023-04-03,,italy,,0,0,0,0,0,1,0,0,0
BraindeadHermit,2023-04-04,98012670,italy,,1,0,0,0,0,0,1,0,0
BraindeadHermit,2023-04-05,,italy,,0,0,0,0,0,0,0,1,0
BraindeadHermit,2023-04-06,,italy,,0,0,0,0,0,0,0,0,1
Broukmiken,2023-03-28,,france,,0,0,0,0,0,0,0,0,0
Broukmiken,2023-03-29,,france,,0,0,0,0,0,0,0,0,0
Broukmiken,2023-03-30,,france,,0,0,0,0,0,0,0,0,0
Broukmiken,2023-03-31,97676321,france,,1,0,0,0,0,0,0,0,0
Broukmiken,2023-04-03,,france,,0,0,0,0,0,0,0,0,0
Broukmiken,2023-04-04,,france,,0,0,0,0,0,0,0,0,0
Broukmiken,2023-04-05,,france,,0,0,0,0,0,0,0,0,0
Broukmiken,2023-04-06,,france,,0,0,0,0,0,0,0,0,0
BulotF,2023-03-28,,france,11526805,0,0,0,0,0,0,0,0,0
BulotF,2023-03-29,,france,11526805,0,0,0,0,0,0,0,0,0
BulotF,2023-03-30,,france,11526805,0,0,0,0,0,0,0,0,0
BulotF,2023-03-31,97622867,france,11526805,1,0,0,0,0,0,0,0,0
BulotF,2023-04-03,,france,11526805,0,0,0,0,0,0,0,0,0
BulotF,2023-04-04,,france,11526805,0,0,0,0,0,0,0,0,0
BulotF,2023-04-05,,france,11526805,0,0,0,0,0,0,0,0,0
BulotF,2023-04-06,,france,11526805,0,0,0,0,0,0,0,0,0
Bycob,2023-03-28,,france,25426903,0,0,0,0,0,0,0,0,0
Bycob,2023-03-29,,france,25426903,0,0,0,0,0,0,0,0,0
Bycob,2023-03-30,,france,25426903,0,0,0,0,0,0,0,0,0
Bycob,2023-03-31,97612583,france,25426903,1,0,0,0,0,0,0,0,0
Bycob,2023-04-03,97847038,france,25426903,1,0,0,0,0,0,0,0,0
Bycob,2023-04-04,,france,25426903,0,0,0,0,0,0,0,0,0
Bycob,2023-04-05,,france,25426903,0,0,0,0,0,0,0,0,0
Bycob,2023-04-06,,france,25426903,0,0,0,0,0,0,0,0,0
C0ZEN,2023-03-28,,france,,0,0,0,0,0,0,0,0,0
C0ZEN,2023-03-29,,france,,0,0,0,0,0,0,0,0,0
C0ZEN,2023-03-30,,france,,0,0,0,0,0,0,0,0,0
C0ZEN,2023-03-31,,france,,0,0,0,0,0,0,0,0,0
C0ZEN,2023-04-03,,france,,0,0,0,0,0,0,0,0,0
C0ZEN,2023-04-04,,france,,0,0,0,0,0,0,0,0,0
C0ZEN,2023-04-05,,france,,0,0,0,0,0,0,0,0,0
C0ZEN,2023-04-06,98439170,france,,1,0,0,0,0,0,0,0,0
CSalih,2023-03-28,,austria,5045272,0,0,0,0,0,0,0,0,0
CSalih,2023-03-29,,austria,5045272,0,0,0,0,0,0,0,0,0
CSalih,2023-03-30,,austria,5045272,0,0,0,0,0,0,0,0,0
CSalih,2023-03-31,,austria,5045272,0,0,0,0,0,0,0,0,0
CSalih,2023-04-03,,austria,5045272,0,0,0,0,0,0,0,0,0
CSalih,2023-04-04,,austria,5045272,0,0,0,0,0,0,0,0,0
CSalih,2023-04-05,98178035,austria,5045272,1,0,0,0,0,0,0,0,0
CSalih,2023-04-06,,austria,5045272,0,0,0,0,0,0,0,0,0
Caceresenzo,2023-03-28,97251324,france,61798531,1,0,0,0,0,0,0,0,0
Caceresenzo,2023-03-29,97252997,france,61798531,1,0,0,0,0,0,0,0,0
Caceresenzo,2023-03-30,,france,61798531,0,0,0,0,0,0,0,0,0
Caceresenzo,2023-03-31,,france,61798531,0,0,0,0,0,0,0,0,0
Caceresenzo,2023-04-03,97847075,france,61798531,1,0,0,0,0,0,0,0,0
Caceresenzo,2023-04-04,98071289,france,61798531,1,0,0,0,0,0,0,0,0
Caceresenzo,2023-04-05,,france,61798531,0,0,0,0,0,0,0,0,0
Caceresenzo,2023-04-06,,france,61798531,0,0,0,0,0,0,0,0,0
CaliPanni,2023-03-28,,italy,,0,1,0,0,0,0,0,0,0
CaliPanni,2023-03-29,,italy,,0,0,1,0,0,0,0,0,0
CaliPanni,2023-03-30,,italy,,0,0,0,1,0,0,0,0,0
CaliPanni,2023-03-31,,italy,,0,0,0,0,1,0,0,0,0
CaliPanni,2023-04-03,,italy,,0,0,0,0,0,1,0,0,0
CaliPanni,2023-04-04,98070988,italy,,1,0,0,0,0,0,1,0,0
CaliPanni,2023-04-05,,italy,,0,0,0,0,0,0,0,1,0
CaliPanni,2023-04-06,,italy,,0,0,0,0,0,0,0,0,1
Canop,2023-03-28,,france,,0,0,0,0,0,0,0,0,0
Canop,2023-03-29,,france,,0,0,0,0,0,0,0,0,0
Canop,2023-03-30,97532750,france,,1,0,0,0,0,0,0,0,0
Canop,2023-03-31,,france,,0,0,0,0,0,0,0,0,0
Canop,2023-04-03,,france,,0,0,0,0,0,0,0,0,0
Canop,2023-04-04,,france,,0,0,0,0,0,0,0,0,0
Canop,2023-04-05,,france,,0,0,0,0,0,0,0,0,0
Canop,2023-04-06,98436151,france,,1,0,0,0,0,0,0,0,0
CapDRAKE,2023-03-28,97164540,france,,1,0,0,0,0,0,0,0,0
CapDRAKE,2023-03-29,,france,,0,0,0,0,0,0,0,0,0
CapDRAKE,2023-03-30,,france,,0,0,0,0,0,0,0,0,0
CapDRAKE,2023-03-31,,france,,0,0,0,0,0,0,0,0,0
CapDRAKE,2023-04-03,,france,,0,0,0,0,0,0,0,0,0
CapDRAKE,2023-04-04,,france,,0,0,0,0,0,0,0,0,0
CapDRAKE,2023-04-05,,france,,0,0,0,0,0,0,0,0,0
CapDRAKE,2023-04-06,,france,,0,0,0,0,0,0,0,0,0
Carlton2001,2023-03-28,,france,,0,0,0,0,0,0,0,0,0
Carlton2001,2023-03-29,,france,,0,0,0,0,0,0,0,0,0
Carlton2001,2023-03-30,,france,,0,0,0,0,0,0,0,0,0
Carlton2001,2023-03-31,,france,,0,0,0,0,0,0,0,0,0
Carlton2001,2023-04-03,97900053,france,,1,0,0,0,0,0,0,0,0
Carlton2001,2023-04-04,,france,,0,0,0,0,0,0,0,0,0
Carlton2001,2023-04-05,,france,,0,0,0,0,0,0,0,0,0
Carlton2001,2023-04-06,,france,,0,0,0,0,0,0,0,0,0
Chadiii,2023-03-28,,france,80262559,0,0,0,0,0,0,0,0,0
Chadiii,2023-03-29,,france,80262559,0,0,0,0,0,0,0,0,0
Chadiii,2023-03-30,,france,80262559,0,0,0,0,0,0,0,0,0
Chadiii,2023-03-31,,france,80262559,0,0,0,0,0,0,0,0,0
Chadiii,2023-04-03,,france,80262559,0,0,0,0,0,0,0,0,0
Chadiii,2023-04-04,,france,80262559,0,0,0,0,0,0,0,0,0
Chadiii,2023-04-05,,france,80262559,0,0,0,0,0,0,0,0,0
Chadiii,2023-04-06,98434103,france,80262559,1,0,0,0,0,0,0,0,0
ChristofSchwarz,2023-03-28,,austria,,0,0,0,0,0,0,0,0,0
ChristofSchwarz,2023-03-29,,austria,,0,0,0,0,0,0,0,0,0
ChristofSchwarz,2023-03-30,,austria,,0,0,0,0,0,0,0,0,0
ChristofSchwarz,2023-03-31,,austria,,0,0,0,0,0,0,0,0,0
ChristofSchwarz,2023-04-03,97813456,austria,,1,0,0,0,0,0,0,0,0
ChristofSchwarz,2023-04-04,,austria,,0,0,0,0,0,0,0,0,0
ChristofSchwarz,2023-04-05,,austria,,0,0,0,0,0,0,0,0,0
ChristofSchwarz,2023-04-06,98344122,austria,,1,0,0,0,0,0,0,0,0
Cioscos,2023-03-28,,italy,,0,1,0,0,0,0,0,0,0
Cioscos,2023-03-29,,italy,,0,0,1,0,0,0,0,0,0
Cioscos,2023-03-30,,italy,,0,0,0,1,0,0,0,0,0
Cioscos,2023-03-31,,italy,,0,0,0,0,1,0,0,0,0
Cioscos,2023-04-03,97853933,italy,,1,0,0,0,0,1,0,0,0
Cioscos,2023-04-04,98069471,italy,,1,0,0,0,0,0,1,0,0
Cioscos,2023-04-05,,italy,,0,0,0,0,0,0,0,1,0
Cioscos,2023-04-06,,italy,,0,0,0,0,0,0,0,0,1
ClaBoris,2023-03-28,,italy,,0,1,0,0,0,0,0,0,0
ClaBoris,2023-03-29,,italy,,0,0,1,0,0,0,0,0,0
ClaBoris,2023-03-30,97450479,italy,,1,0,0,1,0,0,0,0,0
ClaBoris,2023-03-31,,italy,,0,0,0,0,1,0,0,0,0
ClaBoris,2023-04-03,,italy,,0,0,0,0,0,1,0,0,0
ClaBoris,2023-04-04,,italy,,0,0,0,0,0,0,1,0,0
ClaBoris,2023-04-05,,italy,,0,0,0,0,0,0,0,1,0
ClaBoris,2023-04-06,,italy,,0,0,0,0,0,0,0,0,1
ClementCaporal,2023-03-28,,france,,0,0,0,0,0,0,0,0,0
ClementCaporal,2023-03-29,97399975,france,,1,0,0,0,0,0,0,0,0
ClementCaporal,2023-03-30,,france,,0,0,0,0,0,0,0,0,0
ClementCaporal,2023-03-31,,france,,0,0,0,0,0,0,0,0,0
ClementCaporal,2023-04-03,,france,,0,0,0,0,0,0,0,0,0
ClementCaporal,2023-04-04,,france,,0,0,0,0,0,0,0,0,0
ClementCaporal,2023-04-05,,france,,0,0,0,0,0,0,0,0,0
ClementCaporal,2023-04-06,,france,,0,0,0,0,0,0,0,0,0
ClementDreptin,2023-03-28,,france,,0,0,0,0,0,0,0,0,0
ClementDreptin,2023-03-29,,france,,0,0,0,0,0,0,0,0,0
ClementDreptin,2023-03-30,,france,,0,0,0,0,0,0,0,0,0
ClementDreptin,2023-03-31,97701801,france,,1,0,0,0,0,0,0,0,0
ClementDreptin,2023-04-03,,france,,0,0,0,0,0,0,0,0,0
ClementDreptin,2023-04-04,,france,,0,0,0,0,0,0,0,0,0
ClementDreptin,2023-04-05,,france,,0,0,0,0,0,0,0,0,0
ClementDreptin,2023-04-06,,france,,0,0,0,0,0,0,0,0,0
ClementNerma,2023-03-28,,france,,0,0,0,0,0,0,0,0,0
ClementNerma,2023-03-29,,france,,0,0,0,0,0,0,0,0,0
ClementNerma,2023-03-30,,france,,0,0,0,0,0,0,0,0,0
ClementNerma,2023-03-31,97610205,france,,1,0,0,0,0,0,0,0,0
ClementNerma,2023-04-03,,france,,0,0,0,0,0,0,0,0,0
ClementNerma,2023-04-04,,france,,0,0,0,0,0,0,0,0,0
ClementNerma,2023-04-05,,france,,0,0,0,0,0,0,0,0,0
ClementNerma,2023-04-06,,france,,0,0,0,0,0,0,0,0,0
ClementPasteau,2023-03-28,,france,,0,0,0,0,0,0,0,0,0
ClementPasteau,2023-03-29,,france,,0,0,0,0,0,0,0,0,0
ClementPasteau,2023-03-30,,france,,0,0,0,0,0,0,0,0,0
ClementPasteau,2023-03-31,,france,,0,0,0,0,0,0,0,0,0
ClementPasteau,2023-04-03,,france,,0,0,0,0,0,0,0,0,0
ClementPasteau,2023-04-04,,france,,0,0,0,0,0,0,0,0,0
ClementPasteau,2023-04-05,96853256,france,,1,0,0,0,0,0,0,0,0
ClementPasteau,2023-04-06,,france,,0,0,0,0,0,0,0,0,0
Convly,2023-03-28,,france,19872173,0,0,0,0,0,0,0,0,0
Convly,2023-03-29,97316026,france,19872173,1,0,0,0,0,0,0,0,0
Convly,2023-03-30,,france,19872173,0,0,0,0,0,0,0,0,0
Convly,2023-03-31,,france,19872173,0,0,0,0,0,0,0,0,0
Convly,2023-04-03,,france,19872173,0,0,0,0,0,0,0,0,0
Convly,2023-04-04,,france,19872173,0,0,0,0,0,0,0,0,0
Convly,2023-04-05,,france,19872173,0,0,0,0,0,0,0,0,0
Convly,2023-04-06,,france,19872173,0,0,0,0,0,0,0,0,0
CorentinB,2023-03-28,,france,,0,0,0,0,0,0,0,0,0
CorentinB,2023-03-29,,france,,0,0,0,0,0,0,0,0,0
CorentinB,2023-03-30,,france,,0,0,0,0,0,0,0,0,0
CorentinB,2023-03-31,,france,,0,0,0,0,0,0,0,0,0
CorentinB,2023-04-03,,france,,0,0,0,0,0,0,0,0,0
CorentinB,2023-04-04,98103866,france,,1,0,0,0,0,0,0,0,0
CorentinB,2023-04-05,,france,,0,0,0,0,0,0,0,0,0
CorentinB,2023-04-06,,france,,0,0,0,0,0,0,0,0,0
Costa-exe,2023-03-28,,italy,,0,1,0,0,0,0,0,0,0
Costa-exe,2023-03-29,,italy,,0,0,1,0,0,0,0,0,0
Costa-exe,2023-03-30,,italy,,0,0,0,1,0,0,0,0,0
Costa-exe,2023-03-31,,italy,,0,0,0,0,1,0,0,0,0
Costa-exe,2023-04-03,,italy,,0,0,0,0,0,1,0,0,0
Costa-exe,2023-04-04,,italy,,0,0,0,0,0,0,1,0,0
Costa-exe,2023-04-05,,italy,,0,0,0,0,0,0,0,1,0
Costa-exe,2023-04-06,98458072,italy,,1,0,0,0,0,0,0,0,1
CreeperGreg95,2023-03-28,,france,,0,0,0,0,0,0,0,0,0
CreeperGreg95,2023-03-29,,france,,0,0,0,0,0,0,0,0,0
CreeperGreg95,2023-03-30,,france,,0,0,0,0,0,0,0,0,0
CreeperGreg95,2023-03-31,,france,,0,0,0,0,0,0,0,0,0
CreeperGreg95,2023-04-03,,france,,0,0,0,0,0,0,0,0,0
CreeperGreg95,2023-04-04,,france,,0,0,0,0,0,0,0,0,0
CreeperGreg95,2023-04-05,98188913,france,,1,0,0,0,0,0,0,0,0
CreeperGreg95,2023-04-06,,france,,0,0,0,0,0,0,0,0,0
Crejak,2023-03-28,,france,34311672,0,0,0,0,0,0,0,0,0
Crejak,2023-03-29,,france,34311672,0,0,0,0,0,0,0,0,0
Crejak,2023-03-30,,france,34311672,0,0,0,0,0,0,0,0,0
Crejak,2023-03-31,97652297,france,34311672,1,0,0,0,0,0,0,0,0
Crejak,2023-04-03,,france,34311672,0,0,0,0,0,0,0,0,0
Crejak,2023-04-04,,france,34311672,0,0,0,0,0,0,0,0,0
Crejak,2023-04-05,,france,34311672,0,0,0,0,0,0,0,0,0
Crejak,2023-04-06,,france,34311672,0,0,0,0,0,0,0,0,0
CrochetFeve0251,2023-03-28,97243778,france,,1,0,0,0,0,0,0,0,0
CrochetFeve0251,2023-03-29,97395808,france,,1,0,0,0,0,0,0,0,0
CrochetFeve0251,2023-03-30,97562607,france,,1,0,0,0,0,0,0,0,0
CrochetFeve0251,2023-03-31,,france,,0,0,0,0,0,0,0,0,0
CrochetFeve0251,2023-04-03,97914341,france,,1,0,0,0,0,0,0,0,0
CrochetFeve0251,2023-04-04,,france,,0,0,0,0,0,0,0,0,0
CrochetFeve0251,2023-04-05,,france,,0,0,0,0,0,0,0,0,0
CrochetFeve0251,2023-04-06,98473744,france,129688959,1,0,0,0,0,0,0,0,0
CubeCrafter72,2023-03-28,,italy,102606476,0,1,0,0,0,0,0,0,0
CubeCrafter72,2023-03-29,,italy,102606476,0,0,1,0,0,0,0,0,0
CubeCrafter72,2023-03-30,,italy,102606476,0,0,0,1,0,0,0,0,0
CubeCrafter72,2023-03-31,,italy,102606476,0,0,0,0,1,0,0,0,0
CubeCrafter72,2023-04-03,97899183,italy,102606476,1,0,0,0,0,1,0,0,0
CubeCrafter72,2023-04-04,98088750,italy,102606476,1,0,0,0,0,0,1,0,0
CubeCrafter72,2023-04-05,,italy,102606476,0,0,0,0,0,0,0,1,0
CubeCrafter72,2023-04-06,,italy,102606476,0,0,0,0,0,0,0,0,1
Curve,2023-03-28,97147957,austria,,1,0,0,0,0,0,0,0,0
Curve,2023-03-29,,austria,,0,0,0,0,0,0,0,0,0
Curve,2023-03-30,,austria,,0,0,0,0,0,0,0,0,0
Curve,2023-03-31,,austria,,0,0,0,0,0,0,0,0,0
Curve,2023-04-03,97913294,austria,74979035,1,0,0,0,0,0,0,0,0
Curve,2023-04-04,98064367,austria,74979035,1,0,0,0,0,0,0,0,0
Curve,2023-04-05,,austria,,0,0,0,0,0,0,0,0,0
Curve,2023-04-06,,austria,,0,0,0,0,0,0,0,0,0
DBS06,2023-03-28,,austria,,0,0,0,0,0,0,0,0,0
DBS06,2023-03-29,,austria,,0,0,0,0,0,0,0,0,0
DBS06,2023-03-30,97453217,austria,,1,0,0,0,0,0,0,0,0
DBS06,2023-03-31,97589622,austria,,1,0,0,0,0,0,0,0,0
DBS06,2023-04-03,,austria,,0,0,0,0,0,0,0,0,0
DBS06,2023-04-04,,austria,,0,0,0,0,0,0,0,0,0
DBS06,2023-04-05,,austria,,0,0,0,0,0,0,0,0,0
DBS06,2023-04-06,,austria,,0,0,0,0,0,0,0,0,0
DaCapo7,2023-03-28,,france,,0,0,0,0,0,0,0,0,0
DaCapo7,2023-03-29,,france,,0,0,0,0,0,0,0,0,0
DaCapo7,2023-03-30,,france,,0,0,0,0,0,0,0,0,0
DaCapo7,2023-03-31,,france,,0,0,0,0,0,0,0,0,0
DaCapo7,2023-04-03,,france,,0,0,0,0,0,0,0,0,0
DaCapo7,2023-04-04,,france,,0,0,0,0,0,0,0,0,0
DaCapo7,2023-04-05,98206783,france,,1,0,0,0,0,0,0,0,0
DaCapo7,2023-04-06,,france,,0,0,0,0,0,0,0,0,0
DamianJaeger,2023-03-28,,austria,86971394,0,0,0,0,0,0,0,0,0
DamianJaeger,2023-03-29,,austria,86971394,0,0,0,0,0,0,0,0,0
DamianJaeger,2023-03-30,,austria,86971394,0,0,0,0,0,0,0,0,0
DamianJaeger,2023-03-31,,austria,86971394,0,0,0,0,0,0,0,0,0
DamianJaeger,2023-04-03,,austria,86971394,0,0,0,0,0,0,0,0,0
DamianJaeger,2023-04-04,98009557,austria,86971394,1,0,0,0,0,0,0,0,0
DamianJaeger,2023-04-05,98144008,austria,86971394,1,0,0,0,0,0,0,0,0
DamianJaeger,2023-04-06,,austria,86971394,0,0,0,0,0,0,0,0,0
Daniel-KM,2023-03-28,97116910,france,,1,0,0,0,0,0,0,0,0
Daniel-KM,2023-03-29,,france,,0,0,0,0,0,0,0,0,0
Daniel-KM,2023-03-30,,france,,0,0,0,0,0,0,0,0,0
Daniel-KM,2023-03-31,97616163,france,,1,0,0,0,0,0,0,0,0
Daniel-KM,2023-04-03,,france,,0,0,0,0,0,0,0,0,0
Daniel-KM,2023-04-04,,france,,0,0,0,0,0,0,0,0,0
Daniel-KM,2023-04-05,,france,,0,0,0,0,0,0,0,0,0
Daniel-KM,2023-04-06,,france,,0,0,0,0,0,0,0,0,0
DaniruKun,2023-03-28,,austria,400127,0,0,0,0,0,0,0,0,0
DaniruKun,2023-03-29,,austria,400127,0,0,0,0,0,0,0,0,0
DaniruKun,2023-03-30,,austria,400127,0,0,0,0,0,0,0,0,0
DaniruKun,2023-03-31,97635639,austria,400127,1,0,0,0,0,0,0,0,0
DaniruKun,2023-04-03,,austria,400127,0,0,0,0,0,0,0,0,0
DaniruKun,2023-04-04,,austria,400127,0,0,0,0,0,0,0,0,0
DaniruKun,2023-04-05,,austria,400127,0,0,0,0,0,0,0,0,0
DaniruKun,2023-04-06,,austria,400127,0,0,0,0,0,0,0,0,0
DanySK,2023-03-28,,italy,,0,1,0,0,0,0,0,0,0
DanySK,2023-03-29,,italy,,0,0,1,0,0,0,0,0,0
DanySK,2023-03-30,,italy,,0,0,0,1,0,0,0,0,0
DanySK,2023-03-31,,italy,,0,0,0,0,1,0,0,0,0
DanySK,2023-04-03,,italy,,0,0,0,0,0,1,0,0,0
DanySK,2023-04-04,98048126,italy,,1,0,0,0,0,0,1,0,0
DanySK,2023-04-05,,italy,,0,0,0,0,0,0,0,1,0
DanySK,2023-04-06,,italy,,0,0,0,0,0,0,0,0,1
DarioStar999,2023-03-28,,italy,,0,1,0,0,0,0,0,0,0
DarioStar999,2023-03-29,,italy,,0,0,1,0,0,0,0,0,0
DarioStar999,2023-03-30,,italy,,0,0,0,1,0,0,0,0,0
DarioStar999,2023-03-31,,italy,,0,0,0,0,1,0,0,0,0
DarioStar999,2023-04-03,,italy,,0,0,0,0,0,1,0,0,0
DarioStar999,2023-04-04,,italy,,0,0,0,0,0,0,1,0,0
DarioStar999,2023-04-05,,italy,,0,0,0,0,0,0,0,1,0
DarioStar999,2023-04-06,98464351,italy,,1,0,0,0,0,0,0,0,1
Darkness4,2023-03-28,97242218,france,,1,0,0,0,0,0,0,0,0
Darkness4,2023-03-29,,france,,0,0,0,0,0,0,0,0,0
Darkness4,2023-03-30,97565421,france,87131859,1,0,0,0,0,0,0,0,0
Darkness4,2023-03-31,97702648,france,,1,0,0,0,0,0,0,0,0
Darkness4,2023-04-03,,france,,0,0,0,0,0,0,0,0,0
Darkness4,2023-04-04,,france,,0,0,0,0,0,0,0,0,0
Darkness4,2023-04-05,,france,,0,0,0,0,0,0,0,0,0
Darkness4,2023-04-06,98460534,france,,1,0,0,0,0,0,0,0,0
DataTriny,2023-03-28,,france,,0,0,0,0,0,0,0,0,0
DataTriny,2023-03-29,97381156,france,,1,0,0,0,0,0,0,0,0
DataTriny,2023-03-30,,france,,0,0,0,0,0,0,0,0,0
DataTriny,2023-03-31,,france,,0,0,0,0,0,0,0,0,0
DataTriny,2023-04-03,,france,,0,0,0,0,0,0,0,0,0
DataTriny,2023-04-04,,france,,0,0,0,0,0,0,0,0,0
DataTriny,2023-04-05,,france,,0,0,0,0,0,0,0,0,0
DataTriny,2023-04-06,,france,,0,0,0,0,0,0,0,0,0
DavidXanatos,2023-03-28,,austria,63755826,0,0,0,0,0,0,0,0,0
DavidXanatos,2023-03-29,,austria,63755826,0,0,0,0,0,0,0,0,0
DavidXanatos,2023-03-30,,austria,63755826,0,0,0,0,0,0,0,0,0
DavidXanatos,2023-03-31,,austria,63755826,0,0,0,0,0,0,0,0,0
DavidXanatos,2023-04-03,,austria,63755826,0,0,0,0,0,0,0,0,0
DavidXanatos,2023-04-04,,austria,63755826,0,0,0,0,0,0,0,0,0
DavidXanatos,2023-04-05,,austria,63755826,0,0,0,0,0,0,0,0,0
DavidXanatos,2023-04-06,98449537,austria,63755826,1,0,0,0,0,0,0,0,0
Davide-sd,2023-03-28,97195855,italy,,1,1,0,0,0,0,0,0,0
Davide-sd,2023-03-29,97313613,italy,,1,0,1,0,0,0,0,0,0
Davide-sd,2023-03-30,97518002,italy,,1,0,0,1,0,0,0,0,0
Davide-sd,2023-03-31,,italy,,0,0,0,0,1,0,0,0,0
Davide-sd,2023-04-03,,italy,,0,0,0,0,0,1,0,0,0
Davide-sd,2023-04-04,,italy,,0,0,0,0,0,0,1,0,0
Davide-sd,2023-04-05,,italy,,0,0,0,0,0,0,0,1,0
Davide-sd,2023-04-06,,italy,,0,0,0,0,0,0,0,0,1
DavidePicc,2023-03-28,,italy,,0,1,0,0,0,0,0,0,0
DavidePicc,2023-03-29,97292093,italy,,1,0,1,0,0,0,0,0,0
DavidePicc,2023-03-30,97506370,italy,,1,0,0,1,0,0,0,0,0
DavidePicc,2023-03-31,,italy,,0,0,0,0,1,0,0,0,0
DavidePicc,2023-04-03,,italy,,0,0,0,0,0,1,0,0,0
DavidePicc,2023-04-04,,italy,,0,0,0,0,0,0,1,0,0
DavidePicc,2023-04-05,,italy,,0,0,0,0,0,0,0,1,0
DavidePicc,2023-04-06,,italy,,0,0,0,0,0,0,0,0,1
Depado,2023-03-28,97138622,france,,1,0,0,0,0,0,0,0,0
Depado,2023-03-29,,france,,0,0,0,0,0,0,0,0,0
Depado,2023-03-30,,france,,0,0,0,0,0,0,0,0,0
Depado,2023-03-31,,france,,0,0,0,0,0,0,0,0,0
Depado,2023-04-03,,france,,0,0,0,0,0,0,0,0,0
Depado,2023-04-04,,france,,0,0,0,0,0,0,0,0,0
Depado,2023-04-05,,france,,0,0,0,0,0,0,0,0,0
Depado,2023-04-06,,france,,0,0,0,0,0,0,0,0,0
DerYeger,2023-03-28,97151051,austria,,1,0,0,0,0,0,0,0,0
DerYeger,2023-03-29,,austria,,0,0,0,0,0,0,0,0,0
DerYeger,2023-03-30,97455329,austria,,1,0,0,0,0,0,0,0,0
DerYeger,2023-03-31,,austria,,0,0,0,0,0,0,0,0,0
DerYeger,2023-04-03,,austria,,0,0,0,0,0,0,0,0,0
DerYeger,2023-04-04,,austria,,0,0,0,0,0,0,0,0,0
DerYeger,2023-04-05,,austria,,0,0,0,0,0,0,0,0,0
DerYeger,2023-04-06,,austria,,0,0,0,0,0,0,0,0,0
DevRaeph,2023-03-28,,austria,,0,0,0,0,0,0,0,0,0
DevRaeph,2023-03-29,,austria,,0,0,0,0,0,0,0,0,0
DevRaeph,2023-03-30,97491566,austria,,1,0,0,0,0,0,0,0,0
DevRaeph,2023-03-31,,austria,,0,0,0,0,0,0,0,0,0
DevRaeph,2023-04-03,,austria,,0,0,0,0,0,0,0,0,0
DevRaeph,2023-04-04,,austria,,0,0,0,0,0,0,0,0,0
DevRaeph,2023-04-05,,austria,,0,0,0,0,0,0,0,0,0
DevRaeph,2023-04-06,,austria,,0,0,0,0,0,0,0,0,0
DevThibautMonin,2023-03-28,,france,,0,0,0,0,0,0,0,0,0
DevThibautMonin,2023-03-29,,france,,0,0,0,0,0,0,0,0,0
DevThibautMonin,2023-03-30,,france,,0,0,0,0,0,0,0,0,0
DevThibautMonin,2023-03-31,,france,,0,0,0,0,0,0,0,0,0
DevThibautMonin,2023-04-03,,france,,0,0,0,0,0,0,0,0,0
DevThibautMonin,2023-04-04,,france,,0,0,0,0,0,0,0,0,0
DevThibautMonin,2023-04-05,98239390,france,,1,0,0,0,0,0,0,0,0
DevThibautMonin,2023-04-06,,france,,0,0,0,0,0,0,0,0,0
DidierMalenfant,2023-03-28,,france,,0,0,0,0,0,0,0,0,0
DidierMalenfant,2023-03-29,,france,,0,0,0,0,0,0,0,0,0
DidierMalenfant,2023-03-30,,france,,0,0,0,0,0,0,0,0,0
DidierMalenfant,2023-03-31,,france,,0,0,0,0,0,0,0,0,0
DidierMalenfant,2023-04-03,,france,,0,0,0,0,0,0,0,0,0
DidierMalenfant,2023-04-04,98038099,france,,1,0,0,0,0,0,0,0,0
DidierMalenfant,2023-04-05,,france,,0,0,0,0,0,0,0,0,0
DidierMalenfant,2023-04-06,,france,,0,0,0,0,0,0,0,0,0
Dimillian,2023-03-28,,france,,0,0,0,0,0,0,0,0,0
Dimillian,2023-03-29,,france,,0,0,0,0,0,0,0,0,0
Dimillian,2023-03-30,97494578,france,,1,0,0,0,0,0,0,0,0
Dimillian,2023-03-31,,france,,0,0,0,0,0,0,0,0,0
Dimillian,2023-04-03,97819448,france,,1,0,0,0,0,0,0,0,0
Dimillian,2023-04-04,,france,,0,0,0,0,0,0,0,0,0
Dimillian,2023-04-05,,france,,0,0,0,0,0,0,0,0,0
Dimillian,2023-04-06,,france,,0,0,0,0,0,0,0,0,0
Divengerss,2023-03-28,,france,,0,0,0,0,0,0,0,0,0
Divengerss,2023-03-29,,france,,0,0,0,0,0,0,0,0,0
Divengerss,2023-03-30,,france,,0,0,0,0,0,0,0,0,0
Divengerss,2023-03-31,,france,,0,0,0,0,0,0,0,0,0
Divengerss,2023-04-03,,france,,0,0,0,0,0,0,0,0,0
Divengerss,2023-04-04,98029268,france,,1,0,0,0,0,0,0,0,0
Divengerss,2023-04-05,,france,,0,0,0,0,0,0,0,0,0
Divengerss,2023-04-06,,france,,0,0,0,0,0,0,0,0,0
DjPoke,2023-03-28,97209134,france,,1,0,0,0,0,0,0,0,0
DjPoke,2023-03-29,97291755,france,,1,0,0,0,0,0,0,0,0
DjPoke,2023-03-30,97528063,france,,1,0,0,0,0,0,0,0,0
DjPoke,2023-03-31,97658932,france,,1,0,0,0,0,0,0,0,0
DjPoke,2023-04-03,,france,,0,0,0,0,0,0,0,0,0
DjPoke,2023-04-04,,france,,0,0,0,0,0,0,0,0,0
DjPoke,2023-04-05,,france,,0,0,0,0,0,0,0,0,0
DjPoke,2023-04-06,,france,,0,0,0,0,0,0,0,0,0
DomiKamu,2023-03-28,,france,,0,0,0,0,0,0,0,0,0
DomiKamu,2023-03-29,97306736,france,,1,0,0,0,0,0,0,0,0
DomiKamu,2023-03-30,,france,,0,0,0,0,0,0,0,0,0
DomiKamu,2023-03-31,,france,,0,0,0,0,0,0,0,0,0
DomiKamu,2023-04-03,,france,,0,0,0,0,0,0,0,0,0
DomiKamu,2023-04-04,,france,,0,0,0,0,0,0,0,0,0
DomiKamu,2023-04-05,,france,,0,0,0,0,0,0,0,0,0
DomiKamu,2023-04-06,,france,,0,0,0,0,0,0,0,0,0
Donawalt,2023-03-28,,france,,0,0,0,0,0,0,0,0,0
Donawalt,2023-03-29,,france,,0,0,0,0,0,0,0,0,0
Donawalt,2023-03-30,,france,,0,0,0,0,0,0,0,0,0
Donawalt,2023-03-31,,france,,0,0,0,0,0,0,0,0,0
Donawalt,2023-04-03,,france,,0,0,0,0,0,0,0,0,0
Donawalt,2023-04-04,,france,,0,0,0,0,0,0,0,0,0
Donawalt,2023-04-05,98163261,france,,1,0,0,0,0,0,0,0,0
Donawalt,2023-04-06,98381247,france,,1,0,0,0,0,0,0,0,0
Doreapp,2023-03-28,,france,,0,0,0,0,0,0,0,0,0
Doreapp,2023-03-29,,france,,0,0,0,0,0,0,0,0,0
Doreapp,2023-03-30,97502684,france,,1,0,0,0,0,0,0,0,0
Doreapp,2023-03-31,,france,,0,0,0,0,0,0,0,0,0
Doreapp,2023-04-03,,france,,0,0,0,0,0,0,0,0,0
Doreapp,2023-04-04,,france,,0,0,0,0,0,0,0,0,0
Doreapp,2023-04-05,,france,,0,0,0,0,0,0,0,0,0
Doreapp,2023-04-06,,france,,0,0,0,0,0,0,0,0,0
Dorian25,2023-03-28,,france,,0,0,0,0,0,0,0,0,0
Dorian25,2023-03-29,,france,,0,0,0,0,0,0,0,0,0
Dorian25,2023-03-30,,france,,0,0,0,0,0,0,0,0,0
Dorian25,2023-03-31,,france,,0,0,0,0,0,0,0,0,0
Dorian25,2023-04-03,97867612,france,,1,0,0,0,0,0,0,0,0
Dorian25,2023-04-04,,france,,0,0,0,0,0,0,0,0,0
Dorian25,2023-04-05,98249870,france,,1,0,0,0,0,0,0,0,0
Dorian25,2023-04-06,,france,,0,0,0,0,0,0,0,0,0
DradeAW,2023-03-28,,france,98290673,0,0,0,0,0,0,0,0,0
DradeAW,2023-03-29,,france,98290673,0,0,0,0,0,0,0,0,0
DradeAW,2023-03-30,,france,98290673,0,0,0,0,0,0,0,0,0
DradeAW,2023-03-31,,france,98290673,0,0,0,0,0,0,0,0,0
DradeAW,2023-04-03,97818453,france,98290673,1,0,0,0,0,0,0,0,0
DradeAW,2023-04-04,,france,98290673,0,0,0,0,0,0,0,0,0
DradeAW,2023-04-05,,france,98290673,0,0,0,0,0,0,0,0,0
DradeAW,2023-04-06,,france,98290673,0,0,0,0,0,0,0,0,0
Dragonink,2023-03-28,,france,,0,0,0,0,0,0,0,0,0
Dragonink,2023-03-29,,france,,0,0,0,0,0,0,0,0,0
Dragonink,2023-03-30,,france,,0,0,0,0,0,0,0,0,0
Dragonink,2023-03-31,,france,,0,0,0,0,0,0,0,0,0
Dragonink,2023-04-03,,france,,0,0,0,0,0,0,0,0,0
Dragonink,2023-04-04,,france,,0,0,0,0,0,0,0,0,0
Dragonink,2023-04-05,,france,,0,0,0,0,0,0,0,0,0
Dragonink,2023-04-06,98423654,france,,1,0,0,0,0,0,0,0,0
DropSnorz,2023-03-28,,france,,0,0,0,0,0,0,0,0,0
DropSnorz,2023-03-29,,france,,0,0,0,0,0,0,0,0,0
DropSnorz,2023-03-30,,france,,0,0,0,0,0,0,0,0,0
DropSnorz,2023-03-31,97672511,france,,1,0,0,0,0,0,0,0,0
DropSnorz,2023-04-03,,france,,0,0,0,0,0,0,0,0,0
DropSnorz,2023-04-04,,france,,0,0,0,0,0,0,0,0,0
DropSnorz,2023-04-05,,france,,0,0,0,0,0,0,0,0,0
DropSnorz,2023-04-06,,france,,0,0,0,0,0,0,0,0,0
Dudo1985,2023-03-28,,italy,,0,1,0,0,0,0,0,0,0
Dudo1985,2023-03-29,,italy,,0,0,1,0,0,0,0,0,0
Dudo1985,2023-03-30,,italy,,0,0,0,1,0,0,0,0,0
Dudo1985,2023-03-31,,italy,,0,0,0,0,1,0,0,0,0
Dudo1985,2023-04-03,,italy,,0,0,0,0,0,1,0,0,0
Dudo1985,2023-04-04,98068691,italy,,1,0,0,0,0,0,1,0,0
Dudo1985,2023-04-05,,italy,,0,0,0,0,0,0,0,1,0
Dudo1985,2023-04-06,,italy,,0,0,0,0,0,0,0,0,1
DylanAkp,2023-03-28,97201487,france,,1,0,0,0,0,0,0,0,0
DylanAkp,2023-03-29,97321116,france,,1,0,0,0,0,0,0,0,0
DylanAkp,2023-03-30,,france,,0,0,0,0,0,0,0,0,0
DylanAkp,2023-03-31,97703001,france,,1,0,0,0,0,0,0,0,0
DylanAkp,2023-04-03,97834942,france,,1,0,0,0,0,0,0,0,0
DylanAkp,2023-04-04,,france,,0,0,0,0,0,0,0,0,0
DylanAkp,2023-04-05,,france,,0,0,0,0,0,0,0,0,0
DylanAkp,2023-04-06,,france,,0,0,0,0,0,0,0,0,0
DynamoRed,2023-03-28,,france,,0,0,0,0,0,0,0,0,0
DynamoRed,2023-03-29,,france,,0,0,0,0,0,0,0,0,0
DynamoRed,2023-03-30,,france,,0,0,0,0,0,0,0,0,0
DynamoRed,2023-03-31,,france,,0,0,0,0,0,0,0,0,0
DynamoRed,2023-04-03,,france,,0,0,0,0,0,0,0,0,0
DynamoRed,2023-04-04,,france,,0,0,0,0,0,0,0,0,0
DynamoRed,2023-04-05,,france,,0,0,0,0,0,0,0,0,0
DynamoRed,2023-04-06,98473207,france,,1,0,0,0,0,0,0,0,0
EiffL,2023-03-28,,france,83322968,0,0,0,0,0,0,0,0,0
EiffL,2023-03-29,,france,83322968,0,0,0,0,0,0,0,0,0
EiffL,2023-03-30,,france,83322968,0,0,0,0,0,0,0,0,0
EiffL,2023-03-31,,france,83322968,0,0,0,0,0,0,0,0,0
EiffL,2023-04-03,,france,83322968,0,0,0,0,0,0,0,0,0
EiffL,2023-04-04,,france,83322968,0,0,0,0,0,0,0,0,0
EiffL,2023-04-05,,france,83322968,0,0,0,0,0,0,0,0,0
EiffL,2023-04-06,98468550,france,83322968,1,0,0,0,0,0,0,0,0
EletrixtimeYT,2023-03-28,,france,,0,0,0,0,0,0,0,0,0
EletrixtimeYT,2023-03-29,,france,,0,0,0,0,0,0,0,0,0
EletrixtimeYT,2023-03-30,,france,,0,0,0,0,0,0,0,0,0
EletrixtimeYT,2023-03-31,,france,,0,0,0,0,0,0,0,0,0
EletrixtimeYT,2023-04-03,97868280,france,,1,0,0,0,0,0,0,0,0
EletrixtimeYT,2023-04-04,,france,,0,0,0,0,0,0,0,0,0
EletrixtimeYT,2023-04-05,,france,,0,0,0,0,0,0,0,0,0
EletrixtimeYT,2023-04-06,,france,,0,0,0,0,0,0,0,0,0
EmidioStani,2023-03-28,97185410,france,6985843,1,0,0,0,0,0,0,0,0
EmidioStani,2023-03-29,,france,6985843,0,0,0,0,0,0,0,0,0
EmidioStani,2023-03-30,,france,6985843,0,0,0,0,0,0,0,0,0
EmidioStani,2023-03-31,,france,6985843,0,0,0,0,0,0,0,0,0
EmidioStani,2023-04-03,,france,6985843,0,0,0,0,0,0,0,0,0
EmidioStani,2023-04-04,,france,6985843,0,0,0,0,0,0,0,0,0
EmidioStani,2023-04-05,,france,6985843,0,0,0,0,0,0,0,0,0
EmidioStani,2023-04-06,,france,6985843,0,0,0,0,0,0,0,0,0
EmileCalixte,2023-03-28,,france,,0,0,0,0,0,0,0,0,0
EmileCalixte,2023-03-29,,france,,0,0,0,0,0,0,0,0,0
EmileCalixte,2023-03-30,,france,,0,0,0,0,0,0,0,0,0
EmileCalixte,2023-03-31,,france,,0,0,0,0,0,0,0,0,0
EmileCalixte,2023-04-03,,france,,0,0,0,0,0,0,0,0,0
EmileCalixte,2023-04-04,98085163,france,,1,0,0,0,0,0,0,0,0
EmileCalixte,2023-04-05,,france,,0,0,0,0,0,0,0,0,0
EmileCalixte,2023-04-06,,france,,0,0,0,0,0,0,0,0,0
EmileTrotignon,2023-03-28,,france,,0,0,0,0,0,0,0,0,0
EmileTrotignon,2023-03-29,,france,,0,0,0,0,0,0,0,0,0
EmileTrotignon,2023-03-30,97500118,france,,1,0,0,0,0,0,0,0,0
EmileTrotignon,2023-03-31,,france,,0,0,0,0,0,0,0,0,0
EmileTrotignon,2023-04-03,,france,,0,0,0,0,0,0,0,0,0
EmileTrotignon,2023-04-04,,france,,0,0,0,0,0,0,0,0,0
EmileTrotignon,2023-04-05,,france,,0,0,0,0,0,0,0,0,0
EmileTrotignon,2023-04-06,,france,,0,0,0,0,0,0,0,0,0
Eomm,2023-03-28,,italy,24939410,0,1,0,0,0,0,0,0,0
Eomm,2023-03-29,,italy,24939410,0,0,1,0,0,0,0,0,0
Eomm,2023-03-30,,italy,24939410,0,0,0,1,0,0,0,0,0
Eomm,2023-03-31,,italy,24939410,0,0,0,0,1,0,0,0,0
Eomm,2023-04-03,,italy,24939410,0,0,0,0,0,1,0,0,0
Eomm,2023-04-04,,italy,24939410,0,0,0,0,0,0,1,0,0
Eomm,2023-04-05,98144758,italy,24939410,1,0,0,0,0,0,0,1,0
Eomm,2023-04-06,,italy,24939410,0,0,0,0,0,0,0,0,1
EtienneAb3d,2023-03-28,,france,,0,0,0,0,0,0,0,0,0
EtienneAb3d,2023-03-29,,france,,0,0,0,0,0,0,0,0,0
EtienneAb3d,2023-03-30,,france,,0,0,0,0,0,0,0,0,0
EtienneAb3d,2023-03-31,,france,,0,0,0,0,0,0,0,0,0
EtienneAb3d,2023-04-03,97793188,france,,1,0,0,0,0,0,0,0,0
EtienneAb3d,2023-04-04,,france,,0,0,0,0,0,0,0,0,0
EtienneAb3d,2023-04-05,,france,,0,0,0,0,0,0,0,0,0
EtienneAb3d,2023-04-06,,france,,0,0,0,0,0,0,0,0,0
EugOT,2023-03-28,,austria,52498706,0,0,0,0,0,0,0,0,0
EugOT,2023-03-29,,austria,52498706,0,0,0,0,0,0,0,0,0
EugOT,2023-03-30,,austria,52498706,0,0,0,0,0,0,0,0,0
EugOT,2023-03-31,,austria,52498706,0,0,0,0,0,0,0,0,0
EugOT,2023-04-03,,austria,52498706,0,0,0,0,0,0,0,0,0
EugOT,2023-04-04,,austria,52498706,0,0,0,0,0,0,0,0,0
EugOT,2023-04-05,98144237,austria,52498706,1,0,0,0,0,0,0,0,0
EugOT,2023-04-06,,austria,52498706,0,0,0,0,0,0,0,0,0
FR073N,2023-03-28,,france,11045652,0,0,0,0,0,0,0,0,0
FR073N,2023-03-29,97351151,france,11045652,1,0,0,0,0,0,0,0,0
FR073N,2023-03-30,,france,11045652,0,0,0,0,0,0,0,0,0
FR073N,2023-03-31,,france,11045652,0,0,0,0,0,0,0,0,0
FR073N,2023-04-03,97869458,france,11045652,1,0,0,0,0,0,0,0,0
FR073N,2023-04-04,97999935,france,11045652,1,0,0,0,0,0,0,0,0
FR073N,2023-04-05,,france,11045652,0,0,0,0,0,0,0,0,0
FR073N,2023-04-06,,france,11045652,0,0,0,0,0,0,0,0,0
FabienBounoir,2023-03-28,97141583,france,,1,0,0,0,0,0,0,0,0
FabienBounoir,2023-03-29,,france,,0,0,0,0,0,0,0,0,0
FabienBounoir,2023-03-30,,france,,0,0,0,0,0,0,0,0,0
FabienBounoir,2023-03-31,,france,,0,0,0,0,0,0,0,0,0
FabienBounoir,2023-04-03,,france,,0,0,0,0,0,0,0,0,0
FabienBounoir,2023-04-04,,france,,0,0,0,0,0,0,0,0,0
FabienBounoir,2023-04-05,,france,,0,0,0,0,0,0,0,0,0
FabienBounoir,2023-04-06,,france,,0,0,0,0,0,0,0,0,0
FailedCoder23,2023-03-28,,france,,0,0,0,0,0,0,0,0,0
FailedCoder23,2023-03-29,,france,,0,0,0,0,0,0,0,0,0
FailedCoder23,2023-03-30,,france,,0,0,0,0,0,0,0,0,0
FailedCoder23,2023-03-31,,france,,0,0,0,0,0,0,0,0,0
FailedCoder23,2023-04-03,,france,,0,0,0,0,0,0,0,0,0
FailedCoder23,2023-04-04,98099437,france,,1,0,0,0,0,0,0,0,0
FailedCoder23,2023-04-05,,france,,0,0,0,0,0,0,0,0,0
FailedCoder23,2023-04-06,,france,,0,0,0,0,0,0,0,0,0
FakeSkdr,2023-03-28,,france,76951681,0,0,0,0,0,0,0,0,0
FakeSkdr,2023-03-29,97323189,france,76951681,1,0,0,0,0,0,0,0,0
FakeSkdr,2023-03-30,97481925,france,76951681,1,0,0,0,0,0,0,0,0
FakeSkdr,2023-03-31,,france,76951681,0,0,0,0,0,0,0,0,0
FakeSkdr,2023-04-03,97856608,france,76951681,1,0,0,0,0,0,0,0,0
FakeSkdr,2023-04-04,98032753,france,76951681,1,0,0,0,0,0,0,0,0
FakeSkdr,2023-04-05,98193451,france,76951681,1,0,0,0,0,0,0,0,0
FakeSkdr,2023-04-06,98424428,france,76951681,1,0,0,0,0,0,0,0,0
Fantazzj,2023-03-28,,italy,,0,1,0,0,0,0,0,0,0
Fantazzj,2023-03-29,,italy,,0,0,1,0,0,0,0,0,0
Fantazzj,2023-03-30,,italy,,0,0,0,1,0,0,0,0,0
Fantazzj,2023-03-31,,italy,,0,0,0,0,1,0,0,0,0
Fantazzj,2023-04-03,,italy,,0,0,0,0,0,1,0,0,0
Fantazzj,2023-04-04,,italy,,0,0,0,0,0,0,1,0,0
Fantazzj,2023-04-05,98222243,italy,,1,0,0,0,0,0,0,1,0
Fantazzj,2023-04-06,,italy,,0,0,0,0,0,0,0,0,1
FelixDubois,2023-03-28,,france,,0,0,0,0,0,0,0,0,0
FelixDubois,2023-03-29,,france,,0,0,0,0,0,0,0,0,0
FelixDubois,2023-03-30,,france,,0,0,0,0,0,0,0,0,0
FelixDubois,2023-03-31,,france,,0,0,0,0,0,0,0,0,0
FelixDubois,2023-04-03,,france,,0,0,0,0,0,0,0,0,0
FelixDubois,2023-04-04,,france,,0,0,0,0,0,0,0,0,0
FelixDubois,2023-04-05,98144328,france,,1,0,0,0,0,0,0,0,0
FelixDubois,2023-04-06,,france,,0,0,0,0,0,0,0,0,0
Fenntasy,2023-03-28,,france,16700502,0,0,0,0,0,0,0,0,0
Fenntasy,2023-03-29,,france,16700502,0,0,0,0,0,0,0,0,0
Fenntasy,2023-03-30,,france,16700502,0,0,0,0,0,0,0,0,0
Fenntasy,2023-03-31,,france,16700502,0,0,0,0,0,0,0,0,0
Fenntasy,2023-04-03,97821585,france,16700502,1,0,0,0,0,0,0,0,0
Fenntasy,2023-04-04,,france,16700502,0,0,0,0,0,0,0,0,0
Fenntasy,2023-04-05,,france,16700502,0,0,0,0,0,0,0,0,0
Fenntasy,2023-04-06,98447209,france,16700502,1,0,0,0,0,0,0,0,0
FilippoVissani,2023-03-28,,italy,,0,1,0,0,0,0,0,0,0
FilippoVissani,2023-03-29,97318309,italy,,1,0,1,0,0,0,0,0,0
FilippoVissani,2023-03-30,,italy,,0,0,0,1,0,0,0,0,0
FilippoVissani,2023-03-31,97608370,italy,,1,0,0,0,1,0,0,0,0
FilippoVissani,2023-04-03,97841365,italy,,1,0,0,0,0,1,0,0,0
FilippoVissani,2023-04-04,98037397,italy,,1,0,0,0,0,0,1,0,0
FilippoVissani,2023-04-05,,italy,,0,0,0,0,0,0,0,1,0
FilippoVissani,2023-04-06,,italy,,0,0,0,0,0,0,0,0,1
FloZone,2023-03-28,,france,,0,0,0,0,0,0,0,0,0
FloZone,2023-03-29,,france,,0,0,0,0,0,0,0,0,0
FloZone,2023-03-30,,france,,0,0,0,0,0,0,0,0,0
FloZone,2023-03-31,97699482,france,,1,0,0,0,0,0,0,0,0
FloZone,2023-04-03,,france,,0,0,0,0,0,0,0,0,0
FloZone,2023-04-04,,france,,0,0,0,0,0,0,0,0,0
FloZone,2023-04-05,,france,,0,0,0,0,0,0,0,0,0
FloZone,2023-04-06,,france,,0,0,0,0,0,0,0,0,0
Flohack74,2023-03-28,97159793,austria,11358614,1,0,0,0,0,0,0,0,0
Flohack74,2023-03-29,,austria,11358614,0,0,0,0,0,0,0,0,0
Flohack74,2023-03-30,,austria,11358614,0,0,0,0,0,0,0,0,0
Flohack74,2023-03-31,,austria,11358614,0,0,0,0,0,0,0,0,0
Flohack74,2023-04-03,,austria,11358614,0,0,0,0,0,0,0,0,0
Flohack74,2023-04-04,,austria,11358614,0,0,0,0,0,0,0,0,0
Flohack74,2023-04-05,,austria,11358614,0,0,0,0,0,0,0,0,0
Flohack74,2023-04-06,,austria,11358614,0,0,0,0,0,0,0,0,0
Flox06,2023-03-28,,france,59136097,0,0,0,0,0,0,0,0,0
Flox06,2023-03-29,,france,59136097,0,0,0,0,0,0,0,0,0
Flox06,2023-03-30,,france,59136097,0,0,0,0,0,0,0,0,0
Flox06,2023-03-31,,france,59136097,0,0,0,0,0,0,0,0,0
Flox06,2023-04-03,,france,59136097,0,0,0,0,0,0,0,0,0
Flox06,2023-04-04,98064753,france,59136097,1,0,0,0,0,0,0,0,0
Flox06,2023-04-05,,france,59136097,0,0,0,0,0,0,0,0,0
Flox06,2023-04-06,,france,59136097,0,0,0,0,0,0,0,0,0
Fmahring-prof,2023-03-28,,austria,,0,0,0,0,0,0,0,0,0
Fmahring-prof,2023-03-29,,austria,,0,0,0,0,0,0,0,0,0
Fmahring-prof,2023-03-30,,austria,,0,0,0,0,0,0,0,0,0
Fmahring-prof,2023-03-31,,austria,,0,0,0,0,0,0,0,0,0
Fmahring-prof,2023-04-03,,austria,,0,0,0,0,0,0,0,0,0
Fmahring-prof,2023-04-04,98045242,austria,,1,0,0,0,0,0,0,0,0
Fmahring-prof,2023-04-05,,austria,,0,0,0,0,0,0,0,0,0
Fmahring-prof,2023-04-06,,austria,,0,0,0,0,0,0,0,0,0
FonazzaStent,2023-03-28,97188496,italy,,1,1,0,0,0,0,0,0,0
FonazzaStent,2023-03-29,97299832,italy,,1,0,1,0,0,0,0,0,0
FonazzaStent,2023-03-30,,italy,,0,0,0,1,0,0,0,0,0
FonazzaStent,2023-03-31,97608923,italy,,1,0,0,0,1,0,0,0,0
FonazzaStent,2023-04-03,,italy,,0,0,0,0,0,1,0,0,0
FonazzaStent,2023-04-04,98074984,italy,,1,0,0,0,0,0,1,0,0
FonazzaStent,2023-04-05,,italy,,0,0,0,0,0,0,0,1,0
FonazzaStent,2023-04-06,98380602,italy,,1,0,0,0,0,0,0,0,1
Foufou-exe,2023-03-28,97206083,france,,1,0,0,0,0,0,0,0,0
Foufou-exe,2023-03-29,,france,,0,0,0,0,0,0,0,0,0
Foufou-exe,2023-03-30,,france,,0,0,0,0,0,0,0,0,0
Foufou-exe,2023-03-31,,france,,0,0,0,0,0,0,0,0,0
Foufou-exe,2023-04-03,,france,,0,0,0,0,0,0,0,0,0
Foufou-exe,2023-04-04,,france,,0,0,0,0,0,0,0,0,0
Foufou-exe,2023-04-05,,france,,0,0,0,0,0,0,0,0,0
Foufou-exe,2023-04-06,,france,,0,0,0,0,0,0,0,0,0
Fox2Code,2023-03-28,,france,,0,0,0,0,0,0,0,0,0
Fox2Code,2023-03-29,,france,,0,0,0,0,0,0,0,0,0
Fox2Code,2023-03-30,97496371,france,,1,0,0,0,0,0,0,0,0
Fox2Code,2023-03-31,97619717,france,,1,0,0,0,0,0,0,0,0
Fox2Code,2023-04-03,97856734,france,,1,0,0,0,0,0,0,0,0
Fox2Code,2023-04-04,,france,,0,0,0,0,0,0,0,0,0
Fox2Code,2023-04-05,,france,,0,0,0,0,0,0,0,0,0
Fox2Code,2023-04-06,,france,,0,0,0,0,0,0,0,0,0
FoxWorn3365,2023-03-28,97190376,italy,,1,1,0,0,0,0,0,0,0
FoxWorn3365,2023-03-29,,italy,,0,0,1,0,0,0,0,0,0
FoxWorn3365,2023-03-30,97536468,italy,,1,0,0,1,0,0,0,0,0
FoxWorn3365,2023-03-31,,italy,,0,0,0,0,1,0,0,0,0
FoxWorn3365,2023-04-03,,italy,,0,0,0,0,0,1,0,0,0
FoxWorn3365,2023-04-04,,italy,,0,0,0,0,0,0,1,0,0
FoxWorn3365,2023-04-05,,italy,,0,0,0,0,0,0,0,1,0
FoxWorn3365,2023-04-06,,italy,,0,0,0,0,0,0,0,0,1
FraLotito,2023-03-28,97106920,italy,123068447,1,1,0,0,0,0,0,0,0
FraLotito,2023-03-29,,italy,123068447,0,0,1,0,0,0,0,0,0
FraLotito,2023-03-30,,italy,123068447,0,0,0,1,0,0,0,0,0
FraLotito,2023-03-31,,italy,123068447,0,0,0,0,1,0,0,0,0
FraLotito,2023-04-03,,italy,123068447,0,0,0,0,0,1,0,0,0
FraLotito,2023-04-04,,italy,123068447,0,0,0,0,0,0,1,0,0
FraLotito,2023-04-05,,italy,123068447,0,0,0,0,0,0,0,1,0
FraLotito,2023-04-06,,italy,123068447,0,0,0,0,0,0,0,0,1
Fradenti,2023-03-28,,italy,,0,1,0,0,0,0,0,0,0
Fradenti,2023-03-29,,italy,,0,0,1,0,0,0,0,0,0
Fradenti,2023-03-30,,italy,,0,0,0,1,0,0,0,0,0
Fradenti,2023-03-31,,italy,,0,0,0,0,1,0,0,0,0
Fradenti,2023-04-03,,italy,,0,0,0,0,0,1,0,0,0
Fradenti,2023-04-04,,italy,,0,0,0,0,0,0,1,0,0
Fradenti,2023-04-05,,italy,,0,0,0,0,0,0,0,1,0
Fradenti,2023-04-06,98343290,italy,,1,0,0,0,0,0,0,0,1
Franck-Delaplace,2023-03-28,97204317,france,,1,0,0,0,0,0,0,0,0
Franck-Delaplace,2023-03-29,,france,,0,0,0,0,0,0,0,0,0
Franck-Delaplace,2023-03-30,,france,,0,0,0,0,0,0,0,0,0
Franck-Delaplace,2023-03-31,,france,,0,0,0,0,0,0,0,0,0
Franck-Delaplace,2023-04-03,,france,,0,0,0,0,0,0,0,0,0
Franck-Delaplace,2023-04-04,,france,,0,0,0,0,0,0,0,0,0
Franck-Delaplace,2023-04-05,,france,,0,0,0,0,0,0,0,0,0
Franck-Delaplace,2023-04-06,,france,,0,0,0,0,0,0,0,0,0
FrenchYeti,2023-03-28,,france,,0,0,0,0,0,0,0,0,0
FrenchYeti,2023-03-29,97289691,france,,1,0,0,0,0,0,0,0,0
FrenchYeti,2023-03-30,,france,,0,0,0,0,0,0,0,0,0
FrenchYeti,2023-03-31,,france,,0,0,0,0,0,0,0,0,0
FrenchYeti,2023-04-03,,france,,0,0,0,0,0,0,0,0,0
FrenchYeti,2023-04-04,,france,,0,0,0,0,0,0,0,0,0
FrenchYeti,2023-04-05,,france,,0,0,0,0,0,0,0,0,0
FrenchYeti,2023-04-06,,france,,0,0,0,0,0,0,0,0,0
Frix-x,2023-03-28,,france,,0,0,0,0,0,0,0,0,0
Frix-x,2023-03-29,,france,,0,0,0,0,0,0,0,0,0
Frix-x,2023-03-30,97547955,france,,1,0,0,0,0,0,0,0,0
Frix-x,2023-03-31,,france,,0,0,0,0,0,0,0,0,0
Frix-x,2023-04-03,,france,,0,0,0,0,0,0,0,0,0
Frix-x,2023-04-04,,france,,0,0,0,0,0,0,0,0,0
Frix-x,2023-04-05,,france,,0,0,0,0,0,0,0,0,0
Frix-x,2023-04-06,,france,,0,0,0,0,0,0,0,0,0
FunixG,2023-03-28,,france,99340299,0,0,0,0,0,0,0,0,0
FunixG,2023-03-29,97307116,france,99340299,1,0,0,0,0,0,0,0,0
FunixG,2023-03-30,97566711,france,99340299,1,0,0,0,0,0,0,0,0
FunixG,2023-03-31,97641276,france,99340299,1,0,0,0,0,0,0,0,0
FunixG,2023-04-03,97868058,france,99349214,1,0,0,0,0,0,0,0,0
FunixG,2023-04-04,98043614,france,99340299,1,0,0,0,0,0,0,0,0
FunixG,2023-04-05,,france,99340299,0,0,0,0,0,0,0,0,0
FunixG,2023-04-06,,france,99340299,0,0,0,0,0,0,0,0,0
FyzRDC,2023-03-28,97144848,france,,1,0,0,0,0,0,0,0,0
FyzRDC,2023-03-29,97253707,france,,1,0,0,0,0,0,0,0,0
FyzRDC,2023-03-30,,france,,0,0,0,0,0,0,0,0,0
FyzRDC,2023-03-31,,france,,0,0,0,0,0,0,0,0,0
FyzRDC,2023-04-03,,france,,0,0,0,0,0,0,0,0,0
FyzRDC,2023-04-04,,france,,0,0,0,0,0,0,0,0,0
FyzRDC,2023-04-05,,france,,0,0,0,0,0,0,0,0,0
FyzRDC,2023-04-06,,france,,0,0,0,0,0,0,0,0,0
GES-ppravatto,2023-03-28,,italy,95236585,0,1,0,0,0,0,0,0,0
GES-ppravatto,2023-03-29,97282248,italy,95236585,1,0,1,0,0,0,0,0,0
GES-ppravatto,2023-03-30,,italy,95236585,0,0,0,1,0,0,0,0,0
GES-ppravatto,2023-03-31,,italy,95236585,0,0,0,0,1,0,0,0,0
GES-ppravatto,2023-04-03,,italy,95236585,0,0,0,0,0,1,0,0,0
GES-ppravatto,2023-04-04,,italy,95236585,0,0,0,0,0,0,1,0,0
GES-ppravatto,2023-04-05,,italy,95236585,0,0,0,0,0,0,0,1,0
GES-ppravatto,2023-04-06,,italy,95236585,0,0,0,0,0,0,0,0,1
GIMALima,2023-03-28,,france,572508,0,0,0,0,0,0,0,0,0
GIMALima,2023-03-29,97337730,france,572508,1,0,0,0,0,0,0,0,0
GIMALima,2023-03-30,,france,572508,0,0,0,0,0,0,0,0,0
GIMALima,2023-03-31,,france,572508,0,0,0,0,0,0,0,0,0
GIMALima,2023-04-03,,france,572508,0,0,0,0,0,0,0,0,0
GIMALima,2023-04-04,,france,572508,0,0,0,0,0,0,0,0,0
GIMALima,2023-04-05,,france,572508,0,0,0,0,0,0,0,0,0
GIMALima,2023-04-06,98428603,france,572508,1,0,0,0,0,0,0,0,0
GabrielDja,2023-03-28,,france,,0,0,0,0,0,0,0,0,0
GabrielDja,2023-03-29,,france,,0,0,0,0,0,0,0,0,0
GabrielDja,2023-03-30,,france,,0,0,0,0,0,0,0,0,0
GabrielDja,2023-03-31,,france,,0,0,0,0,0,0,0,0,0
GabrielDja,2023-04-03,,france,,0,0,0,0,0,0,0,0,0
GabrielDja,2023-04-04,98027325,france,,1,0,0,0,0,0,0,0,0
GabrielDja,2023-04-05,,france,,0,0,0,0,0,0,0,0,0
GabrielDja,2023-04-06,,france,,0,0,0,0,0,0,0,0,0
GaetanLepage,2023-03-28,,france,,0,0,0,0,0,0,0,0,0
GaetanLepage,2023-03-29,,france,,0,0,0,0,0,0,0,0,0
GaetanLepage,2023-03-30,,france,,0,0,0,0,0,0,0,0,0
GaetanLepage,2023-03-31,,france,,0,0,0,0,0,0,0,0,0
GaetanLepage,2023-04-03,97833743,france,,1,0,0,0,0,0,0,0,0
GaetanLepage,2023-04-04,,france,,0,0,0,0,0,0,0,0,0
GaetanLepage,2023-04-05,,france,,0,0,0,0,0,0,0,0,0
GaetanLepage,2023-04-06,,france,,0,0,0,0,0,0,0,0,0
GaruGaru,2023-03-28,,italy,60747613,0,1,0,0,0,0,0,0,0
GaruGaru,2023-03-29,,italy,60747613,0,0,1,0,0,0,0,0,0
GaruGaru,2023-03-30,97447054,italy,60747613,1,0,0,1,0,0,0,0,0
GaruGaru,2023-03-31,,italy,60747613,0,0,0,0,1,0,0,0,0
GaruGaru,2023-04-03,,italy,60747613,0,0,0,0,0,1,0,0,0
GaruGaru,2023-04-04,,italy,60747613,0,0,0,0,0,0,1,0,0
GaruGaru,2023-04-05,,italy,60747613,0,0,0,0,0,0,0,1,0
GaruGaru,2023-04-06,,italy,60747613,0,0,0,0,0,0,0,0,1
GeckoEidechse,2023-03-28,,austria,118133395,0,0,0,0,0,0,0,0,0
GeckoEidechse,2023-03-29,,austria,118133395,0,0,0,0,0,0,0,0,0
GeckoEidechse,2023-03-30,97528469,austria,118133395,1,0,0,0,0,0,0,0,0
GeckoEidechse,2023-03-31,,austria,118133395,0,0,0,0,0,0,0,0,0
GeckoEidechse,2023-04-03,,austria,118133395,0,0,0,0,0,0,0,0,0
GeckoEidechse,2023-04-04,,austria,118133395,0,0,0,0,0,0,0,0,0
GeckoEidechse,2023-04-05,,austria,118133395,0,0,0,0,0,0,0,0,0
GeckoEidechse,2023-04-06,,austria,118133395,0,0,0,0,0,0,0,0,0
GiandonatoGreco,2023-03-28,,italy,15377824,0,1,0,0,0,0,0,0,0
GiandonatoGreco,2023-03-29,,italy,15377824,0,0,1,0,0,0,0,0,0
GiandonatoGreco,2023-03-30,,italy,15377824,0,0,0,1,0,0,0,0,0
GiandonatoGreco,2023-03-31,,italy,15377824,0,0,0,0,1,0,0,0,0
GiandonatoGreco,2023-04-03,,italy,15377824,0,0,0,0,0,1,0,0,0
GiandonatoGreco,2023-04-04,,italy,15377824,0,0,0,0,0,0,1,0,0
GiandonatoGreco,2023-04-05,98160439,italy,15377824,1,0,0,0,0,0,0,1,0
GiandonatoGreco,2023-04-06,,italy,15377824,0,0,0,0,0,0,0,0,1
GillianPerard,2023-03-28,,france,,0,0,0,0,0,0,0,0,0
GillianPerard,2023-03-29,,france,,0,0,0,0,0,0,0,0,0
GillianPerard,2023-03-30,97429131,france,,1,0,0,0,0,0,0,0,0
GillianPerard,2023-03-31,,france,,0,0,0,0,0,0,0,0,0
GillianPerard,2023-04-03,,france,,0,0,0,0,0,0,0,0,0
GillianPerard,2023-04-04,,france,,0,0,0,0,0,0,0,0,0
GillianPerard,2023-04-05,,france,,0,0,0,0,0,0,0,0,0
GillianPerard,2023-04-06,,france,,0,0,0,0,0,0,0,0,0
GitMarco27,2023-03-28,,italy,,0,1,0,0,0,0,0,0,0
GitMarco27,2023-03-29,,italy,,0,0,1,0,0,0,0,0,0
GitMarco27,2023-03-30,,italy,,0,0,0,1,0,0,0,0,0
GitMarco27,2023-03-31,,italy,,0,0,0,0,1,0,0,0,0
GitMarco27,2023-04-03,97823246,italy,,1,0,0,0,0,1,0,0,0
GitMarco27,2023-04-04,,italy,,0,0,0,0,0,0,1,0,0
GitMarco27,2023-04-05,,italy,,0,0,0,0,0,0,0,1,0
GitMarco27,2023-04-06,,italy,,0,0,0,0,0,0,0,0,1
GiulioRossetti,2023-03-28,,italy,,0,1,0,0,0,0,0,0,0
GiulioRossetti,2023-03-29,,italy,,0,0,1,0,0,0,0,0,0
GiulioRossetti,2023-03-30,,italy,,0,0,0,1,0,0,0,0,0
GiulioRossetti,2023-03-31,,italy,,0,0,0,0,1,0,0,0,0
GiulioRossetti,2023-04-03,,italy,,0,0,0,0,0,1,0,0,0
GiulioRossetti,2023-04-04,,italy,,0,0,0,0,0,0,1,0,0
GiulioRossetti,2023-04-05,98170721,italy,,1,0,0,0,0,0,0,1,0
GiulioRossetti,2023-04-06,,italy,,0,0,0,0,0,0,0,0,1
Grim-Reloaded,2023-03-28,,austria,,0,0,0,0,0,0,0,0,0
Grim-Reloaded,2023-03-29,97343187,austria,,1,0,0,0,0,0,0,0,0
Grim-Reloaded,2023-03-30,,austria,,0,0,0,0,0,0,0,0,0
Grim-Reloaded,2023-03-31,97670918,austria,,1,0,0,0,0,0,0,0,0
Grim-Reloaded,2023-04-03,,austria,,0,0,0,0,0,0,0,0,0
Grim-Reloaded,2023-04-04,,austria,,0,0,0,0,0,0,0,0,0
Grim-Reloaded,2023-04-05,,austria,,0,0,0,0,0,0,0,0,0
Grim-Reloaded,2023-04-06,,austria,,0,0,0,0,0,0,0,0,0
Grufoony,2023-03-28,,italy,,0,1,0,0,0,0,0,0,0
Grufoony,2023-03-29,97397330,italy,,1,0,1,0,0,0,0,0,0
Grufoony,2023-03-30,,italy,,0,0,0,1,0,0,0,0,0
Grufoony,2023-03-31,,italy,,0,0,0,0,1,0,0,0,0
Grufoony,2023-04-03,,italy,,0,0,0,0,0,1,0,0,0
Grufoony,2023-04-04,,italy,,0,0,0,0,0,0,1,0,0
Grufoony,2023-04-05,,italy,,0,0,0,0,0,0,0,1,0
Grufoony,2023-04-06,,italy,,0,0,0,0,0,0,0,0,1
Gsantomaggio,2023-03-28,,italy,96669,0,1,0,0,0,0,0,0,0
Gsantomaggio,2023-03-29,97335982,italy,96669,1,0,1,0,0,0,0,0,0
Gsantomaggio,2023-03-30,,italy,96669,0,0,0,1,0,0,0,0,0
Gsantomaggio,2023-03-31,,italy,96669,0,0,0,0,1,0,0,0,0
Gsantomaggio,2023-04-03,97865543,italy,96669,1,0,0,0,0,1,0,0,0
Gsantomaggio,2023-04-04,,italy,96669,0,0,0,0,0,0,1,0,0
Gsantomaggio,2023-04-05,,italy,96669,0,0,0,0,0,0,0,1,0
Gsantomaggio,2023-04-06,,italy,96669,0,0,0,0,0,0,0,0,1
GuglielmoPepe,2023-03-28,,italy,,0,1,0,0,0,0,0,0,0
GuglielmoPepe,2023-03-29,,italy,,0,0,1,0,0,0,0,0,0
GuglielmoPepe,2023-03-30,,italy,,0,0,0,1,0,0,0,0,0
GuglielmoPepe,2023-03-31,97597836,italy,,1,0,0,0,1,0,0,0,0
GuglielmoPepe,2023-04-03,,italy,,0,0,0,0,0,1,0,0,0
GuglielmoPepe,2023-04-04,,italy,,0,0,0,0,0,0,1,0,0
GuglielmoPepe,2023-04-05,,italy,,0,0,0,0,0,0,0,1,0
GuglielmoPepe,2023-04-06,,italy,,0,0,0,0,0,0,0,0,1
GuillaumePressiat,2023-03-28,,france,,0,0,0,0,0,0,0,0,0
GuillaumePressiat,2023-03-29,,france,,0,0,0,0,0,0,0,0,0
GuillaumePressiat,2023-03-30,,france,,0,0,0,0,0,0,0,0,0
GuillaumePressiat,2023-03-31,,france,,0,0,0,0,0,0,0,0,0
GuillaumePressiat,2023-04-03,,france,,0,0,0,0,0,0,0,0,0
GuillaumePressiat,2023-04-04,,france,,0,0,0,0,0,0,0,0,0
GuillaumePressiat,2023-04-05,,france,,0,0,0,0,0,0,0,0,0
GuillaumePressiat,2023-04-06,98399161,france,,1,0,0,0,0,0,0,0,0
Guts,2023-03-28,,france,6358716,0,0,0,0,0,0,0,0,0
Guts,2023-03-29,,france,6358716,0,0,0,0,0,0,0,0,0
Guts,2023-03-30,,france,6358716,0,0,0,0,0,0,0,0,0
Guts,2023-03-31,97697734,france,6358716,1,0,0,0,0,0,0,0,0
Guts,2023-04-03,,france,6358716,0,0,0,0,0,0,0,0,0
Guts,2023-04-04,,france,6358716,0,0,0,0,0,0,0,0,0
Guts,2023-04-05,,france,6358716,0,0,0,0,0,0,0,0,0
Guts,2023-04-06,,france,6358716,0,0,0,0,0,0,0,0,0
GwendalRaoul,2023-03-28,,france,47559528,0,0,0,0,0,0,0,0,0
GwendalRaoul,2023-03-29,,france,47559528,0,0,0,0,0,0,0,0,0
GwendalRaoul,2023-03-30,97514071,france,47559528,1,0,0,0,0,0,0,0,0
GwendalRaoul,2023-03-31,97601917,france,47559528,1,0,0,0,0,0,0,0,0
GwendalRaoul,2023-04-03,,france,47559528,0,0,0,0,0,0,0,0,0
GwendalRaoul,2023-04-04,,france,47559528,0,0,0,0,0,0,0,0,0
GwendalRaoul,2023-04-05,,france,47559528,0,0,0,0,0,0,0,0,0
GwendalRaoul,2023-04-06,,france,47559528,0,0,0,0,0,0,0,0,0
GyulyVGC,2023-03-28,,italy,,0,1,0,0,0,0,0,0,0
GyulyVGC,2023-03-29,,italy,,0,0,1,0,0,0,0,0,0
GyulyVGC,2023-03-30,,italy,,0,0,0,1,0,0,0,0,0
GyulyVGC,2023-03-31,,italy,,0,0,0,0,1,0,0,0,0
GyulyVGC,2023-04-03,,italy,,0,0,0,0,0,1,0,0,0
GyulyVGC,2023-04-04,97903491,italy,,1,0,0,0,0,0,1,0,0
GyulyVGC,2023-04-05,,italy,,0,0,0,0,0,0,0,1,0
GyulyVGC,2023-04-06,,italy,,0,0,0,0,0,0,0,0,1
HGSilveri,2023-03-28,,france,53746392,0,0,0,0,0,0,0,0,0
HGSilveri,2023-03-29,,france,53746392,0,0,0,0,0,0,0,0,0
HGSilveri,2023-03-30,97508430,france,53746392,1,0,0,0,0,0,0,0,0
HGSilveri,2023-03-31,,france,53746392,0,0,0,0,0,0,0,0,0
HGSilveri,2023-04-03,,france,53746392,0,0,0,0,0,0,0,0,0
HGSilveri,2023-04-04,,france,53746392,0,0,0,0,0,0,0,0,0
HGSilveri,2023-04-05,,france,53746392,0,0,0,0,0,0,0,0,0
HGSilveri,2023-04-06,,france,53746392,0,0,0,0,0,0,0,0,0
Hackndo,2023-03-28,,france,,0,0,0,0,0,0,0,0,0
Hackndo,2023-03-29,,france,,0,0,0,0,0,0,0,0,0
Hackndo,2023-03-30,,france,,0,0,0,0,0,0,0,0,0
Hackndo,2023-03-31,,france,,0,0,0,0,0,0,0,0,0
Hackndo,2023-04-03,,france,,0,0,0,0,0,0,0,0,0
Hackndo,2023-04-04,,france,,0,0,0,0,0,0,0,0,0
Hackndo,2023-04-05,,france,,0,0,0,0,0,0,0,0,0
Hackndo,2023-04-06,98470380,france,,1,0,0,0,0,0,0,0,0
Hathoute,2023-03-28,,france,,0,0,0,0,0,0,0,0,0
Hathoute,2023-03-29,,france,,0,0,0,0,0,0,0,0,0
Hathoute,2023-03-30,,france,,0,0,0,0,0,0,0,0,0
Hathoute,2023-03-31,,france,,0,0,0,0,0,0,0,0,0
Hathoute,2023-04-03,97782803,france,,1,0,0,0,0,0,0,0,0
Hathoute,2023-04-04,,france,,0,0,0,0,0,0,0,0,0
Hathoute,2023-04-05,,france,,0,0,0,0,0,0,0,0,0
Hathoute,2023-04-06,,france,,0,0,0,0,0,0,0,0,0
Hatscat,2023-03-28,,france,7880972,0,0,0,0,0,0,0,0,0
Hatscat,2023-03-29,,france,7880972,0,0,0,0,0,0,0,0,0
Hatscat,2023-03-30,,france,7880972,0,0,0,0,0,0,0,0,0
Hatscat,2023-03-31,,france,7880972,0,0,0,0,0,0,0,0,0
Hatscat,2023-04-03,,france,7880972,0,0,0,0,0,0,0,0,0
Hatscat,2023-04-04,98032372,france,7880972,1,0,0,0,0,0,0,0,0
Hatscat,2023-04-05,,france,7880972,0,0,0,0,0,0,0,0,0
Hatscat,2023-04-06,,france,7880972,0,0,0,0,0,0,0,0,0
HbmMods,2023-03-28,,austria,,0,0,0,0,0,0,0,0,0
HbmMods,2023-03-29,,austria,,0,0,0,0,0,0,0,0,0
HbmMods,2023-03-30,,austria,,0,0,0,0,0,0,0,0,0
HbmMods,2023-03-31,,austria,,0,0,0,0,0,0,0,0,0
HbmMods,2023-04-03,,austria,,0,0,0,0,0,0,0,0,0
HbmMods,2023-04-04,,austria,,0,0,0,0,0,0,0,0,0
HbmMods,2023-04-05,,austria,,0,0,0,0,0,0,0,0,0
HbmMods,2023-04-06,98459778,austria,,1,0,0,0,0,0,0,0,0
Herbrant,2023-03-28,,italy,,0,1,0,0,0,0,0,0,0
Herbrant,2023-03-29,97347378,italy,,1,0,1,0,0,0,0,0,0
Herbrant,2023-03-30,,italy,,0,0,0,1,0,0,0,0,0
Herbrant,2023-03-31,,italy,,0,0,0,0,1,0,0,0,0
Herbrant,2023-04-03,,italy,,0,0,0,0,0,1,0,0,0
Herbrant,2023-04-04,,italy,,0,0,0,0,0,0,1,0,0
Herbrant,2023-04-05,,italy,,0,0,0,0,0,0,0,1,0
Herbrant,2023-04-06,,italy,,0,0,0,0,0,0,0,0,1
Hidden-goblin,2023-03-28,,france,,0,0,0,0,0,0,0,0,0
Hidden-goblin,2023-03-29,,france,,0,0,0,0,0,0,0,0,0
Hidden-goblin,2023-03-30,97425533,france,,1,0,0,0,0,0,0,0,0
Hidden-goblin,2023-03-31,,france,,0,0,0,0,0,0,0,0,0
Hidden-goblin,2023-04-03,97894873,france,,1,0,0,0,0,0,0,0,0
Hidden-goblin,2023-04-04,,france,,0,0,0,0,0,0,0,0,0
Hidden-goblin,2023-04-05,,france,,0,0,0,0,0,0,0,0,0
Hidden-goblin,2023-04-06,,france,,0,0,0,0,0,0,0,0,0
Homemade-Disaster,2023-03-28,,austria,,0,0,0,0,0,0,0,0,0
Homemade-Disaster,2023-03-29,,austria,,0,0,0,0,0,0,0,0,0
Homemade-Disaster,2023-03-30,,austria,,0,0,0,0,0,0,0,0,0
Homemade-Disaster,2023-03-31,,austria,,0,0,0,0,0,0,0,0,0
Homemade-Disaster,2023-04-03,,austria,,0,0,0,0,0,0,0,0,0
Homemade-Disaster,2023-04-04,,austria,,0,0,0,0,0,0,0,0,0
Homemade-Disaster,2023-04-05,,austria,,0,0,0,0,0,0,0,0,0
Homemade-Disaster,2023-04-06,98457292,austria,,1,0,0,0,0,0,0,0,0
Horziox,2023-03-28,,france,115163787,0,0,0,0,0,0,0,0,0
Horziox,2023-03-29,,france,115163787,0,0,0,0,0,0,0,0,0
Horziox,2023-03-30,,france,115163787,0,0,0,0,0,0,0,0,0
Horziox,2023-03-31,,france,115163787,0,0,0,0,0,0,0,0,0
Horziox,2023-04-03,97843642,france,115163787,1,0,0,0,0,0,0,0,0
Horziox,2023-04-04,98045250,france,115163787,1,0,0,0,0,0,0,0,0
Horziox,2023-04-05,,france,115163787,0,0,0,0,0,0,0,0,0
Horziox,2023-04-06,98427905,france,115163787,1,0,0,0,0,0,0,0,0
HubTou,2023-03-28,,france,,0,0,0,0,0,0,0,0,0
HubTou,2023-03-29,,france,,0,0,0,0,0,0,0,0,0
HubTou,2023-03-30,,france,,0,0,0,0,0,0,0,0,0
HubTou,2023-03-31,97635784,france,,1,0,0,0,0,0,0,0,0
HubTou,2023-04-03,,france,,0,0,0,0,0,0,0,0,0
HubTou,2023-04-04,,france,,0,0,0,0,0,0,0,0,0
HubTou,2023-04-05,,france,,0,0,0,0,0,0,0,0,0
HubTou,2023-04-06,98468701,france,,1,0,0,0,0,0,0,0,0
Hugman76,2023-03-28,,france,69047955,0,0,0,0,0,0,0,0,0
Hugman76,2023-03-29,,france,69047955,0,0,0,0,0,0,0,0,0
Hugman76,2023-03-30,,france,69047955,0,0,0,0,0,0,0,0,0
Hugman76,2023-03-31,97686296,france,69047955,1,0,0,0,0,0,0,0,0
Hugman76,2023-04-03,,france,69047955,0,0,0,0,0,0,0,0,0
Hugman76,2023-04-04,,france,69047955,0,0,0,0,0,0,0,0,0
Hugman76,2023-04-05,,france,69047955,0,0,0,0,0,0,0,0,0
Hugman76,2023-04-06,,france,69047955,0,0,0,0,0,0,0,0,0
HugoPKFX,2023-03-28,,france,7036841,0,0,0,0,0,0,0,0,0
HugoPKFX,2023-03-29,,france,7036841,0,0,0,0,0,0,0,0,0
HugoPKFX,2023-03-30,,france,7036841,0,0,0,0,0,0,0,0,0
HugoPKFX,2023-03-31,,france,7036841,0,0,0,0,0,0,0,0,0
HugoPKFX,2023-04-03,,france,7036841,0,0,0,0,0,0,0,0,0
HugoPKFX,2023-04-04,,france,7036841,0,0,0,0,0,0,0,0,0
HugoPKFX,2023-04-05,,france,7036841,0,0,0,0,0,0,0,0,0
HugoPKFX,2023-04-06,98426668,france,7036841,1,0,0,0,0,0,0,0,0
Huluti,2023-03-28,,france,,0,0,0,0,0,0,0,0,0
Huluti,2023-03-29,,france,,0,0,0,0,0,0,0,0,0
Huluti,2023-03-30,,france,,0,0,0,0,0,0,0,0,0
Huluti,2023-03-31,97630141,france,,1,0,0,0,0,0,0,0,0
Huluti,2023-04-03,,france,,0,0,0,0,0,0,0,0,0
Huluti,2023-04-04,98100753,france,,1,0,0,0,0,0,0,0,0
Huluti,2023-04-05,98174684,france,,1,0,0,0,0,0,0,0,0
Huluti,2023-04-06,,france,,0,0,0,0,0,0,0,0,0
HydrolienF,2023-03-28,,france,,0,0,0,0,0,0,0,0,0
HydrolienF,2023-03-29,,france,,0,0,0,0,0,0,0,0,0
HydrolienF,2023-03-30,,france,,0,0,0,0,0,0,0,0,0
HydrolienF,2023-03-31,,france,,0,0,0,0,0,0,0,0,0
HydrolienF,2023-04-03,,france,,0,0,0,0,0,0,0,0,0
HydrolienF,2023-04-04,,france,,0,0,0,0,0,0,0,0,0
HydrolienF,2023-04-05,,france,,0,0,0,0,0,0,0,0,0
HydrolienF,2023-04-06,98347215,france,,1,0,0,0,0,0,0,0,0
IIMKGII,2023-03-28,,austria,,0,0,0,0,0,0,0,0,0
IIMKGII,2023-03-29,,austria,,0,0,0,0,0,0,0,0,0
IIMKGII,2023-03-30,,austria,,0,0,0,0,0,0,0,0,0
IIMKGII,2023-03-31,97699339,austria,,1,0,0,0,0,0,0,0,0
IIMKGII,2023-04-03,,austria,,0,0,0,0,0,0,0,0,0
IIMKGII,2023-04-04,,austria,,0,0,0,0,0,0,0,0,0
IIMKGII,2023-04-05,,austria,,0,0,0,0,0,0,0,0,0
IIMKGII,2023-04-06,,austria,,0,0,0,0,0,0,0,0,0
INeddHelp,2023-03-28,,italy,,0,1,0,0,0,0,0,0,0
INeddHelp,2023-03-29,,italy,,0,0,1,0,0,0,0,0,0
INeddHelp,2023-03-30,,italy,,0,0,0,1,0,0,0,0,0
INeddHelp,2023-03-31,97691169,italy,,1,0,0,0,1,0,0,0,0
INeddHelp,2023-04-03,,italy,,0,0,0,0,0,1,0,0,0
INeddHelp,2023-04-04,,italy,,0,0,0,0,0,0,1,0,0
INeddHelp,2023-04-05,,italy,,0,0,0,0,0,0,0,1,0
INeddHelp,2023-04-06,98388330,italy,,1,0,0,0,0,0,0,0,1
IlCallo,2023-03-28,,italy,32733266,0,1,0,0,0,0,0,0,0
IlCallo,2023-03-29,,italy,32733266,0,0,1,0,0,0,0,0,0
IlCallo,2023-03-30,,italy,32733266,0,0,0,1,0,0,0,0,0
IlCallo,2023-03-31,,italy,32733266,0,0,0,0,1,0,0,0,0
IlCallo,2023-04-03,97879760,italy,32733266,1,0,0,0,0,1,0,0,0
IlCallo,2023-04-04,,italy,32733266,0,0,0,0,0,0,1,0,0
IlCallo,2023-04-05,,italy,32733266,0,0,0,0,0,0,0,1,0
IlCallo,2023-04-06,,italy,32733266,0,0,0,0,0,0,0,0,1
Illidanz,2023-03-28,,italy,,0,1,0,0,0,0,0,0,0
Illidanz,2023-03-29,97274907,italy,,1,0,1,0,0,0,0,0,0
Illidanz,2023-03-30,,italy,,0,0,0,1,0,0,0,0,0
Illidanz,2023-03-31,,italy,,0,0,0,0,1,0,0,0,0
Illidanz,2023-04-03,,italy,,0,0,0,0,0,1,0,0,0
Illidanz,2023-04-04,,italy,,0,0,0,0,0,0,1,0,0
Illidanz,2023-04-05,,italy,,0,0,0,0,0,0,0,1,0
Illidanz,2023-04-06,,italy,,0,0,0,0,0,0,0,0,1
Iltotore,2023-03-28,,france,,0,0,0,0,0,0,0,0,0
Iltotore,2023-03-29,97271939,france,,1,0,0,0,0,0,0,0,0
Iltotore,2023-03-30,,france,,0,0,0,0,0,0,0,0,0
Iltotore,2023-03-31,,france,,0,0,0,0,0,0,0,0,0
Iltotore,2023-04-03,,france,,0,0,0,0,0,0,0,0,0
Iltotore,2023-04-04,,france,,0,0,0,0,0,0,0,0,0
Iltotore,2023-04-05,,france,,0,0,0,0,0,0,0,0,0
Iltotore,2023-04-06,,france,,0,0,0,0,0,0,0,0,0
ImpSy,2023-03-28,,france,11387329,0,0,0,0,0,0,0,0,0
ImpSy,2023-03-29,97336369,france,11387329,1,0,0,0,0,0,0,0,0
ImpSy,2023-03-30,,france,11387329,0,0,0,0,0,0,0,0,0
ImpSy,2023-03-31,97640282,france,11387329,1,0,0,0,0,0,0,0,0
ImpSy,2023-04-03,,france,11387329,0,0,0,0,0,0,0,0,0
ImpSy,2023-04-04,,france,11387329,0,0,0,0,0,0,0,0,0
ImpSy,2023-04-05,,france,11387329,0,0,0,0,0,0,0,0,0
ImpSy,2023-04-06,,france,11387329,0,0,0,0,0,0,0,0,0
Issif,2023-03-28,,france,42391047,0,0,0,0,0,0,0,0,0
Issif,2023-03-29,97324254,france,42391047,1,0,0,0,0,0,0,0,0
Issif,2023-03-30,,france,42391047,0,0,0,0,0,0,0,0,0
Issif,2023-03-31,,france,42391047,0,0,0,0,0,0,0,0,0
Issif,2023-04-03,,france,42391047,0,0,0,0,0,0,0,0,0
Issif,2023-04-04,,france,42391047,0,0,0,0,0,0,0,0,0
Issif,2023-04-05,,france,42391047,0,0,0,0,0,0,0,0,0
Issif,2023-04-06,,france,42391047,0,0,0,0,0,0,0,0,0
ItsAzukio,2023-03-28,,france,,0,0,0,0,0,0,0,0,0
ItsAzukio,2023-03-29,,france,,0,0,0,0,0,0,0,0,0
ItsAzukio,2023-03-30,,france,,0,0,0,0,0,0,0,0,0
ItsAzukio,2023-03-31,97651073,france,,1,0,0,0,0,0,0,0,0
ItsAzukio,2023-04-03,,france,,0,0,0,0,0,0,0,0,0
ItsAzukio,2023-04-04,,france,,0,0,0,0,0,0,0,0,0
ItsAzukio,2023-04-05,,france,,0,0,0,0,0,0,0,0,0
ItsAzukio,2023-04-06,,france,,0,0,0,0,0,0,0,0,0
ItsJustMiaouss,2023-03-28,,france,,0,0,0,0,0,0,0,0,0
ItsJustMiaouss,2023-03-29,,france,,0,0,0,0,0,0,0,0,0
ItsJustMiaouss,2023-03-30,,france,,0,0,0,0,0,0,0,0,0
ItsJustMiaouss,2023-03-31,,france,,0,0,0,0,0,0,0,0,0
ItsJustMiaouss,2023-04-03,,france,,0,0,0,0,0,0,0,0,0
ItsJustMiaouss,2023-04-04,98035816,france,,1,0,0,0,0,0,0,0,0
ItsJustMiaouss,2023-04-05,,france,,0,0,0,0,0,0,0,0,0
ItsJustMiaouss,2023-04-06,,france,,0,0,0,0,0,0,0,0,0
ItsVixano,2023-03-28,,italy,105283431,0,1,0,0,0,0,0,0,0
ItsVixano,2023-03-29,97306789,italy,105283431,1,0,1,0,0,0,0,0,0
ItsVixano,2023-03-30,,italy,105283431,0,0,0,1,0,0,0,0,0
ItsVixano,2023-03-31,,italy,105283431,0,0,0,0,1,0,0,0,0
ItsVixano,2023-04-03,,italy,105283431,0,0,0,0,0,1,0,0,0
ItsVixano,2023-04-04,,italy,105283431,0,0,0,0,0,0,1,0,0
ItsVixano,2023-04-05,,italy,105283431,0,0,0,0,0,0,0,1,0
ItsVixano,2023-04-06,,italy,105283431,0,0,0,0,0,0,0,0,1
Izem0,2023-03-28,,france,,0,0,0,0,0,0,0,0,0
Izem0,2023-03-29,,france,,0,0,0,0,0,0,0,0,0
Izem0,2023-03-30,,france,,0,0,0,0,0,0,0,0,0
Izem0,2023-03-31,,france,,0,0,0,0,0,0,0,0,0
Izem0,2023-04-03,,france,,0,0,0,0,0,0,0,0,0
Izem0,2023-04-04,,france,,0,0,0,0,0,0,0,0,0
Izem0,2023-04-05,,france,,0,0,0,0,0,0,0,0,0
Izem0,2023-04-06,98437036,france,,1,0,0,0,0,0,0,0,0
IziPeezeLemonSqueeze,2023-03-28,,italy,,0,1,0,0,0,0,0,0,0
IziPeezeLemonSqueeze,2023-03-29,,italy,,0,0,1,0,0,0,0,0,0
IziPeezeLemonSqueeze,2023-03-30,,italy,,0,0,0,1,0,0,0,0,0
IziPeezeLemonSqueeze,2023-03-31,,italy,,0,0,0,0,1,0,0,0,0
IziPeezeLemonSqueeze,2023-04-03,,italy,,0,0,0,0,0,1,0,0,0
IziPeezeLemonSqueeze,2023-04-04,,italy,,0,0,0,0,0,0,1,0,0
IziPeezeLemonSqueeze,2023-04-05,98205703,italy,,1,0,0,0,0,0,0,1,0
IziPeezeLemonSqueeze,2023-04-06,,italy,,0,0,0,0,0,0,0,0,1
JBaptisteLvt,2023-03-28,,france,12674072,0,0,0,0,0,0,0,0,0
JBaptisteLvt,2023-03-29,,france,12674072,0,0,0,0,0,0,0,0,0
JBaptisteLvt,2023-03-30,,france,12674072,0,0,0,0,0,0,0,0,0
JBaptisteLvt,2023-03-31,97637720,france,12674072,1,0,0,0,0,0,0,0,0
JBaptisteLvt,2023-04-03,,france,12674072,0,0,0,0,0,0,0,0,0
JBaptisteLvt,2023-04-04,,france,12674072,0,0,0,0,0,0,0,0,0
JBaptisteLvt,2023-04-05,,france,12674072,0,0,0,0,0,0,0,0,0
JBaptisteLvt,2023-04-06,,france,12674072,0,0,0,0,0,0,0,0,0
JDDev0,2023-03-28,97206883,austria,,1,0,0,0,0,0,0,0,0
JDDev0,2023-03-29,,austria,,0,0,0,0,0,0,0,0,0
JDDev0,2023-03-30,,austria,,0,0,0,0,0,0,0,0,0
JDDev0,2023-03-31,,austria,,0,0,0,0,0,0,0,0,0
JDDev0,2023-04-03,,austria,,0,0,0,0,0,0,0,0,0
JDDev0,2023-04-04,98064449,austria,,1,0,0,0,0,0,0,0,0
JDDev0,2023-04-05,,austria,,0,0,0,0,0,0,0,0,0
JDDev0,2023-04-06,,austria,,0,0,0,0,0,0,0,0,0
JOJ0,2023-03-28,,austria,,0,0,0,0,0,0,0,0,0
JOJ0,2023-03-29,,austria,,0,0,0,0,0,0,0,0,0
JOJ0,2023-03-30,,austria,,0,0,0,0,0,0,0,0,0
JOJ0,2023-03-31,,austria,,0,0,0,0,0,0,0,0,0
JOJ0,2023-04-03,97798082,austria,,1,0,0,0,0,0,0,0,0
JOJ0,2023-04-04,,austria,,0,0,0,0,0,0,0,0,0
JOJ0,2023-04-05,,austria,,0,0,0,0,0,0,0,0,0
JOJ0,2023-04-06,,austria,,0,0,0,0,0,0,0,0,0
JV-conseil,2023-03-28,,france,8126869,0,0,0,0,0,0,0,0,0
JV-conseil,2023-03-29,,france,8126869,0,0,0,0,0,0,0,0,0
JV-conseil,2023-03-30,97550803,france,8126869,1,0,0,0,0,0,0,0,0
JV-conseil,2023-03-31,,france,8126869,0,0,0,0,0,0,0,0,0
JV-conseil,2023-04-03,,france,8126869,0,0,0,0,0,0,0,0,0
JV-conseil,2023-04-04,,france,8126869,0,0,0,0,0,0,0,0,0
JV-conseil,2023-04-05,,france,8126869,0,0,0,0,0,0,0,0,0
JV-conseil,2023-04-06,97768157,france,8126869,1,0,0,0,0,0,0,0,0
JamesHemery,2023-03-28,,france,54964039,0,0,0,0,0,0,0,0,0
JamesHemery,2023-03-29,,france,54964039,0,0,0,0,0,0,0,0,0
JamesHemery,2023-03-30,,france,54964039,0,0,0,0,0,0,0,0,0
JamesHemery,2023-03-31,97647536,france,54964039,1,0,0,0,0,0,0,0,0
JamesHemery,2023-04-03,,france,54964039,0,0,0,0,0,0,0,0,0
JamesHemery,2023-04-04,,france,54964039,0,0,0,0,0,0,0,0,0
JamesHemery,2023-04-05,,france,54964039,0,0,0,0,0,0,0,0,0
JamesHemery,2023-04-06,,france,54964039,0,0,0,0,0,0,0,0,0
JasfoLaFripouille,2023-03-28,,france,,0,0,0,0,0,0,0,0,0
JasfoLaFripouille,2023-03-29,,france,,0,0,0,0,0,0,0,0,0
JasfoLaFripouille,2023-03-30,,france,,0,0,0,0,0,0,0,0,0
JasfoLaFripouille,2023-03-31,,france,,0,0,0,0,0,0,0,0,0
JasfoLaFripouille,2023-04-03,,france,,0,0,0,0,0,0,0,0,0
JasfoLaFripouille,2023-04-04,97992836,france,,1,0,0,0,0,0,0,0,0
JasfoLaFripouille,2023-04-05,,france,,0,0,0,0,0,0,0,0,0
JasfoLaFripouille,2023-04-06,,france,,0,0,0,0,0,0,0,0,0
JasonMendoza2008,2023-03-28,,france,109682947,0,0,0,0,0,0,0,0,0
JasonMendoza2008,2023-03-29,,france,109682947,0,0,0,0,0,0,0,0,0
JasonMendoza2008,2023-03-30,,france,109682947,0,0,0,0,0,0,0,0,0
JasonMendoza2008,2023-03-31,,france,109682947,0,0,0,0,0,0,0,0,0
JasonMendoza2008,2023-04-03,97855686,france,109682947,1,0,0,0,0,0,0,0,0
JasonMendoza2008,2023-04-04,,france,109682947,0,0,0,0,0,0,0,0,0
JasonMendoza2008,2023-04-05,,france,109682947,0,0,0,0,0,0,0,0,0
JasonMendoza2008,2023-04-06,,france,109682947,0,0,0,0,0,0,0,0,0
JbaptisteLam,2023-03-28,,france,,0,0,0,0,0,0,0,0,0
JbaptisteLam,2023-03-29,97292722,france,,1,0,0,0,0,0,0,0,0
JbaptisteLam,2023-03-30,,france,,0,0,0,0,0,0,0,0,0
JbaptisteLam,2023-03-31,,france,,0,0,0,0,0,0,0,0,0
JbaptisteLam,2023-04-03,,france,,0,0,0,0,0,0,0,0,0
JbaptisteLam,2023-04-04,,france,,0,0,0,0,0,0,0,0,0
JbaptisteLam,2023-04-05,,france,,0,0,0,0,0,0,0,0,0
JbaptisteLam,2023-04-06,,france,,0,0,0,0,0,0,0,0,0
JcDenis,2023-03-28,,france,,0,0,0,0,0,0,0,0,0
JcDenis,2023-03-29,,france,,0,0,0,0,0,0,0,0,0
JcDenis,2023-03-30,,france,,0,0,0,0,0,0,0,0,0
JcDenis,2023-03-31,,france,,0,0,0,0,0,0,0,0,0
JcDenis,2023-04-03,,france,,0,0,0,0,0,0,0,0,0
JcDenis,2023-04-04,,france,,0,0,0,0,0,0,0,0,0
JcDenis,2023-04-05,98278243,france,,1,0,0,0,0,0,0,0,0
JcDenis,2023-04-06,98471233,france,,1,0,0,0,0,0,0,0,0
Jean85,2023-03-28,,italy,8501934,0,1,0,0,0,0,0,0,0
Jean85,2023-03-29,,italy,8501934,0,0,1,0,0,0,0,0,0
Jean85,2023-03-30,,italy,8501934,0,0,0,1,0,0,0,0,0
Jean85,2023-03-31,,italy,8501934,0,0,0,0,1,0,0,0,0
Jean85,2023-04-03,97872553,italy,8501934,1,0,0,0,0,1,0,0,0
Jean85,2023-04-04,,italy,8501934,0,0,0,0,0,0,1,0,0
Jean85,2023-04-05,98210303,italy,8501934,1,0,0,0,0,0,0,1,0
Jean85,2023-04-06,,italy,8501934,0,0,0,0,0,0,0,0,1
JeanMainguy,2023-03-28,97244692,france,36693932,1,0,0,0,0,0,0,0,0
JeanMainguy,2023-03-29,,france,36693932,0,0,0,0,0,0,0,0,0
JeanMainguy,2023-03-30,,france,36693932,0,0,0,0,0,0,0,0,0
JeanMainguy,2023-03-31,,france,36693932,0,0,0,0,0,0,0,0,0
JeanMainguy,2023-04-03,,france,36693932,0,0,0,0,0,0,0,0,0
JeanMainguy,2023-04-04,,france,36693932,0,0,0,0,0,0,0,0,0
JeanMainguy,2023-04-05,,france,36693932,0,0,0,0,0,0,0,0,0
JeanMainguy,2023-04-06,,france,36693932,0,0,0,0,0,0,0,0,0
JeremyAnsel,2023-03-28,,france,,0,0,0,0,0,0,0,0,0
JeremyAnsel,2023-03-29,,france,,0,0,0,0,0,0,0,0,0
JeremyAnsel,2023-03-30,,france,,0,0,0,0,0,0,0,0,0
JeremyAnsel,2023-03-31,,france,,0,0,0,0,0,0,0,0,0
JeremyAnsel,2023-04-03,,france,,0,0,0,0,0,0,0,0,0
JeremyAnsel,2023-04-04,,france,,0,0,0,0,0,0,0,0,0
JeremyAnsel,2023-04-05,98234289,france,,1,0,0,0,0,0,0,0,0
JeremyAnsel,2023-04-06,,france,,0,0,0,0,0,0,0,0,0
Jeremyb59,2023-03-28,,france,,0,0,0,0,0,0,0,0,0
Jeremyb59,2023-03-29,,france,,0,0,0,0,0,0,0,0,0
Jeremyb59,2023-03-30,,france,,0,0,0,0,0,0,0,0,0
Jeremyb59,2023-03-31,97696702,france,,1,0,0,0,0,0,0,0,0
Jeremyb59,2023-04-03,,france,,0,0,0,0,0,0,0,0,0
Jeremyb59,2023-04-04,,france,,0,0,0,0,0,0,0,0,0
Jeremyb59,2023-04-05,,france,,0,0,0,0,0,0,0,0,0
Jeremyb59,2023-04-06,,france,,0,0,0,0,0,0,0,0,0
JeromeDevome,2023-03-28,,france,,0,0,0,0,0,0,0,0,0
JeromeDevome,2023-03-29,,france,,0,0,0,0,0,0,0,0,0
JeromeDevome,2023-03-30,,france,,0,0,0,0,0,0,0,0,0
JeromeDevome,2023-03-31,97641702,france,,1,0,0,0,0,0,0,0,0
JeromeDevome,2023-04-03,,france,,0,0,0,0,0,0,0,0,0
JeromeDevome,2023-04-04,,france,,0,0,0,0,0,0,0,0,0
JeromeDevome,2023-04-05,,france,,0,0,0,0,0,0,0,0,0
JeromeDevome,2023-04-06,,france,,0,0,0,0,0,0,0,0,0
JeromeGalan,2023-03-28,,france,40762578,0,0,0,0,0,0,0,0,0
JeromeGalan,2023-03-29,,france,40762578,0,0,0,0,0,0,0,0,0
JeromeGalan,2023-03-30,,france,40762578,0,0,0,0,0,0,0,0,0
JeromeGalan,2023-03-31,97681234,france,40762578,1,0,0,0,0,0,0,0,0
JeromeGalan,2023-04-03,,france,40762578,0,0,0,0,0,0,0,0,0
JeromeGalan,2023-04-04,,france,40762578,0,0,0,0,0,0,0,0,0
JeromeGalan,2023-04-05,,france,40762578,0,0,0,0,0,0,0,0,0
JeromeGalan,2023-04-06,,france,40762578,0,0,0,0,0,0,0,0,0
JhumanJ,2023-03-28,,france,,0,0,0,0,0,0,0,0,0
JhumanJ,2023-03-29,97341451,france,,1,0,0,0,0,0,0,0,0
JhumanJ,2023-03-30,,france,,0,0,0,0,0,0,0,0,0
JhumanJ,2023-03-31,,france,,0,0,0,0,0,0,0,0,0
JhumanJ,2023-04-03,,france,,0,0,0,0,0,0,0,0,0
JhumanJ,2023-04-04,,france,,0,0,0,0,0,0,0,0,0
JhumanJ,2023-04-05,,france,,0,0,0,0,0,0,0,0,0
JhumanJ,2023-04-06,,france,,0,0,0,0,0,0,0,0,0
JingMatrix,2023-03-28,,france,78217009,0,0,0,0,0,0,0,0,0
JingMatrix,2023-03-29,,france,78217009,0,0,0,0,0,0,0,0,0
JingMatrix,2023-03-30,,france,78217009,0,0,0,0,0,0,0,0,0
JingMatrix,2023-03-31,,france,78217009,0,0,0,0,0,0,0,0,0
JingMatrix,2023-04-03,97906952,france,78217009,1,0,0,0,0,0,0,0,0
JingMatrix,2023-04-04,,france,78217009,0,0,0,0,0,0,0,0,0
JingMatrix,2023-04-05,,france,78217009,0,0,0,0,0,0,0,0,0
JingMatrix,2023-04-06,,france,78217009,0,0,0,0,0,0,0,0,0
JoFrost,2023-03-28,,france,78921555,0,0,0,0,0,0,0,0,0
JoFrost,2023-03-29,97306905,france,78921555,1,0,0,0,0,0,0,0,0
JoFrost,2023-03-30,,france,78921555,0,0,0,0,0,0,0,0,0
JoFrost,2023-03-31,,france,78921555,0,0,0,0,0,0,0,0,0
JoFrost,2023-04-03,,france,78921555,0,0,0,0,0,0,0,0,0
JoFrost,2023-04-04,,france,78921555,0,0,0,0,0,0,0,0,0
JoFrost,2023-04-05,,france,78921555,0,0,0,0,0,0,0,0,0
JoFrost,2023-04-06,,france,78921555,0,0,0,0,0,0,0,0,0
Joffref,2023-03-28,,france,113524690,0,0,0,0,0,0,0,0,0
Joffref,2023-03-29,97397108,france,113524690,1,0,0,0,0,0,0,0,0
Joffref,2023-03-30,97555563,france,113524690,1,0,0,0,0,0,0,0,0
Joffref,2023-03-31,,france,113524690,0,0,0,0,0,0,0,0,0
Joffref,2023-04-03,,france,113524690,0,0,0,0,0,0,0,0,0
Joffref,2023-04-04,,france,113524690,0,0,0,0,0,0,0,0,0
Joffref,2023-04-05,,france,113524690,0,0,0,0,0,0,0,0,0
Joffref,2023-04-06,,france,113524690,0,0,0,0,0,0,0,0,0
JohnXLivingston,2023-03-28,,france,,0,0,0,0,0,0,0,0,0
JohnXLivingston,2023-03-29,,france,,0,0,0,0,0,0,0,0,0
JohnXLivingston,2023-03-30,,france,,0,0,0,0,0,0,0,0,0
JohnXLivingston,2023-03-31,,france,,0,0,0,0,0,0,0,0,0
JohnXLivingston,2023-04-03,,france,,0,0,0,0,0,0,0,0,0
JohnXLivingston,2023-04-04,,france,,0,0,0,0,0,0,0,0,0
JohnXLivingston,2023-04-05,,france,,0,0,0,0,0,0,0,0,0
JohnXLivingston,2023-04-06,98425711,france,,1,0,0,0,0,0,0,0,0
Jonas1312,2023-03-28,,france,50736791,0,0,0,0,0,0,0,0,0
Jonas1312,2023-03-29,,france,50736791,0,0,0,0,0,0,0,0,0
Jonas1312,2023-03-30,,france,50736791,0,0,0,0,0,0,0,0,0
Jonas1312,2023-03-31,,france,50736791,0,0,0,0,0,0,0,0,0
Jonas1312,2023-04-03,,france,50736791,0,0,0,0,0,0,0,0,0
Jonas1312,2023-04-04,98064015,france,50736791,1,0,0,0,0,0,0,0,0
Jonas1312,2023-04-05,,france,50736791,0,0,0,0,0,0,0,0,0
Jonas1312,2023-04-06,,france,50736791,0,0,0,0,0,0,0,0,0
JonasDoesThings,2023-03-28,,austria,,0,0,0,0,0,0,0,0,0
JonasDoesThings,2023-03-29,97329961,austria,,1,0,0,0,0,0,0,0,0
JonasDoesThings,2023-03-30,,austria,,0,0,0,0,0,0,0,0,0
JonasDoesThings,2023-03-31,,austria,,0,0,0,0,0,0,0,0,0
JonasDoesThings,2023-04-03,,austria,,0,0,0,0,0,0,0,0,0
JonasDoesThings,2023-04-04,,austria,,0,0,0,0,0,0,0,0,0
JonasDoesThings,2023-04-05,,austria,,0,0,0,0,0,0,0,0,0
JonasDoesThings,2023-04-06,,austria,,0,0,0,0,0,0,0,0,0
Jotschi,2023-03-28,,austria,80426422,0,0,0,0,0,0,0,0,0
Jotschi,2023-03-29,,austria,80426422,0,0,0,0,0,0,0,0,0
Jotschi,2023-03-30,,austria,80426422,0,0,0,0,0,0,0,0,0
Jotschi,2023-03-31,97700521,austria,80426422,1,0,0,0,0,0,0,0,0
Jotschi,2023-04-03,,austria,80426422,0,0,0,0,0,0,0,0,0
Jotschi,2023-04-04,,austria,80426422,0,0,0,0,0,0,0,0,0
Jotschi,2023-04-05,98137568,austria,80426422,1,0,0,0,0,0,0,0,0
Jotschi,2023-04-06,98291026,austria,80426422,1,0,0,0,0,0,0,0,0
Jukien,2023-03-28,,france,,0,0,0,0,0,0,0,0,0
Jukien,2023-03-29,,france,,0,0,0,0,0,0,0,0,0
Jukien,2023-03-30,,france,,0,0,0,0,0,0,0,0,0
Jukien,2023-03-31,97652849,france,,1,0,0,0,0,0,0,0,0
Jukien,2023-04-03,,france,,0,0,0,0,0,0,0,0,0
Jukien,2023-04-04,,france,,0,0,0,0,0,0,0,0,0
Jukien,2023-04-05,,france,,0,0,0,0,0,0,0,0,0
Jukien,2023-04-06,,france,,0,0,0,0,0,0,0,0,0
JulienOury,2023-03-28,97235373,france,,1,0,0,0,0,0,0,0,0
JulienOury,2023-03-29,,france,,0,0,0,0,0,0,0,0,0
JulienOury,2023-03-30,,france,,0,0,0,0,0,0,0,0,0
JulienOury,2023-03-31,,france,,0,0,0,0,0,0,0,0,0
JulienOury,2023-04-03,,france,,0,0,0,0,0,0,0,0,0
JulienOury,2023-04-04,,france,,0,0,0,0,0,0,0,0,0
JulienOury,2023-04-05,,france,,0,0,0,0,0,0,0,0,0
JulienOury,2023-04-06,,france,,0,0,0,0,0,0,0,0,0
Julio-Guerra,2023-03-28,,france,365230,0,0,0,0,0,0,0,0,0
Julio-Guerra,2023-03-29,,france,365230,0,0,0,0,0,0,0,0,0
Julio-Guerra,2023-03-30,,france,365230,0,0,0,0,0,0,0,0,0
Julio-Guerra,2023-03-31,,france,365230,0,0,0,0,0,0,0,0,0
Julio-Guerra,2023-04-03,,france,365230,0,0,0,0,0,0,0,0,0
Julio-Guerra,2023-04-04,,france,365230,0,0,0,0,0,0,0,0,0
Julio-Guerra,2023-04-05,,france,365230,0,0,0,0,0,0,0,0,0
Julio-Guerra,2023-04-06,98419709,france,365230,1,0,0,0,0,0,0,0,0
Jupi007,2023-03-28,,france,4604537,0,0,0,0,0,0,0,0,0
Jupi007,2023-03-29,,france,4604537,0,0,0,0,0,0,0,0,0
Jupi007,2023-03-30,,france,4604537,0,0,0,0,0,0,0,0,0
Jupi007,2023-03-31,97612882,france,4604537,1,0,0,0,0,0,0,0,0
Jupi007,2023-04-03,,france,4604537,0,0,0,0,0,0,0,0,0
Jupi007,2023-04-04,,france,4604537,0,0,0,0,0,0,0,0,0
Jupi007,2023-04-05,,france,4604537,0,0,0,0,0,0,0,0,0
Jupi007,2023-04-06,,france,4604537,0,0,0,0,0,0,0,0,0
JustDams,2023-03-28,97228090,france,93655211,1,0,0,0,0,0,0,0,0
JustDams,2023-03-29,,france,93655211,0,0,0,0,0,0,0,0,0
JustDams,2023-03-30,97492557,france,93655211,1,0,0,0,0,0,0,0,0
JustDams,2023-03-31,97632532,france,93655211,1,0,0,0,0,0,0,0,0
JustDams,2023-04-03,97925962,france,93655211,1,0,0,0,0,0,0,0,0
JustDams,2023-04-04,,france,93655211,0,0,0,0,0,0,0,0,0
JustDams,2023-04-05,98224075,france,93655211,1,0,0,0,0,0,0,0,0
JustDams,2023-04-06,98443171,france,93655211,1,0,0,0,0,0,0,0,0
KSemenenko,2023-03-28,,france,78253589,0,0,0,0,0,0,0,0,0
KSemenenko,2023-03-29,,france,78253589,0,0,0,0,0,0,0,0,0
KSemenenko,2023-03-30,,france,78253589,0,0,0,0,0,0,0,0,0
KSemenenko,2023-03-31,,france,78253589,0,0,0,0,0,0,0,0,0
KSemenenko,2023-04-03,,france,78253589,0,0,0,0,0,0,0,0,0
KSemenenko,2023-04-04,,france,78253589,0,0,0,0,0,0,0,0,0
KSemenenko,2023-04-05,,france,78253589,0,0,0,0,0,0,0,0,0
KSemenenko,2023-04-06,98470679,france,78253589,1,0,0,0,0,0,0,0,0
KVNLS,2023-03-28,,france,33523883,0,0,0,0,0,0,0,0,0
KVNLS,2023-03-29,,france,33523883,0,0,0,0,0,0,0,0,0
KVNLS,2023-03-30,97436390,france,33523883,1,0,0,0,0,0,0,0,0
KVNLS,2023-03-31,,france,33523883,0,0,0,0,0,0,0,0,0
KVNLS,2023-04-03,,france,33523883,0,0,0,0,0,0,0,0,0
KVNLS,2023-04-04,,france,33523883,0,0,0,0,0,0,0,0,0
KVNLS,2023-04-05,,france,33523883,0,0,0,0,0,0,0,0,0
KVNLS,2023-04-06,,france,33523883,0,0,0,0,0,0,0,0,0
Keenuts,2023-03-28,,france,1608701,0,0,0,0,0,0,0,0,0
Keenuts,2023-03-29,,france,1608701,0,0,0,0,0,0,0,0,0
Keenuts,2023-03-30,97430690,france,1608701,1,0,0,0,0,0,0,0,0
Keenuts,2023-03-31,,france,1608701,0,0,0,0,0,0,0,0,0
Keenuts,2023-04-03,,france,1608701,0,0,0,0,0,0,0,0,0
Keenuts,2023-04-04,,france,1608701,0,0,0,0,0,0,0,0,0
Keenuts,2023-04-05,,france,1608701,0,0,0,0,0,0,0,0,0
Keenuts,2023-04-06,,france,1608701,0,0,0,0,0,0,0,0,0
Ketaklak,2023-03-28,97141480,france,,1,0,0,0,0,0,0,0,0
Ketaklak,2023-03-29,,france,,0,0,0,0,0,0,0,0,0
Ketaklak,2023-03-30,,france,,0,0,0,0,0,0,0,0,0
Ketaklak,2023-03-31,,france,,0,0,0,0,0,0,0,0,0
Ketaklak,2023-04-03,,france,,0,0,0,0,0,0,0,0,0
Ketaklak,2023-04-04,,france,,0,0,0,0,0,0,0,0,0
Ketaklak,2023-04-05,,france,,0,0,0,0,0,0,0,0,0
Ketaklak,2023-04-06,,france,,0,0,0,0,0,0,0,0,0
KevinBatdorf,2023-03-28,,italy,,0,1,0,0,0,0,0,0,0
KevinBatdorf,2023-03-29,,italy,,0,0,1,0,0,0,0,0,0
KevinBatdorf,2023-03-30,,italy,,0,0,0,1,0,0,0,0,0
KevinBatdorf,2023-03-31,97670674,italy,,1,0,0,0,1,0,0,0,0
KevinBatdorf,2023-04-03,,italy,,0,0,0,0,0,1,0,0,0
KevinBatdorf,2023-04-04,,italy,,0,0,0,0,0,0,1,0,0
KevinBatdorf,2023-04-05,,italy,,0,0,0,0,0,0,0,1,0
KevinBatdorf,2023-04-06,,italy,,0,0,0,0,0,0,0,0,1
KevinRouchut,2023-03-28,,france,,0,0,0,0,0,0,0,0,0
KevinRouchut,2023-03-29,,france,,0,0,0,0,0,0,0,0,0
KevinRouchut,2023-03-30,97563848,france,,1,0,0,0,0,0,0,0,0
KevinRouchut,2023-03-31,97682553,france,,1,0,0,0,0,0,0,0,0
KevinRouchut,2023-04-03,,france,,0,0,0,0,0,0,0,0,0
KevinRouchut,2023-04-04,,france,,0,0,0,0,0,0,0,0,0
KevinRouchut,2023-04-05,,france,,0,0,0,0,0,0,0,0,0
KevinRouchut,2023-04-06,,france,,0,0,0,0,0,0,0,0,0
Khaali-dev,2023-03-28,,france,,0,0,0,0,0,0,0,0,0
Khaali-dev,2023-03-29,,france,,0,0,0,0,0,0,0,0,0
Khaali-dev,2023-03-30,,france,,0,0,0,0,0,0,0,0,0
Khaali-dev,2023-03-31,,france,,0,0,0,0,0,0,0,0,0
Khaali-dev,2023-04-03,,france,,0,0,0,0,0,0,0,0,0
Khaali-dev,2023-04-04,,france,,0,0,0,0,0,0,0,0,0
Khaali-dev,2023-04-05,,france,,0,0,0,0,0,0,0,0,0
Khaali-dev,2023-04-06,98468624,france,,1,0,0,0,0,0,0,0,0
Khaaz,2023-03-28,,france,70570750,0,0,0,0,0,0,0,0,0
Khaaz,2023-03-29,,france,70570750,0,0,0,0,0,0,0,0,0
Khaaz,2023-03-30,,france,70570750,0,0,0,0,0,0,0,0,0
Khaaz,2023-03-31,,france,70570750,0,0,0,0,0,0,0,0,0
Khaaz,2023-04-03,,france,70570750,0,0,0,0,0,0,0,0,0
Khaaz,2023-04-04,,france,70570750,0,0,0,0,0,0,0,0,0
Khaaz,2023-04-05,98275432,france,70570750,1,0,0,0,0,0,0,0,0
Khaaz,2023-04-06,,france,70570750,0,0,0,0,0,0,0,0,0
Kiloutre,2023-03-28,,france,,0,0,0,0,0,0,0,0,0
Kiloutre,2023-03-29,97294620,france,,1,0,0,0,0,0,0,0,0
Kiloutre,2023-03-30,,france,,0,0,0,0,0,0,0,0,0
Kiloutre,2023-03-31,,france,,0,0,0,0,0,0,0,0,0
Kiloutre,2023-04-03,,france,,0,0,0,0,0,0,0,0,0
Kiloutre,2023-04-04,,france,,0,0,0,0,0,0,0,0,0
Kiloutre,2023-04-05,,france,,0,0,0,0,0,0,0,0,0
Kiloutre,2023-04-06,,france,,0,0,0,0,0,0,0,0,0
KiraZ-69,2023-03-28,,france,124795330,0,0,0,0,0,0,0,0,0
KiraZ-69,2023-03-29,97253629,france,124795330,1,0,0,0,0,0,0,0,0
KiraZ-69,2023-03-30,,france,124795330,0,0,0,0,0,0,0,0,0
KiraZ-69,2023-03-31,,france,124795330,0,0,0,0,0,0,0,0,0
KiraZ-69,2023-04-03,,france,124795330,0,0,0,0,0,0,0,0,0
KiraZ-69,2023-04-04,,france,124795330,0,0,0,0,0,0,0,0,0
KiraZ-69,2023-04-05,98127994,france,124795330,1,0,0,0,0,0,0,0,0
KiraZ-69,2023-04-06,,france,124795330,0,0,0,0,0,0,0,0,0
LJ5O,2023-03-28,,france,98358917,0,0,0,0,0,0,0,0,0
LJ5O,2023-03-29,,france,98358917,0,0,0,0,0,0,0,0,0
LJ5O,2023-03-30,,france,98358917,0,0,0,0,0,0,0,0,0
LJ5O,2023-03-31,,france,98358917,0,0,0,0,0,0,0,0,0
LJ5O,2023-04-03,,france,98358917,0,0,0,0,0,0,0,0,0
LJ5O,2023-04-04,98067588,france,98358917,1,0,0,0,0,0,0,0,0
LJ5O,2023-04-05,,france,98358917,0,0,0,0,0,0,0,0,0
LJ5O,2023-04-06,,france,98358917,0,0,0,0,0,0,0,0,0
LVBrand,2023-03-28,,france,,0,0,0,0,0,0,0,0,0
LVBrand,2023-03-29,,france,,0,0,0,0,0,0,0,0,0
LVBrand,2023-03-30,,france,,0,0,0,0,0,0,0,0,0
LVBrand,2023-03-31,,france,,0,0,0,0,0,0,0,0,0
LVBrand,2023-04-03,,france,,0,0,0,0,0,0,0,0,0
LVBrand,2023-04-04,,france,,0,0,0,0,0,0,0,0,0
LVBrand,2023-04-05,98178883,france,,1,0,0,0,0,0,0,0,0
LVBrand,2023-04-06,,france,,0,0,0,0,0,0,0,0,0
LVMVRQUXL,2023-03-28,,france,95772357,0,0,0,0,0,0,0,0,0
LVMVRQUXL,2023-03-29,,france,95772357,0,0,0,0,0,0,0,0,0
LVMVRQUXL,2023-03-30,,france,95772357,0,0,0,0,0,0,0,0,0
LVMVRQUXL,2023-03-31,,france,95772357,0,0,0,0,0,0,0,0,0
LVMVRQUXL,2023-04-03,97809023,france,95772357,1,0,0,0,0,0,0,0,0
LVMVRQUXL,2023-04-04,,france,95772357,0,0,0,0,0,0,0,0,0
LVMVRQUXL,2023-04-05,,france,95772357,0,0,0,0,0,0,0,0,0
LVMVRQUXL,2023-04-06,,france,95772357,0,0,0,0,0,0,0,0,0
La0,2023-03-28,,france,,0,0,0,0,0,0,0,0,0
La0,2023-03-29,97317814,france,,1,0,0,0,0,0,0,0,0
La0,2023-03-30,,france,,0,0,0,0,0,0,0,0,0
La0,2023-03-31,,france,,0,0,0,0,0,0,0,0,0
La0,2023-04-03,,france,,0,0,0,0,0,0,0,0,0
La0,2023-04-04,,france,,0,0,0,0,0,0,0,0,0
La0,2023-04-05,,france,,0,0,0,0,0,0,0,0,0
La0,2023-04-06,,france,,0,0,0,0,0,0,0,0,0
Laess3r,2023-03-28,,austria,1215250,0,0,0,0,0,0,0,0,0
Laess3r,2023-03-29,,austria,1215250,0,0,0,0,0,0,0,0,0
Laess3r,2023-03-30,97454207,austria,1215250,1,0,0,0,0,0,0,0,0
Laess3r,2023-03-31,,austria,1215250,0,0,0,0,0,0,0,0,0
Laess3r,2023-04-03,,austria,1215250,0,0,0,0,0,0,0,0,0
Laess3r,2023-04-04,,austria,1215250,0,0,0,0,0,0,0,0,0
Laess3r,2023-04-05,98141644,austria,1215250,1,0,0,0,0,0,0,0,0
Laess3r,2023-04-06,,austria,1215250,0,0,0,0,0,0,0,0,0
LambdAurora,2023-03-28,,france,,0,0,0,0,0,0,0,0,0
LambdAurora,2023-03-29,97351824,france,,1,0,0,0,0,0,0,0,0
LambdAurora,2023-03-30,,france,,0,0,0,0,0,0,0,0,0
LambdAurora,2023-03-31,,france,,0,0,0,0,0,0,0,0,0
LambdAurora,2023-04-03,,france,,0,0,0,0,0,0,0,0,0
LambdAurora,2023-04-04,,france,,0,0,0,0,0,0,0,0,0
LambdAurora,2023-04-05,,france,,0,0,0,0,0,0,0,0,0
LambdAurora,2023-04-06,,france,,0,0,0,0,0,0,0,0,0
LaplancheMaxime,2023-03-28,,france,,0,0,0,0,0,0,0,0,0
LaplancheMaxime,2023-03-29,97297821,france,,1,0,0,0,0,0,0,0,0
LaplancheMaxime,2023-03-30,,france,,0,0,0,0,0,0,0,0,0
LaplancheMaxime,2023-03-31,,france,,0,0,0,0,0,0,0,0,0
LaplancheMaxime,2023-04-03,,france,,0,0,0,0,0,0,0,0,0
LaplancheMaxime,2023-04-04,,france,,0,0,0,0,0,0,0,0,0
LaplancheMaxime,2023-04-05,,france,,0,0,0,0,0,0,0,0,0
LaplancheMaxime,2023-04-06,,france,,0,0,0,0,0,0,0,0,0
LaurentOngaro,2023-03-28,,france,,0,0,0,0,0,0,0,0,0
LaurentOngaro,2023-03-29,97354397,france,,1,0,0,0,0,0,0,0,0
LaurentOngaro,2023-03-30,97430961,france,,1,0,0,0,0,0,0,0,0
LaurentOngaro,2023-03-31,,france,,0,0,0,0,0,0,0,0,0
LaurentOngaro,2023-04-03,,france,,0,0,0,0,0,0,0,0,0
LaurentOngaro,2023-04-04,,france,,0,0,0,0,0,0,0,0,0
LaurentOngaro,2023-04-05,,france,,0,0,0,0,0,0,0,0,0
LaurentOngaro,2023-04-06,,france,,0,0,0,0,0,0,0,0,0
LeMyst,2023-03-28,,france,,0,0,0,0,0,0,0,0,0
LeMyst,2023-03-29,,france,,0,0,0,0,0,0,0,0,0
LeMyst,2023-03-30,97536962,france,,1,0,0,0,0,0,0,0,0
LeMyst,2023-03-31,,france,,0,0,0,0,0,0,0,0,0
LeMyst,2023-04-03,,france,,0,0,0,0,0,0,0,0,0
LeMyst,2023-04-04,97997137,france,,1,0,0,0,0,0,0,0,0
LeMyst,2023-04-05,98250620,france,,1,0,0,0,0,0,0,0,0
LeMyst,2023-04-06,,france,,0,0,0,0,0,0,0,0,0
LePetitTim,2023-03-28,,france,71821514,0,0,0,0,0,0,0,0,0
LePetitTim,2023-03-29,,france,71821514,0,0,0,0,0,0,0,0,0
LePetitTim,2023-03-30,,france,71821514,0,0,0,0,0,0,0,0,0
LePetitTim,2023-03-31,,france,71821514,0,0,0,0,0,0,0,0,0
LePetitTim,2023-04-03,,france,71821514,0,0,0,0,0,0,0,0,0
LePetitTim,2023-04-04,,france,71821514,0,0,0,0,0,0,0,0,0
LePetitTim,2023-04-05,98184867,france,71821514,1,0,0,0,0,0,0,0,0
LePetitTim,2023-04-06,,france,71821514,0,0,0,0,0,0,0,0,0
LelieL91,2023-03-28,,italy,,0,1,0,0,0,0,0,0,0
LelieL91,2023-03-29,,italy,,0,0,1,0,0,0,0,0,0
LelieL91,2023-03-30,,italy,,0,0,0,1,0,0,0,0,0
LelieL91,2023-03-31,,italy,,0,0,0,0,1,0,0,0,0
LelieL91,2023-04-03,,italy,,0,0,0,0,0,1,0,0,0
LelieL91,2023-04-04,,italy,,0,0,0,0,0,0,1,0,0
LelieL91,2023-04-05,,italy,,0,0,0,0,0,0,0,1,0
LelieL91,2023-04-06,98428885,italy,,1,0,0,0,0,0,0,0,1
LenweSaralonde,2023-03-28,97103816,france,,1,0,0,0,0,0,0,0,0
LenweSaralonde,2023-03-29,,france,,0,0,0,0,0,0,0,0,0
LenweSaralonde,2023-03-30,,france,,0,0,0,0,0,0,0,0,0
LenweSaralonde,2023-03-31,,france,,0,0,0,0,0,0,0,0,0
LenweSaralonde,2023-04-03,,france,,0,0,0,0,0,0,0,0,0
LenweSaralonde,2023-04-04,,france,,0,0,0,0,0,0,0,0,0
LenweSaralonde,2023-04-05,,france,,0,0,0,0,0,0,0,0,0
LenweSaralonde,2023-04-06,,france,,0,0,0,0,0,0,0,0,0
Leonarddoo,2023-03-28,,france,,0,0,0,0,0,0,0,0,0
Leonarddoo,2023-03-29,,france,,0,0,0,0,0,0,0,0,0
Leonarddoo,2023-03-30,97536710,france,,1,0,0,0,0,0,0,0,0
Leonarddoo,2023-03-31,,france,,0,0,0,0,0,0,0,0,0
Leonarddoo,2023-04-03,,france,,0,0,0,0,0,0,0,0,0
Leonarddoo,2023-04-04,,france,,0,0,0,0,0,0,0,0,0
Leonarddoo,2023-04-05,,france,,0,0,0,0,0,0,0,0,0
Leonarddoo,2023-04-06,,france,,0,0,0,0,0,0,0,0,0
LeonardoCiaccio,2023-03-28,,italy,,0,1,0,0,0,0,0,0,0
LeonardoCiaccio,2023-03-29,,italy,,0,0,1,0,0,0,0,0,0
LeonardoCiaccio,2023-03-30,,italy,,0,0,0,1,0,0,0,0,0
LeonardoCiaccio,2023-03-31,,italy,,0,0,0,0,1,0,0,0,0
LeonardoCiaccio,2023-04-03,97869690,italy,,1,0,0,0,0,1,0,0,0
LeonardoCiaccio,2023-04-04,,italy,,0,0,0,0,0,0,1,0,0
LeonardoCiaccio,2023-04-05,,italy,,0,0,0,0,0,0,0,1,0
LeonardoCiaccio,2023-04-06,,italy,,0,0,0,0,0,0,0,0,1
LoicPoullain,2023-03-28,,france,32041046,0,0,0,0,0,0,0,0,0
LoicPoullain,2023-03-29,,france,32041046,0,0,0,0,0,0,0,0,0
LoicPoullain,2023-03-30,,france,32041046,0,0,0,0,0,0,0,0,0
LoicPoullain,2023-03-31,,france,32041046,0,0,0,0,0,0,0,0,0
LoicPoullain,2023-04-03,,france,32041046,0,0,0,0,0,0,0,0,0
LoicPoullain,2023-04-04,98077667,france,32041046,1,0,0,0,0,0,0,0,0
LoicPoullain,2023-04-05,,france,32041046,0,0,0,0,0,0,0,0,0
LoicPoullain,2023-04-06,,france,32041046,0,0,0,0,0,0,0,0,0
LoicSikidi,2023-03-28,,france,,0,0,0,0,0,0,0,0,0
LoicSikidi,2023-03-29,,france,,0,0,0,0,0,0,0,0,0
LoicSikidi,2023-03-30,97491044,france,,1,0,0,0,0,0,0,0,0
LoicSikidi,2023-03-31,,france,,0,0,0,0,0,0,0,0,0
LoicSikidi,2023-04-03,,france,,0,0,0,0,0,0,0,0,0
LoicSikidi,2023-04-04,,france,,0,0,0,0,0,0,0,0,0
LoicSikidi,2023-04-05,,france,,0,0,0,0,0,0,0,0,0
LoicSikidi,2023-04-06,,france,,0,0,0,0,0,0,0,0,0
LoneDev6,2023-03-28,,italy,,0,1,0,0,0,0,0,0,0
LoneDev6,2023-03-29,,italy,,0,0,1,0,0,0,0,0,0
LoneDev6,2023-03-30,97498351,italy,,1,0,0,1,0,0,0,0,0
LoneDev6,2023-03-31,,italy,,0,0,0,0,1,0,0,0,0
LoneDev6,2023-04-03,,italy,,0,0,0,0,0,1,0,0,0
LoneDev6,2023-04-04,98060599,italy,,1,0,0,0,0,0,1,0,0
LoneDev6,2023-04-05,,italy,,0,0,0,0,0,0,0,1,0
LoneDev6,2023-04-06,,italy,,0,0,0,0,0,0,0,0,1
LorenzoMeduri,2023-03-28,,italy,,0,1,0,0,0,0,0,0,0
LorenzoMeduri,2023-03-29,,italy,,0,0,1,0,0,0,0,0,0
LorenzoMeduri,2023-03-30,,italy,,0,0,0,1,0,0,0,0,0
LorenzoMeduri,2023-03-31,97670881,italy,,1,0,0,0,1,0,0,0,0
LorenzoMeduri,2023-04-03,,italy,,0,0,0,0,0,1,0,0,0
LorenzoMeduri,2023-04-04,,italy,,0,0,0,0,0,0,1,0,0
LorenzoMeduri,2023-04-05,,italy,,0,0,0,0,0,0,0,1,0
LorenzoMeduri,2023-04-06,,italy,,0,0,0,0,0,0,0,0,1
LorenzoMinciotti,2023-03-28,,italy,96132121,0,1,0,0,0,0,0,0,0
LorenzoMinciotti,2023-03-29,,italy,96132121,0,0,1,0,0,0,0,0,0
LorenzoMinciotti,2023-03-30,,italy,96132121,0,0,0,1,0,0,0,0,0
LorenzoMinciotti,2023-03-31,97640925,italy,96132121,1,0,0,0,1,0,0,0,0
LorenzoMinciotti,2023-04-03,,italy,96132121,0,0,0,0,0,1,0,0,0
LorenzoMinciotti,2023-04-04,,italy,96132121,0,0,0,0,0,0,1,0,0
LorenzoMinciotti,2023-04-05,98188382,italy,96132121,1,0,0,0,0,0,0,1,0
LorenzoMinciotti,2023-04-06,,italy,96132121,0,0,0,0,0,0,0,0,1
LouisBillaut,2023-03-28,,france,35573133,0,0,0,0,0,0,0,0,0
LouisBillaut,2023-03-29,,france,35573133,0,0,0,0,0,0,0,0,0
LouisBillaut,2023-03-30,,france,35573133,0,0,0,0,0,0,0,0,0
LouisBillaut,2023-03-31,,france,35573133,0,0,0,0,0,0,0,0,0
LouisBillaut,2023-04-03,,france,35573133,0,0,0,0,0,0,0,0,0
LouisBillaut,2023-04-04,,france,35573133,0,0,0,0,0,0,0,0,0
LouisBillaut,2023-04-05,98154475,france,35573133,1,0,0,0,0,0,0,0,0
LouisBillaut,2023-04-06,,france,35573133,0,0,0,0,0,0,0,0,0
LouisFaure,2023-03-28,97189776,austria,,1,0,0,0,0,0,0,0,0
LouisFaure,2023-03-29,,austria,,0,0,0,0,0,0,0,0,0
LouisFaure,2023-03-30,,austria,,0,0,0,0,0,0,0,0,0
LouisFaure,2023-03-31,,austria,,0,0,0,0,0,0,0,0,0
LouisFaure,2023-04-03,,austria,,0,0,0,0,0,0,0,0,0
LouisFaure,2023-04-04,,austria,,0,0,0,0,0,0,0,0,0
LouisFaure,2023-04-05,,austria,,0,0,0,0,0,0,0,0,0
LouisFaure,2023-04-06,,austria,,0,0,0,0,0,0,0,0,0
LouisLanganay,2023-03-28,,france,,0,0,0,0,0,0,0,0,0
LouisLanganay,2023-03-29,97399294,france,,1,0,0,0,0,0,0,0,0
LouisLanganay,2023-03-30,,france,,0,0,0,0,0,0,0,0,0
LouisLanganay,2023-03-31,,france,,0,0,0,0,0,0,0,0,0
LouisLanganay,2023-04-03,,france,,0,0,0,0,0,0,0,0,0
LouisLanganay,2023-04-04,,france,,0,0,0,0,0,0,0,0,0
LouisLanganay,2023-04-05,,france,,0,0,0,0,0,0,0,0,0
LouisLanganay,2023-04-06,,france,,0,0,0,0,0,0,0,0,0
LouisMazel,2023-03-28,97140920,france,,1,0,0,0,0,0,0,0,0
LouisMazel,2023-03-29,,france,,0,0,0,0,0,0,0,0,0
LouisMazel,2023-03-30,97492166,france,94178871,1,0,0,0,0,0,0,0,0
LouisMazel,2023-03-31,,france,,0,0,0,0,0,0,0,0,0
LouisMazel,2023-04-03,,france,,0,0,0,0,0,0,0,0,0
LouisMazel,2023-04-04,98010886,france,94178871,1,0,0,0,0,0,0,0,0
LouisMazel,2023-04-05,,france,,0,0,0,0,0,0,0,0,0
LouisMazel,2023-04-06,,france,,0,0,0,0,0,0,0,0,0
Loweredgames,2023-03-28,,italy,,0,1,0,0,0,0,0,0,0
Loweredgames,2023-03-29,97311737,italy,,1,0,1,0,0,0,0,0,0
Loweredgames,2023-03-30,,italy,,0,0,0,1,0,0,0,0,0
Loweredgames,2023-03-31,,italy,,0,0,0,0,1,0,0,0,0
Loweredgames,2023-04-03,,italy,,0,0,0,0,0,1,0,0,0
Loweredgames,2023-04-04,,italy,,0,0,0,0,0,0,1,0,0
Loweredgames,2023-04-05,,italy,,0,0,0,0,0,0,0,1,0
Loweredgames,2023-04-06,,italy,,0,0,0,0,0,0,0,0,1
Lucas-C,2023-03-28,,france,,0,0,0,0,0,0,0,0,0
Lucas-C,2023-03-29,,france,,0,0,0,0,0,0,0,0,0
Lucas-C,2023-03-30,,france,,0,0,0,0,0,0,0,0,0
Lucas-C,2023-03-31,97609961,france,,1,0,0,0,0,0,0,0,0
Lucas-C,2023-04-03,97843093,france,77238783,1,0,0,0,0,0,0,0,0
Lucas-C,2023-04-04,,france,,0,0,0,0,0,0,0,0,0
Lucas-C,2023-04-05,,france,,0,0,0,0,0,0,0,0,0
Lucas-C,2023-04-06,,france,,0,0,0,0,0,0,0,0,0
LudovicRousseau,2023-03-28,,france,,0,0,0,0,0,0,0,0,0
LudovicRousseau,2023-03-29,,france,,0,0,0,0,0,0,0,0,0
LudovicRousseau,2023-03-30,,france,,0,0,0,0,0,0,0,0,0
LudovicRousseau,2023-03-31,97661081,france,,1,0,0,0,0,0,0,0,0
LudovicRousseau,2023-04-03,,france,,0,0,0,0,0,0,0,0,0
LudovicRousseau,2023-04-04,,france,,0,0,0,0,0,0,0,0,0
LudovicRousseau,2023-04-05,,france,,0,0,0,0,0,0,0,0,0
LudovicRousseau,2023-04-06,,france,,0,0,0,0,0,0,0,0,0
Lukasss93,2023-03-28,,italy,101015174,0,1,0,0,0,0,0,0,0
Lukasss93,2023-03-29,,italy,101015174,0,0,1,0,0,0,0,0,0
Lukasss93,2023-03-30,,italy,101015174,0,0,0,1,0,0,0,0,0
Lukasss93,2023-03-31,,italy,101015174,0,0,0,0,1,0,0,0,0
Lukasss93,2023-04-03,97912427,italy,101015174,1,0,0,0,0,1,0,0,0
Lukasss93,2023-04-04,,italy,101015174,0,0,0,0,0,0,1,0,0
Lukasss93,2023-04-05,,italy,101015174,0,0,0,0,0,0,0,1,0
Lukasss93,2023-04-06,,italy,101015174,0,0,0,0,0,0,0,0,1
LukeWeidenwalker,2023-03-28,,austria,27365216,0,0,0,0,0,0,0,0,0
LukeWeidenwalker,2023-03-29,,austria,27365216,0,0,0,0,0,0,0,0,0
LukeWeidenwalker,2023-03-30,,austria,27365216,0,0,0,0,0,0,0,0,0
LukeWeidenwalker,2023-03-31,,austria,27365216,0,0,0,0,0,0,0,0,0
LukeWeidenwalker,2023-04-03,97857930,austria,27365216,1,0,0,0,0,0,0,0,0
LukeWeidenwalker,2023-04-04,,austria,27365216,0,0,0,0,0,0,0,0,0
LukeWeidenwalker,2023-04-05,,austria,27365216,0,0,0,0,0,0,0,0,0
LukeWeidenwalker,2023-04-06,98421416,austria,23743223,1,0,0,0,0,0,0,0,0
Lunik,2023-03-28,,france,,0,0,0,0,0,0,0,0,0
Lunik,2023-03-29,,france,,0,0,0,0,0,0,0,0,0
Lunik,2023-03-30,,france,,0,0,0,0,0,0,0,0,0
Lunik,2023-03-31,97603709,france,,1,0,0,0,0,0,0,0,0
Lunik,2023-04-03,97908841,france,,1,0,0,0,0,0,0,0,0
Lunik,2023-04-04,98092655,france,,1,0,0,0,0,0,0,0,0
Lunik,2023-04-05,,france,,0,0,0,0,0,0,0,0,0
Lunik,2023-04-06,,france,,0,0,0,0,0,0,0,0,0
MRColorR,2023-03-28,,italy,,0,1,0,0,0,0,0,0,0
MRColorR,2023-03-29,,italy,,0,0,1,0,0,0,0,0,0
MRColorR,2023-03-30,97470846,italy,,1,0,0,1,0,0,0,0,0
MRColorR,2023-03-31,,italy,,0,0,0,0,1,0,0,0,0
MRColorR,2023-04-03,,italy,,0,0,0,0,0,1,0,0,0
MRColorR,2023-04-04,,italy,,0,0,0,0,0,0,1,0,0
MRColorR,2023-04-05,,italy,,0,0,0,0,0,0,0,1,0
MRColorR,2023-04-06,,italy,,0,0,0,0,0,0,0,0,1
MarcLoupias,2023-03-28,,france,,0,0,0,0,0,0,0,0,0
MarcLoupias,2023-03-29,,france,,0,0,0,0,0,0,0,0,0
MarcLoupias,2023-03-30,,france,,0,0,0,0,0,0,0,0,0
MarcLoupias,2023-03-31,,france,,0,0,0,0,0,0,0,0,0
MarcLoupias,2023-04-03,,france,,0,0,0,0,0,0,0,0,0
MarcLoupias,2023-04-04,,france,,0,0,0,0,0,0,0,0,0
MarcLoupias,2023-04-05,,france,,0,0,0,0,0,0,0,0,0
MarcLoupias,2023-04-06,98380686,france,,1,0,0,0,0,0,0,0,0
Marco-Pellegrino,2023-03-28,,italy,688348,0,1,0,0,0,0,0,0,0
Marco-Pellegrino,2023-03-29,,italy,688348,0,0,1,0,0,0,0,0,0
Marco-Pellegrino,2023-03-30,,italy,688348,0,0,0,1,0,0,0,0,0
Marco-Pellegrino,2023-03-31,97610432,italy,688348,1,0,0,0,1,0,0,0,0
Marco-Pellegrino,2023-04-03,,italy,688348,0,0,0,0,0,1,0,0,0
Marco-Pellegrino,2023-04-04,,italy,688348,0,0,0,0,0,0,1,0,0
Marco-Pellegrino,2023-04-05,,italy,688348,0,0,0,0,0,0,0,1,0
Marco-Pellegrino,2023-04-06,,italy,688348,0,0,0,0,0,0,0,0,1
MarcoIeni,2023-03-28,,italy,,0,1,0,0,0,0,0,0,0
MarcoIeni,2023-03-29,,italy,,0,0,1,0,0,0,0,0,0
MarcoIeni,2023-03-30,,italy,,0,0,0,1,0,0,0,0,0
MarcoIeni,2023-03-31,,italy,,0,0,0,0,1,0,0,0,0
MarcoIeni,2023-04-03,,italy,,0,0,0,0,0,1,0,0,0
MarcoIeni,2023-04-04,,italy,,0,0,0,0,0,0,1,0,0
MarcoIeni,2023-04-05,98279688,italy,,1,0,0,0,0,0,0,1,0
MarcoIeni,2023-04-06,,italy,,0,0,0,0,0,0,0,0,1
Marthym,2023-03-28,,france,,0,0,0,0,0,0,0,0,0
Marthym,2023-03-29,,france,,0,0,0,0,0,0,0,0,0
Marthym,2023-03-30,97530027,france,,1,0,0,0,0,0,0,0,0
Marthym,2023-03-31,,france,,0,0,0,0,0,0,0,0,0
Marthym,2023-04-03,,france,,0,0,0,0,0,0,0,0,0
Marthym,2023-04-04,,france,,0,0,0,0,0,0,0,0,0
Marthym,2023-04-05,,france,,0,0,0,0,0,0,0,0,0
Marthym,2023-04-06,,france,,0,0,0,0,0,0,0,0,0
Marvv90,2023-03-28,,austria,,0,0,0,0,0,0,0,0,0
Marvv90,2023-03-29,97359377,austria,,1,0,0,0,0,0,0,0,0
Marvv90,2023-03-30,,austria,,0,0,0,0,0,0,0,0,0
Marvv90,2023-03-31,,austria,,0,0,0,0,0,0,0,0,0
Marvv90,2023-04-03,,austria,,0,0,0,0,0,0,0,0,0
Marvv90,2023-04-04,,austria,,0,0,0,0,0,0,0,0,0
Marvv90,2023-04-05,,austria,,0,0,0,0,0,0,0,0,0
Marvv90,2023-04-06,,austria,,0,0,0,0,0,0,0,0,0
MasterCruelty,2023-03-28,,italy,,0,1,0,0,0,0,0,0,0
MasterCruelty,2023-03-29,,italy,,0,0,1,0,0,0,0,0,0
MasterCruelty,2023-03-30,,italy,,0,0,0,1,0,0,0,0,0
MasterCruelty,2023-03-31,,italy,,0,0,0,0,1,0,0,0,0
MasterCruelty,2023-04-03,,italy,,0,0,0,0,0,1,0,0,0
MasterCruelty,2023-04-04,,italy,,0,0,0,0,0,0,1,0,0
MasterCruelty,2023-04-05,98275745,italy,,1,0,0,0,0,0,0,1,0
MasterCruelty,2023-04-06,,italy,,0,0,0,0,0,0,0,0,1
MathieuLorber,2023-03-28,,france,54850466,0,0,0,0,0,0,0,0,0
MathieuLorber,2023-03-29,97310037,france,54850466,1,0,0,0,0,0,0,0,0
MathieuLorber,2023-03-30,,france,54850466,0,0,0,0,0,0,0,0,0
MathieuLorber,2023-03-31,,france,54850466,0,0,0,0,0,0,0,0,0
MathieuLorber,2023-04-03,,france,54850466,0,0,0,0,0,0,0,0,0
MathieuLorber,2023-04-04,,france,54850466,0,0,0,0,0,0,0,0,0
MathieuLorber,2023-04-05,,france,54850466,0,0,0,0,0,0,0,0,0
MathieuLorber,2023-04-06,,france,54850466,0,0,0,0,0,0,0,0,0
MathieuTricoire,2023-03-28,,france,,0,0,0,0,0,0,0,0,0
MathieuTricoire,2023-03-29,,france,,0,0,0,0,0,0,0,0,0
MathieuTricoire,2023-03-30,,france,,0,0,0,0,0,0,0,0,0
MathieuTricoire,2023-03-31,,france,,0,0,0,0,0,0,0,0,0
MathieuTricoire,2023-04-03,,france,,0,0,0,0,0,0,0,0,0
MathieuTricoire,2023-04-04,,france,,0,0,0,0,0,0,0,0,0
MathieuTricoire,2023-04-05,98224486,france,,1,0,0,0,0,0,0,0,0
MathieuTricoire,2023-04-06,,france,,0,0,0,0,0,0,0,0,0
Matteo-Grellier,2023-03-28,97124926,france,,1,0,0,0,0,0,0,0,0
Matteo-Grellier,2023-03-29,,france,,0,0,0,0,0,0,0,0,0
Matteo-Grellier,2023-03-30,,france,,0,0,0,0,0,0,0,0,0
Matteo-Grellier,2023-03-31,,france,,0,0,0,0,0,0,0,0,0
Matteo-Grellier,2023-04-03,,france,,0,0,0,0,0,0,0,0,0
Matteo-Grellier,2023-04-04,,france,,0,0,0,0,0,0,0,0,0
Matteo-Grellier,2023-04-05,,france,,0,0,0,0,0,0,0,0,0
Matteo-Grellier,2023-04-06,,france,,0,0,0,0,0,0,0,0,0
MatteoH2O1999,2023-03-28,,italy,,0,1,0,0,0,0,0,0,0
MatteoH2O1999,2023-03-29,,italy,,0,0,1,0,0,0,0,0,0
MatteoH2O1999,2023-03-30,,italy,,0,0,0,1,0,0,0,0,0
MatteoH2O1999,2023-03-31,,italy,,0,0,0,0,1,0,0,0,0
MatteoH2O1999,2023-04-03,,italy,,0,0,0,0,0,1,0,0,0
MatteoH2O1999,2023-04-04,,italy,,0,0,0,0,0,0,1,0,0
MatteoH2O1999,2023-04-05,,italy,,0,0,0,0,0,0,0,1,0
MatteoH2O1999,2023-04-06,98284389,italy,,1,0,0,0,0,0,0,0,1
MattiaTheBest115,2023-03-28,97242712,italy,,1,1,0,0,0,0,0,0,0
MattiaTheBest115,2023-03-29,97347793,italy,,1,0,1,0,0,0,0,0,0
MattiaTheBest115,2023-03-30,97506652,italy,,1,0,0,1,0,0,0,0,0
MattiaTheBest115,2023-03-31,97699264,italy,,1,0,0,0,1,0,0,0,0
MattiaTheBest115,2023-04-03,,italy,,0,0,0,0,0,1,0,0,0
MattiaTheBest115,2023-04-04,,italy,,0,0,0,0,0,0,1,0,0
MattiaTheBest115,2023-04-05,,italy,,0,0,0,0,0,0,0,1,0
MattiaTheBest115,2023-04-06,,italy,,0,0,0,0,0,0,0,0,1
Max1234-Ita,2023-03-28,,italy,,0,1,0,0,0,0,0,0,0
Max1234-Ita,2023-03-29,,italy,,0,0,1,0,0,0,0,0,0
Max1234-Ita,2023-03-30,,italy,,0,0,0,1,0,0,0,0,0
Max1234-Ita,2023-03-31,,italy,,0,0,0,0,1,0,0,0,0
Max1234-Ita,2023-04-03,97824850,italy,,1,0,0,0,0,1,0,0,0
Max1234-Ita,2023-04-04,,italy,,0,0,0,0,0,0,1,0,0
Max1234-Ita,2023-04-05,,italy,,0,0,0,0,0,0,0,1,0
Max1234-Ita,2023-04-06,,italy,,0,0,0,0,0,0,0,0,1
Maxhy,2023-03-28,,france,129262914,0,0,0,0,0,0,0,0,0
Maxhy,2023-03-29,97310505,france,129262914,1,0,0,0,0,0,0,0,0
Maxhy,2023-03-30,,france,129262914,0,0,0,0,0,0,0,0,0
Maxhy,2023-03-31,,france,129262914,0,0,0,0,0,0,0,0,0
Maxhy,2023-04-03,97831015,france,19959899,1,0,0,0,0,0,0,0,0
Maxhy,2023-04-04,,france,129262914,0,0,0,0,0,0,0,0,0
Maxhy,2023-04-05,,france,129262914,0,0,0,0,0,0,0,0,0
Maxhy,2023-04-06,,france,129262914,0,0,0,0,0,0,0,0,0
MaximeD,2023-03-28,,france,,0,0,0,0,0,0,0,0,0
MaximeD,2023-03-29,,france,,0,0,0,0,0,0,0,0,0
MaximeD,2023-03-30,,france,,0,0,0,0,0,0,0,0,0
MaximeD,2023-03-31,,france,,0,0,0,0,0,0,0,0,0
MaximeD,2023-04-03,,france,,0,0,0,0,0,0,0,0,0
MaximeD,2023-04-04,,france,,0,0,0,0,0,0,0,0,0
MaximeD,2023-04-05,98241408,france,,1,0,0,0,0,0,0,0,0
MaximeD,2023-04-06,,france,,0,0,0,0,0,0,0,0,0
MaximeMohandi,2023-03-28,,france,,0,0,0,0,0,0,0,0,0
MaximeMohandi,2023-03-29,,france,,0,0,0,0,0,0,0,0,0
MaximeMohandi,2023-03-30,,france,,0,0,0,0,0,0,0,0,0
MaximeMohandi,2023-03-31,,france,,0,0,0,0,0,0,0,0,0
MaximeMohandi,2023-04-03,,france,,0,0,0,0,0,0,0,0,0
MaximeMohandi,2023-04-04,,france,,0,0,0,0,0,0,0,0,0
MaximeMohandi,2023-04-05,98245895,france,,1,0,0,0,0,0,0,0,0
MaximeMohandi,2023-04-06,,france,,0,0,0,0,0,0,0,0,0
McGregor777,2023-03-28,,france,,0,0,0,0,0,0,0,0,0
McGregor777,2023-03-29,,france,,0,0,0,0,0,0,0,0,0
McGregor777,2023-03-30,97541074,france,,1,0,0,0,0,0,0,0,0
McGregor777,2023-03-31,,france,,0,0,0,0,0,0,0,0,0
McGregor777,2023-04-03,,france,,0,0,0,0,0,0,0,0,0
McGregor777,2023-04-04,,france,,0,0,0,0,0,0,0,0,0
McGregor777,2023-04-05,,france,,0,0,0,0,0,0,0,0,0
McGregor777,2023-04-06,,france,,0,0,0,0,0,0,0,0,0
MedElfadhelELHACHEMI,2023-03-28,,france,16101981,0,0,0,0,0,0,0,0,0
MedElfadhelELHACHEMI,2023-03-29,,france,16101981,0,0,0,0,0,0,0,0,0
MedElfadhelELHACHEMI,2023-03-30,,france,16101981,0,0,0,0,0,0,0,0,0
MedElfadhelELHACHEMI,2023-03-31,,france,16101981,0,0,0,0,0,0,0,0,0
MedElfadhelELHACHEMI,2023-04-03,,france,16101981,0,0,0,0,0,0,0,0,0
MedElfadhelELHACHEMI,2023-04-04,,france,16101981,0,0,0,0,0,0,0,0,0
MedElfadhelELHACHEMI,2023-04-05,,france,16101981,0,0,0,0,0,0,0,0,0
MedElfadhelELHACHEMI,2023-04-06,98349599,france,16101981,1,0,0,0,0,0,0,0,0
Mediashare,2023-03-28,97192970,france,,1,0,0,0,0,0,0,0,0
Mediashare,2023-03-29,,france,,0,0,0,0,0,0,0,0,0
Mediashare,2023-03-30,,france,,0,0,0,0,0,0,0,0,0
Mediashare,2023-03-31,,france,,0,0,0,0,0,0,0,0,0
Mediashare,2023-04-03,,france,,0,0,0,0,0,0,0,0,0
Mediashare,2023-04-04,,france,,0,0,0,0,0,0,0,0,0
Mediashare,2023-04-05,,france,,0,0,0,0,0,0,0,0,0
Mediashare,2023-04-06,,france,,0,0,0,0,0,0,0,0,0
Meltwin,2023-03-28,,france,113206591,0,0,0,0,0,0,0,0,0
Meltwin,2023-03-29,,france,113206591,0,0,0,0,0,0,0,0,0
Meltwin,2023-03-30,97558999,france,113206591,1,0,0,0,0,0,0,0,0
Meltwin,2023-03-31,,france,113206591,0,0,0,0,0,0,0,0,0
Meltwin,2023-04-03,,france,113206591,0,0,0,0,0,0,0,0,0
Meltwin,2023-04-04,,france,113206591,0,0,0,0,0,0,0,0,0
Meltwin,2023-04-05,,france,113206591,0,0,0,0,0,0,0,0,0
Meltwin,2023-04-06,,france,113206591,0,0,0,0,0,0,0,0,0
Merkur39,2023-03-28,97126603,france,7690525,1,0,0,0,0,0,0,0,0
Merkur39,2023-03-29,,france,7690525,0,0,0,0,0,0,0,0,0
Merkur39,2023-03-30,,france,7690525,0,0,0,0,0,0,0,0,0
Merkur39,2023-03-31,,france,7690525,0,0,0,0,0,0,0,0,0
Merkur39,2023-04-03,97812934,france,7690525,1,0,0,0,0,0,0,0,0
Merkur39,2023-04-04,,france,7690525,0,0,0,0,0,0,0,0,0
Merkur39,2023-04-05,,france,7690525,0,0,0,0,0,0,0,0,0
Merkur39,2023-04-06,,france,7690525,0,0,0,0,0,0,0,0,0
MichaelHaussmann,2023-03-28,,france,,0,0,0,0,0,0,0,0,0
MichaelHaussmann,2023-03-29,,france,,0,0,0,0,0,0,0,0,0
MichaelHaussmann,2023-03-30,,france,,0,0,0,0,0,0,0,0,0
MichaelHaussmann,2023-03-31,,france,,0,0,0,0,0,0,0,0,0
MichaelHaussmann,2023-04-03,97914658,france,,1,0,0,0,0,0,0,0,0
MichaelHaussmann,2023-04-04,,france,,0,0,0,0,0,0,0,0,0
MichaelHaussmann,2023-04-05,,france,,0,0,0,0,0,0,0,0,0
MichaelHaussmann,2023-04-06,,france,,0,0,0,0,0,0,0,0,0
Michele0303,2023-03-28,,italy,,0,1,0,0,0,0,0,0,0
Michele0303,2023-03-29,,italy,,0,0,1,0,0,0,0,0,0
Michele0303,2023-03-30,,italy,,0,0,0,1,0,0,0,0,0
Michele0303,2023-03-31,,italy,,0,0,0,0,1,0,0,0,0
Michele0303,2023-04-03,,italy,,0,0,0,0,0,1,0,0,0
Michele0303,2023-04-04,,italy,,0,0,0,0,0,0,1,0,0
Michele0303,2023-04-05,98182264,italy,,1,0,0,0,0,0,0,1,0
Michele0303,2023-04-06,,italy,,0,0,0,0,0,0,0,0,1
MicheleDeF,2023-03-28,,italy,,0,1,0,0,0,0,0,0,0
MicheleDeF,2023-03-29,,italy,,0,0,1,0,0,0,0,0,0
MicheleDeF,2023-03-30,,italy,,0,0,0,1,0,0,0,0,0
MicheleDeF,2023-03-31,97607430,italy,,1,0,0,0,1,0,0,0,0
MicheleDeF,2023-04-03,,italy,,0,0,0,0,0,1,0,0,0
MicheleDeF,2023-04-04,,italy,,0,0,0,0,0,0,1,0,0
MicheleDeF,2023-04-05,,italy,,0,0,0,0,0,0,0,1,0
MicheleDeF,2023-04-06,,italy,,0,0,0,0,0,0,0,0,1
Milerius,2023-03-28,,france,32179889,0,0,0,0,0,0,0,0,0
Milerius,2023-03-29,97357511,france,32179889,1,0,0,0,0,0,0,0,0
Milerius,2023-03-30,,france,32179889,0,0,0,0,0,0,0,0,0
Milerius,2023-03-31,97611159,france,32179889,1,0,0,0,0,0,0,0,0
Milerius,2023-04-03,,france,32179889,0,0,0,0,0,0,0,0,0
Milerius,2023-04-04,,france,32179889,0,0,0,0,0,0,0,0,0
Milerius,2023-04-05,,france,32179889,0,0,0,0,0,0,0,0,0
Milerius,2023-04-06,,france,32179889,0,0,0,0,0,0,0,0,0
MoiCAntho,2023-03-28,,france,,0,0,0,0,0,0,0,0,0
MoiCAntho,2023-03-29,,france,,0,0,0,0,0,0,0,0,0
MoiCAntho,2023-03-30,,france,,0,0,0,0,0,0,0,0,0
MoiCAntho,2023-03-31,,france,,0,0,0,0,0,0,0,0,0
MoiCAntho,2023-04-03,97886486,france,,1,0,0,0,0,0,0,0,0
MoiCAntho,2023-04-04,98073763,france,,1,0,0,0,0,0,0,0,0
MoiCAntho,2023-04-05,,france,,0,0,0,0,0,0,0,0,0
MoiCAntho,2023-04-06,,france,,0,0,0,0,0,0,0,0,0
MrMinemeet,2023-03-28,,austria,,0,0,0,0,0,0,0,0,0
MrMinemeet,2023-03-29,,austria,,0,0,0,0,0,0,0,0,0
MrMinemeet,2023-03-30,,austria,,0,0,0,0,0,0,0,0,0
MrMinemeet,2023-03-31,,austria,,0,0,0,0,0,0,0,0,0
MrMinemeet,2023-04-03,97804863,austria,,1,0,0,0,0,0,0,0,0
MrMinemeet,2023-04-04,,austria,,0,0,0,0,0,0,0,0,0
MrMinemeet,2023-04-05,,austria,,0,0,0,0,0,0,0,0,0
MrMinemeet,2023-04-06,,austria,,0,0,0,0,0,0,0,0,0
MrSquaare,2023-03-28,,france,98477814,0,0,0,0,0,0,0,0,0
MrSquaare,2023-03-29,,france,98477814,0,0,0,0,0,0,0,0,0
MrSquaare,2023-03-30,97500853,france,98477814,1,0,0,0,0,0,0,0,0
MrSquaare,2023-03-31,97627850,france,98477814,1,0,0,0,0,0,0,0,0
MrSquaare,2023-04-03,,france,98477814,0,0,0,0,0,0,0,0,0
MrSquaare,2023-04-04,,france,98477814,0,0,0,0,0,0,0,0,0
MrSquaare,2023-04-05,,france,98477814,0,0,0,0,0,0,0,0,0
MrSquaare,2023-04-06,,france,98477814,0,0,0,0,0,0,0,0,0
MrZalTy,2023-03-28,,france,95631524,0,0,0,0,0,0,0,0,0
MrZalTy,2023-03-29,,france,95631524,0,0,0,0,0,0,0,0,0
MrZalTy,2023-03-30,,france,95631524,0,0,0,0,0,0,0,0,0
MrZalTy,2023-03-31,,france,95631524,0,0,0,0,0,0,0,0,0
MrZalTy,2023-04-03,,france,95631524,0,0,0,0,0,0,0,0,0
MrZalTy,2023-04-04,,france,95631524,0,0,0,0,0,0,0,0,0
MrZalTy,2023-04-05,,france,95631524,0,0,0,0,0,0,0,0,0
MrZalTy,2023-04-06,98455706,france,95631524,1,0,0,0,0,0,0,0,0
MunsMan,2023-03-28,,austria,,0,0,0,0,0,0,0,0,0
MunsMan,2023-03-29,,austria,,0,0,0,0,0,0,0,0,0
MunsMan,2023-03-30,97493671,austria,,1,0,0,0,0,0,0,0,0
MunsMan,2023-03-31,,austria,,0,0,0,0,0,0,0,0,0
MunsMan,2023-04-03,,austria,,0,0,0,0,0,0,0,0,0
MunsMan,2023-04-04,,austria,,0,0,0,0,0,0,0,0,0
MunsMan,2023-04-05,,austria,,0,0,0,0,0,0,0,0,0
MunsMan,2023-04-06,,austria,,0,0,0,0,0,0,0,0,0
Myzhar,2023-03-28,,italy,14199582,0,1,0,0,0,0,0,0,0
Myzhar,2023-03-29,97284579,italy,14199582,1,0,1,0,0,0,0,0,0
Myzhar,2023-03-30,,italy,14199582,0,0,0,1,0,0,0,0,0
Myzhar,2023-03-31,,italy,14199582,0,0,0,0,1,0,0,0,0
Myzhar,2023-04-03,,italy,14199582,0,0,0,0,0,1,0,0,0
Myzhar,2023-04-04,,italy,14199582,0,0,0,0,0,0,1,0,0
Myzhar,2023-04-05,,italy,14199582,0,0,0,0,0,0,0,1,0
Myzhar,2023-04-06,,italy,14199582,0,0,0,0,0,0,0,0,1
N-LG,2023-03-28,,france,,0,0,0,0,0,0,0,0,0
N-LG,2023-03-29,,france,,0,0,0,0,0,0,0,0,0
N-LG,2023-03-30,,france,,0,0,0,0,0,0,0,0,0
N-LG,2023-03-31,,france,,0,0,0,0,0,0,0,0,0
N-LG,2023-04-03,,france,,0,0,0,0,0,0,0,0,0
N-LG,2023-04-04,,france,,0,0,0,0,0,0,0,0,0
N-LG,2023-04-05,98124232,france,,1,0,0,0,0,0,0,0,0
N-LG,2023-04-06,,france,,0,0,0,0,0,0,0,0,0
N0ciple,2023-03-28,,france,,0,0,0,0,0,0,0,0,0
N0ciple,2023-03-29,,france,,0,0,0,0,0,0,0,0,0
N0ciple,2023-03-30,,france,,0,0,0,0,0,0,0,0,0
N0ciple,2023-03-31,,france,,0,0,0,0,0,0,0,0,0
N0ciple,2023-04-03,97910107,france,,1,0,0,0,0,0,0,0,0
N0ciple,2023-04-04,,france,,0,0,0,0,0,0,0,0,0
N0ciple,2023-04-05,,france,,0,0,0,0,0,0,0,0,0
N0ciple,2023-04-06,,france,,0,0,0,0,0,0,0,0,0
Namoshek,2023-03-28,,austria,55314286,0,0,0,0,0,0,0,0,0
Namoshek,2023-03-29,,austria,55314286,0,0,0,0,0,0,0,0,0
Namoshek,2023-03-30,,austria,55314286,0,0,0,0,0,0,0,0,0
Namoshek,2023-03-31,,austria,55314286,0,0,0,0,0,0,0,0,0
Namoshek,2023-04-03,,austria,55314286,0,0,0,0,0,0,0,0,0
Namoshek,2023-04-04,,austria,55314286,0,0,0,0,0,0,0,0,0
Namoshek,2023-04-05,98220006,austria,55314286,1,0,0,0,0,0,0,0,0
Namoshek,2023-04-06,,austria,55314286,0,0,0,0,0,0,0,0,0
NathanFAIN,2023-03-28,97250119,france,97994722,1,0,0,0,0,0,0,0,0
NathanFAIN,2023-03-29,97354847,france,97994722,1,0,0,0,0,0,0,0,0
NathanFAIN,2023-03-30,,france,97994722,0,0,0,0,0,0,0,0,0
NathanFAIN,2023-03-31,,france,97994722,0,0,0,0,0,0,0,0,0
NathanFAIN,2023-04-03,,france,97994722,0,0,0,0,0,0,0,0,0
NathanFAIN,2023-04-04,,france,97994722,0,0,0,0,0,0,0,0,0
NathanFAIN,2023-04-05,,france,97994722,0,0,0,0,0,0,0,0,0
NathanFAIN,2023-04-06,,france,97994722,0,0,0,0,0,0,0,0,0
NathanFallet,2023-03-28,,france,,0,0,0,0,0,0,0,0,0
NathanFallet,2023-03-29,,france,,0,0,0,0,0,0,0,0,0
NathanFallet,2023-03-30,,france,,0,0,0,0,0,0,0,0,0
NathanFallet,2023-03-31,,france,,0,0,0,0,0,0,0,0,0
NathanFallet,2023-04-03,,france,,0,0,0,0,0,0,0,0,0
NathanFallet,2023-04-04,98080048,france,,1,0,0,0,0,0,0,0,0
NathanFallet,2023-04-05,,france,,0,0,0,0,0,0,0,0,0
NathanFallet,2023-04-06,,france,,0,0,0,0,0,0,0,0,0
Natooz,2023-03-28,,france,,0,0,0,0,0,0,0,0,0
Natooz,2023-03-29,,france,,0,0,0,0,0,0,0,0,0
Natooz,2023-03-30,,france,,0,0,0,0,0,0,0,0,0
Natooz,2023-03-31,,france,,0,0,0,0,0,0,0,0,0
Natooz,2023-04-03,,france,,0,0,0,0,0,0,0,0,0
Natooz,2023-04-04,97726070,france,,1,0,0,0,0,0,0,0,0
Natooz,2023-04-05,,france,,0,0,0,0,0,0,0,0,0
Natooz,2023-04-06,,france,,0,0,0,0,0,0,0,0,0
Nelson-numerical-software,2023-03-28,97171925,france,,1,0,0,0,0,0,0,0,0
Nelson-numerical-software,2023-03-29,,france,,0,0,0,0,0,0,0,0,0
Nelson-numerical-software,2023-03-30,97426887,france,,1,0,0,0,0,0,0,0,0
Nelson-numerical-software,2023-03-31,,france,,0,0,0,0,0,0,0,0,0
Nelson-numerical-software,2023-04-03,,france,,0,0,0,0,0,0,0,0,0
Nelson-numerical-software,2023-04-04,,france,,0,0,0,0,0,0,0,0,0
Nelson-numerical-software,2023-04-05,,france,,0,0,0,0,0,0,0,0,0
Nelson-numerical-software,2023-04-06,,france,,0,0,0,0,0,0,0,0,0
Nenkai,2023-03-28,,france,,0,0,0,0,0,0,0,0,0
Nenkai,2023-03-29,97345680,france,,1,0,0,0,0,0,0,0,0
Nenkai,2023-03-30,,france,,0,0,0,0,0,0,0,0,0
Nenkai,2023-03-31,,france,,0,0,0,0,0,0,0,0,0
Nenkai,2023-04-03,97881420,france,,1,0,0,0,0,0,0,0,0
Nenkai,2023-04-04,,france,,0,0,0,0,0,0,0,0,0
Nenkai,2023-04-05,98274282,france,,1,0,0,0,0,0,0,0,0
Nenkai,2023-04-06,,france,,0,0,0,0,0,0,0,0,0
Nico-Duduf,2023-03-28,97154134,france,8578698,1,0,0,0,0,0,0,0,0
Nico-Duduf,2023-03-29,,france,8578698,0,0,0,0,0,0,0,0,0
Nico-Duduf,2023-03-30,97488467,france,8578698,1,0,0,0,0,0,0,0,0
Nico-Duduf,2023-03-31,,france,8578698,0,0,0,0,0,0,0,0,0
Nico-Duduf,2023-04-03,,france,8578698,0,0,0,0,0,0,0,0,0
Nico-Duduf,2023-04-04,,france,8578698,0,0,0,0,0,0,0,0,0
Nico-Duduf,2023-04-05,,france,8578698,0,0,0,0,0,0,0,0,0
Nico-Duduf,2023-04-06,,france,8578698,0,0,0,0,0,0,0,0,0
Nicogene,2023-03-28,,italy,1587191,0,1,0,0,0,0,0,0,0
Nicogene,2023-03-29,,italy,1587191,0,0,1,0,0,0,0,0,0
Nicogene,2023-03-30,,italy,1587191,0,0,0,1,0,0,0,0,0
Nicogene,2023-03-31,,italy,1587191,0,0,0,0,1,0,0,0,0
Nicogene,2023-04-03,,italy,1587191,0,0,0,0,0,1,0,0,0
Nicogene,2023-04-04,,italy,1587191,0,0,0,0,0,0,1,0,0
Nicogene,2023-04-05,98150999,italy,1587191,1,0,0,0,0,0,0,1,0
Nicogene,2023-04-06,98348816,italy,1587191,1,0,0,0,0,0,0,0,1
Nicolas-Reyland,2023-03-28,,france,,0,0,0,0,0,0,0,0,0
Nicolas-Reyland,2023-03-29,,france,,0,0,0,0,0,0,0,0,0
Nicolas-Reyland,2023-03-30,,france,,0,0,0,0,0,0,0,0,0
Nicolas-Reyland,2023-03-31,97608335,france,,1,0,0,0,0,0,0,0,0
Nicolas-Reyland,2023-04-03,,france,,0,0,0,0,0,0,0,0,0
Nicolas-Reyland,2023-04-04,,france,,0,0,0,0,0,0,0,0,0
Nicolas-Reyland,2023-04-05,,france,,0,0,0,0,0,0,0,0,0
Nicolas-Reyland,2023-04-06,,france,,0,0,0,0,0,0,0,0,0
NicolasRenault,2023-03-28,,france,,0,0,0,0,0,0,0,0,0
NicolasRenault,2023-03-29,,france,,0,0,0,0,0,0,0,0,0
NicolasRenault,2023-03-30,,france,,0,0,0,0,0,0,0,0,0
NicolasRenault,2023-03-31,97650079,france,,1,0,0,0,0,0,0,0,0
NicolasRenault,2023-04-03,,france,,0,0,0,0,0,0,0,0,0
NicolasRenault,2023-04-04,,france,,0,0,0,0,0,0,0,0,0
NicolasRenault,2023-04-05,,france,,0,0,0,0,0,0,0,0,0
NicolasRenault,2023-04-06,,france,,0,0,0,0,0,0,0,0,0
Noelle-Ai,2023-03-28,,france,116440762,0,0,0,0,0,0,0,0,0
Noelle-Ai,2023-03-29,,france,116440762,0,0,0,0,0,0,0,0,0
Noelle-Ai,2023-03-30,,france,116440762,0,0,0,0,0,0,0,0,0
Noelle-Ai,2023-03-31,,france,116440762,0,0,0,0,0,0,0,0,0
Noelle-Ai,2023-04-03,,france,116440762,0,0,0,0,0,0,0,0,0
Noelle-Ai,2023-04-04,98093909,france,116440762,1,0,0,0,0,0,0,0,0
Noelle-Ai,2023-04-05,,france,116440762,0,0,0,0,0,0,0,0,0
Noelle-Ai,2023-04-06,,france,116440762,0,0,0,0,0,0,0,0,0
Noruaric,2023-03-28,,france,,0,0,0,0,0,0,0,0,0
Noruaric,2023-03-29,97349197,france,,1,0,0,0,0,0,0,0,0
Noruaric,2023-03-30,97427712,france,,1,0,0,0,0,0,0,0,0
Noruaric,2023-03-31,,france,,0,0,0,0,0,0,0,0,0
Noruaric,2023-04-03,,france,,0,0,0,0,0,0,0,0,0
Noruaric,2023-04-04,,france,,0,0,0,0,0,0,0,0,0
Noruaric,2023-04-05,,france,,0,0,0,0,0,0,0,0,0
Noruaric,2023-04-06,98347603,france,,1,0,0,0,0,0,0,0,0
NuclearInstruments,2023-03-28,,italy,,0,1,0,0,0,0,0,0,0
NuclearInstruments,2023-03-29,,italy,,0,0,1,0,0,0,0,0,0
NuclearInstruments,2023-03-30,,italy,,0,0,0,1,0,0,0,0,0
NuclearInstruments,2023-03-31,,italy,,0,0,0,0,1,0,0,0,0
NuclearInstruments,2023-04-03,,italy,,0,0,0,0,0,1,0,0,0
NuclearInstruments,2023-04-04,,italy,,0,0,0,0,0,0,1,0,0
NuclearInstruments,2023-04-05,98209928,italy,,1,0,0,0,0,0,0,1,0
NuclearInstruments,2023-04-06,,italy,,0,0,0,0,0,0,0,0,1
NyanKiyoshi,2023-03-28,97127570,france,13796165,1,0,0,0,0,0,0,0,0
NyanKiyoshi,2023-03-29,,france,13796165,0,0,0,0,0,0,0,0,0
NyanKiyoshi,2023-03-30,97449966,france,13796165,1,0,0,0,0,0,0,0,0
NyanKiyoshi,2023-03-31,,france,13796165,0,0,0,0,0,0,0,0,0
NyanKiyoshi,2023-04-03,97863467,france,13796165,1,0,0,0,0,0,0,0,0
NyanKiyoshi,2023-04-04,97998133,france,13796165,1,0,0,0,0,0,0,0,0
NyanKiyoshi,2023-04-05,,france,13796165,0,0,0,0,0,0,0,0,0
NyanKiyoshi,2023-04-06,,france,13796165,0,0,0,0,0,0,0,0,0
Obi-Wan,2023-03-28,,france,25507054,0,0,0,0,0,0,0,0,0
Obi-Wan,2023-03-29,,france,25507054,0,0,0,0,0,0,0,0,0
Obi-Wan,2023-03-30,,france,25507054,0,0,0,0,0,0,0,0,0
Obi-Wan,2023-03-31,,france,25507054,0,0,0,0,0,0,0,0,0
Obi-Wan,2023-04-03,,france,25507054,0,0,0,0,0,0,0,0,0
Obi-Wan,2023-04-04,,france,25507054,0,0,0,0,0,0,0,0,0
Obi-Wan,2023-04-05,,france,25507054,0,0,0,0,0,0,0,0,0
Obi-Wan,2023-04-06,98461978,france,25507054,1,0,0,0,0,0,0,0,0
OliveiraDS-hub,2023-03-28,,france,,0,0,0,0,0,0,0,0,0
OliveiraDS-hub,2023-03-29,,france,,0,0,0,0,0,0,0,0,0
OliveiraDS-hub,2023-03-30,,france,,0,0,0,0,0,0,0,0,0
OliveiraDS-hub,2023-03-31,,france,,0,0,0,0,0,0,0,0,0
OliveiraDS-hub,2023-04-03,,france,,0,0,0,0,0,0,0,0,0
OliveiraDS-hub,2023-04-04,,france,,0,0,0,0,0,0,0,0,0
OliveiraDS-hub,2023-04-05,,france,,0,0,0,0,0,0,0,0,0
OliveiraDS-hub,2023-04-06,98391295,france,,1,0,0,0,0,0,0,0,0
OlivierCavadenti,2023-03-28,,france,10490573,0,0,0,0,0,0,0,0,0
OlivierCavadenti,2023-03-29,97305365,france,10490573,1,0,0,0,0,0,0,0,0
OlivierCavadenti,2023-03-30,,france,10490573,0,0,0,0,0,0,0,0,0
OlivierCavadenti,2023-03-31,,france,10490573,0,0,0,0,0,0,0,0,0
OlivierCavadenti,2023-04-03,,france,10490573,0,0,0,0,0,0,0,0,0
OlivierCavadenti,2023-04-04,,france,10490573,0,0,0,0,0,0,0,0,0
OlivierCavadenti,2023-04-05,,france,10490573,0,0,0,0,0,0,0,0,0
OlivierCavadenti,2023-04-06,,france,10490573,0,0,0,0,0,0,0,0,0
OlivierDehaene,2023-03-28,,france,25720743,0,0,0,0,0,0,0,0,0
OlivierDehaene,2023-03-29,,france,25720743,0,0,0,0,0,0,0,0,0
OlivierDehaene,2023-03-30,97500809,france,25720743,1,0,0,0,0,0,0,0,0
OlivierDehaene,2023-03-31,,france,25720743,0,0,0,0,0,0,0,0,0
OlivierDehaene,2023-04-03,,france,25720743,0,0,0,0,0,0,0,0,0
OlivierDehaene,2023-04-04,,france,25720743,0,0,0,0,0,0,0,0,0
OlivierDehaene,2023-04-05,,france,25720743,0,0,0,0,0,0,0,0,0
OlivierDehaene,2023-04-06,,france,25720743,0,0,0,0,0,0,0,0,0
OlivierMary,2023-03-28,,france,,0,0,0,0,0,0,0,0,0
OlivierMary,2023-03-29,97340460,france,,1,0,0,0,0,0,0,0,0
OlivierMary,2023-03-30,,france,,0,0,0,0,0,0,0,0,0
OlivierMary,2023-03-31,,france,,0,0,0,0,0,0,0,0,0
OlivierMary,2023-04-03,,france,,0,0,0,0,0,0,0,0,0
OlivierMary,2023-04-04,,france,,0,0,0,0,0,0,0,0,0
OlivierMary,2023-04-05,,france,,0,0,0,0,0,0,0,0,0
OlivierMary,2023-04-06,,france,,0,0,0,0,0,0,0,0,0
OpenPj,2023-03-28,97216653,italy,,1,1,0,0,0,0,0,0,0
OpenPj,2023-03-29,,italy,,0,0,1,0,0,0,0,0,0
OpenPj,2023-03-30,,italy,,0,0,0,1,0,0,0,0,0
OpenPj,2023-03-31,,italy,,0,0,0,0,1,0,0,0,0
OpenPj,2023-04-03,,italy,,0,0,0,0,0,1,0,0,0
OpenPj,2023-04-04,,italy,,0,0,0,0,0,0,1,0,0
OpenPj,2023-04-05,,italy,,0,0,0,0,0,0,0,1,0
OpenPj,2023-04-06,,italy,,0,0,0,0,0,0,0,0,1
Ordisoftware,2023-03-28,,france,,0,0,0,0,0,0,0,0,0
Ordisoftware,2023-03-29,,france,,0,0,0,0,0,0,0,0,0
Ordisoftware,2023-03-30,,france,,0,0,0,0,0,0,0,0,0
Ordisoftware,2023-03-31,,france,,0,0,0,0,0,0,0,0,0
Ordisoftware,2023-04-03,,france,,0,0,0,0,0,0,0,0,0
Ordisoftware,2023-04-04,,france,,0,0,0,0,0,0,0,0,0
Ordisoftware,2023-04-05,98164822,france,,1,0,0,0,0,0,0,0,0
Ordisoftware,2023-04-06,,france,,0,0,0,0,0,0,0,0,0
OtaK,2023-03-28,97184288,france,16047324,1,0,0,0,0,0,0,0,0
OtaK,2023-03-29,,france,16047324,0,0,0,0,0,0,0,0,0
OtaK,2023-03-30,,france,16047324,0,0,0,0,0,0,0,0,0
OtaK,2023-03-31,,france,16047324,0,0,0,0,0,0,0,0,0
OtaK,2023-04-03,,france,16047324,0,0,0,0,0,0,0,0,0
OtaK,2023-04-04,,france,16047324,0,0,0,0,0,0,0,0,0
OtaK,2023-04-05,,france,16047324,0,0,0,0,0,0,0,0,0
OtaK,2023-04-06,,france,16047324,0,0,0,0,0,0,0,0,0
Outpox,2023-03-28,,france,,0,0,0,0,0,0,0,0,0
Outpox,2023-03-29,,france,,0,0,0,0,0,0,0,0,0
Outpox,2023-03-30,,france,,0,0,0,0,0,0,0,0,0
Outpox,2023-03-31,,france,,0,0,0,0,0,0,0,0,0
Outpox,2023-04-03,,france,,0,0,0,0,0,0,0,0,0
Outpox,2023-04-04,98085429,france,,1,0,0,0,0,0,0,0,0
Outpox,2023-04-05,,france,,0,0,0,0,0,0,0,0,0
Outpox,2023-04-06,,france,,0,0,0,0,0,0,0,0,0
PABourdais,2023-03-28,,france,117655733,0,0,0,0,0,0,0,0,0
PABourdais,2023-03-29,,france,117655733,0,0,0,0,0,0,0,0,0
PABourdais,2023-03-30,,france,117655733,0,0,0,0,0,0,0,0,0
PABourdais,2023-03-31,97567336,france,117655733,1,0,0,0,0,0,0,0,0
PABourdais,2023-04-03,,france,117655733,0,0,0,0,0,0,0,0,0
PABourdais,2023-04-04,,france,117655733,0,0,0,0,0,0,0,0,0
PABourdais,2023-04-05,,france,117655733,0,0,0,0,0,0,0,0,0
PABourdais,2023-04-06,,france,117655733,0,0,0,0,0,0,0,0,0
PabloLec,2023-03-28,,france,,0,0,0,0,0,0,0,0,0
PabloLec,2023-03-29,,france,,0,0,0,0,0,0,0,0,0
PabloLec,2023-03-30,,france,,0,0,0,0,0,0,0,0,0
PabloLec,2023-03-31,97598220,france,,1,0,0,0,0,0,0,0,0
PabloLec,2023-04-03,,france,,0,0,0,0,0,0,0,0,0
PabloLec,2023-04-04,,france,,0,0,0,0,0,0,0,0,0
PabloLec,2023-04-05,,france,,0,0,0,0,0,0,0,0,0
PabloLec,2023-04-06,,france,,0,0,0,0,0,0,0,0,0
PaoloPenazzi,2023-03-28,,italy,,0,1,0,0,0,0,0,0,0
PaoloPenazzi,2023-03-29,,italy,,0,0,1,0,0,0,0,0,0
PaoloPenazzi,2023-03-30,,italy,,0,0,0,1,0,0,0,0,0
PaoloPenazzi,2023-03-31,97654966,italy,,1,0,0,0,1,0,0,0,0
PaoloPenazzi,2023-04-03,,italy,,0,0,0,0,0,1,0,0,0
PaoloPenazzi,2023-04-04,98052519,italy,,1,0,0,0,0,0,1,0,0
PaoloPenazzi,2023-04-05,,italy,,0,0,0,0,0,0,0,1,0
PaoloPenazzi,2023-04-06,98445629,italy,,1,0,0,0,0,0,0,0,1
PapyElGringo,2023-03-28,,france,66117041,0,0,0,0,0,0,0,0,0
PapyElGringo,2023-03-29,,france,66117041,0,0,0,0,0,0,0,0,0
PapyElGringo,2023-03-30,,france,66117041,0,0,0,0,0,0,0,0,0
PapyElGringo,2023-03-31,,france,66117041,0,0,0,0,0,0,0,0,0
PapyElGringo,2023-04-03,97812796,france,66117041,1,0,0,0,0,0,0,0,0
PapyElGringo,2023-04-04,,france,66117041,0,0,0,0,0,0,0,0,0
PapyElGringo,2023-04-05,,france,66117041,0,0,0,0,0,0,0,0,0
PapyElGringo,2023-04-06,,france,66117041,0,0,0,0,0,0,0,0,0
ParisNeo,2023-03-28,,france,,0,0,0,0,0,0,0,0,0
ParisNeo,2023-03-29,,france,,0,0,0,0,0,0,0,0,0
ParisNeo,2023-03-30,,france,,0,0,0,0,0,0,0,0,0
ParisNeo,2023-03-31,,france,,0,0,0,0,0,0,0,0,0
ParisNeo,2023-04-03,,france,,0,0,0,0,0,0,0,0,0
ParisNeo,2023-04-04,98089174,france,,1,0,0,0,0,0,0,0,0
ParisNeo,2023-04-05,98278467,france,,1,0,0,0,0,0,0,0,0
ParisNeo,2023-04-06,98471638,france,102670180,1,0,0,0,0,0,0,0,0
Persie0,2023-03-28,,austria,,0,0,0,0,0,0,0,0,0
Persie0,2023-03-29,,austria,,0,0,0,0,0,0,0,0,0
Persie0,2023-03-30,,austria,,0,0,0,0,0,0,0,0,0
Persie0,2023-03-31,97617306,austria,,1,0,0,0,0,0,0,0,0
Persie0,2023-04-03,,austria,,0,0,0,0,0,0,0,0,0
Persie0,2023-04-04,,austria,,0,0,0,0,0,0,0,0,0
Persie0,2023-04-05,,austria,,0,0,0,0,0,0,0,0,0
Persie0,2023-04-06,,austria,,0,0,0,0,0,0,0,0,0
PeterGit96,2023-03-28,,italy,,0,1,0,0,0,0,0,0,0
PeterGit96,2023-03-29,,italy,,0,0,1,0,0,0,0,0,0
PeterGit96,2023-03-30,,italy,,0,0,0,1,0,0,0,0,0
PeterGit96,2023-03-31,97612110,italy,,1,0,0,0,1,0,0,0,0
PeterGit96,2023-04-03,,italy,,0,0,0,0,0,1,0,0,0
PeterGit96,2023-04-04,,italy,,0,0,0,0,0,0,1,0,0
PeterGit96,2023-04-05,,italy,,0,0,0,0,0,0,0,1,0
PeterGit96,2023-04-06,,italy,,0,0,0,0,0,0,0,0,1
PeterZerlauth,2023-03-28,97236503,austria,,1,0,0,0,0,0,0,0,0
PeterZerlauth,2023-03-29,,austria,,0,0,0,0,0,0,0,0,0
PeterZerlauth,2023-03-30,,austria,,0,0,0,0,0,0,0,0,0
PeterZerlauth,2023-03-31,,austria,,0,0,0,0,0,0,0,0,0
PeterZerlauth,2023-04-03,,austria,,0,0,0,0,0,0,0,0,0
PeterZerlauth,2023-04-04,,austria,,0,0,0,0,0,0,0,0,0
PeterZerlauth,2023-04-05,,austria,,0,0,0,0,0,0,0,0,0
PeterZerlauth,2023-04-06,,austria,,0,0,0,0,0,0,0,0,0
Pierre-Gilles,2023-03-28,,france,7365162,0,0,0,0,0,0,0,0,0
Pierre-Gilles,2023-03-29,,france,7365162,0,0,0,0,0,0,0,0,0
Pierre-Gilles,2023-03-30,,france,7365162,0,0,0,0,0,0,0,0,0
Pierre-Gilles,2023-03-31,97596610,france,7365162,1,0,0,0,0,0,0,0,0
Pierre-Gilles,2023-04-03,,france,7365162,0,0,0,0,0,0,0,0,0
Pierre-Gilles,2023-04-04,,france,7365162,0,0,0,0,0,0,0,0,0
Pierre-Gilles,2023-04-05,,france,7365162,0,0,0,0,0,0,0,0,0
Pierre-Gilles,2023-04-06,,france,7365162,0,0,0,0,0,0,0,0,0
PierreBesson,2023-03-28,,france,14176906,0,0,0,0,0,0,0,0,0
PierreBesson,2023-03-29,,france,14176906,0,0,0,0,0,0,0,0,0
PierreBesson,2023-03-30,,france,14176906,0,0,0,0,0,0,0,0,0
PierreBesson,2023-03-31,,france,14176906,0,0,0,0,0,0,0,0,0
PierreBesson,2023-04-03,,france,14176906,0,0,0,0,0,0,0,0,0
PierreBesson,2023-04-04,98006719,france,14176906,1,0,0,0,0,0,0,0,0
PierreBesson,2023-04-05,,france,14176906,0,0,0,0,0,0,0,0,0
PierreBesson,2023-04-06,,france,14176906,0,0,0,0,0,0,0,0,0
PierreCapo,2023-03-28,,france,,0,0,0,0,0,0,0,0,0
PierreCapo,2023-03-29,,france,,0,0,0,0,0,0,0,0,0
PierreCapo,2023-03-30,,france,,0,0,0,0,0,0,0,0,0
PierreCapo,2023-03-31,,france,,0,0,0,0,0,0,0,0,0
PierreCapo,2023-04-03,,france,,0,0,0,0,0,0,0,0,0
PierreCapo,2023-04-04,,france,,0,0,0,0,0,0,0,0,0
PierreCapo,2023-04-05,,france,,0,0,0,0,0,0,0,0,0
PierreCapo,2023-04-06,98342760,france,,1,0,0,0,0,0,0,0,0
PierrePocheron,2023-03-28,,france,125378110,0,0,0,0,0,0,0,0,0
PierrePocheron,2023-03-29,,france,125378110,0,0,0,0,0,0,0,0,0
PierrePocheron,2023-03-30,97443286,france,125378110,1,0,0,0,0,0,0,0,0
PierrePocheron,2023-03-31,97697276,france,125378110,1,0,0,0,0,0,0,0,0
PierrePocheron,2023-04-03,97851625,france,125378110,1,0,0,0,0,0,0,0,0
PierrePocheron,2023-04-04,,france,125378110,0,0,0,0,0,0,0,0,0
PierrePocheron,2023-04-05,,france,125378110,0,0,0,0,0,0,0,0,0
PierrePocheron,2023-04-06,,france,125378110,0,0,0,0,0,0,0,0,0
Pimentoso,2023-03-28,,italy,,0,1,0,0,0,0,0,0,0
Pimentoso,2023-03-29,,italy,,0,0,1,0,0,0,0,0,0
Pimentoso,2023-03-30,,italy,,0,0,0,1,0,0,0,0,0
Pimentoso,2023-03-31,97686970,italy,,1,0,0,0,1,0,0,0,0
Pimentoso,2023-04-03,,italy,,0,0,0,0,0,1,0,0,0
Pimentoso,2023-04-04,,italy,,0,0,0,0,0,0,1,0,0
Pimentoso,2023-04-05,,italy,,0,0,0,0,0,0,0,1,0
Pimentoso,2023-04-06,,italy,,0,0,0,0,0,0,0,0,1
PoloNX,2023-03-28,,france,,0,0,0,0,0,0,0,0,0
PoloNX,2023-03-29,,france,,0,0,0,0,0,0,0,0,0
PoloNX,2023-03-30,,france,,0,0,0,0,0,0,0,0,0
PoloNX,2023-03-31,97640259,france,,1,0,0,0,0,0,0,0,0
PoloNX,2023-04-03,,france,,0,0,0,0,0,0,0,0,0
PoloNX,2023-04-04,,france,,0,0,0,0,0,0,0,0,0
PoloNX,2023-04-05,,france,,0,0,0,0,0,0,0,0,0
PoloNX,2023-04-06,,france,,0,0,0,0,0,0,0,0,0
PrOF-kk,2023-03-28,,italy,,0,1,0,0,0,0,0,0,0
PrOF-kk,2023-03-29,,italy,,0,0,1,0,0,0,0,0,0
PrOF-kk,2023-03-30,,italy,,0,0,0,1,0,0,0,0,0
PrOF-kk,2023-03-31,,italy,,0,0,0,0,1,0,0,0,0
PrOF-kk,2023-04-03,,italy,,0,0,0,0,0,1,0,0,0
PrOF-kk,2023-04-04,98040823,italy,,1,0,0,0,0,0,1,0,0
PrOF-kk,2023-04-05,,italy,,0,0,0,0,0,0,0,1,0
PrOF-kk,2023-04-06,,italy,,0,0,0,0,0,0,0,0,1
ProGM,2023-03-28,,italy,8556198,0,1,0,0,0,0,0,0,0
ProGM,2023-03-29,,italy,8556198,0,0,1,0,0,0,0,0,0
ProGM,2023-03-30,97522572,italy,8556198,1,0,0,1,0,0,0,0,0
ProGM,2023-03-31,,italy,8556198,0,0,0,0,1,0,0,0,0
ProGM,2023-04-03,,italy,8556198,0,0,0,0,0,1,0,0,0
ProGM,2023-04-04,,italy,8556198,0,0,0,0,0,0,1,0,0
ProGM,2023-04-05,,italy,8556198,0,0,0,0,0,0,0,1,0
ProGM,2023-04-06,,italy,8556198,0,0,0,0,0,0,0,0,1
Prometee,2023-03-28,,france,59657350,0,0,0,0,0,0,0,0,0
Prometee,2023-03-29,,france,59657350,0,0,0,0,0,0,0,0,0
Prometee,2023-03-30,,france,59657350,0,0,0,0,0,0,0,0,0
Prometee,2023-03-31,,france,59657350,0,0,0,0,0,0,0,0,0
Prometee,2023-04-03,,france,59657350,0,0,0,0,0,0,0,0,0
Prometee,2023-04-04,98002276,france,59657350,1,0,0,0,0,0,0,0,0
Prometee,2023-04-05,,france,59657350,0,0,0,0,0,0,0,0,0
Prometee,2023-04-06,,france,59657350,0,0,0,0,0,0,0,0,0
QuiiBz,2023-03-28,97200293,france,106432792,1,0,0,0,0,0,0,0,0
QuiiBz,2023-03-29,97273355,france,106432792,1,0,0,0,0,0,0,0,0
QuiiBz,2023-03-30,97425928,france,106432792,1,0,0,0,0,0,0,0,0
QuiiBz,2023-03-31,,france,106432792,0,0,0,0,0,0,0,0,0
QuiiBz,2023-04-03,,france,106432792,0,0,0,0,0,0,0,0,0
QuiiBz,2023-04-04,,france,106432792,0,0,0,0,0,0,0,0,0
QuiiBz,2023-04-05,,france,106432792,0,0,0,0,0,0,0,0,0
QuiiBz,2023-04-06,,france,106432792,0,0,0,0,0,0,0,0,0
RCayre,2023-03-28,,france,,0,0,0,0,0,0,0,0,0
RCayre,2023-03-29,,france,,0,0,0,0,0,0,0,0,0
RCayre,2023-03-30,97503546,france,,1,0,0,0,0,0,0,0,0
RCayre,2023-03-31,,france,,0,0,0,0,0,0,0,0,0
RCayre,2023-04-03,,france,,0,0,0,0,0,0,0,0,0
RCayre,2023-04-04,,france,,0,0,0,0,0,0,0,0,0
RCayre,2023-04-05,,france,,0,0,0,0,0,0,0,0,0
RCayre,2023-04-06,,france,,0,0,0,0,0,0,0,0,0
Ragot-Pierre,2023-03-28,,france,,0,0,0,0,0,0,0,0,0
Ragot-Pierre,2023-03-29,,france,,0,0,0,0,0,0,0,0,0
Ragot-Pierre,2023-03-30,,france,,0,0,0,0,0,0,0,0,0
Ragot-Pierre,2023-03-31,,france,,0,0,0,0,0,0,0,0,0
Ragot-Pierre,2023-04-03,,france,,0,0,0,0,0,0,0,0,0
Ragot-Pierre,2023-04-04,,france,,0,0,0,0,0,0,0,0,0
Ragot-Pierre,2023-04-05,,france,,0,0,0,0,0,0,0,0,0
Ragot-Pierre,2023-04-06,98464438,france,,1,0,0,0,0,0,0,0,0
RamziWeslati,2023-03-28,97169053,france,24227260,1,0,0,0,0,0,0,0,0
RamziWeslati,2023-03-29,,france,24227260,0,0,0,0,0,0,0,0,0
RamziWeslati,2023-03-30,,france,24227260,0,0,0,0,0,0,0,0,0
RamziWeslati,2023-03-31,,france,24227260,0,0,0,0,0,0,0,0,0
RamziWeslati,2023-04-03,,france,24227260,0,0,0,0,0,0,0,0,0
RamziWeslati,2023-04-04,,france,24227260,0,0,0,0,0,0,0,0,0
RamziWeslati,2023-04-05,,france,24227260,0,0,0,0,0,0,0,0,0
RamziWeslati,2023-04-06,,france,24227260,0,0,0,0,0,0,0,0,0
RaoH37,2023-03-28,,france,,0,0,0,0,0,0,0,0,0
RaoH37,2023-03-29,,france,,0,0,0,0,0,0,0,0,0
RaoH37,2023-03-30,,france,,0,0,0,0,0,0,0,0,0
RaoH37,2023-03-31,97640274,france,,1,0,0,0,0,0,0,0,0
RaoH37,2023-04-03,,france,,0,0,0,0,0,0,0,0,0
RaoH37,2023-04-04,,france,,0,0,0,0,0,0,0,0,0
RaoH37,2023-04-05,,france,,0,0,0,0,0,0,0,0,0
RaoH37,2023-04-06,,france,,0,0,0,0,0,0,0,0,0
RaphMar2021,2023-03-28,,france,,0,0,0,0,0,0,0,0,0
RaphMar2021,2023-03-29,,france,,0,0,0,0,0,0,0,0,0
RaphMar2021,2023-03-30,,france,,0,0,0,0,0,0,0,0,0
RaphMar2021,2023-03-31,,france,,0,0,0,0,0,0,0,0,0
RaphMar2021,2023-04-03,97905129,france,,1,0,0,0,0,0,0,0,0
RaphMar2021,2023-04-04,,france,,0,0,0,0,0,0,0,0,0
RaphMar2021,2023-04-05,,france,,0,0,0,0,0,0,0,0,0
RaphMar2021,2023-04-06,,france,,0,0,0,0,0,0,0,0,0
Rawnly,2023-03-28,97172342,italy,,1,1,0,0,0,0,0,0,0
Rawnly,2023-03-29,,italy,,0,0,1,0,0,0,0,0,0
Rawnly,2023-03-30,,italy,,0,0,0,1,0,0,0,0,0
Rawnly,2023-03-31,,italy,,0,0,0,0,1,0,0,0,0
Rawnly,2023-04-03,,italy,,0,0,0,0,0,1,0,0,0
Rawnly,2023-04-04,,italy,,0,0,0,0,0,0,1,0,0
Rawnly,2023-04-05,,italy,,0,0,0,0,0,0,0,1,0
Rawnly,2023-04-06,,italy,,0,0,0,0,0,0,0,0,1
RealHinome,2023-03-28,,france,81774317,0,0,0,0,0,0,0,0,0
RealHinome,2023-03-29,,france,81774317,0,0,0,0,0,0,0,0,0
RealHinome,2023-03-30,,france,81774317,0,0,0,0,0,0,0,0,0
RealHinome,2023-03-31,97664197,france,81774317,1,0,0,0,0,0,0,0,0
RealHinome,2023-04-03,,france,81774317,0,0,0,0,0,0,0,0,0
RealHinome,2023-04-04,,france,81774317,0,0,0,0,0,0,0,0,0
RealHinome,2023-04-05,,france,81774317,0,0,0,0,0,0,0,0,0
RealHinome,2023-04-06,,france,81774317,0,0,0,0,0,0,0,0,0
RedDTG,2023-03-28,,france,,0,0,0,0,0,0,0,0,0
RedDTG,2023-03-29,,france,,0,0,0,0,0,0,0,0,0
RedDTG,2023-03-30,,france,,0,0,0,0,0,0,0,0,0
RedDTG,2023-03-31,97695366,france,,1,0,0,0,0,0,0,0,0
RedDTG,2023-04-03,,france,,0,0,0,0,0,0,0,0,0
RedDTG,2023-04-04,,france,,0,0,0,0,0,0,0,0,0
RedDTG,2023-04-05,,france,,0,0,0,0,0,0,0,0,0
RedDTG,2023-04-06,,france,,0,0,0,0,0,0,0,0,0
Remg,2023-03-28,,france,24521375,0,0,0,0,0,0,0,0,0
Remg,2023-03-29,,france,24521375,0,0,0,0,0,0,0,0,0
Remg,2023-03-30,,france,24521375,0,0,0,0,0,0,0,0,0
Remg,2023-03-31,,france,24521375,0,0,0,0,0,0,0,0,0
Remg,2023-04-03,97857059,france,24521375,1,0,0,0,0,0,0,0,0
Remg,2023-04-04,,france,24521375,0,0,0,0,0,0,0,0,0
Remg,2023-04-05,,france,24521375,0,0,0,0,0,0,0,0,0
Remg,2023-04-06,,france,24521375,0,0,0,0,0,0,0,0,0
RiccardoGrieco,2023-03-28,,italy,28398961,0,1,0,0,0,0,0,0,0
RiccardoGrieco,2023-03-29,,italy,28398961,0,0,1,0,0,0,0,0,0
RiccardoGrieco,2023-03-30,,italy,28398961,0,0,0,1,0,0,0,0,0
RiccardoGrieco,2023-03-31,,italy,28398961,0,0,0,0,1,0,0,0,0
RiccardoGrieco,2023-04-03,,italy,28398961,0,0,0,0,0,1,0,0,0
RiccardoGrieco,2023-04-04,98040682,italy,28398961,1,0,0,0,0,0,1,0,0
RiccardoGrieco,2023-04-05,,italy,28398961,0,0,0,0,0,0,0,1,0
RiccardoGrieco,2023-04-06,,italy,28398961,0,0,0,0,0,0,0,0,1
Romain-B,2023-03-28,,france,29942187,0,0,0,0,0,0,0,0,0
Romain-B,2023-03-29,97304079,france,29942187,1,0,0,0,0,0,0,0,0
Romain-B,2023-03-30,,france,29942187,0,0,0,0,0,0,0,0,0
Romain-B,2023-03-31,,france,29942187,0,0,0,0,0,0,0,0,0
Romain-B,2023-04-03,,france,29942187,0,0,0,0,0,0,0,0,0
Romain-B,2023-04-04,,france,29942187,0,0,0,0,0,0,0,0,0
Romain-B,2023-04-05,,france,29942187,0,0,0,0,0,0,0,0,0
Romain-B,2023-04-06,,france,29942187,0,0,0,0,0,0,0,0,0
Romakita,2023-03-28,,france,34125411,0,0,0,0,0,0,0,0,0
Romakita,2023-03-29,,france,34125411,0,0,0,0,0,0,0,0,0
Romakita,2023-03-30,97475943,france,34125411,1,0,0,0,0,0,0,0,0
Romakita,2023-03-31,97612066,france,34125411,1,0,0,0,0,0,0,0,0
Romakita,2023-04-03,97846164,france,34125411,1,0,0,0,0,0,0,0,0
Romakita,2023-04-04,,france,34125411,0,0,0,0,0,0,0,0,0
Romakita,2023-04-05,,france,34125411,0,0,0,0,0,0,0,0,0
Romakita,2023-04-06,98353384,france,34125411,1,0,0,0,0,0,0,0,0
Romanitho,2023-03-28,97154081,france,,1,0,0,0,0,0,0,0,0
Romanitho,2023-03-29,,france,,0,0,0,0,0,0,0,0,0
Romanitho,2023-03-30,,france,,0,0,0,0,0,0,0,0,0
Romanitho,2023-03-31,,france,,0,0,0,0,0,0,0,0,0
Romanitho,2023-04-03,,france,,0,0,0,0,0,0,0,0,0
Romanitho,2023-04-04,,france,,0,0,0,0,0,0,0,0,0
Romanitho,2023-04-05,98211181,france,,1,0,0,0,0,0,0,0,0
Romanitho,2023-04-06,98434470,france,,1,0,0,0,0,0,0,0,0
Roshyo,2023-03-28,,france,5394216,0,0,0,0,0,0,0,0,0
Roshyo,2023-03-29,,france,5394216,0,0,0,0,0,0,0,0,0
Roshyo,2023-03-30,,france,5394216,0,0,0,0,0,0,0,0,0
Roshyo,2023-03-31,,france,5394216,0,0,0,0,0,0,0,0,0
Roshyo,2023-04-03,,france,5394216,0,0,0,0,0,0,0,0,0
Roshyo,2023-04-04,98022089,france,5394216,1,0,0,0,0,0,0,0,0
Roshyo,2023-04-05,,france,5394216,0,0,0,0,0,0,0,0,0
Roshyo,2023-04-06,,france,5394216,0,0,0,0,0,0,0,0,0
Rubilmax,2023-03-28,,france,87028238,0,0,0,0,0,0,0,0,0
Rubilmax,2023-03-29,97322049,france,87028238,1,0,0,0,0,0,0,0,0
Rubilmax,2023-03-30,,france,87028238,0,0,0,0,0,0,0,0,0
Rubilmax,2023-03-31,,france,87028238,0,0,0,0,0,0,0,0,0
Rubilmax,2023-04-03,,france,87028238,0,0,0,0,0,0,0,0,0
Rubilmax,2023-04-04,,france,87028238,0,0,0,0,0,0,0,0,0
Rubilmax,2023-04-05,,france,87028238,0,0,0,0,0,0,0,0,0
Rubilmax,2023-04-06,,france,87028238,0,0,0,0,0,0,0,0,0
Ry682,2023-03-28,,italy,,0,1,0,0,0,0,0,0,0
Ry682,2023-03-29,97356706,italy,,1,0,1,0,0,0,0,0,0
Ry682,2023-03-30,,italy,,0,0,0,1,0,0,0,0,0
Ry682,2023-03-31,,italy,,0,0,0,0,1,0,0,0,0
Ry682,2023-04-03,,italy,,0,0,0,0,0,1,0,0,0
Ry682,2023-04-04,,italy,,0,0,0,0,0,0,1,0,0
Ry682,2023-04-05,,italy,,0,0,0,0,0,0,0,1,0
Ry682,2023-04-06,,italy,,0,0,0,0,0,0,0,0,1
SFPM,2023-03-28,,france,,0,0,0,0,0,0,0,0,0
SFPM,2023-03-29,,france,,0,0,0,0,0,0,0,0,0
SFPM,2023-03-30,,france,,0,0,0,0,0,0,0,0,0
SFPM,2023-03-31,,france,,0,0,0,0,0,0,0,0,0
SFPM,2023-04-03,97903902,france,,1,0,0,0,0,0,0,0,0
SFPM,2023-04-04,,france,,0,0,0,0,0,0,0,0,0
SFPM,2023-04-05,,france,,0,0,0,0,0,0,0,0,0
SFPM,2023-04-06,,france,,0,0,0,0,0,0,0,0,0
SUP2Ak,2023-03-28,97206198,france,,1,0,0,0,0,0,0,0,0
SUP2Ak,2023-03-29,,france,,0,0,0,0,0,0,0,0,0
SUP2Ak,2023-03-30,,france,,0,0,0,0,0,0,0,0,0
SUP2Ak,2023-03-31,,france,,0,0,0,0,0,0,0,0,0
SUP2Ak,2023-04-03,,france,,0,0,0,0,0,0,0,0,0
SUP2Ak,2023-04-04,,france,,0,0,0,0,0,0,0,0,0
SUP2Ak,2023-04-05,,france,,0,0,0,0,0,0,0,0,0
SUP2Ak,2023-04-06,,france,,0,0,0,0,0,0,0,0,0
SamiLhll,2023-03-28,,france,,0,0,0,0,0,0,0,0,0
SamiLhll,2023-03-29,97335316,france,,1,0,0,0,0,0,0,0,0
SamiLhll,2023-03-30,,france,,0,0,0,0,0,0,0,0,0
SamiLhll,2023-03-31,,france,,0,0,0,0,0,0,0,0,0
SamiLhll,2023-04-03,,france,,0,0,0,0,0,0,0,0,0
SamiLhll,2023-04-04,,france,,0,0,0,0,0,0,0,0,0
SamiLhll,2023-04-05,,france,,0,0,0,0,0,0,0,0,0
SamiLhll,2023-04-06,,france,,0,0,0,0,0,0,0,0,0
Samox,2023-03-28,,france,122683544,0,0,0,0,0,0,0,0,0
Samox,2023-03-29,,france,122683544,0,0,0,0,0,0,0,0,0
Samox,2023-03-30,,france,122683544,0,0,0,0,0,0,0,0,0
Samox,2023-03-31,,france,122683544,0,0,0,0,0,0,0,0,0
Samox,2023-04-03,,france,122683544,0,0,0,0,0,0,0,0,0
Samox,2023-04-04,,france,122683544,0,0,0,0,0,0,0,0,0
Samox,2023-04-05,,france,122683544,0,0,0,0,0,0,0,0,0
Samox,2023-04-06,98440192,france,122683544,1,0,0,0,0,0,0,0,0
SamuelTallet,2023-03-28,,france,,0,0,0,0,0,0,0,0,0
SamuelTallet,2023-03-29,,france,,0,0,0,0,0,0,0,0,0
SamuelTallet,2023-03-30,,france,,0,0,0,0,0,0,0,0,0
SamuelTallet,2023-03-31,97661619,france,,1,0,0,0,0,0,0,0,0
SamuelTallet,2023-04-03,,france,,0,0,0,0,0,0,0,0,0
SamuelTallet,2023-04-04,98028625,france,,1,0,0,0,0,0,0,0,0
SamuelTallet,2023-04-05,,france,,0,0,0,0,0,0,0,0,0
SamuelTallet,2023-04-06,,france,,0,0,0,0,0,0,0,0,0
SamueleFacenda,2023-03-28,,italy,,0,1,0,0,0,0,0,0,0
SamueleFacenda,2023-03-29,,italy,,0,0,1,0,0,0,0,0,0
SamueleFacenda,2023-03-30,,italy,,0,0,0,1,0,0,0,0,0
SamueleFacenda,2023-03-31,97596662,italy,,1,0,0,0,1,0,0,0,0
SamueleFacenda,2023-04-03,,italy,,0,0,0,0,0,1,0,0,0
SamueleFacenda,2023-04-04,,italy,,0,0,0,0,0,0,1,0,0
SamueleFacenda,2023-04-05,,italy,,0,0,0,0,0,0,0,1,0
SamueleFacenda,2023-04-06,,italy,,0,0,0,0,0,0,0,0,1
SapuSeven,2023-03-28,,austria,,0,0,0,0,0,0,0,0,0
SapuSeven,2023-03-29,97397245,austria,,1,0,0,0,0,0,0,0,0
SapuSeven,2023-03-30,,austria,,0,0,0,0,0,0,0,0,0
SapuSeven,2023-03-31,,austria,,0,0,0,0,0,0,0,0,0
SapuSeven,2023-04-03,,austria,,0,0,0,0,0,0,0,0,0
SapuSeven,2023-04-04,,austria,,0,0,0,0,0,0,0,0,0
SapuSeven,2023-04-05,,austria,,0,0,0,0,0,0,0,0,0
SapuSeven,2023-04-06,,austria,,0,0,0,0,0,0,0,0,0
SaracenRhue,2023-03-28,,austria,,0,0,0,0,0,0,0,0,0
SaracenRhue,2023-03-29,,austria,,0,0,0,0,0,0,0,0,0
SaracenRhue,2023-03-30,,austria,,0,0,0,0,0,0,0,0,0
SaracenRhue,2023-03-31,97608073,austria,,1,0,0,0,0,0,0,0,0
SaracenRhue,2023-04-03,,austria,,0,0,0,0,0,0,0,0,0
SaracenRhue,2023-04-04,,austria,,0,0,0,0,0,0,0,0,0
SaracenRhue,2023-04-05,,austria,,0,0,0,0,0,0,0,0,0
SaracenRhue,2023-04-06,,austria,,0,0,0,0,0,0,0,0,0
Sarrus1,2023-03-28,,france,,0,0,0,0,0,0,0,0,0
Sarrus1,2023-03-29,,france,,0,0,0,0,0,0,0,0,0
Sarrus1,2023-03-30,97554464,france,,1,0,0,0,0,0,0,0,0
Sarrus1,2023-03-31,,france,,0,0,0,0,0,0,0,0,0
Sarrus1,2023-04-03,97912865,france,,1,0,0,0,0,0,0,0,0
Sarrus1,2023-04-04,,france,,0,0,0,0,0,0,0,0,0
Sarrus1,2023-04-05,,france,,0,0,0,0,0,0,0,0,0
Sarrus1,2023-04-06,,france,,0,0,0,0,0,0,0,0,0
Schrausser,2023-03-28,,austria,,0,0,0,0,0,0,0,0,0
Schrausser,2023-03-29,,austria,,0,0,0,0,0,0,0,0,0
Schrausser,2023-03-30,97544346,austria,,1,0,0,0,0,0,0,0,0
Schrausser,2023-03-31,,austria,,0,0,0,0,0,0,0,0,0
Schrausser,2023-04-03,,austria,,0,0,0,0,0,0,0,0,0
Schrausser,2023-04-04,,austria,,0,0,0,0,0,0,0,0,0
Schrausser,2023-04-05,,austria,,0,0,0,0,0,0,0,0,0
Schrausser,2023-04-06,,austria,,0,0,0,0,0,0,0,0,0
Scythe14,2023-03-28,,france,24934937,0,0,0,0,0,0,0,0,0
Scythe14,2023-03-29,,france,24934937,0,0,0,0,0,0,0,0,0
Scythe14,2023-03-30,,france,24934937,0,0,0,0,0,0,0,0,0
Scythe14,2023-03-31,,france,24934937,0,0,0,0,0,0,0,0,0
Scythe14,2023-04-03,,france,24934937,0,0,0,0,0,0,0,0,0
Scythe14,2023-04-04,98043080,france,24934937,1,0,0,0,0,0,0,0,0
Scythe14,2023-04-05,,france,24934937,0,0,0,0,0,0,0,0,0
Scythe14,2023-04-06,,france,24934937,0,0,0,0,0,0,0,0,0
Senzo13,2023-03-28,,france,,0,0,0,0,0,0,0,0,0
Senzo13,2023-03-29,,france,,0,0,0,0,0,0,0,0,0
Senzo13,2023-03-30,,france,,0,0,0,0,0,0,0,0,0
Senzo13,2023-03-31,97701269,france,,1,0,0,0,0,0,0,0,0
Senzo13,2023-04-03,,france,,0,0,0,0,0,0,0,0,0
Senzo13,2023-04-04,,france,,0,0,0,0,0,0,0,0,0
Senzo13,2023-04-05,98122883,france,,1,0,0,0,0,0,0,0,0
Senzo13,2023-04-06,,france,,0,0,0,0,0,0,0,0,0
Serafadam,2023-03-28,97207268,austria,60142758,1,0,0,0,0,0,0,0,0
Serafadam,2023-03-29,,austria,60142758,0,0,0,0,0,0,0,0,0
Serafadam,2023-03-30,,austria,60142758,0,0,0,0,0,0,0,0,0
Serafadam,2023-03-31,,austria,60142758,0,0,0,0,0,0,0,0,0
Serafadam,2023-04-03,,austria,60142758,0,0,0,0,0,0,0,0,0
Serafadam,2023-04-04,,austria,60142758,0,0,0,0,0,0,0,0,0
Serafadam,2023-04-05,,austria,60142758,0,0,0,0,0,0,0,0,0
Serafadam,2023-04-06,98418221,austria,60142758,1,0,0,0,0,0,0,0,0
Sergio0694,2023-03-28,,italy,,0,1,0,0,0,0,0,0,0
Sergio0694,2023-03-29,,italy,,0,0,1,0,0,0,0,0,0
Sergio0694,2023-03-30,,italy,,0,0,0,1,0,0,0,0,0
Sergio0694,2023-03-31,,italy,,0,0,0,0,1,0,0,0,0
Sergio0694,2023-04-03,,italy,,0,0,0,0,0,1,0,0,0
Sergio0694,2023-04-04,,italy,,0,0,0,0,0,0,1,0,0
Sergio0694,2023-04-05,,italy,,0,0,0,0,0,0,0,1,0
Sergio0694,2023-04-06,98453405,italy,,1,0,0,0,0,0,0,0,1
Shivoham,2023-03-28,,france,5389533,0,0,0,0,0,0,0,0,0
Shivoham,2023-03-29,,france,5389533,0,0,0,0,0,0,0,0,0
Shivoham,2023-03-30,,france,5389533,0,0,0,0,0,0,0,0,0
Shivoham,2023-03-31,,france,5389533,0,0,0,0,0,0,0,0,0
Shivoham,2023-04-03,,france,5389533,0,0,0,0,0,0,0,0,0
Shivoham,2023-04-04,98015891,france,5389533,1,0,0,0,0,0,0,0,0
Shivoham,2023-04-05,,france,5389533,0,0,0,0,0,0,0,0,0
Shivoham,2023-04-06,,france,5389533,0,0,0,0,0,0,0,0,0
SignorPollito,2023-03-28,97241727,italy,,1,1,0,0,0,0,0,0,0
SignorPollito,2023-03-29,,italy,,0,0,1,0,0,0,0,0,0
SignorPollito,2023-03-30,,italy,,0,0,0,1,0,0,0,0,0
SignorPollito,2023-03-31,,italy,,0,0,0,0,1,0,0,0,0
SignorPollito,2023-04-03,,italy,,0,0,0,0,0,1,0,0,0
SignorPollito,2023-04-04,,italy,,0,0,0,0,0,0,1,0,0
SignorPollito,2023-04-05,,italy,,0,0,0,0,0,0,0,1,0
SignorPollito,2023-04-06,,italy,,0,0,0,0,0,0,0,0,1
SimonDevelop,2023-03-28,,france,,0,0,0,0,0,0,0,0,0
SimonDevelop,2023-03-29,,france,,0,0,0,0,0,0,0,0,0
SimonDevelop,2023-03-30,97436613,france,,1,0,0,0,0,0,0,0,0
SimonDevelop,2023-03-31,97602835,france,,1,0,0,0,0,0,0,0,0
SimonDevelop,2023-04-03,,france,,0,0,0,0,0,0,0,0,0
SimonDevelop,2023-04-04,,france,,0,0,0,0,0,0,0,0,0
SimonDevelop,2023-04-05,,france,,0,0,0,0,0,0,0,0,0
SimonDevelop,2023-04-06,,france,,0,0,0,0,0,0,0,0,0
SimoneAncona,2023-03-28,97211603,italy,,1,1,0,0,0,0,0,0,0
SimoneAncona,2023-03-29,97347582,italy,,1,0,1,0,0,0,0,0,0
SimoneAncona,2023-03-30,,italy,,0,0,0,1,0,0,0,0,0
SimoneAncona,2023-03-31,,italy,,0,0,0,0,1,0,0,0,0
SimoneAncona,2023-04-03,,italy,,0,0,0,0,0,1,0,0,0
SimoneAncona,2023-04-04,,italy,,0,0,0,0,0,0,1,0,0
SimoneAncona,2023-04-05,,italy,,0,0,0,0,0,0,0,1,0
SimoneAncona,2023-04-06,,italy,,0,0,0,0,0,0,0,0,1
Sinan-Karakaya,2023-03-28,,france,,0,0,0,0,0,0,0,0,0
Sinan-Karakaya,2023-03-29,,france,,0,0,0,0,0,0,0,0,0
Sinan-Karakaya,2023-03-30,,france,,0,0,0,0,0,0,0,0,0
Sinan-Karakaya,2023-03-31,,france,,0,0,0,0,0,0,0,0,0
Sinan-Karakaya,2023-04-03,,france,,0,0,0,0,0,0,0,0,0
Sinan-Karakaya,2023-04-04,,france,,0,0,0,0,0,0,0,0,0
Sinan-Karakaya,2023-04-05,98242758,france,,1,0,0,0,0,0,0,0,0
Sinan-Karakaya,2023-04-06,,france,,0,0,0,0,0,0,0,0,0
SkyfightTV,2023-03-28,,france,,0,0,0,0,0,0,0,0,0
SkyfightTV,2023-03-29,,france,,0,0,0,0,0,0,0,0,0
SkyfightTV,2023-03-30,,france,,0,0,0,0,0,0,0,0,0
SkyfightTV,2023-03-31,,france,,0,0,0,0,0,0,0,0,0
SkyfightTV,2023-04-03,97854265,france,,1,0,0,0,0,0,0,0,0
SkyfightTV,2023-04-04,,france,,0,0,0,0,0,0,0,0,0
SkyfightTV,2023-04-05,,france,,0,0,0,0,0,0,0,0,0
SkyfightTV,2023-04-06,,france,,0,0,0,0,0,0,0,0,0
Slamdunk,2023-03-28,,italy,100686454,0,1,0,0,0,0,0,0,0
Slamdunk,2023-03-29,,italy,100686454,0,0,1,0,0,0,0,0,0
Slamdunk,2023-03-30,97505259,italy,100686454,1,0,0,1,0,0,0,0,0
Slamdunk,2023-03-31,,italy,100686454,0,0,0,0,1,0,0,0,0
Slamdunk,2023-04-03,,italy,100686454,0,0,0,0,0,1,0,0,0
Slamdunk,2023-04-04,,italy,100686454,0,0,0,0,0,0,1,0,0
Slamdunk,2023-04-05,98145448,italy,100686454,1,0,0,0,0,0,0,1,0
Slamdunk,2023-04-06,,italy,100686454,0,0,0,0,0,0,0,0,1
Slookeur,2023-03-28,,france,,0,0,0,0,0,0,0,0,0
Slookeur,2023-03-29,,france,,0,0,0,0,0,0,0,0,0
Slookeur,2023-03-30,97493411,france,,1,0,0,0,0,0,0,0,0
Slookeur,2023-03-31,,france,,0,0,0,0,0,0,0,0,0
Slookeur,2023-04-03,,france,,0,0,0,0,0,0,0,0,0
Slookeur,2023-04-04,98110281,france,,1,0,0,0,0,0,0,0,0
Slookeur,2023-04-05,98182245,france,,1,0,0,0,0,0,0,0,0
Slookeur,2023-04-06,98391878,france,,1,0,0,0,0,0,0,0,0
SoftwareMagicIT,2023-03-28,,italy,,0,1,0,0,0,0,0,0,0
SoftwareMagicIT,2023-03-29,97348061,italy,,1,0,1,0,0,0,0,0,0
SoftwareMagicIT,2023-03-30,,italy,,0,0,0,1,0,0,0,0,0
SoftwareMagicIT,2023-03-31,,italy,,0,0,0,0,1,0,0,0,0
SoftwareMagicIT,2023-04-03,,italy,,0,0,0,0,0,1,0,0,0
SoftwareMagicIT,2023-04-04,,italy,,0,0,0,0,0,0,1,0,0
SoftwareMagicIT,2023-04-05,,italy,,0,0,0,0,0,0,0,1,0
SoftwareMagicIT,2023-04-06,,italy,,0,0,0,0,0,0,0,0,1
SonexGit,2023-03-28,,france,,0,0,0,0,0,0,0,0,0
SonexGit,2023-03-29,,france,,0,0,0,0,0,0,0,0,0
SonexGit,2023-03-30,,france,,0,0,0,0,0,0,0,0,0
SonexGit,2023-03-31,,france,,0,0,0,0,0,0,0,0,0
SonexGit,2023-04-03,,france,,0,0,0,0,0,0,0,0,0
SonexGit,2023-04-04,,france,,0,0,0,0,0,0,0,0,0
SonexGit,2023-04-05,98240573,france,,1,0,0,0,0,0,0,0,0
SonexGit,2023-04-06,,france,,0,0,0,0,0,0,0,0,0
Sora-yx,2023-03-28,,france,,0,0,0,0,0,0,0,0,0
Sora-yx,2023-03-29,,france,,0,0,0,0,0,0,0,0,0
Sora-yx,2023-03-30,,france,,0,0,0,0,0,0,0,0,0
Sora-yx,2023-03-31,,france,,0,0,0,0,0,0,0,0,0
Sora-yx,2023-04-03,,france,,0,0,0,0,0,0,0,0,0
Sora-yx,2023-04-04,,france,,0,0,0,0,0,0,0,0,0
Sora-yx,2023-04-05,98211439,france,,1,0,0,0,0,0,0,0,0
Sora-yx,2023-04-06,98470394,france,,1,0,0,0,0,0,0,0,0
Speedvicio,2023-03-28,,italy,,0,1,0,0,0,0,0,0,0
Speedvicio,2023-03-29,,italy,,0,0,1,0,0,0,0,0,0
Speedvicio,2023-03-30,,italy,,0,0,0,1,0,0,0,0,0
Speedvicio,2023-03-31,,italy,,0,0,0,0,1,0,0,0,0
Speedvicio,2023-04-03,,italy,,0,0,0,0,0,1,0,0,0
Speedvicio,2023-04-04,,italy,,0,0,0,0,0,0,1,0,0
Speedvicio,2023-04-05,,italy,,0,0,0,0,0,0,0,1,0
Speedvicio,2023-04-06,98465717,italy,,1,0,0,0,0,0,0,0,1
Spl4shh,2023-03-28,,france,84600662,0,0,0,0,0,0,0,0,0
Spl4shh,2023-03-29,,france,84600662,0,0,0,0,0,0,0,0,0
Spl4shh,2023-03-30,,france,84600662,0,0,0,0,0,0,0,0,0
Spl4shh,2023-03-31,,france,84600662,0,0,0,0,0,0,0,0,0
Spl4shh,2023-04-03,97909348,france,84600662,1,0,0,0,0,0,0,0,0
Spl4shh,2023-04-04,,france,84600662,0,0,0,0,0,0,0,0,0
Spl4shh,2023-04-05,,france,84600662,0,0,0,0,0,0,0,0,0
Spl4shh,2023-04-06,,france,84600662,0,0,0,0,0,0,0,0,0
Spomky,2023-03-28,,france,6738606,0,0,0,0,0,0,0,0,0
Spomky,2023-03-29,,france,6738606,0,0,0,0,0,0,0,0,0
Spomky,2023-03-30,,france,6738606,0,0,0,0,0,0,0,0,0
Spomky,2023-03-31,,france,6738606,0,0,0,0,0,0,0,0,0
Spomky,2023-04-03,97807660,france,6738606,1,0,0,0,0,0,0,0,0
Spomky,2023-04-04,,france,6738606,0,0,0,0,0,0,0,0,0
Spomky,2023-04-05,,france,6738606,0,0,0,0,0,0,0,0,0
Spomky,2023-04-06,,france,6738606,0,0,0,0,0,0,0,0,0
SteRiccio,2023-03-28,,italy,1212750,0,1,0,0,0,0,0,0,0
SteRiccio,2023-03-29,,italy,1212750,0,0,1,0,0,0,0,0,0
SteRiccio,2023-03-30,,italy,1212750,0,0,0,1,0,0,0,0,0
SteRiccio,2023-03-31,,italy,1212750,0,0,0,0,1,0,0,0,0
SteRiccio,2023-04-03,,italy,1212750,0,0,0,0,0,1,0,0,0
SteRiccio,2023-04-04,,italy,1212750,0,0,0,0,0,0,1,0,0
SteRiccio,2023-04-05,98162590,italy,1212750,1,0,0,0,0,0,0,1,0
SteRiccio,2023-04-06,,italy,1212750,0,0,0,0,0,0,0,0,1
Steph0,2023-03-28,,france,,0,0,0,0,0,0,0,0,0
Steph0,2023-03-29,,france,,0,0,0,0,0,0,0,0,0
Steph0,2023-03-30,,france,,0,0,0,0,0,0,0,0,0
Steph0,2023-03-31,,france,,0,0,0,0,0,0,0,0,0
Steph0,2023-04-03,97827715,france,,1,0,0,0,0,0,0,0,0
Steph0,2023-04-04,,france,,0,0,0,0,0,0,0,0,0
Steph0,2023-04-05,,france,,0,0,0,0,0,0,0,0,0
Steph0,2023-04-06,,france,,0,0,0,0,0,0,0,0,0
StephanGR,2023-03-28,,france,,0,0,0,0,0,0,0,0,0
StephanGR,2023-03-29,,france,,0,0,0,0,0,0,0,0,0
StephanGR,2023-03-30,,france,,0,0,0,0,0,0,0,0,0
StephanGR,2023-03-31,97700656,france,,1,0,0,0,0,0,0,0,0
StephanGR,2023-04-03,97911287,france,,1,0,0,0,0,0,0,0,0
StephanGR,2023-04-04,,france,,0,0,0,0,0,0,0,0,0
StephanGR,2023-04-05,,france,,0,0,0,0,0,0,0,0,0
StephanGR,2023-04-06,,france,,0,0,0,0,0,0,0,0,0
Steven-DriveQuant,2023-03-28,,france,,0,0,0,0,0,0,0,0,0
Steven-DriveQuant,2023-03-29,,france,,0,0,0,0,0,0,0,0,0
Steven-DriveQuant,2023-03-30,,france,,0,0,0,0,0,0,0,0,0
Steven-DriveQuant,2023-03-31,,france,,0,0,0,0,0,0,0,0,0
Steven-DriveQuant,2023-04-03,,france,,0,0,0,0,0,0,0,0,0
Steven-DriveQuant,2023-04-04,98061110,france,,1,0,0,0,0,0,0,0,0
Steven-DriveQuant,2023-04-05,,france,,0,0,0,0,0,0,0,0,0
Steven-DriveQuant,2023-04-06,,france,,0,0,0,0,0,0,0,0,0
StevenKal,2023-03-28,,france,,0,0,0,0,0,0,0,0,0
StevenKal,2023-03-29,,france,,0,0,0,0,0,0,0,0,0
StevenKal,2023-03-30,,france,,0,0,0,0,0,0,0,0,0
StevenKal,2023-03-31,,france,,0,0,0,0,0,0,0,0,0
StevenKal,2023-04-03,,france,,0,0,0,0,0,0,0,0,0
StevenKal,2023-04-04,98074417,france,,1,0,0,0,0,0,0,0,0
StevenKal,2023-04-05,,france,,0,0,0,0,0,0,0,0,0
StevenKal,2023-04-06,,france,,0,0,0,0,0,0,0,0,0
StudioAlbert,2023-03-28,,france,,0,0,0,0,0,0,0,0,0
StudioAlbert,2023-03-29,,france,,0,0,0,0,0,0,0,0,0
StudioAlbert,2023-03-30,,france,,0,0,0,0,0,0,0,0,0
StudioAlbert,2023-03-31,97621630,france,,1,0,0,0,0,0,0,0,0
StudioAlbert,2023-04-03,,france,,0,0,0,0,0,0,0,0,0
StudioAlbert,2023-04-04,,france,,0,0,0,0,0,0,0,0,0
StudioAlbert,2023-04-05,,france,,0,0,0,0,0,0,0,0,0
StudioAlbert,2023-04-06,,france,,0,0,0,0,0,0,0,0,0
Stypox,2023-03-28,,italy,22159318,0,1,0,0,0,0,0,0,0
Stypox,2023-03-29,,italy,22159318,0,0,1,0,0,0,0,0,0
Stypox,2023-03-30,,italy,22159318,0,0,0,1,0,0,0,0,0
Stypox,2023-03-31,,italy,22159318,0,0,0,0,1,0,0,0,0
Stypox,2023-04-03,90569511,italy,22159318,1,0,0,0,0,1,0,0,0
Stypox,2023-04-04,,italy,22159318,0,0,0,0,0,0,1,0,0
Stypox,2023-04-05,,italy,22159318,0,0,0,0,0,0,0,1,0
Stypox,2023-04-06,,italy,22159318,0,0,0,0,0,0,0,0,1
Supamiu,2023-03-28,,france,50203098,0,0,0,0,0,0,0,0,0
Supamiu,2023-03-29,,france,50203098,0,0,0,0,0,0,0,0,0
Supamiu,2023-03-30,97549023,france,50203098,1,0,0,0,0,0,0,0,0
Supamiu,2023-03-31,97657474,france,50203098,1,0,0,0,0,0,0,0,0
Supamiu,2023-04-03,,france,50203098,0,0,0,0,0,0,0,0,0
Supamiu,2023-04-04,,france,50203098,0,0,0,0,0,0,0,0,0
Supamiu,2023-04-05,,france,50203098,0,0,0,0,0,0,0,0,0
Supamiu,2023-04-06,98468963,france,50203098,1,0,0,0,0,0,0,0,0
Syphon83,2023-03-28,97198633,italy,11347456,1,1,0,0,0,0,0,0,0
Syphon83,2023-03-29,,italy,11347456,0,0,1,0,0,0,0,0,0
Syphon83,2023-03-30,,italy,11347456,0,0,0,1,0,0,0,0,0
Syphon83,2023-03-31,,italy,11347456,0,0,0,0,1,0,0,0,0
Syphon83,2023-04-03,,italy,11347456,0,0,0,0,0,1,0,0,0
Syphon83,2023-04-04,,italy,11347456,0,0,0,0,0,0,1,0,0
Syphon83,2023-04-05,,italy,11347456,0,0,0,0,0,0,0,1,0
Syphon83,2023-04-06,,italy,11347456,0,0,0,0,0,0,0,0,1
System-Glitch,2023-03-28,,france,20162494,0,0,0,0,0,0,0,0,0
System-Glitch,2023-03-29,,france,20162494,0,0,0,0,0,0,0,0,0
System-Glitch,2023-03-30,,france,20162494,0,0,0,0,0,0,0,0,0
System-Glitch,2023-03-31,,france,20162494,0,0,0,0,0,0,0,0,0
System-Glitch,2023-04-03,,france,20162494,0,0,0,0,0,0,0,0,0
System-Glitch,2023-04-04,98000430,france,20162494,1,0,0,0,0,0,0,0,0
System-Glitch,2023-04-05,,france,20162494,0,0,0,0,0,0,0,0,0
System-Glitch,2023-04-06,,france,20162494,0,0,0,0,0,0,0,0,0
THZoria,2023-03-28,,france,,0,0,0,0,0,0,0,0,0
THZoria,2023-03-29,,france,,0,0,0,0,0,0,0,0,0
THZoria,2023-03-30,,france,,0,0,0,0,0,0,0,0,0
THZoria,2023-03-31,,france,,0,0,0,0,0,0,0,0,0
THZoria,2023-04-03,,france,,0,0,0,0,0,0,0,0,0
THZoria,2023-04-04,,france,,0,0,0,0,0,0,0,0,0
THZoria,2023-04-05,,france,,0,0,0,0,0,0,0,0,0
THZoria,2023-04-06,98439964,france,,1,0,0,0,0,0,0,0,0
THoguet,2023-03-28,,france,,0,0,0,0,0,0,0,0,0
THoguet,2023-03-29,97402731,france,,1,0,0,0,0,0,0,0,0
THoguet,2023-03-30,,france,,0,0,0,0,0,0,0,0,0
THoguet,2023-03-31,,france,,0,0,0,0,0,0,0,0,0
THoguet,2023-04-03,,france,,0,0,0,0,0,0,0,0,0
THoguet,2023-04-04,,france,,0,0,0,0,0,0,0,0,0
THoguet,2023-04-05,,france,,0,0,0,0,0,0,0,0,0
THoguet,2023-04-06,,france,,0,0,0,0,0,0,0,0,0
TTalex,2023-03-28,97162078,france,12850311,1,0,0,0,0,0,0,0,0
TTalex,2023-03-29,,france,12850311,0,0,0,0,0,0,0,0,0
TTalex,2023-03-30,,france,12850311,0,0,0,0,0,0,0,0,0
TTalex,2023-03-31,97633863,france,12850311,1,0,0,0,0,0,0,0,0
TTalex,2023-04-03,,france,12850311,0,0,0,0,0,0,0,0,0
TTalex,2023-04-04,,france,12850311,0,0,0,0,0,0,0,0,0
TTalex,2023-04-05,,france,12850311,0,0,0,0,0,0,0,0,0
TTalex,2023-04-06,,france,12850311,0,0,0,0,0,0,0,0,0
Taiki-San,2023-03-28,,france,365230,0,0,0,0,0,0,0,0,0
Taiki-San,2023-03-29,,france,365230,0,0,0,0,0,0,0,0,0
Taiki-San,2023-03-30,,france,365230,0,0,0,0,0,0,0,0,0
Taiki-San,2023-03-31,,france,365230,0,0,0,0,0,0,0,0,0
Taiki-San,2023-04-03,,france,365230,0,0,0,0,0,0,0,0,0
Taiki-San,2023-04-04,98011907,france,365230,1,0,0,0,0,0,0,0,0
Taiki-San,2023-04-05,,france,365230,0,0,0,0,0,0,0,0,0
Taiki-San,2023-04-06,,france,365230,0,0,0,0,0,0,0,0,0
Tbaile,2023-03-28,,italy,6469208,0,1,0,0,0,0,0,0,0
Tbaile,2023-03-29,,italy,6469208,0,0,1,0,0,0,0,0,0
Tbaile,2023-03-30,97443599,italy,6469208,1,0,0,1,0,0,0,0,0
Tbaile,2023-03-31,,italy,6469208,0,0,0,0,1,0,0,0,0
Tbaile,2023-04-03,,italy,6469208,0,0,0,0,0,1,0,0,0
Tbaile,2023-04-04,,italy,6469208,0,0,0,0,0,0,1,0,0
Tbaile,2023-04-05,,italy,6469208,0,0,0,0,0,0,0,1,0
Tbaile,2023-04-06,,italy,6469208,0,0,0,0,0,0,0,0,1
TeKrop,2023-03-28,,france,,0,0,0,0,0,0,0,0,0
TeKrop,2023-03-29,97386415,france,,1,0,0,0,0,0,0,0,0
TeKrop,2023-03-30,,france,,0,0,0,0,0,0,0,0,0
TeKrop,2023-03-31,,france,,0,0,0,0,0,0,0,0,0
TeKrop,2023-04-03,97915849,france,,1,0,0,0,0,0,0,0,0
TeKrop,2023-04-04,,france,,0,0,0,0,0,0,0,0,0
TeKrop,2023-04-05,,france,,0,0,0,0,0,0,0,0,0
TeKrop,2023-04-06,,france,,0,0,0,0,0,0,0,0,0
Ted-18,2023-03-28,,france,,0,0,0,0,0,0,0,0,0
Ted-18,2023-03-29,,france,,0,0,0,0,0,0,0,0,0
Ted-18,2023-03-30,97513712,france,,1,0,0,0,0,0,0,0,0
Ted-18,2023-03-31,,france,,0,0,0,0,0,0,0,0,0
Ted-18,2023-04-03,,france,,0,0,0,0,0,0,0,0,0
Ted-18,2023-04-04,,france,,0,0,0,0,0,0,0,0,0
Ted-18,2023-04-05,,france,,0,0,0,0,0,0,0,0,0
Ted-18,2023-04-06,,france,,0,0,0,0,0,0,0,0,0
Telemaco019,2023-03-28,,italy,,0,1,0,0,0,0,0,0,0
Telemaco019,2023-03-29,,italy,,0,0,1,0,0,0,0,0,0
Telemaco019,2023-03-30,,italy,,0,0,0,1,0,0,0,0,0
Telemaco019,2023-03-31,,italy,,0,0,0,0,1,0,0,0,0
Telemaco019,2023-04-03,97850510,italy,,1,0,0,0,0,1,0,0,0
Telemaco019,2023-04-04,,italy,,0,0,0,0,0,0,1,0,0
Telemaco019,2023-04-05,,italy,,0,0,0,0,0,0,0,1,0
Telemaco019,2023-04-06,98379025,italy,,1,0,0,0,0,0,0,0,1
TesteurManiak,2023-03-28,,france,,0,0,0,0,0,0,0,0,0
TesteurManiak,2023-03-29,,france,,0,0,0,0,0,0,0,0,0
TesteurManiak,2023-03-30,97429109,france,,1,0,0,0,0,0,0,0,0
TesteurManiak,2023-03-31,97617078,france,,1,0,0,0,0,0,0,0,0
TesteurManiak,2023-04-03,,france,,0,0,0,0,0,0,0,0,0
TesteurManiak,2023-04-04,,france,,0,0,0,0,0,0,0,0,0
TesteurManiak,2023-04-05,,france,,0,0,0,0,0,0,0,0,0
TesteurManiak,2023-04-06,,france,,0,0,0,0,0,0,0,0,0
TheBossMagnus,2023-03-28,,italy,,0,1,0,0,0,0,0,0,0
TheBossMagnus,2023-03-29,,italy,,0,0,1,0,0,0,0,0,0
TheBossMagnus,2023-03-30,,italy,,0,0,0,1,0,0,0,0,0
TheBossMagnus,2023-03-31,,italy,,0,0,0,0,1,0,0,0,0
TheBossMagnus,2023-04-03,97899568,italy,,1,0,0,0,0,1,0,0,0
TheBossMagnus,2023-04-04,,italy,,0,0,0,0,0,0,1,0,0
TheBossMagnus,2023-04-05,,italy,,0,0,0,0,0,0,0,1,0
TheBossMagnus,2023-04-06,,italy,,0,0,0,0,0,0,0,0,1
TheFiery,2023-03-28,,france,,0,0,0,0,0,0,0,0,0
TheFiery,2023-03-29,97343426,france,,1,0,0,0,0,0,0,0,0
TheFiery,2023-03-30,,france,,0,0,0,0,0,0,0,0,0
TheFiery,2023-03-31,,france,,0,0,0,0,0,0,0,0,0
TheFiery,2023-04-03,,france,,0,0,0,0,0,0,0,0,0
TheFiery,2023-04-04,,france,,0,0,0,0,0,0,0,0,0
TheFiery,2023-04-05,,france,,0,0,0,0,0,0,0,0,0
TheFiery,2023-04-06,,france,,0,0,0,0,0,0,0,0,0
TheKeymaster,2023-03-28,,austria,3425374,0,0,0,0,0,0,0,0,0
TheKeymaster,2023-03-29,,austria,3425374,0,0,0,0,0,0,0,0,0
TheKeymaster,2023-03-30,,austria,3425374,0,0,0,0,0,0,0,0,0
TheKeymaster,2023-03-31,,austria,3425374,0,0,0,0,0,0,0,0,0
TheKeymaster,2023-04-03,,austria,3425374,0,0,0,0,0,0,0,0,0
TheKeymaster,2023-04-04,,austria,3425374,0,0,0,0,0,0,0,0,0
TheKeymaster,2023-04-05,,austria,3425374,0,0,0,0,0,0,0,0,0
TheKeymaster,2023-04-06,52923012,austria,3425374,1,0,0,0,0,0,0,0,0
TheNeikos,2023-03-28,,france,,0,0,0,0,0,0,0,0,0
TheNeikos,2023-03-29,,france,,0,0,0,0,0,0,0,0,0
TheNeikos,2023-03-30,,france,,0,0,0,0,0,0,0,0,0
TheNeikos,2023-03-31,,france,,0,0,0,0,0,0,0,0,0
TheNeikos,2023-04-03,,france,,0,0,0,0,0,0,0,0,0
TheNeikos,2023-04-04,,france,,0,0,0,0,0,0,0,0,0
TheNeikos,2023-04-05,98216615,france,,1,0,0,0,0,0,0,0,0
TheNeikos,2023-04-06,,france,,0,0,0,0,0,0,0,0,0
TheoPierne,2023-03-28,,france,,0,0,0,0,0,0,0,0,0
TheoPierne,2023-03-29,,france,,0,0,0,0,0,0,0,0,0
TheoPierne,2023-03-30,97498751,france,,1,0,0,0,0,0,0,0,0
TheoPierne,2023-03-31,,france,,0,0,0,0,0,0,0,0,0
TheoPierne,2023-04-03,,france,,0,0,0,0,0,0,0,0,0
TheoPierne,2023-04-04,,france,,0,0,0,0,0,0,0,0,0
TheoPierne,2023-04-05,98277755,france,,1,0,0,0,0,0,0,0,0
TheoPierne,2023-04-06,,france,,0,0,0,0,0,0,0,0,0
Thesola10,2023-03-28,97136250,france,126249274,1,0,0,0,0,0,0,0,0
Thesola10,2023-03-29,,france,126249274,0,0,0,0,0,0,0,0,0
Thesola10,2023-03-30,,france,126249274,0,0,0,0,0,0,0,0,0
Thesola10,2023-03-31,,france,126249274,0,0,0,0,0,0,0,0,0
Thesola10,2023-04-03,,france,126249274,0,0,0,0,0,0,0,0,0
Thesola10,2023-04-04,,france,126249274,0,0,0,0,0,0,0,0,0
Thesola10,2023-04-05,,france,126249274,0,0,0,0,0,0,0,0,0
Thesola10,2023-04-06,,france,126249274,0,0,0,0,0,0,0,0,0
ThibaultEllong,2023-03-28,,france,,0,0,0,0,0,0,0,0,0
ThibaultEllong,2023-03-29,,france,,0,0,0,0,0,0,0,0,0
ThibaultEllong,2023-03-30,,france,,0,0,0,0,0,0,0,0,0
ThibaultEllong,2023-03-31,,france,,0,0,0,0,0,0,0,0,0
ThibaultEllong,2023-04-03,,france,,0,0,0,0,0,0,0,0,0
ThibaultEllong,2023-04-04,98009927,france,,1,0,0,0,0,0,0,0,0
ThibaultEllong,2023-04-05,,france,,0,0,0,0,0,0,0,0,0
ThibaultEllong,2023-04-06,,france,,0,0,0,0,0,0,0,0,0
Thibaut-gauvin,2023-03-28,,france,17847038,0,0,0,0,0,0,0,0,0
Thibaut-gauvin,2023-03-29,,france,17847038,0,0,0,0,0,0,0,0,0
Thibaut-gauvin,2023-03-30,97489372,france,17847038,1,0,0,0,0,0,0,0,0
Thibaut-gauvin,2023-03-31,,france,17847038,0,0,0,0,0,0,0,0,0
Thibaut-gauvin,2023-04-03,,france,17847038,0,0,0,0,0,0,0,0,0
Thibaut-gauvin,2023-04-04,,france,17847038,0,0,0,0,0,0,0,0,0
Thibaut-gauvin,2023-04-05,,france,17847038,0,0,0,0,0,0,0,0,0
Thibaut-gauvin,2023-04-06,,france,17847038,0,0,0,0,0,0,0,0,0
Thomah,2023-03-28,,france,57324000,0,0,0,0,0,0,0,0,0
Thomah,2023-03-29,,france,57324000,0,0,0,0,0,0,0,0,0
Thomah,2023-03-30,,france,57324000,0,0,0,0,0,0,0,0,0
Thomah,2023-03-31,,france,57324000,0,0,0,0,0,0,0,0,0
Thomah,2023-04-03,97836152,france,57324000,1,0,0,0,0,0,0,0,0
Thomah,2023-04-04,,france,57324000,0,0,0,0,0,0,0,0,0
Thomah,2023-04-05,,france,57324000,0,0,0,0,0,0,0,0,0
Thomah,2023-04-06,,france,57324000,0,0,0,0,0,0,0,0,0
ThomasG77,2023-03-28,97219826,france,5313610,1,0,0,0,0,0,0,0,0
ThomasG77,2023-03-29,97336357,france,5313610,1,0,0,0,0,0,0,0,0
ThomasG77,2023-03-30,,france,5313610,0,0,0,0,0,0,0,0,0
ThomasG77,2023-03-31,,france,5313610,0,0,0,0,0,0,0,0,0
ThomasG77,2023-04-03,,france,5313610,0,0,0,0,0,0,0,0,0
ThomasG77,2023-04-04,,france,5313610,0,0,0,0,0,0,0,0,0
ThomasG77,2023-04-05,,france,5313610,0,0,0,0,0,0,0,0,0
ThomasG77,2023-04-06,,france,5313610,0,0,0,0,0,0,0,0,0
Thomascogez,2023-03-28,,france,127993294,0,0,0,0,0,0,0,0,0
Thomascogez,2023-03-29,,france,127993294,0,0,0,0,0,0,0,0,0
Thomascogez,2023-03-30,,france,127993294,0,0,0,0,0,0,0,0,0
Thomascogez,2023-03-31,,france,127993294,0,0,0,0,0,0,0,0,0
Thomascogez,2023-04-03,,france,127993294,0,0,0,0,0,0,0,0,0
Thomascogez,2023-04-04,98096114,france,127993294,1,0,0,0,0,0,0,0,0
Thomascogez,2023-04-05,,france,127993294,0,0,0,0,0,0,0,0,0
Thomascogez,2023-04-06,,france,127993294,0,0,0,0,0,0,0,0,0
Tidone,2023-03-28,,austria,55834310,0,0,0,0,0,0,0,0,0
Tidone,2023-03-29,,austria,55834310,0,0,0,0,0,0,0,0,0
Tidone,2023-03-30,,austria,55834310,0,0,0,0,0,0,0,0,0
Tidone,2023-03-31,,austria,55834310,0,0,0,0,0,0,0,0,0
Tidone,2023-04-03,97860323,austria,55834310,1,0,0,0,0,0,0,0,0
Tidone,2023-04-04,,austria,55834310,0,0,0,0,0,0,0,0,0
Tidone,2023-04-05,,austria,55834310,0,0,0,0,0,0,0,0,0
Tidone,2023-04-06,,austria,55834310,0,0,0,0,0,0,0,0,0
Tifaifai,2023-03-28,97170208,france,,1,0,0,0,0,0,0,0,0
Tifaifai,2023-03-29,,france,,0,0,0,0,0,0,0,0,0
Tifaifai,2023-03-30,,france,,0,0,0,0,0,0,0,0,0
Tifaifai,2023-03-31,,france,,0,0,0,0,0,0,0,0,0
Tifaifai,2023-04-03,,france,,0,0,0,0,0,0,0,0,0
Tifaifai,2023-04-04,,france,,0,0,0,0,0,0,0,0,0
Tifaifai,2023-04-05,,france,,0,0,0,0,0,0,0,0,0
Tifaifai,2023-04-06,,france,,0,0,0,0,0,0,0,0,0
Tiitan,2023-03-28,,france,,0,0,0,0,0,0,0,0,0
Tiitan,2023-03-29,,france,,0,0,0,0,0,0,0,0,0
Tiitan,2023-03-30,,france,,0,0,0,0,0,0,0,0,0
Tiitan,2023-03-31,,france,,0,0,0,0,0,0,0,0,0
Tiitan,2023-04-03,97908887,france,,1,0,0,0,0,0,0,0,0
Tiitan,2023-04-04,,france,,0,0,0,0,0,0,0,0,0
Tiitan,2023-04-05,,france,,0,0,0,0,0,0,0,0,0
Tiitan,2023-04-06,,france,,0,0,0,0,0,0,0,0,0
TkDodo,2023-03-28,,austria,39049333,0,0,0,0,0,0,0,0,0
TkDodo,2023-03-29,,austria,39049333,0,0,0,0,0,0,0,0,0
TkDodo,2023-03-30,,austria,39049333,0,0,0,0,0,0,0,0,0
TkDodo,2023-03-31,,austria,39049333,0,0,0,0,0,0,0,0,0
TkDodo,2023-04-03,97813592,austria,39049333,1,0,0,0,0,0,0,0,0
TkDodo,2023-04-04,,austria,39049333,0,0,0,0,0,0,0,0,0
TkDodo,2023-04-05,,austria,39049333,0,0,0,0,0,0,0,0,0
TkDodo,2023-04-06,,austria,39049333,0,0,0,0,0,0,0,0,0
ToX82,2023-03-28,,italy,,0,1,0,0,0,0,0,0,0
ToX82,2023-03-29,,italy,,0,0,1,0,0,0,0,0,0
ToX82,2023-03-30,,italy,,0,0,0,1,0,0,0,0,0
ToX82,2023-03-31,,italy,,0,0,0,0,1,0,0,0,0
ToX82,2023-04-03,,italy,,0,0,0,0,0,1,0,0,0
ToX82,2023-04-04,98069891,italy,,1,0,0,0,0,0,1,0,0
ToX82,2023-04-05,,italy,,0,0,0,0,0,0,0,1,0
ToX82,2023-04-06,,italy,,0,0,0,0,0,0,0,0,1
ToeiRei,2023-03-28,,austria,,0,0,0,0,0,0,0,0,0
ToeiRei,2023-03-29,,austria,,0,0,0,0,0,0,0,0,0
ToeiRei,2023-03-30,97566399,austria,,1,0,0,0,0,0,0,0,0
ToeiRei,2023-03-31,,austria,,0,0,0,0,0,0,0,0,0
ToeiRei,2023-04-03,,austria,,0,0,0,0,0,0,0,0,0
ToeiRei,2023-04-04,,austria,,0,0,0,0,0,0,0,0,0
ToeiRei,2023-04-05,,austria,,0,0,0,0,0,0,0,0,0
ToeiRei,2023-04-06,98456577,austria,,1,0,0,0,0,0,0,0,0
TororoLaLoutre,2023-03-28,,france,,0,0,0,0,0,0,0,0,0
TororoLaLoutre,2023-03-29,97326923,france,,1,0,0,0,0,0,0,0,0
TororoLaLoutre,2023-03-30,,france,,0,0,0,0,0,0,0,0,0
TororoLaLoutre,2023-03-31,,france,,0,0,0,0,0,0,0,0,0
TororoLaLoutre,2023-04-03,,france,,0,0,0,0,0,0,0,0,0
TororoLaLoutre,2023-04-04,,france,,0,0,0,0,0,0,0,0,0
TororoLaLoutre,2023-04-05,,france,,0,0,0,0,0,0,0,0,0
TororoLaLoutre,2023-04-06,,france,,0,0,0,0,0,0,0,0,0
ToxicStoxm,2023-03-28,,italy,,0,1,0,0,0,0,0,0,0
ToxicStoxm,2023-03-29,,italy,,0,0,1,0,0,0,0,0,0
ToxicStoxm,2023-03-30,,italy,,0,0,0,1,0,0,0,0,0
ToxicStoxm,2023-03-31,97702987,italy,,1,0,0,0,1,0,0,0,0
ToxicStoxm,2023-04-03,,italy,,0,0,0,0,0,1,0,0,0
ToxicStoxm,2023-04-04,,italy,,0,0,0,0,0,0,1,0,0
ToxicStoxm,2023-04-05,,italy,,0,0,0,0,0,0,0,1,0
ToxicStoxm,2023-04-06,,italy,,0,0,0,0,0,0,0,0,1
TrAsKiN,2023-03-28,97164414,france,,1,0,0,0,0,0,0,0,0
TrAsKiN,2023-03-29,,france,,0,0,0,0,0,0,0,0,0
TrAsKiN,2023-03-30,,france,,0,0,0,0,0,0,0,0,0
TrAsKiN,2023-03-31,,france,,0,0,0,0,0,0,0,0,0
TrAsKiN,2023-04-03,,france,,0,0,0,0,0,0,0,0,0
TrAsKiN,2023-04-04,,france,,0,0,0,0,0,0,0,0,0
TrAsKiN,2023-04-05,,france,,0,0,0,0,0,0,0,0,0
TrAsKiN,2023-04-06,,france,,0,0,0,0,0,0,0,0,0
Tuurtleee,2023-03-28,,france,,0,0,0,0,0,0,0,0,0
Tuurtleee,2023-03-29,97367296,france,,1,0,0,0,0,0,0,0,0
Tuurtleee,2023-03-30,,france,,0,0,0,0,0,0,0,0,0
Tuurtleee,2023-03-31,,france,,0,0,0,0,0,0,0,0,0
Tuurtleee,2023-04-03,,france,,0,0,0,0,0,0,0,0,0
Tuurtleee,2023-04-04,,france,,0,0,0,0,0,0,0,0,0
Tuurtleee,2023-04-05,,france,,0,0,0,0,0,0,0,0,0
Tuurtleee,2023-04-06,,france,,0,0,0,0,0,0,0,0,0
Valentin-CosaVostra,2023-03-28,,france,,0,0,0,0,0,0,0,0,0
Valentin-CosaVostra,2023-03-29,97331496,france,,1,0,0,0,0,0,0,0,0
Valentin-CosaVostra,2023-03-30,,france,,0,0,0,0,0,0,0,0,0
Valentin-CosaVostra,2023-03-31,,france,,0,0,0,0,0,0,0,0,0
Valentin-CosaVostra,2023-04-03,,france,,0,0,0,0,0,0,0,0,0
Valentin-CosaVostra,2023-04-04,,france,,0,0,0,0,0,0,0,0,0
Valentin-CosaVostra,2023-04-05,,france,,0,0,0,0,0,0,0,0,0
Valentin-CosaVostra,2023-04-06,,france,,0,0,0,0,0,0,0,0,0
ValentinoUberti,2023-03-28,,italy,,0,1,0,0,0,0,0,0,0
ValentinoUberti,2023-03-29,,italy,,0,0,1,0,0,0,0,0,0
ValentinoUberti,2023-03-30,,italy,,0,0,0,1,0,0,0,0,0
ValentinoUberti,2023-03-31,,italy,,0,0,0,0,1,0,0,0,0
ValentinoUberti,2023-04-03,,italy,,0,0,0,0,0,1,0,0,0
ValentinoUberti,2023-04-04,,italy,,0,0,0,0,0,0,1,0,0
ValentinoUberti,2023-04-05,,italy,,0,0,0,0,0,0,0,1,0
ValentinoUberti,2023-04-06,98306992,italy,,1,0,0,0,0,0,0,0,1
VassilyDev,2023-03-28,,italy,,0,1,0,0,0,0,0,0,0
VassilyDev,2023-03-29,,italy,,0,0,1,0,0,0,0,0,0
VassilyDev,2023-03-30,,italy,,0,0,0,1,0,0,0,0,0
VassilyDev,2023-03-31,,italy,,0,0,0,0,1,0,0,0,0
VassilyDev,2023-04-03,,italy,,0,0,0,0,0,1,0,0,0
VassilyDev,2023-04-04,98062538,italy,,1,0,0,0,0,0,1,0,0
VassilyDev,2023-04-05,,italy,,0,0,0,0,0,0,0,1,0
VassilyDev,2023-04-06,,italy,,0,0,0,0,0,0,0,0,1
Venatum,2023-03-28,,france,,0,0,0,0,0,0,0,0,0
Venatum,2023-03-29,,france,,0,0,0,0,0,0,0,0,0
Venatum,2023-03-30,,france,,0,0,0,0,0,0,0,0,0
Venatum,2023-03-31,,france,,0,0,0,0,0,0,0,0,0
Venatum,2023-04-03,,france,,0,0,0,0,0,0,0,0,0
Venatum,2023-04-04,98028311,france,,1,0,0,0,0,0,0,0,0
Venatum,2023-04-05,,france,,0,0,0,0,0,0,0,0,0
Venatum,2023-04-06,,france,,0,0,0,0,0,0,0,0,0
Viazel,2023-03-28,,france,,0,0,0,0,0,0,0,0,0
Viazel,2023-03-29,,france,,0,0,0,0,0,0,0,0,0
Viazel,2023-03-30,,france,,0,0,0,0,0,0,0,0,0
Viazel,2023-03-31,,france,,0,0,0,0,0,0,0,0,0
Viazel,2023-04-03,,france,,0,0,0,0,0,0,0,0,0
Viazel,2023-04-04,,france,,0,0,0,0,0,0,0,0,0
Viazel,2023-04-05,,france,,0,0,0,0,0,0,0,0,0
Viazel,2023-04-06,98459698,france,,1,0,0,0,0,0,0,0,0
Vichingo455,2023-03-28,,italy,,0,1,0,0,0,0,0,0,0
Vichingo455,2023-03-29,,italy,,0,0,1,0,0,0,0,0,0
Vichingo455,2023-03-30,97500540,italy,,1,0,0,1,0,0,0,0,0
Vichingo455,2023-03-31,97636316,italy,,1,0,0,0,1,0,0,0,0
Vichingo455,2023-04-03,97897196,italy,,1,0,0,0,0,1,0,0,0
Vichingo455,2023-04-04,,italy,,0,0,0,0,0,0,1,0,0
Vichingo455,2023-04-05,,italy,,0,0,0,0,0,0,0,1,0
Vichingo455,2023-04-06,,italy,,0,0,0,0,0,0,0,0,1
Victor-Salomon,2023-03-28,97204106,france,75503140,1,0,0,0,0,0,0,0,0
Victor-Salomon,2023-03-29,,france,75503140,0,0,0,0,0,0,0,0,0
Victor-Salomon,2023-03-30,,france,75503140,0,0,0,0,0,0,0,0,0
Victor-Salomon,2023-03-31,,france,75503140,0,0,0,0,0,0,0,0,0
Victor-Salomon,2023-04-03,,france,75503140,0,0,0,0,0,0,0,0,0
Victor-Salomon,2023-04-04,,france,75503140,0,0,0,0,0,0,0,0,0
Victor-Salomon,2023-04-05,,france,75503140,0,0,0,0,0,0,0,0,0
Victor-Salomon,2023-04-06,,france,75503140,0,0,0,0,0,0,0,0,0
VictorGoubet,2023-03-28,,france,,0,0,0,0,0,0,0,0,0
VictorGoubet,2023-03-29,,france,,0,0,0,0,0,0,0,0,0
VictorGoubet,2023-03-30,,france,,0,0,0,0,0,0,0,0,0
VictorGoubet,2023-03-31,,france,,0,0,0,0,0,0,0,0,0
VictorGoubet,2023-04-03,,france,,0,0,0,0,0,0,0,0,0
VictorGoubet,2023-04-04,98080129,france,,1,0,0,0,0,0,0,0,0
VictorGoubet,2023-04-05,,france,,0,0,0,0,0,0,0,0,0
VictorGoubet,2023-04-06,,france,,0,0,0,0,0,0,0,0,0
VincentLanglet,2023-03-28,,france,404157,0,0,0,0,0,0,0,0,0
VincentLanglet,2023-03-29,,france,404157,0,0,0,0,0,0,0,0,0
VincentLanglet,2023-03-30,97554788,france,404157,1,0,0,0,0,0,0,0,0
VincentLanglet,2023-03-31,,france,404157,0,0,0,0,0,0,0,0,0
VincentLanglet,2023-04-03,,france,404157,0,0,0,0,0,0,0,0,0
VincentLanglet,2023-04-04,,france,404157,0,0,0,0,0,0,0,0,0
VincentLanglet,2023-04-05,,france,404157,0,0,0,0,0,0,0,0,0
VincentLanglet,2023-04-06,,france,404157,0,0,0,0,0,0,0,0,0
VoisinneG,2023-03-28,,france,,0,0,0,0,0,0,0,0,0
VoisinneG,2023-03-29,97308415,france,,1,0,0,0,0,0,0,0,0
VoisinneG,2023-03-30,,france,,0,0,0,0,0,0,0,0,0
VoisinneG,2023-03-31,,france,,0,0,0,0,0,0,0,0,0
VoisinneG,2023-04-03,,france,,0,0,0,0,0,0,0,0,0
VoisinneG,2023-04-04,,france,,0,0,0,0,0,0,0,0,0
VoisinneG,2023-04-05,,france,,0,0,0,0,0,0,0,0,0
VoisinneG,2023-04-06,,france,,0,0,0,0,0,0,0,0,0
Vrixyz,2023-03-28,97137022,france,,1,0,0,0,0,0,0,0,0
Vrixyz,2023-03-29,,france,,0,0,0,0,0,0,0,0,0
Vrixyz,2023-03-30,97448439,france,,1,0,0,0,0,0,0,0,0
Vrixyz,2023-03-31,,france,,0,0,0,0,0,0,0,0,0
Vrixyz,2023-04-03,,france,,0,0,0,0,0,0,0,0,0
Vrixyz,2023-04-04,98093450,france,,1,0,0,0,0,0,0,0,0
Vrixyz,2023-04-05,98244807,france,,1,0,0,0,0,0,0,0,0
Vrixyz,2023-04-06,,france,,0,0,0,0,0,0,0,0,0
Wabtey,2023-03-28,,france,,0,0,0,0,0,0,0,0,0
Wabtey,2023-03-29,,france,,0,0,0,0,0,0,0,0,0
Wabtey,2023-03-30,,france,,0,0,0,0,0,0,0,0,0
Wabtey,2023-03-31,,france,,0,0,0,0,0,0,0,0,0
Wabtey,2023-04-03,97871398,france,,1,0,0,0,0,0,0,0,0
Wabtey,2023-04-04,,france,,0,0,0,0,0,0,0,0,0
Wabtey,2023-04-05,,france,,0,0,0,0,0,0,0,0,0
Wabtey,2023-04-06,,france,,0,0,0,0,0,0,0,0,0
WanzenBug,2023-03-28,,austria,52698954,0,0,0,0,0,0,0,0,0
WanzenBug,2023-03-29,,austria,52698954,0,0,0,0,0,0,0,0,0
WanzenBug,2023-03-30,,austria,52698954,0,0,0,0,0,0,0,0,0
WanzenBug,2023-03-31,,austria,52698954,0,0,0,0,0,0,0,0,0
WanzenBug,2023-04-03,,austria,52698954,0,0,0,0,0,0,0,0,0
WanzenBug,2023-04-04,,austria,52698954,0,0,0,0,0,0,0,0,0
WanzenBug,2023-04-05,,austria,52698954,0,0,0,0,0,0,0,0,0
WanzenBug,2023-04-06,98379943,austria,52698954,1,0,0,0,0,0,0,0,0
Wiibleyde,2023-03-28,97184338,france,,1,0,0,0,0,0,0,0,0
Wiibleyde,2023-03-29,,france,,0,0,0,0,0,0,0,0,0
Wiibleyde,2023-03-30,,france,,0,0,0,0,0,0,0,0,0
Wiibleyde,2023-03-31,,france,,0,0,0,0,0,0,0,0,0
Wiibleyde,2023-04-03,,france,,0,0,0,0,0,0,0,0,0
Wiibleyde,2023-04-04,,france,,0,0,0,0,0,0,0,0,0
Wiibleyde,2023-04-05,,france,,0,0,0,0,0,0,0,0,0
Wiibleyde,2023-04-06,,france,,0,0,0,0,0,0,0,0,0
Willy-JL,2023-03-28,,italy,,0,1,0,0,0,0,0,0,0
Willy-JL,2023-03-29,,italy,,0,0,1,0,0,0,0,0,0
Willy-JL,2023-03-30,,italy,,0,0,0,1,0,0,0,0,0
Willy-JL,2023-03-31,,italy,,0,0,0,0,1,0,0,0,0
Willy-JL,2023-04-03,97783160,italy,,1,0,0,0,0,1,0,0,0
Willy-JL,2023-04-04,,italy,,0,0,0,0,0,0,1,0,0
Willy-JL,2023-04-05,,italy,,0,0,0,0,0,0,0,1,0
Willy-JL,2023-04-06,,italy,,0,0,0,0,0,0,0,0,1
WolfyGreyWolf,2023-03-28,,france,,0,0,0,0,0,0,0,0,0
WolfyGreyWolf,2023-03-29,,france,,0,0,0,0,0,0,0,0,0
WolfyGreyWolf,2023-03-30,,france,,0,0,0,0,0,0,0,0,0
WolfyGreyWolf,2023-03-31,,france,,0,0,0,0,0,0,0,0,0
WolfyGreyWolf,2023-04-03,97884600,france,,1,0,0,0,0,0,0,0,0
WolfyGreyWolf,2023-04-04,,france,,0,0,0,0,0,0,0,0,0
WolfyGreyWolf,2023-04-05,,france,,0,0,0,0,0,0,0,0,0
WolfyGreyWolf,2023-04-06,,france,,0,0,0,0,0,0,0,0,0
WoodySlum,2023-03-28,97231020,france,1830968,1,0,0,0,0,0,0,0,0
WoodySlum,2023-03-29,,france,1830968,0,0,0,0,0,0,0,0,0
WoodySlum,2023-03-30,,france,1830968,0,0,0,0,0,0,0,0,0
WoodySlum,2023-03-31,,france,1830968,0,0,0,0,0,0,0,0,0
WoodySlum,2023-04-03,,france,1830968,0,0,0,0,0,0,0,0,0
WoodySlum,2023-04-04,,france,1830968,0,0,0,0,0,0,0,0,0
WoodySlum,2023-04-05,,france,1830968,0,0,0,0,0,0,0,0,0
WoodySlum,2023-04-06,,france,1830968,0,0,0,0,0,0,0,0,0
Xat59,2023-03-28,97190017,france,,1,0,0,0,0,0,0,0,0
Xat59,2023-03-29,,france,,0,0,0,0,0,0,0,0,0
Xat59,2023-03-30,,france,,0,0,0,0,0,0,0,0,0
Xat59,2023-03-31,,france,,0,0,0,0,0,0,0,0,0
Xat59,2023-04-03,,france,,0,0,0,0,0,0,0,0,0
Xat59,2023-04-04,,france,,0,0,0,0,0,0,0,0,0
Xat59,2023-04-05,,france,,0,0,0,0,0,0,0,0,0
Xat59,2023-04-06,,france,,0,0,0,0,0,0,0,0,0
Xenxia,2023-03-28,97219679,france,,1,0,0,0,0,0,0,0,0
Xenxia,2023-03-29,,france,,0,0,0,0,0,0,0,0,0
Xenxia,2023-03-30,97522858,france,,1,0,0,0,0,0,0,0,0
Xenxia,2023-03-31,,france,,0,0,0,0,0,0,0,0,0
Xenxia,2023-04-03,97896369,france,,1,0,0,0,0,0,0,0,0
Xenxia,2023-04-04,,france,,0,0,0,0,0,0,0,0,0
Xenxia,2023-04-05,,france,,0,0,0,0,0,0,0,0,0
Xenxia,2023-04-06,,france,,0,0,0,0,0,0,0,0,0
YacineSteeve,2023-03-28,,france,,0,0,0,0,0,0,0,0,0
YacineSteeve,2023-03-29,,france,,0,0,0,0,0,0,0,0,0
YacineSteeve,2023-03-30,97527322,france,,1,0,0,0,0,0,0,0,0
YacineSteeve,2023-03-31,,france,,0,0,0,0,0,0,0,0,0
YacineSteeve,2023-04-03,,france,,0,0,0,0,0,0,0,0,0
YacineSteeve,2023-04-04,,france,,0,0,0,0,0,0,0,0,0
YacineSteeve,2023-04-05,,france,,0,0,0,0,0,0,0,0,0
YacineSteeve,2023-04-06,98448446,france,,1,0,0,0,0,0,0,0,0
YannBirba,2023-03-28,97185522,france,,1,0,0,0,0,0,0,0,0
YannBirba,2023-03-29,,france,,0,0,0,0,0,0,0,0,0
YannBirba,2023-03-30,,france,,0,0,0,0,0,0,0,0,0
YannBirba,2023-03-31,,france,,0,0,0,0,0,0,0,0,0
YannBirba,2023-04-03,,france,,0,0,0,0,0,0,0,0,0
YannBirba,2023-04-04,,france,,0,0,0,0,0,0,0,0,0
YannBirba,2023-04-05,,france,,0,0,0,0,0,0,0,0,0
YannBirba,2023-04-06,,france,,0,0,0,0,0,0,0,0,0
Ybalrid,2023-03-28,,france,9202231,0,0,0,0,0,0,0,0,0
Ybalrid,2023-03-29,97390202,france,9202231,1,0,0,0,0,0,0,0,0
Ybalrid,2023-03-30,,france,9202231,0,0,0,0,0,0,0,0,0
Ybalrid,2023-03-31,,france,9202231,0,0,0,0,0,0,0,0,0
Ybalrid,2023-04-03,,france,9202231,0,0,0,0,0,0,0,0,0
Ybalrid,2023-04-04,,france,9202231,0,0,0,0,0,0,0,0,0
Ybalrid,2023-04-05,,france,9202231,0,0,0,0,0,0,0,0,0
Ybalrid,2023-04-06,,france,9202231,0,0,0,0,0,0,0,0,0
Yomguithereal,2023-03-28,,france,534856,0,0,0,0,0,0,0,0,0
Yomguithereal,2023-03-29,97338931,france,534856,1,0,0,0,0,0,0,0,0
Yomguithereal,2023-03-30,,france,534856,0,0,0,0,0,0,0,0,0
Yomguithereal,2023-03-31,,france,534856,0,0,0,0,0,0,0,0,0
Yomguithereal,2023-04-03,,france,534856,0,0,0,0,0,0,0,0,0
Yomguithereal,2023-04-04,,france,534856,0,0,0,0,0,0,0,0,0
Yomguithereal,2023-04-05,,france,534856,0,0,0,0,0,0,0,0,0
Yomguithereal,2023-04-06,,france,534856,0,0,0,0,0,0,0,0,0
Yqnn,2023-03-28,,france,,0,0,0,0,0,0,0,0,0
Yqnn,2023-03-29,,france,,0,0,0,0,0,0,0,0,0
Yqnn,2023-03-30,,france,,0,0,0,0,0,0,0,0,0
Yqnn,2023-03-31,,france,,0,0,0,0,0,0,0,0,0
Yqnn,2023-04-03,,france,,0,0,0,0,0,0,0,0,0
Yqnn,2023-04-04,,france,,0,0,0,0,0,0,0,0,0
Yqnn,2023-04-05,98238727,france,,1,0,0,0,0,0,0,0,0
Yqnn,2023-04-06,,france,,0,0,0,0,0,0,0,0,0
YsarocK,2023-03-28,,france,,0,0,0,0,0,0,0,0,0
YsarocK,2023-03-29,,france,,0,0,0,0,0,0,0,0,0
YsarocK,2023-03-30,,france,,0,0,0,0,0,0,0,0,0
YsarocK,2023-03-31,,france,,0,0,0,0,0,0,0,0,0
YsarocK,2023-04-03,97908694,france,,1,0,0,0,0,0,0,0,0
YsarocK,2023-04-04,98008018,france,,1,0,0,0,0,0,0,0,0
YsarocK,2023-04-05,,france,,0,0,0,0,0,0,0,0,0
YsarocK,2023-04-06,,france,,0,0,0,0,0,0,0,0,0
Zabriskije,2023-03-28,,italy,,0,1,0,0,0,0,0,0,0
Zabriskije,2023-03-29,97257192,italy,,1,0,1,0,0,0,0,0,0
Zabriskije,2023-03-30,,italy,,0,0,0,1,0,0,0,0,0
Zabriskije,2023-03-31,,italy,,0,0,0,0,1,0,0,0,0
Zabriskije,2023-04-03,,italy,,0,0,0,0,0,1,0,0,0
Zabriskije,2023-04-04,,italy,,0,0,0,0,0,0,1,0,0
Zabriskije,2023-04-05,,italy,,0,0,0,0,0,0,0,1,0
Zabriskije,2023-04-06,,italy,,0,0,0,0,0,0,0,0,1
Zefling,2023-03-28,,france,,0,0,0,0,0,0,0,0,0
Zefling,2023-03-29,,france,,0,0,0,0,0,0,0,0,0
Zefling,2023-03-30,,france,,0,0,0,0,0,0,0,0,0
Zefling,2023-03-31,,france,,0,0,0,0,0,0,0,0,0
Zefling,2023-04-03,,france,,0,0,0,0,0,0,0,0,0
Zefling,2023-04-04,,france,,0,0,0,0,0,0,0,0,0
Zefling,2023-04-05,,france,,0,0,0,0,0,0,0,0,0
Zefling,2023-04-06,98347584,france,,1,0,0,0,0,0,0,0,0
Zexal0807,2023-03-28,,italy,98479394,0,1,0,0,0,0,0,0,0
Zexal0807,2023-03-29,97273891,italy,98479394,1,0,1,0,0,0,0,0,0
Zexal0807,2023-03-30,,italy,98479394,0,0,0,1,0,0,0,0,0
Zexal0807,2023-03-31,,italy,98479394,0,0,0,0,1,0,0,0,0
Zexal0807,2023-04-03,,italy,98479394,0,0,0,0,0,1,0,0,0
Zexal0807,2023-04-04,,italy,98479394,0,0,0,0,0,0,1,0,0
Zexal0807,2023-04-05,,italy,98479394,0,0,0,0,0,0,0,1,0
Zexal0807,2023-04-06,,italy,98479394,0,0,0,0,0,0,0,0,1
ZigRazor,2023-03-28,97175684,italy,,1,1,0,0,0,0,0,0,0
ZigRazor,2023-03-29,,italy,,0,0,1,0,0,0,0,0,0
ZigRazor,2023-03-30,,italy,,0,0,0,1,0,0,0,0,0
ZigRazor,2023-03-31,,italy,,0,0,0,0,1,0,0,0,0
ZigRazor,2023-04-03,,italy,,0,0,0,0,0,1,0,0,0
ZigRazor,2023-04-04,,italy,,0,0,0,0,0,0,1,0,0
ZigRazor,2023-04-05,,italy,,0,0,0,0,0,0,0,1,0
ZigRazor,2023-04-06,,italy,,0,0,0,0,0,0,0,0,1
Zorin95670,2023-03-28,,france,25821552,0,0,0,0,0,0,0,0,0
Zorin95670,2023-03-29,,france,25821552,0,0,0,0,0,0,0,0,0
Zorin95670,2023-03-30,,france,25821552,0,0,0,0,0,0,0,0,0
Zorin95670,2023-03-31,97637509,france,25821552,1,0,0,0,0,0,0,0,0
Zorin95670,2023-04-03,,france,25821552,0,0,0,0,0,0,0,0,0
Zorin95670,2023-04-04,,france,25821552,0,0,0,0,0,0,0,0,0
Zorin95670,2023-04-05,,france,25821552,0,0,0,0,0,0,0,0,0
Zorin95670,2023-04-06,,france,25821552,0,0,0,0,0,0,0,0,0
a-sevin,2023-03-28,,france,7011760,0,0,0,0,0,0,0,0,0
a-sevin,2023-03-29,,france,7011760,0,0,0,0,0,0,0,0,0
a-sevin,2023-03-30,,france,7011760,0,0,0,0,0,0,0,0,0
a-sevin,2023-03-31,,france,7011760,0,0,0,0,0,0,0,0,0
a-sevin,2023-04-03,,france,7011760,0,0,0,0,0,0,0,0,0
a-sevin,2023-04-04,98036714,france,7011760,1,0,0,0,0,0,0,0,0
a-sevin,2023-04-05,,france,7011760,0,0,0,0,0,0,0,0,0
a-sevin,2023-04-06,,france,7011760,0,0,0,0,0,0,0,0,0
aabherve,2023-03-28,,france,69912464,0,0,0,0,0,0,0,0,0
aabherve,2023-03-29,,france,69912464,0,0,0,0,0,0,0,0,0
aabherve,2023-03-30,,france,69912464,0,0,0,0,0,0,0,0,0
aabherve,2023-03-31,97596432,france,69912464,1,0,0,0,0,0,0,0,0
aabherve,2023-04-03,,france,69912464,0,0,0,0,0,0,0,0,0
aabherve,2023-04-04,,france,69912464,0,0,0,0,0,0,0,0,0
aabherve,2023-04-05,,france,69912464,0,0,0,0,0,0,0,0,0
aabherve,2023-04-06,,france,69912464,0,0,0,0,0,0,0,0,0
abompard,2023-03-28,97213979,france,3316637,1,0,0,0,0,0,0,0,0
abompard,2023-03-29,,france,3316637,0,0,0,0,0,0,0,0,0
abompard,2023-03-30,,france,3316637,0,0,0,0,0,0,0,0,0
abompard,2023-03-31,97620590,france,3316637,1,0,0,0,0,0,0,0,0
abompard,2023-04-03,97849877,france,3316637,1,0,0,0,0,0,0,0,0
abompard,2023-04-04,,france,3316637,0,0,0,0,0,0,0,0,0
abompard,2023-04-05,,france,3316637,0,0,0,0,0,0,0,0,0
abompard,2023-04-06,,france,3316637,0,0,0,0,0,0,0,0,0
ach-git,2023-03-28,,france,,0,0,0,0,0,0,0,0,0
ach-git,2023-03-29,,france,,0,0,0,0,0,0,0,0,0
ach-git,2023-03-30,,france,,0,0,0,0,0,0,0,0,0
ach-git,2023-03-31,97702930,france,,1,0,0,0,0,0,0,0,0
ach-git,2023-04-03,,france,,0,0,0,0,0,0,0,0,0
ach-git,2023-04-04,,france,,0,0,0,0,0,0,0,0,0
ach-git,2023-04-05,,france,,0,0,0,0,0,0,0,0,0
ach-git,2023-04-06,,france,,0,0,0,0,0,0,0,0,0
acifani,2023-03-28,,italy,,0,1,0,0,0,0,0,0,0
acifani,2023-03-29,,italy,,0,0,1,0,0,0,0,0,0
acifani,2023-03-30,97515463,italy,,1,0,0,1,0,0,0,0,0
acifani,2023-03-31,,italy,,0,0,0,0,1,0,0,0,0
acifani,2023-04-03,,italy,,0,0,0,0,0,1,0,0,0
acifani,2023-04-04,,italy,,0,0,0,0,0,0,1,0,0
acifani,2023-04-05,,italy,,0,0,0,0,0,0,0,1,0
acifani,2023-04-06,,italy,,0,0,0,0,0,0,0,0,1
adejanovski,2023-03-28,,france,30403496,0,0,0,0,0,0,0,0,0
adejanovski,2023-03-29,97296917,france,30403496,1,0,0,0,0,0,0,0,0
adejanovski,2023-03-30,,france,30403496,0,0,0,0,0,0,0,0,0
adejanovski,2023-03-31,,france,30403496,0,0,0,0,0,0,0,0,0
adejanovski,2023-04-03,,france,30403496,0,0,0,0,0,0,0,0,0
adejanovski,2023-04-04,,france,30403496,0,0,0,0,0,0,0,0,0
adejanovski,2023-04-05,98161923,france,30403496,1,0,0,0,0,0,0,0,0
adejanovski,2023-04-06,,france,30403496,0,0,0,0,0,0,0,0,0
adrianoamalfi,2023-03-28,97173585,italy,,1,1,0,0,0,0,0,0,0
adrianoamalfi,2023-03-29,,italy,,0,0,1,0,0,0,0,0,0
adrianoamalfi,2023-03-30,,italy,,0,0,0,1,0,0,0,0,0
adrianoamalfi,2023-03-31,,italy,,0,0,0,0,1,0,0,0,0
adrianoamalfi,2023-04-03,,italy,,0,0,0,0,0,1,0,0,0
adrianoamalfi,2023-04-04,,italy,,0,0,0,0,0,0,1,0,0
adrianoamalfi,2023-04-05,,italy,,0,0,0,0,0,0,0,1,0
adrianoamalfi,2023-04-06,,italy,,0,0,0,0,0,0,0,0,1
adrien-ben,2023-03-28,,france,,0,0,0,0,0,0,0,0,0
adrien-ben,2023-03-29,,france,,0,0,0,0,0,0,0,0,0
adrien-ben,2023-03-30,,france,,0,0,0,0,0,0,0,0,0
adrien-ben,2023-03-31,,france,,0,0,0,0,0,0,0,0,0
adrien-ben,2023-04-03,,france,,0,0,0,0,0,0,0,0,0
adrien-ben,2023-04-04,,france,,0,0,0,0,0,0,0,0,0
adrien-ben,2023-04-05,98214254,france,,1,0,0,0,0,0,0,0,0
adrien-ben,2023-04-06,,france,,0,0,0,0,0,0,0,0,0
adrienaury,2023-03-28,97129117,france,,1,0,0,0,0,0,0,0,0
adrienaury,2023-03-29,,france,,0,0,0,0,0,0,0,0,0
adrienaury,2023-03-30,,france,,0,0,0,0,0,0,0,0,0
adrienaury,2023-03-31,,france,,0,0,0,0,0,0,0,0,0
adrienaury,2023-04-03,97908695,france,80094245,1,0,0,0,0,0,0,0,0
adrienaury,2023-04-04,,france,,0,0,0,0,0,0,0,0,0
adrienaury,2023-04-05,,france,,0,0,0,0,0,0,0,0,0
adrienaury,2023-04-06,,france,,0,0,0,0,0,0,0,0,0
adupaix,2023-03-28,,france,,0,0,0,0,0,0,0,0,0
adupaix,2023-03-29,,france,,0,0,0,0,0,0,0,0,0
adupaix,2023-03-30,,france,,0,0,0,0,0,0,0,0,0
adupaix,2023-03-31,,france,,0,0,0,0,0,0,0,0,0
adupaix,2023-04-03,,france,,0,0,0,0,0,0,0,0,0
adupaix,2023-04-04,98064655,france,,1,0,0,0,0,0,0,0,0
adupaix,2023-04-05,,france,,0,0,0,0,0,0,0,0,0
adupaix,2023-04-06,,france,,0,0,0,0,0,0,0,0,0
aegenet,2023-03-28,97129135,france,7238793,1,0,0,0,0,0,0,0,0
aegenet,2023-03-29,,france,7238793,0,0,0,0,0,0,0,0,0
aegenet,2023-03-30,,france,7238793,0,0,0,0,0,0,0,0,0
aegenet,2023-03-31,,france,7238793,0,0,0,0,0,0,0,0,0
aegenet,2023-04-03,,france,7238793,0,0,0,0,0,0,0,0,0
aegenet,2023-04-04,,france,7238793,0,0,0,0,0,0,0,0,0
aegenet,2023-04-05,,france,7238793,0,0,0,0,0,0,0,0,0
aegenet,2023-04-06,,france,7238793,0,0,0,0,0,0,0,0,0
aentinger,2023-03-28,97106184,austria,58387827,1,0,0,0,0,0,0,0,0
aentinger,2023-03-29,97279017,austria,1081290,1,0,0,0,0,0,0,0,0
aentinger,2023-03-30,97513366,austria,1081290,1,0,0,0,0,0,0,0,0
aentinger,2023-03-31,,austria,58387827,0,0,0,0,0,0,0,0,0
aentinger,2023-04-03,97796314,austria,58387827,1,0,0,0,0,0,0,0,0
aentinger,2023-04-04,,austria,58387827,0,0,0,0,0,0,0,0,0
aentinger,2023-04-05,,austria,58387827,0,0,0,0,0,0,0,0,0
aentinger,2023-04-06,,austria,58387827,0,0,0,0,0,0,0,0,0
aeporreca,2023-03-28,,france,,0,0,0,0,0,0,0,0,0
aeporreca,2023-03-29,,france,,0,0,0,0,0,0,0,0,0
aeporreca,2023-03-30,,france,,0,0,0,0,0,0,0,0,0
aeporreca,2023-03-31,97602264,france,,1,0,0,0,0,0,0,0,0
aeporreca,2023-04-03,97850062,france,,1,0,0,0,0,0,0,0,0
aeporreca,2023-04-04,,france,,0,0,0,0,0,0,0,0,0
aeporreca,2023-04-05,,france,,0,0,0,0,0,0,0,0,0
aeporreca,2023-04-06,,france,,0,0,0,0,0,0,0,0,0
agentcobra,2023-03-28,,france,,0,0,0,0,0,0,0,0,0
agentcobra,2023-03-29,,france,,0,0,0,0,0,0,0,0,0
agentcobra,2023-03-30,,france,,0,0,0,0,0,0,0,0,0
agentcobra,2023-03-31,,france,,0,0,0,0,0,0,0,0,0
agentcobra,2023-04-03,97906499,france,,1,0,0,0,0,0,0,0,0
agentcobra,2023-04-04,,france,,0,0,0,0,0,0,0,0,0
agentcobra,2023-04-05,,france,,0,0,0,0,0,0,0,0,0
agentcobra,2023-04-06,,france,,0,0,0,0,0,0,0,0,0
agrouaze,2023-03-28,,france,,0,0,0,0,0,0,0,0,0
agrouaze,2023-03-29,97390048,france,,1,0,0,0,0,0,0,0,0
agrouaze,2023-03-30,97448381,france,,1,0,0,0,0,0,0,0,0
agrouaze,2023-03-31,97613969,france,49240197,1,0,0,0,0,0,0,0,0
agrouaze,2023-04-03,,france,,0,0,0,0,0,0,0,0,0
agrouaze,2023-04-04,98028238,france,49240197,1,0,0,0,0,0,0,0,0
agrouaze,2023-04-05,,france,,0,0,0,0,0,0,0,0,0
agrouaze,2023-04-06,,france,,0,0,0,0,0,0,0,0,0
ahocevar,2023-03-28,,austria,240579,0,0,0,0,0,0,0,0,0
ahocevar,2023-03-29,,austria,240579,0,0,0,0,0,0,0,0,0
ahocevar,2023-03-30,,austria,240579,0,0,0,0,0,0,0,0,0
ahocevar,2023-03-31,,austria,240579,0,0,0,0,0,0,0,0,0
ahocevar,2023-04-03,,austria,240579,0,0,0,0,0,0,0,0,0
ahocevar,2023-04-04,,austria,240579,0,0,0,0,0,0,0,0,0
ahocevar,2023-04-05,98162666,austria,240579,1,0,0,0,0,0,0,0,0
ahocevar,2023-04-06,,austria,240579,0,0,0,0,0,0,0,0,0
airmoi,2023-03-28,,france,25488895,0,0,0,0,0,0,0,0,0
airmoi,2023-03-29,,france,25488895,0,0,0,0,0,0,0,0,0
airmoi,2023-03-30,,france,25488895,0,0,0,0,0,0,0,0,0
airmoi,2023-03-31,97698672,france,25488895,1,0,0,0,0,0,0,0,0
airmoi,2023-04-03,,france,25488895,0,0,0,0,0,0,0,0,0
airmoi,2023-04-04,,france,25488895,0,0,0,0,0,0,0,0,0
airmoi,2023-04-05,,france,25488895,0,0,0,0,0,0,0,0,0
airmoi,2023-04-06,,france,25488895,0,0,0,0,0,0,0,0,0
ajkula,2023-03-28,,france,,0,0,0,0,0,0,0,0,0
ajkula,2023-03-29,,france,,0,0,0,0,0,0,0,0,0
ajkula,2023-03-30,,france,,0,0,0,0,0,0,0,0,0
ajkula,2023-03-31,97623019,france,,1,0,0,0,0,0,0,0,0
ajkula,2023-04-03,,france,,0,0,0,0,0,0,0,0,0
ajkula,2023-04-04,,france,,0,0,0,0,0,0,0,0,0
ajkula,2023-04-05,,france,,0,0,0,0,0,0,0,0,0
ajkula,2023-04-06,,france,,0,0,0,0,0,0,0,0,0
ak4t0sh,2023-03-28,,france,,0,0,0,0,0,0,0,0,0
ak4t0sh,2023-03-29,,france,,0,0,0,0,0,0,0,0,0
ak4t0sh,2023-03-30,,france,,0,0,0,0,0,0,0,0,0
ak4t0sh,2023-03-31,,france,,0,0,0,0,0,0,0,0,0
ak4t0sh,2023-04-03,,france,,0,0,0,0,0,0,0,0,0
ak4t0sh,2023-04-04,,france,,0,0,0,0,0,0,0,0,0
ak4t0sh,2023-04-05,,france,,0,0,0,0,0,0,0,0,0
ak4t0sh,2023-04-06,98343468,france,,1,0,0,0,0,0,0,0,0
akaRicane,2023-03-28,,france,,0,0,0,0,0,0,0,0,0
akaRicane,2023-03-29,,france,,0,0,0,0,0,0,0,0,0
akaRicane,2023-03-30,,france,,0,0,0,0,0,0,0,0,0
akaRicane,2023-03-31,,france,,0,0,0,0,0,0,0,0,0
akaRicane,2023-04-03,,france,,0,0,0,0,0,0,0,0,0
akaRicane,2023-04-04,,france,,0,0,0,0,0,0,0,0,0
akaRicane,2023-04-05,96652849,france,,1,0,0,0,0,0,0,0,0
akaRicane,2023-04-06,,france,,0,0,0,0,0,0,0,0,0
akirk,2023-03-28,97168765,austria,,1,0,0,0,0,0,0,0,0
akirk,2023-03-29,,austria,,0,0,0,0,0,0,0,0,0
akirk,2023-03-30,,austria,,0,0,0,0,0,0,0,0,0
akirk,2023-03-31,,austria,,0,0,0,0,0,0,0,0,0
akirk,2023-04-03,,austria,,0,0,0,0,0,0,0,0,0
akirk,2023-04-04,,austria,,0,0,0,0,0,0,0,0,0
akirk,2023-04-05,,austria,,0,0,0,0,0,0,0,0,0
akirk,2023-04-06,,austria,,0,0,0,0,0,0,0,0,0
albanm,2023-03-28,,france,83776320,0,0,0,0,0,0,0,0,0
albanm,2023-03-29,97323930,france,83776320,1,0,0,0,0,0,0,0,0
albanm,2023-03-30,,france,83776320,0,0,0,0,0,0,0,0,0
albanm,2023-03-31,,france,83776320,0,0,0,0,0,0,0,0,0
albanm,2023-04-03,,france,83776320,0,0,0,0,0,0,0,0,0
albanm,2023-04-04,,france,83776320,0,0,0,0,0,0,0,0,0
albanm,2023-04-05,98194046,france,83776320,1,0,0,0,0,0,0,0,0
albanm,2023-04-06,,france,83776320,0,0,0,0,0,0,0,0,0
albtrentadue,2023-03-28,97125527,italy,50713723,1,1,0,0,0,0,0,0,0
albtrentadue,2023-03-29,,italy,50713723,0,0,1,0,0,0,0,0,0
albtrentadue,2023-03-30,,italy,50713723,0,0,0,1,0,0,0,0,0
albtrentadue,2023-03-31,,italy,50713723,0,0,0,0,1,0,0,0,0
albtrentadue,2023-04-03,,italy,50713723,0,0,0,0,0,1,0,0,0
albtrentadue,2023-04-04,,italy,50713723,0,0,0,0,0,0,1,0,0
albtrentadue,2023-04-05,,italy,50713723,0,0,0,0,0,0,0,1,0
albtrentadue,2023-04-06,,italy,50713723,0,0,0,0,0,0,0,0,1
alekitto,2023-03-28,,italy,,0,1,0,0,0,0,0,0,0
alekitto,2023-03-29,97291102,italy,,1,0,1,0,0,0,0,0,0
alekitto,2023-03-30,,italy,,0,0,0,1,0,0,0,0,0
alekitto,2023-03-31,,italy,,0,0,0,0,1,0,0,0,0
alekitto,2023-04-03,,italy,,0,0,0,0,0,1,0,0,0
alekitto,2023-04-04,,italy,,0,0,0,0,0,0,1,0,0
alekitto,2023-04-05,,italy,,0,0,0,0,0,0,0,1,0
alekitto,2023-04-06,,italy,,0,0,0,0,0,0,0,0,1
alessandrobellesia,2023-03-28,,italy,109162591,0,1,0,0,0,0,0,0,0
alessandrobellesia,2023-03-29,97296528,italy,109162591,1,0,1,0,0,0,0,0,0
alessandrobellesia,2023-03-30,97452372,italy,109162591,1,0,0,1,0,0,0,0,0
alessandrobellesia,2023-03-31,97632219,italy,109162591,1,0,0,0,1,0,0,0,0
alessandrobellesia,2023-04-03,,italy,109162591,0,0,0,0,0,1,0,0,0
alessandrobellesia,2023-04-04,98063951,italy,109162591,1,0,0,0,0,0,1,0,0
alessandrobellesia,2023-04-05,98224238,italy,109162591,1,0,0,0,0,0,0,1,0
alessandrobellesia,2023-04-06,98310882,italy,109162591,1,0,0,0,0,0,0,0,1
alex193a,2023-03-28,,italy,78217009,0,1,0,0,0,0,0,0,0
alex193a,2023-03-29,,italy,78217009,0,0,1,0,0,0,0,0,0
alex193a,2023-03-30,,italy,78217009,0,0,0,1,0,0,0,0,0
alex193a,2023-03-31,,italy,78217009,0,0,0,0,1,0,0,0,0
alex193a,2023-04-03,,italy,78217009,0,0,0,0,0,1,0,0,0
alex193a,2023-04-04,97993882,italy,78217009,1,0,0,0,0,0,1,0,0
alex193a,2023-04-05,,italy,78217009,0,0,0,0,0,0,0,1,0
alex193a,2023-04-06,,italy,78217009,0,0,0,0,0,0,0,0,1
alexandercerutti,2023-03-28,,italy,,0,1,0,0,0,0,0,0,0
alexandercerutti,2023-03-29,,italy,,0,0,1,0,0,0,0,0,0
alexandercerutti,2023-03-30,,italy,,0,0,0,1,0,0,0,0,0
alexandercerutti,2023-03-31,,italy,,0,0,0,0,1,0,0,0,0
alexandercerutti,2023-04-03,97901535,italy,,1,0,0,0,0,1,0,0,0
alexandercerutti,2023-04-04,,italy,,0,0,0,0,0,0,1,0,0
alexandercerutti,2023-04-05,,italy,,0,0,0,0,0,0,0,1,0
alexandercerutti,2023-04-06,,italy,,0,0,0,0,0,0,0,0,1
alexarchambault,2023-03-28,97145776,france,5324131,1,0,0,0,0,0,0,0,0
alexarchambault,2023-03-29,,france,5324131,0,0,0,0,0,0,0,0,0
alexarchambault,2023-03-30,97478206,france,89225718,1,0,0,0,0,0,0,0,0
alexarchambault,2023-03-31,97663976,france,89225718,1,0,0,0,0,0,0,0,0
alexarchambault,2023-04-03,,france,5324131,0,0,0,0,0,0,0,0,0
alexarchambault,2023-04-04,,france,5324131,0,0,0,0,0,0,0,0,0
alexarchambault,2023-04-05,,france,5324131,0,0,0,0,0,0,0,0,0
alexarchambault,2023-04-06,,france,5324131,0,0,0,0,0,0,0,0,0
alexisboizard,2023-03-28,,france,,0,0,0,0,0,0,0,0,0
alexisboizard,2023-03-29,97365020,france,,1,0,0,0,0,0,0,0,0
alexisboizard,2023-03-30,,france,,0,0,0,0,0,0,0,0,0
alexisboizard,2023-03-31,,france,,0,0,0,0,0,0,0,0,0
alexisboizard,2023-04-03,,france,,0,0,0,0,0,0,0,0,0
alexisboizard,2023-04-04,,france,,0,0,0,0,0,0,0,0,0
alexisboizard,2023-04-05,,france,,0,0,0,0,0,0,0,0,0
alexisboizard,2023-04-06,,france,,0,0,0,0,0,0,0,0,0
alexislefebvre,2023-03-28,,france,19377622,0,0,0,0,0,0,0,0,0
alexislefebvre,2023-03-29,97344240,france,19377622,1,0,0,0,0,0,0,0,0
alexislefebvre,2023-03-30,,france,19377622,0,0,0,0,0,0,0,0,0
alexislefebvre,2023-03-31,,france,19377622,0,0,0,0,0,0,0,0,0
alexislefebvre,2023-04-03,,france,19377622,0,0,0,0,0,0,0,0,0
alexislefebvre,2023-04-04,98083309,france,166102,1,0,0,0,0,0,0,0,0
alexislefebvre,2023-04-05,,france,19377622,0,0,0,0,0,0,0,0,0
alexislefebvre,2023-04-06,,france,19377622,0,0,0,0,0,0,0,0,0
alexnardini,2023-03-28,97239280,italy,,1,1,0,0,0,0,0,0,0
alexnardini,2023-03-29,,italy,,0,0,1,0,0,0,0,0,0
alexnardini,2023-03-30,,italy,,0,0,0,1,0,0,0,0,0
alexnardini,2023-03-31,,italy,,0,0,0,0,1,0,0,0,0
alexnardini,2023-04-03,,italy,,0,0,0,0,0,1,0,0,0
alexnardini,2023-04-04,97988585,italy,,1,0,0,0,0,0,1,0,0
alexnardini,2023-04-05,,italy,,0,0,0,0,0,0,0,1,0
alexnardini,2023-04-06,,italy,,0,0,0,0,0,0,0,0,1
alexnavratil,2023-03-28,97243736,austria,,1,0,0,0,0,0,0,0,0
alexnavratil,2023-03-29,,austria,,0,0,0,0,0,0,0,0,0
alexnavratil,2023-03-30,,austria,,0,0,0,0,0,0,0,0,0
alexnavratil,2023-03-31,,austria,,0,0,0,0,0,0,0,0,0
alexnavratil,2023-04-03,,austria,,0,0,0,0,0,0,0,0,0
alexnavratil,2023-04-04,,austria,,0,0,0,0,0,0,0,0,0
alexnavratil,2023-04-05,,austria,,0,0,0,0,0,0,0,0,0
alexnavratil,2023-04-06,,austria,,0,0,0,0,0,0,0,0,0
alexpartsch,2023-03-28,,austria,68952075,0,0,0,0,0,0,0,0,0
alexpartsch,2023-03-29,,austria,68952075,0,0,0,0,0,0,0,0,0
alexpartsch,2023-03-30,,austria,68952075,0,0,0,0,0,0,0,0,0
alexpartsch,2023-03-31,,austria,68952075,0,0,0,0,0,0,0,0,0
alexpartsch,2023-04-03,97845598,austria,68952075,1,0,0,0,0,0,0,0,0
alexpartsch,2023-04-04,,austria,68952075,0,0,0,0,0,0,0,0,0
alexpartsch,2023-04-05,,austria,68952075,0,0,0,0,0,0,0,0,0
alexpartsch,2023-04-06,,austria,68952075,0,0,0,0,0,0,0,0,0
algoanbot,2023-03-28,,france,35504872,0,0,0,0,0,0,0,0,0
algoanbot,2023-03-29,,france,35504872,0,0,0,0,0,0,0,0,0
algoanbot,2023-03-30,,france,35504872,0,0,0,0,0,0,0,0,0
algoanbot,2023-03-31,,france,35504872,0,0,0,0,0,0,0,0,0
algoanbot,2023-04-03,,france,35504872,0,0,0,0,0,0,0,0,0
algoanbot,2023-04-04,,france,35504872,0,0,0,0,0,0,0,0,0
algoanbot,2023-04-05,,france,35504872,0,0,0,0,0,0,0,0,0
algoanbot,2023-04-06,98341014,france,35504872,1,0,0,0,0,0,0,0,0
aluxnimm,2023-03-28,,austria,,0,0,0,0,0,0,0,0,0
aluxnimm,2023-03-29,,austria,,0,0,0,0,0,0,0,0,0
aluxnimm,2023-03-30,,austria,,0,0,0,0,0,0,0,0,0
aluxnimm,2023-03-31,,austria,,0,0,0,0,0,0,0,0,0
aluxnimm,2023-04-03,,austria,,0,0,0,0,0,0,0,0,0
aluxnimm,2023-04-04,,austria,,0,0,0,0,0,0,0,0,0
aluxnimm,2023-04-05,,austria,,0,0,0,0,0,0,0,0,0
aluxnimm,2023-04-06,98358344,austria,,1,0,0,0,0,0,0,0,0
amantoux,2023-03-28,,france,87528124,0,0,0,0,0,0,0,0,0
amantoux,2023-03-29,,france,87528124,0,0,0,0,0,0,0,0,0
amantoux,2023-03-30,,france,87528124,0,0,0,0,0,0,0,0,0
amantoux,2023-03-31,,france,87528124,0,0,0,0,0,0,0,0,0
amantoux,2023-04-03,,france,87528124,0,0,0,0,0,0,0,0,0
amantoux,2023-04-04,,france,87528124,0,0,0,0,0,0,0,0,0
amantoux,2023-04-05,98157813,france,87528124,1,0,0,0,0,0,0,0,0
amantoux,2023-04-06,,france,87528124,0,0,0,0,0,0,0,0,0
amirouche,2023-03-28,,france,126236863,0,0,0,0,0,0,0,0,0
amirouche,2023-03-29,,france,126236863,0,0,0,0,0,0,0,0,0
amirouche,2023-03-30,,france,126236863,0,0,0,0,0,0,0,0,0
amirouche,2023-03-31,97658565,france,126236863,1,0,0,0,0,0,0,0,0
amirouche,2023-04-03,,france,126236863,0,0,0,0,0,0,0,0,0
amirouche,2023-04-04,,france,126236863,0,0,0,0,0,0,0,0,0
amirouche,2023-04-05,,france,126236863,0,0,0,0,0,0,0,0,0
amirouche,2023-04-06,,france,126236863,0,0,0,0,0,0,0,0,0
anasstouaticoder,2023-03-28,97238936,france,,1,0,0,0,0,0,0,0,0
anasstouaticoder,2023-03-29,,france,,0,0,0,0,0,0,0,0,0
anasstouaticoder,2023-03-30,,france,,0,0,0,0,0,0,0,0,0
anasstouaticoder,2023-03-31,,france,,0,0,0,0,0,0,0,0,0
anasstouaticoder,2023-04-03,,france,,0,0,0,0,0,0,0,0,0
anasstouaticoder,2023-04-04,,france,,0,0,0,0,0,0,0,0,0
anasstouaticoder,2023-04-05,,france,,0,0,0,0,0,0,0,0,0
anasstouaticoder,2023-04-06,,france,,0,0,0,0,0,0,0,0,0
andi-makes,2023-03-28,,austria,106021233,0,0,0,0,0,0,0,0,0
andi-makes,2023-03-29,,austria,106021233,0,0,0,0,0,0,0,0,0
andi-makes,2023-03-30,,austria,106021233,0,0,0,0,0,0,0,0,0
andi-makes,2023-03-31,,austria,106021233,0,0,0,0,0,0,0,0,0
andi-makes,2023-04-03,,austria,106021233,0,0,0,0,0,0,0,0,0
andi-makes,2023-04-04,,austria,106021233,0,0,0,0,0,0,0,0,0
andi-makes,2023-04-05,98236011,austria,106021233,1,0,0,0,0,0,0,0,0
andi-makes,2023-04-06,,austria,106021233,0,0,0,0,0,0,0,0,0
andreadalcin,2023-03-28,,italy,,0,1,0,0,0,0,0,0,0
andreadalcin,2023-03-29,,italy,,0,0,1,0,0,0,0,0,0
andreadalcin,2023-03-30,97455772,italy,,1,0,0,1,0,0,0,0,0
andreadalcin,2023-03-31,97622762,italy,,1,0,0,0,1,0,0,0,0
andreadalcin,2023-04-03,,italy,,0,0,0,0,0,1,0,0,0
andreadalcin,2023-04-04,,italy,,0,0,0,0,0,0,1,0,0
andreadalcin,2023-04-05,,italy,,0,0,0,0,0,0,0,1,0
andreadalcin,2023-04-06,,italy,,0,0,0,0,0,0,0,0,1
andreaval,2023-03-28,,italy,,0,1,0,0,0,0,0,0,0
andreaval,2023-03-29,,italy,,0,0,1,0,0,0,0,0,0
andreaval,2023-03-30,97507158,italy,,1,0,0,1,0,0,0,0,0
andreaval,2023-03-31,,italy,,0,0,0,0,1,0,0,0,0
andreaval,2023-04-03,,italy,,0,0,0,0,0,1,0,0,0
andreaval,2023-04-04,,italy,,0,0,0,0,0,0,1,0,0
andreaval,2023-04-05,,italy,,0,0,0,0,0,0,0,1,0
andreaval,2023-04-06,,italy,,0,0,0,0,0,0,0,0,1
angelfs,2023-03-28,,france,46128985,0,0,0,0,0,0,0,0,0
angelfs,2023-03-29,,france,46128985,0,0,0,0,0,0,0,0,0
angelfs,2023-03-30,,france,46128985,0,0,0,0,0,0,0,0,0
angelfs,2023-03-31,,france,46128985,0,0,0,0,0,0,0,0,0
angelfs,2023-04-03,,france,46128985,0,0,0,0,0,0,0,0,0
angelfs,2023-04-04,,france,46128985,0,0,0,0,0,0,0,0,0
angelfs,2023-04-05,98181637,france,46128985,1,0,0,0,0,0,0,0,0
angelfs,2023-04-06,,france,46128985,0,0,0,0,0,0,0,0,0
anis,2023-03-28,,france,20193330,0,0,0,0,0,0,0,0,0
anis,2023-03-29,,france,20193330,0,0,0,0,0,0,0,0,0
anis,2023-03-30,,france,20193330,0,0,0,0,0,0,0,0,0
anis,2023-03-31,,france,20193330,0,0,0,0,0,0,0,0,0
anis,2023-04-03,,france,20193330,0,0,0,0,0,0,0,0,0
anis,2023-04-04,,france,20193330,0,0,0,0,0,0,0,0,0
anis,2023-04-05,97136090,france,20193330,1,0,0,0,0,0,0,0,0
anis,2023-04-06,98438149,france,20193330,1,0,0,0,0,0,0,0,0
antoinebigard,2023-03-28,97192855,france,63645182,1,0,0,0,0,0,0,0,0
antoinebigard,2023-03-29,,france,63645182,0,0,0,0,0,0,0,0,0
antoinebigard,2023-03-30,97525498,france,63645182,1,0,0,0,0,0,0,0,0
antoinebigard,2023-03-31,,france,63645182,0,0,0,0,0,0,0,0,0
antoinebigard,2023-04-03,97897044,france,63645182,1,0,0,0,0,0,0,0,0
antoinebigard,2023-04-04,97998975,france,63645182,1,0,0,0,0,0,0,0,0
antoinebigard,2023-04-05,98215421,france,63645182,1,0,0,0,0,0,0,0,0
antoinebigard,2023-04-06,,france,63645182,0,0,0,0,0,0,0,0,0
antoinedc,2023-03-28,,france,79319863,0,0,0,0,0,0,0,0,0
antoinedc,2023-03-29,,france,79319863,0,0,0,0,0,0,0,0,0
antoinedc,2023-03-30,,france,79319863,0,0,0,0,0,0,0,0,0
antoinedc,2023-03-31,97689560,france,79319863,1,0,0,0,0,0,0,0,0
antoinedc,2023-04-03,,france,79319863,0,0,0,0,0,0,0,0,0
antoinedc,2023-04-04,,france,79319863,0,0,0,0,0,0,0,0,0
antoinedc,2023-04-05,,france,79319863,0,0,0,0,0,0,0,0,0
antoinedc,2023-04-06,,france,79319863,0,0,0,0,0,0,0,0,0
antoinegelloz,2023-03-28,,france,84325077,0,0,0,0,0,0,0,0,0
antoinegelloz,2023-03-29,97327118,france,84325077,1,0,0,0,0,0,0,0,0
antoinegelloz,2023-03-30,,france,84325077,0,0,0,0,0,0,0,0,0
antoinegelloz,2023-03-31,,france,84325077,0,0,0,0,0,0,0,0,0
antoinegelloz,2023-04-03,,france,84325077,0,0,0,0,0,0,0,0,0
antoinegelloz,2023-04-04,,france,84325077,0,0,0,0,0,0,0,0,0
antoinegelloz,2023-04-05,,france,84325077,0,0,0,0,0,0,0,0,0
antoinegelloz,2023-04-06,,france,84325077,0,0,0,0,0,0,0,0,0
antoinewg,2023-03-28,,france,,0,0,0,0,0,0,0,0,0
antoinewg,2023-03-29,,france,,0,0,0,0,0,0,0,0,0
antoinewg,2023-03-30,,france,,0,0,0,0,0,0,0,0,0
antoinewg,2023-03-31,,france,,0,0,0,0,0,0,0,0,0
antoinewg,2023-04-03,,france,,0,0,0,0,0,0,0,0,0
antoinewg,2023-04-04,98065271,france,,1,0,0,0,0,0,0,0,0
antoinewg,2023-04-05,,france,,0,0,0,0,0,0,0,0,0
antoinewg,2023-04-06,,france,,0,0,0,0,0,0,0,0,0
antonincms,2023-03-28,,france,62112832,0,0,0,0,0,0,0,0,0
antonincms,2023-03-29,,france,62112832,0,0,0,0,0,0,0,0,0
antonincms,2023-03-30,97510246,france,62112832,1,0,0,0,0,0,0,0,0
antonincms,2023-03-31,,france,62112832,0,0,0,0,0,0,0,0,0
antonincms,2023-04-03,,france,62112832,0,0,0,0,0,0,0,0,0
antonincms,2023-04-04,,france,62112832,0,0,0,0,0,0,0,0,0
antonincms,2023-04-05,,france,62112832,0,0,0,0,0,0,0,0,0
antonincms,2023-04-06,,france,62112832,0,0,0,0,0,0,0,0,0
antoninobajeli,2023-03-28,97170459,italy,,1,1,0,0,0,0,0,0,0
antoninobajeli,2023-03-29,97346766,italy,,1,0,1,0,0,0,0,0,0
antoninobajeli,2023-03-30,,italy,,0,0,0,1,0,0,0,0,0
antoninobajeli,2023-03-31,97654270,italy,,1,0,0,0,1,0,0,0,0
antoninobajeli,2023-04-03,97829853,italy,,1,0,0,0,0,1,0,0,0
antoninobajeli,2023-04-04,98026932,italy,,1,0,0,0,0,0,1,0,0
antoninobajeli,2023-04-05,98215913,italy,,1,0,0,0,0,0,0,1,0
antoninobajeli,2023-04-06,,italy,,0,0,0,0,0,0,0,0,1
antonio-war,2023-03-28,97206693,italy,,1,1,0,0,0,0,0,0,0
antonio-war,2023-03-29,97342929,italy,,1,0,1,0,0,0,0,0,0
antonio-war,2023-03-30,97509186,italy,,1,0,0,1,0,0,0,0,0
antonio-war,2023-03-31,,italy,,0,0,0,0,1,0,0,0,0
antonio-war,2023-04-03,,italy,,0,0,0,0,0,1,0,0,0
antonio-war,2023-04-04,,italy,,0,0,0,0,0,0,1,0,0
antonio-war,2023-04-05,,italy,,0,0,0,0,0,0,0,1,0
antonio-war,2023-04-06,,italy,,0,0,0,0,0,0,0,0,1
antstei,2023-03-28,97225890,austria,,1,0,0,0,0,0,0,0,0
antstei,2023-03-29,,austria,,0,0,0,0,0,0,0,0,0
antstei,2023-03-30,,austria,,0,0,0,0,0,0,0,0,0
antstei,2023-03-31,,austria,,0,0,0,0,0,0,0,0,0
antstei,2023-04-03,,austria,,0,0,0,0,0,0,0,0,0
antstei,2023-04-04,,austria,,0,0,0,0,0,0,0,0,0
antstei,2023-04-05,,austria,,0,0,0,0,0,0,0,0,0
antstei,2023-04-06,,austria,,0,0,0,0,0,0,0,0,0
aouicher,2023-03-28,,france,32197755,0,0,0,0,0,0,0,0,0
aouicher,2023-03-29,,france,32197755,0,0,0,0,0,0,0,0,0
aouicher,2023-03-30,97486703,france,32197755,1,0,0,0,0,0,0,0,0
aouicher,2023-03-31,97673688,france,32197755,1,0,0,0,0,0,0,0,0
aouicher,2023-04-03,,france,32197755,0,0,0,0,0,0,0,0,0
aouicher,2023-04-04,98063494,france,32197755,1,0,0,0,0,0,0,0,0
aouicher,2023-04-05,,france,32197755,0,0,0,0,0,0,0,0,0
aouicher,2023-04-06,,france,32197755,0,0,0,0,0,0,0,0,0
apupier,2023-03-28,,france,85999981,0,0,0,0,0,0,0,0,0
apupier,2023-03-29,,france,85999981,0,0,0,0,0,0,0,0,0
apupier,2023-03-30,97500787,france,85999981,1,0,0,0,0,0,0,0,0
apupier,2023-03-31,,france,85999981,0,0,0,0,0,0,0,0,0
apupier,2023-04-03,,france,85999981,0,0,0,0,0,0,0,0,0
apupier,2023-04-04,,france,85999981,0,0,0,0,0,0,0,0,0
apupier,2023-04-05,,france,85999981,0,0,0,0,0,0,0,0,0
apupier,2023-04-06,,france,85999981,0,0,0,0,0,0,0,0,0
arekfu,2023-03-28,,france,,0,0,0,0,0,0,0,0,0
arekfu,2023-03-29,97341566,france,,1,0,0,0,0,0,0,0,0
arekfu,2023-03-30,,france,,0,0,0,0,0,0,0,0,0
arekfu,2023-03-31,,france,,0,0,0,0,0,0,0,0,0
arekfu,2023-04-03,,france,,0,0,0,0,0,0,0,0,0
arekfu,2023-04-04,,france,,0,0,0,0,0,0,0,0,0
arekfu,2023-04-05,,france,,0,0,0,0,0,0,0,0,0
arekfu,2023-04-06,,france,,0,0,0,0,0,0,0,0,0
aristidebamenou,2023-03-28,,france,52000835,0,0,0,0,0,0,0,0,0
aristidebamenou,2023-03-29,,france,52000835,0,0,0,0,0,0,0,0,0
aristidebamenou,2023-03-30,,france,52000835,0,0,0,0,0,0,0,0,0
aristidebamenou,2023-03-31,97634322,france,52000835,1,0,0,0,0,0,0,0,0
aristidebamenou,2023-04-03,,france,52000835,0,0,0,0,0,0,0,0,0
aristidebamenou,2023-04-04,,france,52000835,0,0,0,0,0,0,0,0,0
aristidebamenou,2023-04-05,,france,52000835,0,0,0,0,0,0,0,0,0
aristidebamenou,2023-04-06,,france,52000835,0,0,0,0,0,0,0,0,0
aristotle-tek,2023-03-28,,france,,0,0,0,0,0,0,0,0,0
aristotle-tek,2023-03-29,,france,,0,0,0,0,0,0,0,0,0
aristotle-tek,2023-03-30,,france,,0,0,0,0,0,0,0,0,0
aristotle-tek,2023-03-31,,france,,0,0,0,0,0,0,0,0,0
aristotle-tek,2023-04-03,,france,,0,0,0,0,0,0,0,0,0
aristotle-tek,2023-04-04,,france,,0,0,0,0,0,0,0,0,0
aristotle-tek,2023-04-05,98155575,france,,1,0,0,0,0,0,0,0,0
aristotle-tek,2023-04-06,,france,,0,0,0,0,0,0,0,0,0
arl,2023-03-28,,italy,,0,1,0,0,0,0,0,0,0
arl,2023-03-29,,italy,,0,0,1,0,0,0,0,0,0
arl,2023-03-30,,italy,,0,0,0,1,0,0,0,0,0
arl,2023-03-31,,italy,,0,0,0,0,1,0,0,0,0
arl,2023-04-03,,italy,,0,0,0,0,0,1,0,0,0
arl,2023-04-04,,italy,,0,0,0,0,0,0,1,0,0
arl,2023-04-05,98224040,italy,,1,0,0,0,0,0,0,1,0
arl,2023-04-06,,italy,,0,0,0,0,0,0,0,0,1
armand33,2023-03-28,,france,49067613,0,0,0,0,0,0,0,0,0
armand33,2023-03-29,,france,49067613,0,0,0,0,0,0,0,0,0
armand33,2023-03-30,,france,49067613,0,0,0,0,0,0,0,0,0
armand33,2023-03-31,97648515,france,49067613,1,0,0,0,0,0,0,0,0
armand33,2023-04-03,,france,49067613,0,0,0,0,0,0,0,0,0
armand33,2023-04-04,,france,49067613,0,0,0,0,0,0,0,0,0
armand33,2023-04-05,98175947,france,49067613,1,0,0,0,0,0,0,0,0
armand33,2023-04-06,,france,49067613,0,0,0,0,0,0,0,0,0
arnaud,2023-03-28,,france,17251642,0,0,0,0,0,0,0,0,0
arnaud,2023-03-29,97284809,france,17251642,1,0,0,0,0,0,0,0,0
arnaud,2023-03-30,,france,17251642,0,0,0,0,0,0,0,0,0
arnaud,2023-03-31,,france,17251642,0,0,0,0,0,0,0,0,0
arnaud,2023-04-03,,france,17251642,0,0,0,0,0,0,0,0,0
arnaud,2023-04-04,,france,17251642,0,0,0,0,0,0,0,0,0
arnaud,2023-04-05,,france,17251642,0,0,0,0,0,0,0,0,0
arnaud,2023-04-06,,france,17251642,0,0,0,0,0,0,0,0,0
arnos-stuff,2023-03-28,,france,,0,0,0,0,0,0,0,0,0
arnos-stuff,2023-03-29,,france,,0,0,0,0,0,0,0,0,0
arnos-stuff,2023-03-30,,france,,0,0,0,0,0,0,0,0,0
arnos-stuff,2023-03-31,,france,,0,0,0,0,0,0,0,0,0
arnos-stuff,2023-04-03,,france,,0,0,0,0,0,0,0,0,0
arnos-stuff,2023-04-04,,france,,0,0,0,0,0,0,0,0,0
arnos-stuff,2023-04-05,,france,,0,0,0,0,0,0,0,0,0
arnos-stuff,2023-04-06,98477941,france,,1,0,0,0,0,0,0,0,0
aronep6,2023-03-28,,france,,0,0,0,0,0,0,0,0,0
aronep6,2023-03-29,,france,,0,0,0,0,0,0,0,0,0
aronep6,2023-03-30,97421200,france,,1,0,0,0,0,0,0,0,0
aronep6,2023-03-31,97698059,france,,1,0,0,0,0,0,0,0,0
aronep6,2023-04-03,,france,,0,0,0,0,0,0,0,0,0
aronep6,2023-04-04,,france,,0,0,0,0,0,0,0,0,0
aronep6,2023-04-05,,france,,0,0,0,0,0,0,0,0,0
aronep6,2023-04-06,,france,,0,0,0,0,0,0,0,0,0
artiz,2023-03-28,97231303,austria,,1,0,0,0,0,0,0,0,0
artiz,2023-03-29,97274921,austria,,1,0,0,0,0,0,0,0,0
artiz,2023-03-30,,austria,,0,0,0,0,0,0,0,0,0
artiz,2023-03-31,,austria,,0,0,0,0,0,0,0,0,0
artiz,2023-04-03,,austria,,0,0,0,0,0,0,0,0,0
artiz,2023-04-04,,austria,,0,0,0,0,0,0,0,0,0
artiz,2023-04-05,,austria,,0,0,0,0,0,0,0,0,0
artiz,2023-04-06,,austria,,0,0,0,0,0,0,0,0,0
artonge,2023-03-28,,france,74006188,0,0,0,0,0,0,0,0,0
artonge,2023-03-29,,france,74006188,0,0,0,0,0,0,0,0,0
artonge,2023-03-30,,france,74006188,0,0,0,0,0,0,0,0,0
artonge,2023-03-31,,france,74006188,0,0,0,0,0,0,0,0,0
artonge,2023-04-03,97873699,france,74006188,1,0,0,0,0,0,0,0,0
artonge,2023-04-04,98001608,france,74006188,1,0,0,0,0,0,0,0,0
artonge,2023-04-05,,france,74006188,0,0,0,0,0,0,0,0,0
artonge,2023-04-06,,france,74006188,0,0,0,0,0,0,0,0,0
asatu,2023-03-28,,italy,,0,1,0,0,0,0,0,0,0
asatu,2023-03-29,97305262,italy,,1,0,1,0,0,0,0,0,0
asatu,2023-03-30,,italy,,0,0,0,1,0,0,0,0,0
asatu,2023-03-31,,italy,,0,0,0,0,1,0,0,0,0
asatu,2023-04-03,,italy,,0,0,0,0,0,1,0,0,0
asatu,2023-04-04,,italy,,0,0,0,0,0,0,1,0,0
asatu,2023-04-05,,italy,,0,0,0,0,0,0,0,1,0
asatu,2023-04-06,,italy,,0,0,0,0,0,0,0,0,1
asertym,2023-03-28,,italy,,0,1,0,0,0,0,0,0,0
asertym,2023-03-29,97288174,italy,,1,0,1,0,0,0,0,0,0
asertym,2023-03-30,,italy,,0,0,0,1,0,0,0,0,0
asertym,2023-03-31,,italy,,0,0,0,0,1,0,0,0,0
asertym,2023-04-03,,italy,,0,0,0,0,0,1,0,0,0
asertym,2023-04-04,,italy,,0,0,0,0,0,0,1,0,0
asertym,2023-04-05,,italy,,0,0,0,0,0,0,0,1,0
asertym,2023-04-06,,italy,,0,0,0,0,0,0,0,0,1
asiffer,2023-03-28,,france,109594800,0,0,0,0,0,0,0,0,0
asiffer,2023-03-29,,france,109594800,0,0,0,0,0,0,0,0,0
asiffer,2023-03-30,,france,109594800,0,0,0,0,0,0,0,0,0
asiffer,2023-03-31,97642636,france,109594800,1,0,0,0,0,0,0,0,0
asiffer,2023-04-03,97816124,france,109594800,1,0,0,0,0,0,0,0,0
asiffer,2023-04-04,,france,109594800,0,0,0,0,0,0,0,0,0
asiffer,2023-04-05,98195410,france,109594800,1,0,0,0,0,0,0,0,0
asiffer,2023-04-06,,france,109594800,0,0,0,0,0,0,0,0,0
asjadnaqvi,2023-03-28,,austria,,0,0,0,0,0,0,0,0,0
asjadnaqvi,2023-03-29,,austria,,0,0,0,0,0,0,0,0,0
asjadnaqvi,2023-03-30,,austria,,0,0,0,0,0,0,0,0,0
asjadnaqvi,2023-03-31,,austria,,0,0,0,0,0,0,0,0,0
asjadnaqvi,2023-04-03,,austria,,0,0,0,0,0,0,0,0,0
asjadnaqvi,2023-04-04,98088232,austria,,1,0,0,0,0,0,0,0,0
asjadnaqvi,2023-04-05,,austria,,0,0,0,0,0,0,0,0,0
asjadnaqvi,2023-04-06,,austria,,0,0,0,0,0,0,0,0,0
aslafy-z,2023-03-28,,france,,0,0,0,0,0,0,0,0,0
aslafy-z,2023-03-29,,france,,0,0,0,0,0,0,0,0,0
aslafy-z,2023-03-30,,france,,0,0,0,0,0,0,0,0,0
aslafy-z,2023-03-31,,france,,0,0,0,0,0,0,0,0,0
aslafy-z,2023-04-03,97837161,france,,1,0,0,0,0,0,0,0,0
aslafy-z,2023-04-04,,france,,0,0,0,0,0,0,0,0,0
aslafy-z,2023-04-05,,france,,0,0,0,0,0,0,0,0,0
aslafy-z,2023-04-06,98409375,france,,1,0,0,0,0,0,0,0,0
astmnk,2023-03-28,97179701,italy,,1,1,0,0,0,0,0,0,0
astmnk,2023-03-29,,italy,,0,0,1,0,0,0,0,0,0
astmnk,2023-03-30,,italy,,0,0,0,1,0,0,0,0,0
astmnk,2023-03-31,,italy,,0,0,0,0,1,0,0,0,0
astmnk,2023-04-03,,italy,,0,0,0,0,0,1,0,0,0
astmnk,2023-04-04,,italy,,0,0,0,0,0,0,1,0,0
astmnk,2023-04-05,,italy,,0,0,0,0,0,0,0,1,0
astmnk,2023-04-06,,italy,,0,0,0,0,0,0,0,0,1
atomotic,2023-03-28,,italy,,0,1,0,0,0,0,0,0,0
atomotic,2023-03-29,97300725,italy,,1,0,1,0,0,0,0,0,0
atomotic,2023-03-30,,italy,,0,0,0,1,0,0,0,0,0
atomotic,2023-03-31,,italy,,0,0,0,0,1,0,0,0,0
atomotic,2023-04-03,,italy,,0,0,0,0,0,1,0,0,0
atomotic,2023-04-04,,italy,,0,0,0,0,0,0,1,0,0
atomotic,2023-04-05,,italy,,0,0,0,0,0,0,0,1,0
atomotic,2023-04-06,,italy,,0,0,0,0,0,0,0,0,1
atournayre,2023-03-28,97216471,france,,1,0,0,0,0,0,0,0,0
atournayre,2023-03-29,,france,,0,0,0,0,0,0,0,0,0
atournayre,2023-03-30,,france,,0,0,0,0,0,0,0,0,0
atournayre,2023-03-31,,france,,0,0,0,0,0,0,0,0,0
atournayre,2023-04-03,,france,,0,0,0,0,0,0,0,0,0
atournayre,2023-04-04,,france,,0,0,0,0,0,0,0,0,0
atournayre,2023-04-05,,france,,0,0,0,0,0,0,0,0,0
atournayre,2023-04-06,,france,,0,0,0,0,0,0,0,0,0
aurrelhebert,2023-03-28,97131328,france,,1,0,0,0,0,0,0,0,0
aurrelhebert,2023-03-29,,france,,0,0,0,0,0,0,0,0,0
aurrelhebert,2023-03-30,,france,,0,0,0,0,0,0,0,0,0
aurrelhebert,2023-03-31,,france,,0,0,0,0,0,0,0,0,0
aurrelhebert,2023-04-03,,france,,0,0,0,0,0,0,0,0,0
aurrelhebert,2023-04-04,,france,,0,0,0,0,0,0,0,0,0
aurrelhebert,2023-04-05,,france,,0,0,0,0,0,0,0,0,0
aurrelhebert,2023-04-06,,france,,0,0,0,0,0,0,0,0,0
avannereau,2023-03-28,,france,,0,0,0,0,0,0,0,0,0
avannereau,2023-03-29,97284904,france,,1,0,0,0,0,0,0,0,0
avannereau,2023-03-30,,france,,0,0,0,0,0,0,0,0,0
avannereau,2023-03-31,,france,,0,0,0,0,0,0,0,0,0
avannereau,2023-04-03,,france,,0,0,0,0,0,0,0,0,0
avannereau,2023-04-04,98041524,france,,1,0,0,0,0,0,0,0,0
avannereau,2023-04-05,,france,,0,0,0,0,0,0,0,0,0
avannereau,2023-04-06,,france,,0,0,0,0,0,0,0,0,0
avideau,2023-03-28,,france,,0,0,0,0,0,0,0,0,0
avideau,2023-03-29,,france,,0,0,0,0,0,0,0,0,0
avideau,2023-03-30,,france,,0,0,0,0,0,0,0,0,0
avideau,2023-03-31,,france,,0,0,0,0,0,0,0,0,0
avideau,2023-04-03,97860110,france,,1,0,0,0,0,0,0,0,0
avideau,2023-04-04,,france,,0,0,0,0,0,0,0,0,0
avideau,2023-04-05,,france,,0,0,0,0,0,0,0,0,0
avideau,2023-04-06,,france,,0,0,0,0,0,0,0,0,0
axelmunch,2023-03-28,,france,,0,0,0,0,0,0,0,0,0
axelmunch,2023-03-29,,france,,0,0,0,0,0,0,0,0,0
axelmunch,2023-03-30,,france,,0,0,0,0,0,0,0,0,0
axelmunch,2023-03-31,97686817,france,,1,0,0,0,0,0,0,0,0
axelmunch,2023-04-03,,france,,0,0,0,0,0,0,0,0,0
axelmunch,2023-04-04,,france,,0,0,0,0,0,0,0,0,0
axelmunch,2023-04-05,,france,,0,0,0,0,0,0,0,0,0
axelmunch,2023-04-06,,france,,0,0,0,0,0,0,0,0,0
axeloradmin,2023-03-28,,france,5383628,0,0,0,0,0,0,0,0,0
axeloradmin,2023-03-29,,france,5383628,0,0,0,0,0,0,0,0,0
axeloradmin,2023-03-30,,france,5383628,0,0,0,0,0,0,0,0,0
axeloradmin,2023-03-31,,france,5383628,0,0,0,0,0,0,0,0,0
axeloradmin,2023-04-03,,france,5383628,0,0,0,0,0,0,0,0,0
axeloradmin,2023-04-04,,france,5383628,0,0,0,0,0,0,0,0,0
axeloradmin,2023-04-05,98159808,france,5383628,1,0,0,0,0,0,0,0,0
axeloradmin,2023-04-06,98430705,france,5383628,1,0,0,0,0,0,0,0,0
axi92,2023-03-28,,austria,,0,0,0,0,0,0,0,0,0
axi92,2023-03-29,97306129,austria,,1,0,0,0,0,0,0,0,0
axi92,2023-03-30,,austria,,0,0,0,0,0,0,0,0,0
axi92,2023-03-31,,austria,,0,0,0,0,0,0,0,0,0
axi92,2023-04-03,,austria,,0,0,0,0,0,0,0,0,0
axi92,2023-04-04,,austria,,0,0,0,0,0,0,0,0,0
axi92,2023-04-05,,austria,,0,0,0,0,0,0,0,0,0
axi92,2023-04-06,,austria,,0,0,0,0,0,0,0,0,0
axistecheu,2023-03-28,,italy,,0,1,0,0,0,0,0,0,0
axistecheu,2023-03-29,,italy,,0,0,1,0,0,0,0,0,0
axistecheu,2023-03-30,,italy,,0,0,0,1,0,0,0,0,0
axistecheu,2023-03-31,97641745,italy,,1,0,0,0,1,0,0,0,0
axistecheu,2023-04-03,,italy,,0,0,0,0,0,1,0,0,0
axistecheu,2023-04-04,,italy,,0,0,0,0,0,0,1,0,0
axistecheu,2023-04-05,,italy,,0,0,0,0,0,0,0,1,0
axistecheu,2023-04-06,,italy,,0,0,0,0,0,0,0,0,1
b23prodtm,2023-03-28,,france,,0,0,0,0,0,0,0,0,0
b23prodtm,2023-03-29,,france,,0,0,0,0,0,0,0,0,0
b23prodtm,2023-03-30,,france,,0,0,0,0,0,0,0,0,0
b23prodtm,2023-03-31,,france,,0,0,0,0,0,0,0,0,0
b23prodtm,2023-04-03,97915532,france,,1,0,0,0,0,0,0,0,0
b23prodtm,2023-04-04,,france,,0,0,0,0,0,0,0,0,0
b23prodtm,2023-04-05,,france,,0,0,0,0,0,0,0,0,0
b23prodtm,2023-04-06,,france,,0,0,0,0,0,0,0,0,0
b3b00,2023-03-28,,france,,0,0,0,0,0,0,0,0,0
b3b00,2023-03-29,97318313,france,,1,0,0,0,0,0,0,0,0
b3b00,2023-03-30,,france,,0,0,0,0,0,0,0,0,0
b3b00,2023-03-31,97609529,france,,1,0,0,0,0,0,0,0,0
b3b00,2023-04-03,,france,,0,0,0,0,0,0,0,0,0
b3b00,2023-04-04,,france,,0,0,0,0,0,0,0,0,0
b3b00,2023-04-05,,france,,0,0,0,0,0,0,0,0,0
b3b00,2023-04-06,,france,,0,0,0,0,0,0,0,0,0
badetitou,2023-03-28,,france,124255930,0,0,0,0,0,0,0,0,0
badetitou,2023-03-29,,france,124255930,0,0,0,0,0,0,0,0,0
badetitou,2023-03-30,,france,124255930,0,0,0,0,0,0,0,0,0
badetitou,2023-03-31,97626727,france,124255930,1,0,0,0,0,0,0,0,0
badetitou,2023-04-03,,france,124255930,0,0,0,0,0,0,0,0,0
badetitou,2023-04-04,,france,124255930,0,0,0,0,0,0,0,0,0
badetitou,2023-04-05,,france,124255930,0,0,0,0,0,0,0,0,0
badetitou,2023-04-06,,france,124255930,0,0,0,0,0,0,0,0,0
baptisteRiviere,2023-03-28,,france,,0,0,0,0,0,0,0,0,0
baptisteRiviere,2023-03-29,,france,,0,0,0,0,0,0,0,0,0
baptisteRiviere,2023-03-30,,france,,0,0,0,0,0,0,0,0,0
baptisteRiviere,2023-03-31,97614042,france,,1,0,0,0,0,0,0,0,0
baptisteRiviere,2023-04-03,,france,,0,0,0,0,0,0,0,0,0
baptisteRiviere,2023-04-04,,france,,0,0,0,0,0,0,0,0,0
baptisteRiviere,2023-04-05,,france,,0,0,0,0,0,0,0,0,0
baptisteRiviere,2023-04-06,,france,,0,0,0,0,0,0,0,0,0
baptistejamin,2023-03-28,,france,,0,0,0,0,0,0,0,0,0
baptistejamin,2023-03-29,97317871,france,,1,0,0,0,0,0,0,0,0
baptistejamin,2023-03-30,,france,,0,0,0,0,0,0,0,0,0
baptistejamin,2023-03-31,,france,,0,0,0,0,0,0,0,0,0
baptistejamin,2023-04-03,,france,,0,0,0,0,0,0,0,0,0
baptistejamin,2023-04-04,,france,,0,0,0,0,0,0,0,0,0
baptistejamin,2023-04-05,,france,,0,0,0,0,0,0,0,0,0
baptistejamin,2023-04-06,,france,,0,0,0,0,0,0,0,0,0
barolab,2023-03-28,,france,,0,0,0,0,0,0,0,0,0
barolab,2023-03-29,,france,,0,0,0,0,0,0,0,0,0
barolab,2023-03-30,,france,,0,0,0,0,0,0,0,0,0
barolab,2023-03-31,97605298,france,,1,0,0,0,0,0,0,0,0
barolab,2023-04-03,,france,,0,0,0,0,0,0,0,0,0
barolab,2023-04-04,,france,,0,0,0,0,0,0,0,0,0
barolab,2023-04-05,,france,,0,0,0,0,0,0,0,0,0
barolab,2023-04-06,,france,,0,0,0,0,0,0,0,0,0
bastyen,2023-03-28,,france,22931275,0,0,0,0,0,0,0,0,0
bastyen,2023-03-29,,france,22931275,0,0,0,0,0,0,0,0,0
bastyen,2023-03-30,,france,22931275,0,0,0,0,0,0,0,0,0
bastyen,2023-03-31,,france,22931275,0,0,0,0,0,0,0,0,0
bastyen,2023-04-03,97837339,france,22931275,1,0,0,0,0,0,0,0,0
bastyen,2023-04-04,98065748,france,22931275,1,0,0,0,0,0,0,0,0
bastyen,2023-04-05,98151034,france,22931275,1,0,0,0,0,0,0,0,0
bastyen,2023-04-06,,france,22931275,0,0,0,0,0,0,0,0,0
batden,2023-03-28,,france,,0,0,0,0,0,0,0,0,0
batden,2023-03-29,,france,,0,0,0,0,0,0,0,0,0
batden,2023-03-30,97424245,france,,1,0,0,0,0,0,0,0,0
batden,2023-03-31,,france,,0,0,0,0,0,0,0,0,0
batden,2023-04-03,,france,,0,0,0,0,0,0,0,0,0
batden,2023-04-04,,france,,0,0,0,0,0,0,0,0,0
batden,2023-04-05,,france,,0,0,0,0,0,0,0,0,0
batden,2023-04-06,,france,,0,0,0,0,0,0,0,0,0
bchatard,2023-03-28,,france,,0,0,0,0,0,0,0,0,0
bchatard,2023-03-29,,france,,0,0,0,0,0,0,0,0,0
bchatard,2023-03-30,,france,,0,0,0,0,0,0,0,0,0
bchatard,2023-03-31,,france,,0,0,0,0,0,0,0,0,0
bchatard,2023-04-03,,france,,0,0,0,0,0,0,0,0,0
bchatard,2023-04-04,,france,,0,0,0,0,0,0,0,0,0
bchatard,2023-04-05,98159777,france,,1,0,0,0,0,0,0,0,0
bchatard,2023-04-06,,france,,0,0,0,0,0,0,0,0,0
bdornauer,2023-03-28,97201236,austria,,1,0,0,0,0,0,0,0,0
bdornauer,2023-03-29,,austria,,0,0,0,0,0,0,0,0,0
bdornauer,2023-03-30,,austria,,0,0,0,0,0,0,0,0,0
bdornauer,2023-03-31,,austria,,0,0,0,0,0,0,0,0,0
bdornauer,2023-04-03,,austria,,0,0,0,0,0,0,0,0,0
bdornauer,2023-04-04,,austria,,0,0,0,0,0,0,0,0,0
bdornauer,2023-04-05,,austria,,0,0,0,0,0,0,0,0,0
bdornauer,2023-04-06,,austria,,0,0,0,0,0,0,0,0,0
bdronneau,2023-03-28,97115075,france,,1,0,0,0,0,0,0,0,0
bdronneau,2023-03-29,,france,,0,0,0,0,0,0,0,0,0
bdronneau,2023-03-30,,france,,0,0,0,0,0,0,0,0,0
bdronneau,2023-03-31,,france,,0,0,0,0,0,0,0,0,0
bdronneau,2023-04-03,,france,,0,0,0,0,0,0,0,0,0
bdronneau,2023-04-04,,france,,0,0,0,0,0,0,0,0,0
bdronneau,2023-04-05,,france,,0,0,0,0,0,0,0,0,0
bdronneau,2023-04-06,,france,,0,0,0,0,0,0,0,0,0
behackl,2023-03-28,,austria,65579849,0,0,0,0,0,0,0,0,0
behackl,2023-03-29,,austria,65579849,0,0,0,0,0,0,0,0,0
behackl,2023-03-30,,austria,65579849,0,0,0,0,0,0,0,0,0
behackl,2023-03-31,,austria,65579849,0,0,0,0,0,0,0,0,0
behackl,2023-04-03,,austria,65579849,0,0,0,0,0,0,0,0,0
behackl,2023-04-04,,austria,65579849,0,0,0,0,0,0,0,0,0
behackl,2023-04-05,,austria,65579849,0,0,0,0,0,0,0,0,0
behackl,2023-04-06,98448261,austria,65579849,1,0,0,0,0,0,0,0,0
bellingeri,2023-03-28,,italy,,0,1,0,0,0,0,0,0,0
bellingeri,2023-03-29,,italy,,0,0,1,0,0,0,0,0,0
bellingeri,2023-03-30,,italy,,0,0,0,1,0,0,0,0,0
bellingeri,2023-03-31,97588406,italy,,1,0,0,0,1,0,0,0,0
bellingeri,2023-04-03,,italy,,0,0,0,0,0,1,0,0,0
bellingeri,2023-04-04,,italy,,0,0,0,0,0,0,1,0,0
bellingeri,2023-04-05,,italy,,0,0,0,0,0,0,0,1,0
bellingeri,2023-04-06,,italy,,0,0,0,0,0,0,0,0,1
benjamin-bergia,2023-03-28,,france,356664,0,0,0,0,0,0,0,0,0
benjamin-bergia,2023-03-29,,france,356664,0,0,0,0,0,0,0,0,0
benjamin-bergia,2023-03-30,,france,356664,0,0,0,0,0,0,0,0,0
benjamin-bergia,2023-03-31,,france,356664,0,0,0,0,0,0,0,0,0
benjamin-bergia,2023-04-03,97834796,france,356664,1,0,0,0,0,0,0,0,0
benjamin-bergia,2023-04-04,,france,356664,0,0,0,0,0,0,0,0,0
benjamin-bergia,2023-04-05,,france,356664,0,0,0,0,0,0,0,0,0
benjamin-bergia,2023-04-06,98428008,france,60969647,1,0,0,0,0,0,0,0,0
benjaminbarbe,2023-03-28,,france,,0,0,0,0,0,0,0,0,0
benjaminbarbe,2023-03-29,,france,,0,0,0,0,0,0,0,0,0
benjaminbarbe,2023-03-30,,france,,0,0,0,0,0,0,0,0,0
benjaminbarbe,2023-03-31,,france,,0,0,0,0,0,0,0,0,0
benjaminbarbe,2023-04-03,,france,,0,0,0,0,0,0,0,0,0
benjaminbarbe,2023-04-04,98012049,france,,1,0,0,0,0,0,0,0,0
benjaminbarbe,2023-04-05,,france,,0,0,0,0,0,0,0,0,0
benjaminbarbe,2023-04-06,,france,,0,0,0,0,0,0,0,0,0
benjamincrozat,2023-03-28,,france,128453471,0,0,0,0,0,0,0,0,0
benjamincrozat,2023-03-29,,france,128453471,0,0,0,0,0,0,0,0,0
benjamincrozat,2023-03-30,,france,128453471,0,0,0,0,0,0,0,0,0
benjamincrozat,2023-03-31,,france,128453471,0,0,0,0,0,0,0,0,0
benjamincrozat,2023-04-03,,france,128453471,0,0,0,0,0,0,0,0,0
benjamincrozat,2023-04-04,,france,128453471,0,0,0,0,0,0,0,0,0
benjamincrozat,2023-04-05,98161779,france,128453471,1,0,0,0,0,0,0,0,0
benjamincrozat,2023-04-06,,france,128453471,0,0,0,0,0,0,0,0,0
benjaminjonard,2023-03-28,,france,64778568,0,0,0,0,0,0,0,0,0
benjaminjonard,2023-03-29,97326303,france,64778568,1,0,0,0,0,0,0,0,0
benjaminjonard,2023-03-30,,france,64778568,0,0,0,0,0,0,0,0,0
benjaminjonard,2023-03-31,,france,64778568,0,0,0,0,0,0,0,0,0
benjaminjonard,2023-04-03,,france,64778568,0,0,0,0,0,0,0,0,0
benjaminjonard,2023-04-04,,france,64778568,0,0,0,0,0,0,0,0,0
benjaminjonard,2023-04-05,,france,64778568,0,0,0,0,0,0,0,0,0
benjaminjonard,2023-04-06,,france,64778568,0,0,0,0,0,0,0,0,0
benjlevesque,2023-03-28,,france,,0,0,0,0,0,0,0,0,0
benjlevesque,2023-03-29,,france,,0,0,0,0,0,0,0,0,0
benjlevesque,2023-03-30,,france,,0,0,0,0,0,0,0,0,0
benjlevesque,2023-03-31,97656276,france,,1,0,0,0,0,0,0,0,0
benjlevesque,2023-04-03,,france,,0,0,0,0,0,0,0,0,0
benjlevesque,2023-04-04,,france,,0,0,0,0,0,0,0,0,0
benjlevesque,2023-04-05,,france,,0,0,0,0,0,0,0,0,0
benjlevesque,2023-04-06,,france,,0,0,0,0,0,0,0,0,0
benoitletondor,2023-03-28,,france,39350711,0,0,0,0,0,0,0,0,0
benoitletondor,2023-03-29,,france,39350711,0,0,0,0,0,0,0,0,0
benoitletondor,2023-03-30,,france,39350711,0,0,0,0,0,0,0,0,0
benoitletondor,2023-03-31,,france,39350711,0,0,0,0,0,0,0,0,0
benoitletondor,2023-04-03,,france,39350711,0,0,0,0,0,0,0,0,0
benoitletondor,2023-04-04,,france,39350711,0,0,0,0,0,0,0,0,0
benoitletondor,2023-04-05,,france,39350711,0,0,0,0,0,0,0,0,0
benoitletondor,2023-04-06,98341576,france,39350711,1,0,0,0,0,0,0,0,0
benr77,2023-03-28,,france,28262353,0,0,0,0,0,0,0,0,0
benr77,2023-03-29,,france,28262353,0,0,0,0,0,0,0,0,0
benr77,2023-03-30,,france,28262353,0,0,0,0,0,0,0,0,0
benr77,2023-03-31,,france,28262353,0,0,0,0,0,0,0,0,0
benr77,2023-04-03,,france,28262353,0,0,0,0,0,0,0,0,0
benr77,2023-04-04,,france,28262353,0,0,0,0,0,0,0,0,0
benr77,2023-04-05,98227557,france,28262353,1,0,0,0,0,0,0,0,0
benr77,2023-04-06,,france,28262353,0,0,0,0,0,0,0,0,0
berthetclement,2023-03-28,,france,23478907,0,0,0,0,0,0,0,0,0
berthetclement,2023-03-29,,france,23478907,0,0,0,0,0,0,0,0,0
berthetclement,2023-03-30,,france,23478907,0,0,0,0,0,0,0,0,0
berthetclement,2023-03-31,,france,23478907,0,0,0,0,0,0,0,0,0
berthetclement,2023-04-03,,france,23478907,0,0,0,0,0,0,0,0,0
berthetclement,2023-04-04,,france,23478907,0,0,0,0,0,0,0,0,0
berthetclement,2023-04-05,,france,23478907,0,0,0,0,0,0,0,0,0
berthetclement,2023-04-06,98431943,france,23478907,1,0,0,0,0,0,0,0,0
bewegende-Architektur,2023-03-28,,austria,,0,0,0,0,0,0,0,0,0
bewegende-Architektur,2023-03-29,,austria,,0,0,0,0,0,0,0,0,0
bewegende-Architektur,2023-03-30,,austria,,0,0,0,0,0,0,0,0,0
bewegende-Architektur,2023-03-31,,austria,,0,0,0,0,0,0,0,0,0
bewegende-Architektur,2023-04-03,97831928,austria,,1,0,0,0,0,0,0,0,0
bewegende-Architektur,2023-04-04,,austria,,0,0,0,0,0,0,0,0,0
bewegende-Architektur,2023-04-05,,austria,,0,0,0,0,0,0,0,0,0
bewegende-Architektur,2023-04-06,,austria,,0,0,0,0,0,0,0,0,0
bilelomrani1,2023-03-28,,france,26204301,0,0,0,0,0,0,0,0,0
bilelomrani1,2023-03-29,,france,26204301,0,0,0,0,0,0,0,0,0
bilelomrani1,2023-03-30,,france,26204301,0,0,0,0,0,0,0,0,0
bilelomrani1,2023-03-31,97615924,france,26204301,1,0,0,0,0,0,0,0,0
bilelomrani1,2023-04-03,,france,26204301,0,0,0,0,0,0,0,0,0
bilelomrani1,2023-04-04,,france,26204301,0,0,0,0,0,0,0,0,0
bilelomrani1,2023-04-05,,france,26204301,0,0,0,0,0,0,0,0,0
bilelomrani1,2023-04-06,,france,26204301,0,0,0,0,0,0,0,0,0
bizon-bot,2023-03-28,,france,41452135,0,0,0,0,0,0,0,0,0
bizon-bot,2023-03-29,,france,41452135,0,0,0,0,0,0,0,0,0
bizon-bot,2023-03-30,,france,41452135,0,0,0,0,0,0,0,0,0
bizon-bot,2023-03-31,,france,41452135,0,0,0,0,0,0,0,0,0
bizon-bot,2023-04-03,97863017,france,41452135,1,0,0,0,0,0,0,0,0
bizon-bot,2023-04-04,,france,41452135,0,0,0,0,0,0,0,0,0
bizon-bot,2023-04-05,,france,41452135,0,0,0,0,0,0,0,0,0
bizon-bot,2023-04-06,,france,41452135,0,0,0,0,0,0,0,0,0
bjgiraudon,2023-03-28,97139310,france,6223127,1,0,0,0,0,0,0,0,0
bjgiraudon,2023-03-29,,france,6223127,0,0,0,0,0,0,0,0,0
bjgiraudon,2023-03-30,,france,6223127,0,0,0,0,0,0,0,0,0
bjgiraudon,2023-03-31,,france,6223127,0,0,0,0,0,0,0,0,0
bjgiraudon,2023-04-03,,france,6223127,0,0,0,0,0,0,0,0,0
bjgiraudon,2023-04-04,,france,6223127,0,0,0,0,0,0,0,0,0
bjgiraudon,2023-04-05,,france,6223127,0,0,0,0,0,0,0,0,0
bjgiraudon,2023-04-06,,france,6223127,0,0,0,0,0,0,0,0,0
blaze534,2023-03-28,,italy,,0,1,0,0,0,0,0,0,0
blaze534,2023-03-29,97367882,italy,,1,0,1,0,0,0,0,0,0
blaze534,2023-03-30,,italy,,0,0,0,1,0,0,0,0,0
blaze534,2023-03-31,,italy,,0,0,0,0,1,0,0,0,0
blaze534,2023-04-03,,italy,,0,0,0,0,0,1,0,0,0
blaze534,2023-04-04,,italy,,0,0,0,0,0,0,1,0,0
blaze534,2023-04-05,,italy,,0,0,0,0,0,0,0,1,0
blaze534,2023-04-06,,italy,,0,0,0,0,0,0,0,0,1
blotus,2023-03-28,,france,63284097,0,0,0,0,0,0,0,0,0
blotus,2023-03-29,97344373,france,63284097,1,0,0,0,0,0,0,0,0
blotus,2023-03-30,,france,63284097,0,0,0,0,0,0,0,0,0
blotus,2023-03-31,,france,63284097,0,0,0,0,0,0,0,0,0
blotus,2023-04-03,,france,63284097,0,0,0,0,0,0,0,0,0
blotus,2023-04-04,,france,63284097,0,0,0,0,0,0,0,0,0
blotus,2023-04-05,,france,63284097,0,0,0,0,0,0,0,0,0
blotus,2023-04-06,,france,63284097,0,0,0,0,0,0,0,0,0
bmagic,2023-03-28,97128285,france,62112832,1,0,0,0,0,0,0,0,0
bmagic,2023-03-29,,france,62112832,0,0,0,0,0,0,0,0,0
bmagic,2023-03-30,,france,62112832,0,0,0,0,0,0,0,0,0
bmagic,2023-03-31,97622609,france,62112832,1,0,0,0,0,0,0,0,0
bmagic,2023-04-03,,france,62112832,0,0,0,0,0,0,0,0,0
bmagic,2023-04-04,,france,62112832,0,0,0,0,0,0,0,0,0
bmagic,2023-04-05,,france,62112832,0,0,0,0,0,0,0,0,0
bmagic,2023-04-06,,france,62112832,0,0,0,0,0,0,0,0,0
bneron,2023-03-28,,france,5920106,0,0,0,0,0,0,0,0,0
bneron,2023-03-29,,france,5920106,0,0,0,0,0,0,0,0,0
bneron,2023-03-30,,france,5920106,0,0,0,0,0,0,0,0,0
bneron,2023-03-31,,france,5920106,0,0,0,0,0,0,0,0,0
bneron,2023-04-03,,france,5920106,0,0,0,0,0,0,0,0,0
bneron,2023-04-04,,france,5920106,0,0,0,0,0,0,0,0,0
bneron,2023-04-05,98160488,france,5920106,1,0,0,0,0,0,0,0,0
bneron,2023-04-06,,france,5920106,0,0,0,0,0,0,0,0,0
bobeal,2023-03-28,97114250,france,63594410,1,0,0,0,0,0,0,0,0
bobeal,2023-03-29,,france,63594410,0,0,0,0,0,0,0,0,0
bobeal,2023-03-30,97502763,france,63594410,1,0,0,0,0,0,0,0,0
bobeal,2023-03-31,,france,63594410,0,0,0,0,0,0,0,0,0
bobeal,2023-04-03,,france,63594410,0,0,0,0,0,0,0,0,0
bobeal,2023-04-04,,france,63594410,0,0,0,0,0,0,0,0,0
bobeal,2023-04-05,,france,63594410,0,0,0,0,0,0,0,0,0
bobeal,2023-04-06,,france,63594410,0,0,0,0,0,0,0,0,0
bobot,2023-03-28,,france,,0,0,0,0,0,0,0,0,0
bobot,2023-03-29,97392609,france,,1,0,0,0,0,0,0,0,0
bobot,2023-03-30,,france,,0,0,0,0,0,0,0,0,0
bobot,2023-03-31,,france,,0,0,0,0,0,0,0,0,0
bobot,2023-04-03,,france,,0,0,0,0,0,0,0,0,0
bobot,2023-04-04,,france,,0,0,0,0,0,0,0,0,0
bobot,2023-04-05,,france,,0,0,0,0,0,0,0,0,0
bobot,2023-04-06,,france,,0,0,0,0,0,0,0,0,0
boehlerlukas,2023-03-28,97194260,austria,91374640,1,0,0,0,0,0,0,0,0
boehlerlukas,2023-03-29,,austria,91374640,0,0,0,0,0,0,0,0,0
boehlerlukas,2023-03-30,,austria,91374640,0,0,0,0,0,0,0,0,0
boehlerlukas,2023-03-31,,austria,91374640,0,0,0,0,0,0,0,0,0
boehlerlukas,2023-04-03,,austria,91374640,0,0,0,0,0,0,0,0,0
boehlerlukas,2023-04-04,,austria,91374640,0,0,0,0,0,0,0,0,0
boehlerlukas,2023-04-05,,austria,91374640,0,0,0,0,0,0,0,0,0
boehlerlukas,2023-04-06,98386763,austria,91374640,1,0,0,0,0,0,0,0,0
bofenghuang,2023-03-28,,france,,0,0,0,0,0,0,0,0,0
bofenghuang,2023-03-29,,france,,0,0,0,0,0,0,0,0,0
bofenghuang,2023-03-30,,france,,0,0,0,0,0,0,0,0,0
bofenghuang,2023-03-31,,france,,0,0,0,0,0,0,0,0,0
bofenghuang,2023-04-03,,france,,0,0,0,0,0,0,0,0,0
bofenghuang,2023-04-04,,france,,0,0,0,0,0,0,0,0,0
bofenghuang,2023-04-05,,france,,0,0,0,0,0,0,0,0,0
bofenghuang,2023-04-06,98428105,france,,1,0,0,0,0,0,0,0,0
bonakor,2023-03-28,,france,,0,0,0,0,0,0,0,0,0
bonakor,2023-03-29,,france,,0,0,0,0,0,0,0,0,0
bonakor,2023-03-30,,france,,0,0,0,0,0,0,0,0,0
bonakor,2023-03-31,,france,,0,0,0,0,0,0,0,0,0
bonakor,2023-04-03,,france,,0,0,0,0,0,0,0,0,0
bonakor,2023-04-04,,france,,0,0,0,0,0,0,0,0,0
bonakor,2023-04-05,,france,,0,0,0,0,0,0,0,0,0
bonakor,2023-04-06,98435673,france,,1,0,0,0,0,0,0,0,0
bonclay7,2023-03-28,,france,69270564,0,0,0,0,0,0,0,0,0
bonclay7,2023-03-29,,france,69270564,0,0,0,0,0,0,0,0,0
bonclay7,2023-03-30,,france,69270564,0,0,0,0,0,0,0,0,0
bonclay7,2023-03-31,,france,69270564,0,0,0,0,0,0,0,0,0
bonclay7,2023-04-03,97812114,france,69270564,1,0,0,0,0,0,0,0,0
bonclay7,2023-04-04,,france,69270564,0,0,0,0,0,0,0,0,0
bonclay7,2023-04-05,,france,69270564,0,0,0,0,0,0,0,0,0
bonclay7,2023-04-06,,france,69270564,0,0,0,0,0,0,0,0,0
bonita-ci,2023-03-28,,france,4619712,0,0,0,0,0,0,0,0,0
bonita-ci,2023-03-29,,france,4619712,0,0,0,0,0,0,0,0,0
bonita-ci,2023-03-30,,france,4619712,0,0,0,0,0,0,0,0,0
bonita-ci,2023-03-31,97591046,france,4619712,1,0,0,0,0,0,0,0,0
bonita-ci,2023-04-03,,france,4619712,0,0,0,0,0,0,0,0,0
bonita-ci,2023-04-04,,france,4619712,0,0,0,0,0,0,0,0,0
bonita-ci,2023-04-05,,france,4619712,0,0,0,0,0,0,0,0,0
bonita-ci,2023-04-06,,france,4619712,0,0,0,0,0,0,0,0,0
bot-anik,2023-03-28,,france,91899131,0,0,0,0,0,0,0,0,0
bot-anik,2023-03-29,,france,91899131,0,0,0,0,0,0,0,0,0
bot-anik,2023-03-30,,france,91899131,0,0,0,0,0,0,0,0,0
bot-anik,2023-03-31,97614468,france,91899131,1,0,0,0,0,0,0,0,0
bot-anik,2023-04-03,,france,91899131,0,0,0,0,0,0,0,0,0
bot-anik,2023-04-04,,france,91899131,0,0,0,0,0,0,0,0,0
bot-anik,2023-04-05,,france,91899131,0,0,0,0,0,0,0,0,0
bot-anik,2023-04-06,98336509,france,91899131,1,0,0,0,0,0,0,0,0
boubouleuh,2023-03-28,,france,,0,0,0,0,0,0,0,0,0
boubouleuh,2023-03-29,,france,,0,0,0,0,0,0,0,0,0
boubouleuh,2023-03-30,,france,,0,0,0,0,0,0,0,0,0
boubouleuh,2023-03-31,,france,,0,0,0,0,0,0,0,0,0
boubouleuh,2023-04-03,97855652,france,,1,0,0,0,0,0,0,0,0
boubouleuh,2023-04-04,,france,,0,0,0,0,0,0,0,0,0
boubouleuh,2023-04-05,,france,,0,0,0,0,0,0,0,0,0
boubouleuh,2023-04-06,,france,,0,0,0,0,0,0,0,0,0
bozzelliandrea,2023-03-28,,italy,,0,1,0,0,0,0,0,0,0
bozzelliandrea,2023-03-29,,italy,,0,0,1,0,0,0,0,0,0
bozzelliandrea,2023-03-30,,italy,,0,0,0,1,0,0,0,0,0
bozzelliandrea,2023-03-31,,italy,,0,0,0,0,1,0,0,0,0
bozzelliandrea,2023-04-03,,italy,,0,0,0,0,0,1,0,0,0
bozzelliandrea,2023-04-04,,italy,,0,0,0,0,0,0,1,0,0
bozzelliandrea,2023-04-05,,italy,,0,0,0,0,0,0,0,1,0
bozzelliandrea,2023-04-06,98386616,italy,,1,0,0,0,0,0,0,0,1
bpichon0,2023-03-28,,france,,0,0,0,0,0,0,0,0,0
bpichon0,2023-03-29,,france,,0,0,0,0,0,0,0,0,0
bpichon0,2023-03-30,,france,,0,0,0,0,0,0,0,0,0
bpichon0,2023-03-31,,france,,0,0,0,0,0,0,0,0,0
bpichon0,2023-04-03,97898341,france,,1,0,0,0,0,0,0,0,0
bpichon0,2023-04-04,,france,,0,0,0,0,0,0,0,0,0
bpichon0,2023-04-05,,france,,0,0,0,0,0,0,0,0,0
bpichon0,2023-04-06,,france,,0,0,0,0,0,0,0,0,0
bpolaszek,2023-03-28,,france,84381758,0,0,0,0,0,0,0,0,0
bpolaszek,2023-03-29,,france,84381758,0,0,0,0,0,0,0,0,0
bpolaszek,2023-03-30,97498910,france,84381758,1,0,0,0,0,0,0,0,0
bpolaszek,2023-03-31,,france,84381758,0,0,0,0,0,0,0,0,0
bpolaszek,2023-04-03,,france,84381758,0,0,0,0,0,0,0,0,0
bpolaszek,2023-04-04,,france,84381758,0,0,0,0,0,0,0,0,0
bpolaszek,2023-04-05,,france,84381758,0,0,0,0,0,0,0,0,0
bpolaszek,2023-04-06,,france,84381758,0,0,0,0,0,0,0,0,0
bradhowes,2023-03-28,,france,,0,0,0,0,0,0,0,0,0
bradhowes,2023-03-29,,france,,0,0,0,0,0,0,0,0,0
bradhowes,2023-03-30,97406521,france,,1,0,0,0,0,0,0,0,0
bradhowes,2023-03-31,,france,,0,0,0,0,0,0,0,0,0
bradhowes,2023-04-03,,france,,0,0,0,0,0,0,0,0,0
bradhowes,2023-04-04,,france,,0,0,0,0,0,0,0,0,0
bradhowes,2023-04-05,,france,,0,0,0,0,0,0,0,0,0
bradhowes,2023-04-06,,france,,0,0,0,0,0,0,0,0,0
breard-r,2023-03-28,,france,6369551,0,0,0,0,0,0,0,0,0
breard-r,2023-03-29,,france,6369551,0,0,0,0,0,0,0,0,0
breard-r,2023-03-30,,france,6369551,0,0,0,0,0,0,0,0,0
breard-r,2023-03-31,97618011,france,6369551,1,0,0,0,0,0,0,0,0
breard-r,2023-04-03,,france,6369551,0,0,0,0,0,0,0,0,0
breard-r,2023-04-04,,france,6369551,0,0,0,0,0,0,0,0,0
breard-r,2023-04-05,,france,6369551,0,0,0,0,0,0,0,0,0
breard-r,2023-04-06,,france,6369551,0,0,0,0,0,0,0,0,0
bruneval,2023-03-28,,france,,0,0,0,0,0,0,0,0,0
bruneval,2023-03-29,,france,,0,0,0,0,0,0,0,0,0
bruneval,2023-03-30,97511672,france,,1,0,0,0,0,0,0,0,0
bruneval,2023-03-31,,france,,0,0,0,0,0,0,0,0,0
bruneval,2023-04-03,,france,,0,0,0,0,0,0,0,0,0
bruneval,2023-04-04,,france,,0,0,0,0,0,0,0,0,0
bruneval,2023-04-05,,france,,0,0,0,0,0,0,0,0,0
bruneval,2023-04-06,,france,,0,0,0,0,0,0,0,0,0
bruno-blackbird,2023-03-28,97201701,france,36998453,1,0,0,0,0,0,0,0,0
bruno-blackbird,2023-03-29,,france,36998453,0,0,0,0,0,0,0,0,0
bruno-blackbird,2023-03-30,,france,36998453,0,0,0,0,0,0,0,0,0
bruno-blackbird,2023-03-31,,france,36998453,0,0,0,0,0,0,0,0,0
bruno-blackbird,2023-04-03,,france,36998453,0,0,0,0,0,0,0,0,0
bruno-blackbird,2023-04-04,,france,36998453,0,0,0,0,0,0,0,0,0
bruno-blackbird,2023-04-05,,france,36998453,0,0,0,0,0,0,0,0,0
bruno-blackbird,2023-04-06,,france,36998453,0,0,0,0,0,0,0,0,0
bsorrentino,2023-03-28,97189366,italy,,1,1,0,0,0,0,0,0,0
bsorrentino,2023-03-29,,italy,,0,0,1,0,0,0,0,0,0
bsorrentino,2023-03-30,,italy,,0,0,0,1,0,0,0,0,0
bsorrentino,2023-03-31,,italy,,0,0,0,0,1,0,0,0,0
bsorrentino,2023-04-03,,italy,,0,0,0,0,0,1,0,0,0
bsorrentino,2023-04-04,,italy,,0,0,0,0,0,0,1,0,0
bsorrentino,2023-04-05,,italy,,0,0,0,0,0,0,0,1,0
bsorrentino,2023-04-06,,italy,,0,0,0,0,0,0,0,0,1
buchdag,2023-03-28,,france,61534304,0,0,0,0,0,0,0,0,0
buchdag,2023-03-29,97363837,france,61534304,1,0,0,0,0,0,0,0,0
buchdag,2023-03-30,,france,61534304,0,0,0,0,0,0,0,0,0
buchdag,2023-03-31,,france,61534304,0,0,0,0,0,0,0,0,0
buchdag,2023-04-03,,france,61534304,0,0,0,0,0,0,0,0,0
buchdag,2023-04-04,,france,61534304,0,0,0,0,0,0,0,0,0
buchdag,2023-04-05,,france,61534304,0,0,0,0,0,0,0,0,0
buchdag,2023-04-06,,france,61534304,0,0,0,0,0,0,0,0,0
buffer,2023-03-28,,italy,314135,0,1,0,0,0,0,0,0,0
buffer,2023-03-29,,italy,314135,0,0,1,0,0,0,0,0,0
buffer,2023-03-30,97477409,italy,314135,1,0,0,1,0,0,0,0,0
buffer,2023-03-31,,italy,314135,0,0,0,0,1,0,0,0,0
buffer,2023-04-03,,italy,314135,0,0,0,0,0,1,0,0,0
buffer,2023-04-04,,italy,314135,0,0,0,0,0,0,1,0,0
buffer,2023-04-05,,italy,314135,0,0,0,0,0,0,0,1,0
buffer,2023-04-06,,italy,314135,0,0,0,0,0,0,0,0,1
cMancio00,2023-03-28,,italy,,0,1,0,0,0,0,0,0,0
cMancio00,2023-03-29,,italy,,0,0,1,0,0,0,0,0,0
cMancio00,2023-03-30,,italy,,0,0,0,1,0,0,0,0,0
cMancio00,2023-03-31,,italy,,0,0,0,0,1,0,0,0,0
cMancio00,2023-04-03,,italy,,0,0,0,0,0,1,0,0,0
cMancio00,2023-04-04,,italy,,0,0,0,0,0,0,1,0,0
cMancio00,2023-04-05,,italy,,0,0,0,0,0,0,0,1,0
cMancio00,2023-04-06,98443925,italy,,1,0,0,0,0,0,0,0,1
cadgerfeast,2023-03-28,,france,,0,0,0,0,0,0,0,0,0
cadgerfeast,2023-03-29,97369635,france,,1,0,0,0,0,0,0,0,0
cadgerfeast,2023-03-30,,france,,0,0,0,0,0,0,0,0,0
cadgerfeast,2023-03-31,,france,,0,0,0,0,0,0,0,0,0
cadgerfeast,2023-04-03,,france,,0,0,0,0,0,0,0,0,0
cadgerfeast,2023-04-04,,france,,0,0,0,0,0,0,0,0,0
cadgerfeast,2023-04-05,,france,,0,0,0,0,0,0,0,0,0
cadgerfeast,2023-04-06,,france,,0,0,0,0,0,0,0,0,0
cappuc,2023-03-28,,italy,63707854,0,1,0,0,0,0,0,0,0
cappuc,2023-03-29,,italy,63707854,0,0,1,0,0,0,0,0,0
cappuc,2023-03-30,,italy,63707854,0,0,0,1,0,0,0,0,0
cappuc,2023-03-31,,italy,63707854,0,0,0,0,1,0,0,0,0
cappuc,2023-04-03,,italy,63707854,0,0,0,0,0,1,0,0,0
cappuc,2023-04-04,,italy,63707854,0,0,0,0,0,0,1,0,0
cappuc,2023-04-05,98165908,italy,63707854,1,0,0,0,0,0,0,1,0
cappuc,2023-04-06,,italy,63707854,0,0,0,0,0,0,0,0,1
carnivuth,2023-03-28,,italy,,0,1,0,0,0,0,0,0,0
carnivuth,2023-03-29,,italy,,0,0,1,0,0,0,0,0,0
carnivuth,2023-03-30,,italy,,0,0,0,1,0,0,0,0,0
carnivuth,2023-03-31,,italy,,0,0,0,0,1,0,0,0,0
carnivuth,2023-04-03,,italy,,0,0,0,0,0,1,0,0,0
carnivuth,2023-04-04,,italy,,0,0,0,0,0,0,1,0,0
carnivuth,2023-04-05,98243997,italy,,1,0,0,0,0,0,0,1,0
carnivuth,2023-04-06,,italy,,0,0,0,0,0,0,0,0,1
casella,2023-03-28,,italy,4006504,0,1,0,0,0,0,0,0,0
casella,2023-03-29,,italy,4006504,0,0,1,0,0,0,0,0,0
casella,2023-03-30,,italy,4006504,0,0,0,1,0,0,0,0,0
casella,2023-03-31,97282019,italy,4006504,1,0,0,0,1,0,0,0,0
casella,2023-04-03,,italy,4006504,0,0,0,0,0,1,0,0,0
casella,2023-04-04,,italy,4006504,0,0,0,0,0,0,1,0,0
casella,2023-04-05,,italy,4006504,0,0,0,0,0,0,0,1,0
casella,2023-04-06,,italy,4006504,0,0,0,0,0,0,0,0,1
cavallium,2023-03-28,,italy,,0,1,0,0,0,0,0,0,0
cavallium,2023-03-29,,italy,,0,0,1,0,0,0,0,0,0
cavallium,2023-03-30,,italy,,0,0,0,1,0,0,0,0,0
cavallium,2023-03-31,97516113,italy,,1,0,0,0,1,0,0,0,0
cavallium,2023-04-03,,italy,,0,0,0,0,0,1,0,0,0
cavallium,2023-04-04,,italy,,0,0,0,0,0,0,1,0,0
cavallium,2023-04-05,,italy,,0,0,0,0,0,0,0,1,0
cavallium,2023-04-06,,italy,,0,0,0,0,0,0,0,0,1
cazitouni,2023-03-28,,france,,0,0,0,0,0,0,0,0,0
cazitouni,2023-03-29,,france,,0,0,0,0,0,0,0,0,0
cazitouni,2023-03-30,,france,,0,0,0,0,0,0,0,0,0
cazitouni,2023-03-31,,france,,0,0,0,0,0,0,0,0,0
cazitouni,2023-04-03,,france,,0,0,0,0,0,0,0,0,0
cazitouni,2023-04-04,97995887,france,,1,0,0,0,0,0,0,0,0
cazitouni,2023-04-05,,france,,0,0,0,0,0,0,0,0,0
cazitouni,2023-04-06,,france,,0,0,0,0,0,0,0,0,0
cbrnr,2023-03-28,,austria,,0,0,0,0,0,0,0,0,0
cbrnr,2023-03-29,,austria,,0,0,0,0,0,0,0,0,0
cbrnr,2023-03-30,,austria,,0,0,0,0,0,0,0,0,0
cbrnr,2023-03-31,,austria,,0,0,0,0,0,0,0,0,0
cbrnr,2023-04-03,,austria,,0,0,0,0,0,0,0,0,0
cbrnr,2023-04-04,,austria,,0,0,0,0,0,0,0,0,0
cbrnr,2023-04-05,98156035,austria,,1,0,0,0,0,0,0,0,0
cbrnr,2023-04-06,,austria,,0,0,0,0,0,0,0,0,0
cderv,2023-03-28,,france,513560,0,0,0,0,0,0,0,0,0
cderv,2023-03-29,97262627,france,513560,1,0,0,0,0,0,0,0,0
cderv,2023-03-30,,france,513560,0,0,0,0,0,0,0,0,0
cderv,2023-03-31,,france,513560,0,0,0,0,0,0,0,0,0
cderv,2023-04-03,,france,513560,0,0,0,0,0,0,0,0,0
cderv,2023-04-04,,france,513560,0,0,0,0,0,0,0,0,0
cderv,2023-04-05,,france,513560,0,0,0,0,0,0,0,0,0
cderv,2023-04-06,,france,513560,0,0,0,0,0,0,0,0,0
cedricbriandgithub,2023-03-28,,france,118278066,0,0,0,0,0,0,0,0,0
cedricbriandgithub,2023-03-29,,france,118278066,0,0,0,0,0,0,0,0,0
cedricbriandgithub,2023-03-30,,france,118278066,0,0,0,0,0,0,0,0,0
cedricbriandgithub,2023-03-31,,france,118278066,0,0,0,0,0,0,0,0,0
cedricbriandgithub,2023-04-03,,france,118278066,0,0,0,0,0,0,0,0,0
cedricbriandgithub,2023-04-04,97990739,france,118278066,1,0,0,0,0,0,0,0,0
cedricbriandgithub,2023-04-05,,france,118278066,0,0,0,0,0,0,0,0,0
cedricbriandgithub,2023-04-06,,france,118278066,0,0,0,0,0,0,0,0,0
cedx,2023-03-28,,france,,0,0,0,0,0,0,0,0,0
cedx,2023-03-29,97385423,france,,1,0,0,0,0,0,0,0,0
cedx,2023-03-30,,france,,0,0,0,0,0,0,0,0,0
cedx,2023-03-31,,france,,0,0,0,0,0,0,0,0,0
cedx,2023-04-03,,france,,0,0,0,0,0,0,0,0,0
cedx,2023-04-04,98085602,france,,1,0,0,0,0,0,0,0,0
cedx,2023-04-05,,france,,0,0,0,0,0,0,0,0,0
cedx,2023-04-06,98470818,france,,1,0,0,0,0,0,0,0,0
cenk1cenk2,2023-03-28,,austria,129616526,0,0,0,0,0,0,0,0,0
cenk1cenk2,2023-03-29,,austria,129616526,0,0,0,0,0,0,0,0,0
cenk1cenk2,2023-03-30,,austria,129616526,0,0,0,0,0,0,0,0,0
cenk1cenk2,2023-03-31,,austria,129616526,0,0,0,0,0,0,0,0,0
cenk1cenk2,2023-04-03,,austria,129616526,0,0,0,0,0,0,0,0,0
cenk1cenk2,2023-04-04,,austria,129616526,0,0,0,0,0,0,0,0,0
cenk1cenk2,2023-04-05,98236739,austria,129616526,1,0,0,0,0,0,0,0,0
cenk1cenk2,2023-04-06,98462666,austria,129616526,1,0,0,0,0,0,0,0,0
cernoel,2023-03-28,,austria,112955446,0,0,0,0,0,0,0,0,0
cernoel,2023-03-29,,austria,112955446,0,0,0,0,0,0,0,0,0
cernoel,2023-03-30,,austria,112955446,0,0,0,0,0,0,0,0,0
cernoel,2023-03-31,,austria,112955446,0,0,0,0,0,0,0,0,0
cernoel,2023-04-03,,austria,112955446,0,0,0,0,0,0,0,0,0
cernoel,2023-04-04,,austria,112955446,0,0,0,0,0,0,0,0,0
cernoel,2023-04-05,,austria,112955446,0,0,0,0,0,0,0,0,0
cernoel,2023-04-06,98340028,austria,112955446,1,0,0,0,0,0,0,0,0
cfvescovo,2023-03-28,,italy,,0,1,0,0,0,0,0,0,0
cfvescovo,2023-03-29,,italy,,0,0,1,0,0,0,0,0,0
cfvescovo,2023-03-30,,italy,,0,0,0,1,0,0,0,0,0
cfvescovo,2023-03-31,,italy,,0,0,0,0,1,0,0,0,0
cfvescovo,2023-04-03,,italy,,0,0,0,0,0,1,0,0,0
cfvescovo,2023-04-04,98064865,italy,,1,0,0,0,0,0,1,0,0
cfvescovo,2023-04-05,,italy,,0,0,0,0,0,0,0,1,0
cfvescovo,2023-04-06,,italy,,0,0,0,0,0,0,0,0,1
cguennou,2023-03-28,,france,11644092,0,0,0,0,0,0,0,0,0
cguennou,2023-03-29,,france,11644092,0,0,0,0,0,0,0,0,0
cguennou,2023-03-30,,france,11644092,0,0,0,0,0,0,0,0,0
cguennou,2023-03-31,,france,11644092,0,0,0,0,0,0,0,0,0
cguennou,2023-04-03,,france,11644092,0,0,0,0,0,0,0,0,0
cguennou,2023-04-04,97962329,france,11644092,1,0,0,0,0,0,0,0,0
cguennou,2023-04-05,,france,11644092,0,0,0,0,0,0,0,0,0
cguennou,2023-04-06,,france,11644092,0,0,0,0,0,0,0,0,0
chainyo,2023-03-28,,france,96320939,0,0,0,0,0,0,0,0,0
chainyo,2023-03-29,,france,96320939,0,0,0,0,0,0,0,0,0
chainyo,2023-03-30,,france,96320939,0,0,0,0,0,0,0,0,0
chainyo,2023-03-31,97655108,france,96320939,1,0,0,0,0,0,0,0,0
chainyo,2023-04-03,,france,96320939,0,0,0,0,0,0,0,0,0
chainyo,2023-04-04,,france,96320939,0,0,0,0,0,0,0,0,0
chainyo,2023-04-05,,france,96320939,0,0,0,0,0,0,0,0,0
chainyo,2023-04-06,,france,96320939,0,0,0,0,0,0,0,0,0
chavers,2023-03-28,,france,,0,0,0,0,0,0,0,0,0
chavers,2023-03-29,,france,,0,0,0,0,0,0,0,0,0
chavers,2023-03-30,,france,,0,0,0,0,0,0,0,0,0
chavers,2023-03-31,,france,,0,0,0,0,0,0,0,0,0
chavers,2023-04-03,97819112,france,,1,0,0,0,0,0,0,0,0
chavers,2023-04-04,98003644,france,,1,0,0,0,0,0,0,0,0
chavers,2023-04-05,,france,,0,0,0,0,0,0,0,0,0
chavers,2023-04-06,,france,,0,0,0,0,0,0,0,0,0
chesio,2023-03-28,,austria,,0,0,0,0,0,0,0,0,0
chesio,2023-03-29,,austria,,0,0,0,0,0,0,0,0,0
chesio,2023-03-30,,austria,,0,0,0,0,0,0,0,0,0
chesio,2023-03-31,97617882,austria,,1,0,0,0,0,0,0,0,0
chesio,2023-04-03,,austria,,0,0,0,0,0,0,0,0,0
chesio,2023-04-04,,austria,,0,0,0,0,0,0,0,0,0
chesio,2023-04-05,,austria,,0,0,0,0,0,0,0,0,0
chesio,2023-04-06,,austria,,0,0,0,0,0,0,0,0,0
chrhuang,2023-03-28,97209155,france,912124,1,0,0,0,0,0,0,0,0
chrhuang,2023-03-29,,france,912124,0,0,0,0,0,0,0,0,0
chrhuang,2023-03-30,,france,912124,0,0,0,0,0,0,0,0,0
chrhuang,2023-03-31,,france,912124,0,0,0,0,0,0,0,0,0
chrhuang,2023-04-03,,france,912124,0,0,0,0,0,0,0,0,0
chrhuang,2023-04-04,98053229,france,912124,1,0,0,0,0,0,0,0,0
chrhuang,2023-04-05,,france,912124,0,0,0,0,0,0,0,0,0
chrhuang,2023-04-06,98348158,france,912124,1,0,0,0,0,0,0,0,0
chrishoermann,2023-03-28,,austria,,0,0,0,0,0,0,0,0,0
chrishoermann,2023-03-29,,austria,,0,0,0,0,0,0,0,0,0
chrishoermann,2023-03-30,,austria,,0,0,0,0,0,0,0,0,0
chrishoermann,2023-03-31,,austria,,0,0,0,0,0,0,0,0,0
chrishoermann,2023-04-03,,austria,,0,0,0,0,0,0,0,0,0
chrishoermann,2023-04-04,,austria,,0,0,0,0,0,0,0,0,0
chrishoermann,2023-04-05,,austria,,0,0,0,0,0,0,0,0,0
chrishoermann,2023-04-06,98450814,austria,,1,0,0,0,0,0,0,0,0
christophehurpeau,2023-03-28,,france,,0,0,0,0,0,0,0,0,0
christophehurpeau,2023-03-29,,france,,0,0,0,0,0,0,0,0,0
christophehurpeau,2023-03-30,,france,,0,0,0,0,0,0,0,0,0
christophehurpeau,2023-03-31,,france,,0,0,0,0,0,0,0,0,0
christophehurpeau,2023-04-03,97909415,france,,1,0,0,0,0,0,0,0,0
christophehurpeau,2023-04-04,,france,,0,0,0,0,0,0,0,0,0
christophehurpeau,2023-04-05,,france,,0,0,0,0,0,0,0,0,0
christophehurpeau,2023-04-06,,france,,0,0,0,0,0,0,0,0,0
christophfink,2023-03-28,,austria,28389985,0,0,0,0,0,0,0,0,0
christophfink,2023-03-29,,austria,28389985,0,0,0,0,0,0,0,0,0
christophfink,2023-03-30,97485794,austria,28389985,1,0,0,0,0,0,0,0,0
christophfink,2023-03-31,,austria,28389985,0,0,0,0,0,0,0,0,0
christophfink,2023-04-03,,austria,28389985,0,0,0,0,0,0,0,0,0
christophfink,2023-04-04,,austria,28389985,0,0,0,0,0,0,0,0,0
christophfink,2023-04-05,,austria,28389985,0,0,0,0,0,0,0,0,0
christophfink,2023-04-06,,austria,28389985,0,0,0,0,0,0,0,0,0
christophwille,2023-03-28,,austria,343434,0,0,0,0,0,0,0,0,0
christophwille,2023-03-29,,austria,343434,0,0,0,0,0,0,0,0,0
christophwille,2023-03-30,,austria,343434,0,0,0,0,0,0,0,0,0
christophwille,2023-03-31,,austria,343434,0,0,0,0,0,0,0,0,0
christophwille,2023-04-03,97836121,austria,343434,1,0,0,0,0,0,0,0,0
christophwille,2023-04-04,,austria,343434,0,0,0,0,0,0,0,0,0
christophwille,2023-04-05,,austria,343434,0,0,0,0,0,0,0,0,0
christophwille,2023-04-06,,austria,343434,0,0,0,0,0,0,0,0,0
ciaompe,2023-03-28,,italy,,0,1,0,0,0,0,0,0,0
ciaompe,2023-03-29,,italy,,0,0,1,0,0,0,0,0,0
ciaompe,2023-03-30,97561064,italy,,1,0,0,1,0,0,0,0,0
ciaompe,2023-03-31,,italy,,0,0,0,0,1,0,0,0,0
ciaompe,2023-04-03,,italy,,0,0,0,0,0,1,0,0,0
ciaompe,2023-04-04,,italy,,0,0,0,0,0,0,1,0,0
ciaompe,2023-04-05,,italy,,0,0,0,0,0,0,0,1,0
ciaompe,2023-04-06,,italy,,0,0,0,0,0,0,0,0,1
ck-developer,2023-03-28,,france,7643014,0,0,0,0,0,0,0,0,0
ck-developer,2023-03-29,,france,7643014,0,0,0,0,0,0,0,0,0
ck-developer,2023-03-30,,france,7643014,0,0,0,0,0,0,0,0,0
ck-developer,2023-03-31,97640580,france,7643014,1,0,0,0,0,0,0,0,0
ck-developer,2023-04-03,,france,7643014,0,0,0,0,0,0,0,0,0
ck-developer,2023-04-04,,france,7643014,0,0,0,0,0,0,0,0,0
ck-developer,2023-04-05,,france,7643014,0,0,0,0,0,0,0,0,0
ck-developer,2023-04-06,,france,7643014,0,0,0,0,0,0,0,0,0
cknitt,2023-03-28,97138485,austria,29257325,1,0,0,0,0,0,0,0,0
cknitt,2023-03-29,,austria,29257325,0,0,0,0,0,0,0,0,0
cknitt,2023-03-30,,austria,29257325,0,0,0,0,0,0,0,0,0
cknitt,2023-03-31,,austria,29257325,0,0,0,0,0,0,0,0,0
cknitt,2023-04-03,,austria,29257325,0,0,0,0,0,0,0,0,0
cknitt,2023-04-04,,austria,29257325,0,0,0,0,0,0,0,0,0
cknitt,2023-04-05,,austria,29257325,0,0,0,0,0,0,0,0,0
cknitt,2023-04-06,,austria,29257325,0,0,0,0,0,0,0,0,0
clason,2023-03-28,,austria,6471485,0,0,0,0,0,0,0,0,0
clason,2023-03-29,,austria,6471485,0,0,0,0,0,0,0,0,0
clason,2023-03-30,,austria,6471485,0,0,0,0,0,0,0,0,0
clason,2023-03-31,,austria,6471485,0,0,0,0,0,0,0,0,0
clason,2023-04-03,97835208,austria,6471485,1,0,0,0,0,0,0,0,0
clason,2023-04-04,,austria,6471485,0,0,0,0,0,0,0,0,0
clason,2023-04-05,98193012,austria,6471485,1,0,0,0,0,0,0,0,0
clason,2023-04-06,,austria,6471485,0,0,0,0,0,0,0,0,0
claudia-romano,2023-03-28,,italy,7666518,0,1,0,0,0,0,0,0,0
claudia-romano,2023-03-29,,italy,7666518,0,0,1,0,0,0,0,0,0
claudia-romano,2023-03-30,,italy,7666518,0,0,0,1,0,0,0,0,0
claudia-romano,2023-03-31,,italy,7666518,0,0,0,0,1,0,0,0,0
claudia-romano,2023-04-03,,italy,7666518,0,0,0,0,0,1,0,0,0
claudia-romano,2023-04-04,98065068,italy,7666518,1,0,0,0,0,0,1,0,0
claudia-romano,2023-04-05,,italy,7666518,0,0,0,0,0,0,0,1,0
claudia-romano,2023-04-06,,italy,7666518,0,0,0,0,0,0,0,0,1
cle-b,2023-03-28,,france,,0,0,0,0,0,0,0,0,0
cle-b,2023-03-29,,france,,0,0,0,0,0,0,0,0,0
cle-b,2023-03-30,97555690,france,,1,0,0,0,0,0,0,0,0
cle-b,2023-03-31,,france,,0,0,0,0,0,0,0,0,0
cle-b,2023-04-03,,france,,0,0,0,0,0,0,0,0,0
cle-b,2023-04-04,98094074,france,,1,0,0,0,0,0,0,0,0
cle-b,2023-04-05,98248406,france,,1,0,0,0,0,0,0,0,0
cle-b,2023-04-06,,france,,0,0,0,0,0,0,0,0,0
clementroche,2023-03-28,,france,67077908,0,0,0,0,0,0,0,0,0
clementroche,2023-03-29,,france,67077908,0,0,0,0,0,0,0,0,0
clementroche,2023-03-30,97451951,france,67077908,1,0,0,0,0,0,0,0,0
clementroche,2023-03-31,,france,67077908,0,0,0,0,0,0,0,0,0
clementroche,2023-04-03,,france,67077908,0,0,0,0,0,0,0,0,0
clementroche,2023-04-04,,france,67077908,0,0,0,0,0,0,0,0,0
clementroche,2023-04-05,,france,67077908,0,0,0,0,0,0,0,0,0
clementroche,2023-04-06,,france,67077908,0,0,0,0,0,0,0,0,0
clemfromspace,2023-03-28,,france,2034458,0,0,0,0,0,0,0,0,0
clemfromspace,2023-03-29,,france,2034458,0,0,0,0,0,0,0,0,0
clemfromspace,2023-03-30,,france,2034458,0,0,0,0,0,0,0,0,0
clemfromspace,2023-03-31,,france,2034458,0,0,0,0,0,0,0,0,0
clemfromspace,2023-04-03,,france,2034458,0,0,0,0,0,0,0,0,0
clemfromspace,2023-04-04,98071156,france,2034458,1,0,0,0,0,0,0,0,0
clemfromspace,2023-04-05,,france,2034458,0,0,0,0,0,0,0,0,0
clemfromspace,2023-04-06,,france,2034458,0,0,0,0,0,0,0,0,0
clemzarch,2023-03-28,,france,53013130,0,0,0,0,0,0,0,0,0
clemzarch,2023-03-29,,france,53013130,0,0,0,0,0,0,0,0,0
clemzarch,2023-03-30,,france,53013130,0,0,0,0,0,0,0,0,0
clemzarch,2023-03-31,,france,53013130,0,0,0,0,0,0,0,0,0
clemzarch,2023-04-03,97851042,france,53013130,1,0,0,0,0,0,0,0,0
clemzarch,2023-04-04,98014082,france,53013130,1,0,0,0,0,0,0,0,0
clemzarch,2023-04-05,98206510,france,53013130,1,0,0,0,0,0,0,0,0
clemzarch,2023-04-06,98436428,france,53013130,1,0,0,0,0,0,0,0,0
clun,2023-03-28,,france,573369,0,0,0,0,0,0,0,0,0
clun,2023-03-29,,france,573369,0,0,0,0,0,0,0,0,0
clun,2023-03-30,,france,573369,0,0,0,0,0,0,0,0,0
clun,2023-03-31,,france,573369,0,0,0,0,0,0,0,0,0
clun,2023-04-03,,france,573369,0,0,0,0,0,0,0,0,0
clun,2023-04-04,,france,573369,0,0,0,0,0,0,0,0,0
clun,2023-04-05,,france,573369,0,0,0,0,0,0,0,0,0
clun,2023-04-06,98451721,france,573369,1,0,0,0,0,0,0,0,0
cmahrl,2023-03-28,,austria,106493015,0,0,0,0,0,0,0,0,0
cmahrl,2023-03-29,,austria,106493015,0,0,0,0,0,0,0,0,0
cmahrl,2023-03-30,,austria,106493015,0,0,0,0,0,0,0,0,0
cmahrl,2023-03-31,97671442,austria,106493015,1,0,0,0,0,0,0,0,0
cmahrl,2023-04-03,,austria,106493015,0,0,0,0,0,0,0,0,0
cmahrl,2023-04-04,,austria,106493015,0,0,0,0,0,0,0,0,0
cmahrl,2023-04-05,,austria,106493015,0,0,0,0,0,0,0,0,0
cmahrl,2023-04-06,,austria,106493015,0,0,0,0,0,0,0,0,0
cmartin6,2023-03-28,,austria,49911368,0,0,0,0,0,0,0,0,0
cmartin6,2023-03-29,97290202,austria,49911368,1,0,0,0,0,0,0,0,0
cmartin6,2023-03-30,,austria,49911368,0,0,0,0,0,0,0,0,0
cmartin6,2023-03-31,,austria,49911368,0,0,0,0,0,0,0,0,0
cmartin6,2023-04-03,,austria,49911368,0,0,0,0,0,0,0,0,0
cmartin6,2023-04-04,,austria,49911368,0,0,0,0,0,0,0,0,0
cmartin6,2023-04-05,,austria,49911368,0,0,0,0,0,0,0,0,0
cmartin6,2023-04-06,,austria,49911368,0,0,0,0,0,0,0,0,0
coccoinomane,2023-03-28,,italy,,0,1,0,0,0,0,0,0,0
coccoinomane,2023-03-29,,italy,,0,0,1,0,0,0,0,0,0
coccoinomane,2023-03-30,,italy,,0,0,0,1,0,0,0,0,0
coccoinomane,2023-03-31,97658506,italy,,1,0,0,0,1,0,0,0,0
coccoinomane,2023-04-03,,italy,,0,0,0,0,0,1,0,0,0
coccoinomane,2023-04-04,,italy,,0,0,0,0,0,0,1,0,0
coccoinomane,2023-04-05,,italy,,0,0,0,0,0,0,0,1,0
coccoinomane,2023-04-06,98390460,italy,,1,0,0,0,0,0,0,0,1
codebender828,2023-03-28,97234257,france,54212428,1,0,0,0,0,0,0,0,0
codebender828,2023-03-29,,france,54212428,0,0,0,0,0,0,0,0,0
codebender828,2023-03-30,,france,54212428,0,0,0,0,0,0,0,0,0
codebender828,2023-03-31,,france,54212428,0,0,0,0,0,0,0,0,0
codebender828,2023-04-03,,france,54212428,0,0,0,0,0,0,0,0,0
codebender828,2023-04-04,,france,54212428,0,0,0,0,0,0,0,0,0
codebender828,2023-04-05,,france,54212428,0,0,0,0,0,0,0,0,0
codebender828,2023-04-06,,france,54212428,0,0,0,0,0,0,0,0,0
codeling,2023-03-28,,austria,16919266,0,0,0,0,0,0,0,0,0
codeling,2023-03-29,,austria,16919266,0,0,0,0,0,0,0,0,0
codeling,2023-03-30,,austria,16919266,0,0,0,0,0,0,0,0,0
codeling,2023-03-31,,austria,16919266,0,0,0,0,0,0,0,0,0
codeling,2023-04-03,,austria,16919266,0,0,0,0,0,0,0,0,0
codeling,2023-04-04,98049371,austria,16919266,1,0,0,0,0,0,0,0,0
codeling,2023-04-05,,austria,16919266,0,0,0,0,0,0,0,0,0
codeling,2023-04-06,,austria,16919266,0,0,0,0,0,0,0,0,0
cohenjer,2023-03-28,,france,,0,0,0,0,0,0,0,0,0
cohenjer,2023-03-29,,france,,0,0,0,0,0,0,0,0,0
cohenjer,2023-03-30,,france,,0,0,0,0,0,0,0,0,0
cohenjer,2023-03-31,,france,,0,0,0,0,0,0,0,0,0
cohenjer,2023-04-03,97809651,france,,1,0,0,0,0,0,0,0,0
cohenjer,2023-04-04,,france,,0,0,0,0,0,0,0,0,0
cohenjer,2023-04-05,,france,,0,0,0,0,0,0,0,0,0
cohenjer,2023-04-06,,france,,0,0,0,0,0,0,0,0,0
cokelaer,2023-03-28,,france,17704295,0,0,0,0,0,0,0,0,0
cokelaer,2023-03-29,,france,17704295,0,0,0,0,0,0,0,0,0
cokelaer,2023-03-30,,france,17704295,0,0,0,0,0,0,0,0,0
cokelaer,2023-03-31,,france,17704295,0,0,0,0,0,0,0,0,0
cokelaer,2023-04-03,97841357,france,17704295,1,0,0,0,0,0,0,0,0
cokelaer,2023-04-04,,france,17704295,0,0,0,0,0,0,0,0,0
cokelaer,2023-04-05,,france,17704295,0,0,0,0,0,0,0,0,0
cokelaer,2023-04-06,,france,17704295,0,0,0,0,0,0,0,0,0
colinux,2023-03-28,,france,116638858,0,0,0,0,0,0,0,0,0
colinux,2023-03-29,97282558,france,116638858,1,0,0,0,0,0,0,0,0
colinux,2023-03-30,,france,116638858,0,0,0,0,0,0,0,0,0
colinux,2023-03-31,,france,116638858,0,0,0,0,0,0,0,0,0
colinux,2023-04-03,,france,116638858,0,0,0,0,0,0,0,0,0
colinux,2023-04-04,,france,116638858,0,0,0,0,0,0,0,0,0
colinux,2023-04-05,,france,116638858,0,0,0,0,0,0,0,0,0
colinux,2023-04-06,,france,116638858,0,0,0,0,0,0,0,0,0
conseilgouz,2023-03-28,97201672,france,,1,0,0,0,0,0,0,0,0
conseilgouz,2023-03-29,97329472,france,,1,0,0,0,0,0,0,0,0
conseilgouz,2023-03-30,,france,,0,0,0,0,0,0,0,0,0
conseilgouz,2023-03-31,,france,,0,0,0,0,0,0,0,0,0
conseilgouz,2023-04-03,,france,,0,0,0,0,0,0,0,0,0
conseilgouz,2023-04-04,98069094,france,,1,0,0,0,0,0,0,0,0
conseilgouz,2023-04-05,,france,,0,0,0,0,0,0,0,0,0
conseilgouz,2023-04-06,,france,,0,0,0,0,0,0,0,0,0
constantoine,2023-03-28,,france,,0,0,0,0,0,0,0,0,0
constantoine,2023-03-29,,france,,0,0,0,0,0,0,0,0,0
constantoine,2023-03-30,,france,,0,0,0,0,0,0,0,0,0
constantoine,2023-03-31,97644169,france,,1,0,0,0,0,0,0,0,0
constantoine,2023-04-03,,france,,0,0,0,0,0,0,0,0,0
constantoine,2023-04-04,,france,,0,0,0,0,0,0,0,0,0
constantoine,2023-04-05,,france,,0,0,0,0,0,0,0,0,0
constantoine,2023-04-06,,france,,0,0,0,0,0,0,0,0,0
cottinisimone,2023-03-28,,italy,6067435,0,1,0,0,0,0,0,0,0
cottinisimone,2023-03-29,,italy,6067435,0,0,1,0,0,0,0,0,0
cottinisimone,2023-03-30,,italy,6067435,0,0,0,1,0,0,0,0,0
cottinisimone,2023-03-31,,italy,6067435,0,0,0,0,1,0,0,0,0
cottinisimone,2023-04-03,97847512,italy,6067435,1,0,0,0,0,1,0,0,0
cottinisimone,2023-04-04,,italy,6067435,0,0,0,0,0,0,1,0,0
cottinisimone,2023-04-05,,italy,6067435,0,0,0,0,0,0,0,1,0
cottinisimone,2023-04-06,,italy,6067435,0,0,0,0,0,0,0,0,1
courville,2023-03-28,,france,39300865,0,0,0,0,0,0,0,0,0
courville,2023-03-29,,france,39300865,0,0,0,0,0,0,0,0,0
courville,2023-03-30,97518384,france,39300865,1,0,0,0,0,0,0,0,0
courville,2023-03-31,97696676,france,39300865,1,0,0,0,0,0,0,0,0
courville,2023-04-03,,france,39300865,0,0,0,0,0,0,0,0,0
courville,2023-04-04,98098901,france,39300865,1,0,0,0,0,0,0,0,0
courville,2023-04-05,,france,39300865,0,0,0,0,0,0,0,0,0
courville,2023-04-06,,france,39300865,0,0,0,0,0,0,0,0,0
cprodhomme,2023-03-28,,france,6770159,0,0,0,0,0,0,0,0,0
cprodhomme,2023-03-29,,france,6770159,0,0,0,0,0,0,0,0,0
cprodhomme,2023-03-30,,france,6770159,0,0,0,0,0,0,0,0,0
cprodhomme,2023-03-31,,france,6770159,0,0,0,0,0,0,0,0,0
cprodhomme,2023-04-03,,france,6770159,0,0,0,0,0,0,0,0,0
cprodhomme,2023-04-04,98042203,france,6770159,1,0,0,0,0,0,0,0,0
cprodhomme,2023-04-05,,france,6770159,0,0,0,0,0,0,0,0,0
cprodhomme,2023-04-06,,france,6770159,0,0,0,0,0,0,0,0,0
crazy-max,2023-03-28,97121709,france,5429470,1,0,0,0,0,0,0,0,0
crazy-max,2023-03-29,,france,5429470,0,0,0,0,0,0,0,0,0
crazy-max,2023-03-30,,france,5429470,0,0,0,0,0,0,0,0,0
crazy-max,2023-03-31,,france,5429470,0,0,0,0,0,0,0,0,0
crazy-max,2023-04-03,,france,5429470,0,0,0,0,0,0,0,0,0
crazy-max,2023-04-04,,france,5429470,0,0,0,0,0,0,0,0,0
crazy-max,2023-04-05,,france,5429470,0,0,0,0,0,0,0,0,0
crazy-max,2023-04-06,,france,5429470,0,0,0,0,0,0,0,0,0
crocsg,2023-03-28,,france,,0,0,0,0,0,0,0,0,0
crocsg,2023-03-29,,france,,0,0,0,0,0,0,0,0,0
crocsg,2023-03-30,,france,,0,0,0,0,0,0,0,0,0
crocsg,2023-03-31,97639789,france,,1,0,0,0,0,0,0,0,0
crocsg,2023-04-03,,france,,0,0,0,0,0,0,0,0,0
crocsg,2023-04-04,,france,,0,0,0,0,0,0,0,0,0
crocsg,2023-04-05,98275751,france,,1,0,0,0,0,0,0,0,0
crocsg,2023-04-06,98356580,france,,1,0,0,0,0,0,0,0,0
cryptobioz,2023-03-28,,france,,0,0,0,0,0,0,0,0,0
cryptobioz,2023-03-29,,france,,0,0,0,0,0,0,0,0,0
cryptobioz,2023-03-30,,france,,0,0,0,0,0,0,0,0,0
cryptobioz,2023-03-31,97620379,france,,1,0,0,0,0,0,0,0,0
cryptobioz,2023-04-03,,france,,0,0,0,0,0,0,0,0,0
cryptobioz,2023-04-04,,france,,0,0,0,0,0,0,0,0,0
cryptobioz,2023-04-05,,france,,0,0,0,0,0,0,0,0,0
cryptobioz,2023-04-06,,france,,0,0,0,0,0,0,0,0,0
csouchet,2023-03-28,,france,60110287,0,0,0,0,0,0,0,0,0
csouchet,2023-03-29,,france,60110287,0,0,0,0,0,0,0,0,0
csouchet,2023-03-30,,france,60110287,0,0,0,0,0,0,0,0,0
csouchet,2023-03-31,,france,60110287,0,0,0,0,0,0,0,0,0
csouchet,2023-04-03,93008726,france,60110287,1,0,0,0,0,0,0,0,0
csouchet,2023-04-04,,france,60110287,0,0,0,0,0,0,0,0,0
csouchet,2023-04-05,,france,60110287,0,0,0,0,0,0,0,0,0
csouchet,2023-04-06,,france,60110287,0,0,0,0,0,0,0,0,0
curquiza,2023-03-28,,france,43250847,0,0,0,0,0,0,0,0,0
curquiza,2023-03-29,,france,43250847,0,0,0,0,0,0,0,0,0
curquiza,2023-03-30,97450188,france,43250847,1,0,0,0,0,0,0,0,0
curquiza,2023-03-31,,france,43250847,0,0,0,0,0,0,0,0,0
curquiza,2023-04-03,97825897,france,43250847,1,0,0,0,0,0,0,0,0
curquiza,2023-04-04,,france,43250847,0,0,0,0,0,0,0,0,0
curquiza,2023-04-05,,france,43250847,0,0,0,0,0,0,0,0,0
curquiza,2023-04-06,,france,43250847,0,0,0,0,0,0,0,0,0
cypx,2023-03-28,,france,51395309,0,0,0,0,0,0,0,0,0
cypx,2023-03-29,,france,51395309,0,0,0,0,0,0,0,0,0
cypx,2023-03-30,97468738,france,51395309,1,0,0,0,0,0,0,0,0
cypx,2023-03-31,,france,51395309,0,0,0,0,0,0,0,0,0
cypx,2023-04-03,,france,51395309,0,0,0,0,0,0,0,0,0
cypx,2023-04-04,,france,51395309,0,0,0,0,0,0,0,0,0
cypx,2023-04-05,,france,51395309,0,0,0,0,0,0,0,0,0
cypx,2023-04-06,,france,51395309,0,0,0,0,0,0,0,0,0
cyrille-leclerc,2023-03-28,,france,107424,0,0,0,0,0,0,0,0,0
cyrille-leclerc,2023-03-29,,france,107424,0,0,0,0,0,0,0,0,0
cyrille-leclerc,2023-03-30,97456700,france,107424,1,0,0,0,0,0,0,0,0
cyrille-leclerc,2023-03-31,,france,107424,0,0,0,0,0,0,0,0,0
cyrille-leclerc,2023-04-03,,france,107424,0,0,0,0,0,0,0,0,0
cyrille-leclerc,2023-04-04,,france,107424,0,0,0,0,0,0,0,0,0
cyrille-leclerc,2023-04-05,,france,107424,0,0,0,0,0,0,0,0,0
cyrille-leclerc,2023-04-06,,france,107424,0,0,0,0,0,0,0,0,0
cyrilprudhomme,2023-03-28,,france,,0,0,0,0,0,0,0,0,0
cyrilprudhomme,2023-03-29,,france,,0,0,0,0,0,0,0,0,0
cyrilprudhomme,2023-03-30,,france,,0,0,0,0,0,0,0,0,0
cyrilprudhomme,2023-03-31,,france,,0,0,0,0,0,0,0,0,0
cyrilprudhomme,2023-04-03,,france,,0,0,0,0,0,0,0,0,0
cyrilprudhomme,2023-04-04,97989909,france,,1,0,0,0,0,0,0,0,0
cyrilprudhomme,2023-04-05,,france,,0,0,0,0,0,0,0,0,0
cyrilprudhomme,2023-04-06,,france,,0,0,0,0,0,0,0,0,0
czerkies,2023-03-28,,france,,0,0,0,0,0,0,0,0,0
czerkies,2023-03-29,,france,,0,0,0,0,0,0,0,0,0
czerkies,2023-03-30,,france,,0,0,0,0,0,0,0,0,0
czerkies,2023-03-31,96158594,france,,1,0,0,0,0,0,0,0,0
czerkies,2023-04-03,,france,,0,0,0,0,0,0,0,0,0
czerkies,2023-04-04,,france,,0,0,0,0,0,0,0,0,0
czerkies,2023-04-05,,france,,0,0,0,0,0,0,0,0,0
czerkies,2023-04-06,,france,,0,0,0,0,0,0,0,0,0
d-loki,2023-03-28,,france,,0,0,0,0,0,0,0,0,0
d-loki,2023-03-29,,france,,0,0,0,0,0,0,0,0,0
d-loki,2023-03-30,,france,,0,0,0,0,0,0,0,0,0
d-loki,2023-03-31,,france,,0,0,0,0,0,0,0,0,0
d-loki,2023-04-03,,france,,0,0,0,0,0,0,0,0,0
d-loki,2023-04-04,,france,,0,0,0,0,0,0,0,0,0
d-loki,2023-04-05,98190569,france,,1,0,0,0,0,0,0,0,0
d-loki,2023-04-06,,france,,0,0,0,0,0,0,0,0,0
dackmin,2023-03-28,,france,20414672,0,0,0,0,0,0,0,0,0
dackmin,2023-03-29,97323697,france,20414672,1,0,0,0,0,0,0,0,0
dackmin,2023-03-30,,france,20414672,0,0,0,0,0,0,0,0,0
dackmin,2023-03-31,,france,20414672,0,0,0,0,0,0,0,0,0
dackmin,2023-04-03,,france,20414672,0,0,0,0,0,0,0,0,0
dackmin,2023-04-04,,france,20414672,0,0,0,0,0,0,0,0,0
dackmin,2023-04-05,,france,20414672,0,0,0,0,0,0,0,0,0
dackmin,2023-04-06,,france,20414672,0,0,0,0,0,0,0,0,0
dakhama-mehdi,2023-03-28,97246293,france,,1,0,0,0,0,0,0,0,0
dakhama-mehdi,2023-03-29,,france,,0,0,0,0,0,0,0,0,0
dakhama-mehdi,2023-03-30,,france,,0,0,0,0,0,0,0,0,0
dakhama-mehdi,2023-03-31,,france,,0,0,0,0,0,0,0,0,0
dakhama-mehdi,2023-04-03,,france,,0,0,0,0,0,0,0,0,0
dakhama-mehdi,2023-04-04,,france,,0,0,0,0,0,0,0,0,0
dakhama-mehdi,2023-04-05,,france,,0,0,0,0,0,0,0,0,0
dakhama-mehdi,2023-04-06,,france,,0,0,0,0,0,0,0,0,0
dalgwen,2023-03-28,,france,,0,0,0,0,0,0,0,0,0
dalgwen,2023-03-29,,france,,0,0,0,0,0,0,0,0,0
dalgwen,2023-03-30,,france,,0,0,0,0,0,0,0,0,0
dalgwen,2023-03-31,,france,,0,0,0,0,0,0,0,0,0
dalgwen,2023-04-03,,france,,0,0,0,0,0,0,0,0,0
dalgwen,2023-04-04,,france,,0,0,0,0,0,0,0,0,0
dalgwen,2023-04-05,98182719,france,,1,0,0,0,0,0,0,0,0
dalgwen,2023-04-06,,france,,0,0,0,0,0,0,0,0,0
damienalexandre,2023-03-28,,france,1436371,0,0,0,0,0,0,0,0,0
damienalexandre,2023-03-29,,france,1436371,0,0,0,0,0,0,0,0,0
damienalexandre,2023-03-30,97442647,france,1436371,1,0,0,0,0,0,0,0,0
damienalexandre,2023-03-31,,france,1436371,0,0,0,0,0,0,0,0,0
damienalexandre,2023-04-03,,france,1436371,0,0,0,0,0,0,0,0,0
damienalexandre,2023-04-04,,france,1436371,0,0,0,0,0,0,0,0,0
damienalexandre,2023-04-05,,france,1436371,0,0,0,0,0,0,0,0,0
damienalexandre,2023-04-06,,france,1436371,0,0,0,0,0,0,0,0,0
damiencassu,2023-03-28,,france,,0,0,0,0,0,0,0,0,0
damiencassu,2023-03-29,,france,,0,0,0,0,0,0,0,0,0
damiencassu,2023-03-30,,france,,0,0,0,0,0,0,0,0,0
damiencassu,2023-03-31,97630478,france,,1,0,0,0,0,0,0,0,0
damiencassu,2023-04-03,,france,,0,0,0,0,0,0,0,0,0
damiencassu,2023-04-04,,france,,0,0,0,0,0,0,0,0,0
damiencassu,2023-04-05,,france,,0,0,0,0,0,0,0,0,0
damiencassu,2023-04-06,,france,,0,0,0,0,0,0,0,0,0
danielegiallonardo,2023-03-28,,italy,15377824,0,1,0,0,0,0,0,0,0
danielegiallonardo,2023-03-29,,italy,15377824,0,0,1,0,0,0,0,0,0
danielegiallonardo,2023-03-30,,italy,15377824,0,0,0,1,0,0,0,0,0
danielegiallonardo,2023-03-31,97614837,italy,15377824,1,0,0,0,1,0,0,0,0
danielegiallonardo,2023-04-03,97876258,italy,15377824,1,0,0,0,0,1,0,0,0
danielegiallonardo,2023-04-04,,italy,15377824,0,0,0,0,0,0,1,0,0
danielegiallonardo,2023-04-05,,italy,15377824,0,0,0,0,0,0,0,1,0
danielegiallonardo,2023-04-06,98388411,italy,15377824,1,0,0,0,0,0,0,0,1
danielhenrymantilla,2023-03-28,,france,,0,0,0,0,0,0,0,0,0
danielhenrymantilla,2023-03-29,,france,,0,0,0,0,0,0,0,0,0
danielhenrymantilla,2023-03-30,,france,,0,0,0,0,0,0,0,0,0
danielhenrymantilla,2023-03-31,,france,,0,0,0,0,0,0,0,0,0
danielhenrymantilla,2023-04-03,,france,,0,0,0,0,0,0,0,0,0
danielhenrymantilla,2023-04-04,98021245,france,,1,0,0,0,0,0,0,0,0
danielhenrymantilla,2023-04-05,,france,,0,0,0,0,0,0,0,0,0
danielhenrymantilla,2023-04-06,,france,,0,0,0,0,0,0,0,0,0
danielhuppmann,2023-03-28,,austria,15230149,0,0,0,0,0,0,0,0,0
danielhuppmann,2023-03-29,,austria,15230149,0,0,0,0,0,0,0,0,0
danielhuppmann,2023-03-30,,austria,15230149,0,0,0,0,0,0,0,0,0
danielhuppmann,2023-03-31,,austria,15230149,0,0,0,0,0,0,0,0,0
danielhuppmann,2023-04-03,97822274,austria,15230149,1,0,0,0,0,0,0,0,0
danielhuppmann,2023-04-04,,austria,15230149,0,0,0,0,0,0,0,0,0
danielhuppmann,2023-04-05,,austria,15230149,0,0,0,0,0,0,0,0,0
danielhuppmann,2023-04-06,,austria,15230149,0,0,0,0,0,0,0,0,0
danielkelemen,2023-03-28,,austria,2443838,0,0,0,0,0,0,0,0,0
danielkelemen,2023-03-29,,austria,2443838,0,0,0,0,0,0,0,0,0
danielkelemen,2023-03-30,,austria,2443838,0,0,0,0,0,0,0,0,0
danielkelemen,2023-03-31,,austria,2443838,0,0,0,0,0,0,0,0,0
danielkelemen,2023-04-03,97848433,austria,2443838,1,0,0,0,0,0,0,0,0
danielkelemen,2023-04-04,,austria,2443838,0,0,0,0,0,0,0,0,0
danielkelemen,2023-04-05,,austria,2443838,0,0,0,0,0,0,0,0,0
danielkelemen,2023-04-06,,austria,2443838,0,0,0,0,0,0,0,0,0
danielstieger,2023-03-28,,austria,,0,0,0,0,0,0,0,0,0
danielstieger,2023-03-29,,austria,,0,0,0,0,0,0,0,0,0
danielstieger,2023-03-30,,austria,,0,0,0,0,0,0,0,0,0
danielstieger,2023-03-31,,austria,,0,0,0,0,0,0,0,0,0
danielstieger,2023-04-03,,austria,,0,0,0,0,0,0,0,0,0
danielstieger,2023-04-04,,austria,,0,0,0,0,0,0,0,0,0
danielstieger,2023-04-05,98174546,austria,,1,0,0,0,0,0,0,0,0
danielstieger,2023-04-06,,austria,,0,0,0,0,0,0,0,0,0
danilopolani,2023-03-28,,italy,107370796,0,1,0,0,0,0,0,0,0
danilopolani,2023-03-29,,italy,107370796,0,0,1,0,0,0,0,0,0
danilopolani,2023-03-30,,italy,107370796,0,0,0,1,0,0,0,0,0
danilopolani,2023-03-31,97609936,italy,107370796,1,0,0,0,1,0,0,0,0
danilopolani,2023-04-03,,italy,107370796,0,0,0,0,0,1,0,0,0
danilopolani,2023-04-04,,italy,107370796,0,0,0,0,0,0,1,0,0
danilopolani,2023-04-05,,italy,107370796,0,0,0,0,0,0,0,1,0
danilopolani,2023-04-06,,italy,107370796,0,0,0,0,0,0,0,0,1
danog,2023-03-28,,italy,,0,1,0,0,0,0,0,0,0
danog,2023-03-29,,italy,,0,0,1,0,0,0,0,0,0
danog,2023-03-30,,italy,,0,0,0,1,0,0,0,0,0
danog,2023-03-31,,italy,,0,0,0,0,1,0,0,0,0
danog,2023-04-03,97867841,italy,,1,0,0,0,0,1,0,0,0
danog,2023-04-04,,italy,,0,0,0,0,0,0,1,0,0
danog,2023-04-05,,italy,,0,0,0,0,0,0,0,1,0
danog,2023-04-06,,italy,,0,0,0,0,0,0,0,0,1
dariost,2023-03-28,97207406,italy,,1,1,0,0,0,0,0,0,0
dariost,2023-03-29,,italy,,0,0,1,0,0,0,0,0,0
dariost,2023-03-30,,italy,,0,0,0,1,0,0,0,0,0
dariost,2023-03-31,,italy,,0,0,0,0,1,0,0,0,0
dariost,2023-04-03,,italy,,0,0,0,0,0,1,0,0,0
dariost,2023-04-04,,italy,,0,0,0,0,0,0,1,0,0
dariost,2023-04-05,,italy,,0,0,0,0,0,0,0,1,0
dariost,2023-04-06,,italy,,0,0,0,0,0,0,0,0,1
darold,2023-03-28,,france,55976994,0,0,0,0,0,0,0,0,0
darold,2023-03-29,,france,55976994,0,0,0,0,0,0,0,0,0
darold,2023-03-30,97437136,france,55976994,1,0,0,0,0,0,0,0,0
darold,2023-03-31,,france,55976994,0,0,0,0,0,0,0,0,0
darold,2023-04-03,,france,55976994,0,0,0,0,0,0,0,0,0
darold,2023-04-04,,france,55976994,0,0,0,0,0,0,0,0,0
darold,2023-04-05,,france,55976994,0,0,0,0,0,0,0,0,0
darold,2023-04-06,98439555,france,83769566,1,0,0,0,0,0,0,0,0
daron1337,2023-03-28,,italy,55244733,0,1,0,0,0,0,0,0,0
daron1337,2023-03-29,,italy,55244733,0,0,1,0,0,0,0,0,0
daron1337,2023-03-30,,italy,55244733,0,0,0,1,0,0,0,0,0
daron1337,2023-03-31,,italy,55244733,0,0,0,0,1,0,0,0,0
daron1337,2023-04-03,,italy,55244733,0,0,0,0,0,1,0,0,0
daron1337,2023-04-04,,italy,55244733,0,0,0,0,0,0,1,0,0
daron1337,2023-04-05,98191514,italy,55244733,1,0,0,0,0,0,0,1,0
daron1337,2023-04-06,,italy,55244733,0,0,0,0,0,0,0,0,1
davidbrochart,2023-03-28,,france,7388996,0,0,0,0,0,0,0,0,0
davidbrochart,2023-03-29,,france,7388996,0,0,0,0,0,0,0,0,0
davidbrochart,2023-03-30,,france,7388996,0,0,0,0,0,0,0,0,0
davidbrochart,2023-03-31,,france,7388996,0,0,0,0,0,0,0,0,0
davidbrochart,2023-04-03,97807033,france,7388996,1,0,0,0,0,0,0,0,0
davidbrochart,2023-04-04,,france,7388996,0,0,0,0,0,0,0,0,0
davidbrochart,2023-04-05,,france,7388996,0,0,0,0,0,0,0,0,0
davidbrochart,2023-04-06,98436972,france,74606771,1,0,0,0,0,0,0,0,0
davidcarayon,2023-03-28,97122601,france,,1,0,0,0,0,0,0,0,0
davidcarayon,2023-03-29,,france,,0,0,0,0,0,0,0,0,0
davidcarayon,2023-03-30,,france,,0,0,0,0,0,0,0,0,0
davidcarayon,2023-03-31,,france,,0,0,0,0,0,0,0,0,0
davidcarayon,2023-04-03,,france,,0,0,0,0,0,0,0,0,0
davidcarayon,2023-04-04,,france,,0,0,0,0,0,0,0,0,0
davidcarayon,2023-04-05,,france,,0,0,0,0,0,0,0,0,0
davidcarayon,2023-04-06,,france,,0,0,0,0,0,0,0,0,0
davidegironi,2023-03-28,97217062,italy,,1,1,0,0,0,0,0,0,0
davidegironi,2023-03-29,,italy,,0,0,1,0,0,0,0,0,0
davidegironi,2023-03-30,,italy,,0,0,0,1,0,0,0,0,0
davidegironi,2023-03-31,,italy,,0,0,0,0,1,0,0,0,0
davidegironi,2023-04-03,,italy,,0,0,0,0,0,1,0,0,0
davidegironi,2023-04-04,,italy,,0,0,0,0,0,0,1,0,0
davidegironi,2023-04-05,,italy,,0,0,0,0,0,0,0,1,0
davidegironi,2023-04-06,,italy,,0,0,0,0,0,0,0,0,1
davidmars,2023-03-28,97234510,france,,1,0,0,0,0,0,0,0,0
davidmars,2023-03-29,,france,,0,0,0,0,0,0,0,0,0
davidmars,2023-03-30,,france,,0,0,0,0,0,0,0,0,0
davidmars,2023-03-31,,france,,0,0,0,0,0,0,0,0,0
davidmars,2023-04-03,97898323,france,,1,0,0,0,0,0,0,0,0
davidmars,2023-04-04,,france,,0,0,0,0,0,0,0,0,0
davidmars,2023-04-05,,france,,0,0,0,0,0,0,0,0,0
davidmars,2023-04-06,,france,,0,0,0,0,0,0,0,0,0
ddotta,2023-03-28,97168865,france,,1,0,0,0,0,0,0,0,0
ddotta,2023-03-29,,france,,0,0,0,0,0,0,0,0,0
ddotta,2023-03-30,,france,,0,0,0,0,0,0,0,0,0
ddotta,2023-03-31,,france,,0,0,0,0,0,0,0,0,0
ddotta,2023-04-03,,france,,0,0,0,0,0,0,0,0,0
ddotta,2023-04-04,98007793,france,,1,0,0,0,0,0,0,0,0
ddotta,2023-04-05,,france,,0,0,0,0,0,0,0,0,0
ddotta,2023-04-06,,france,,0,0,0,0,0,0,0,0,0
deajan,2023-03-28,,france,75363079,0,0,0,0,0,0,0,0,0
deajan,2023-03-29,,france,75363079,0,0,0,0,0,0,0,0,0
deajan,2023-03-30,97529894,france,75363079,1,0,0,0,0,0,0,0,0
deajan,2023-03-31,,france,75363079,0,0,0,0,0,0,0,0,0
deajan,2023-04-03,,france,75363079,0,0,0,0,0,0,0,0,0
deajan,2023-04-04,,france,75363079,0,0,0,0,0,0,0,0,0
deajan,2023-04-05,,france,75363079,0,0,0,0,0,0,0,0,0
deajan,2023-04-06,,france,75363079,0,0,0,0,0,0,0,0,0
debie-A320FL,2023-03-28,,france,,0,0,0,0,0,0,0,0,0
debie-A320FL,2023-03-29,,france,,0,0,0,0,0,0,0,0,0
debie-A320FL,2023-03-30,,france,,0,0,0,0,0,0,0,0,0
debie-A320FL,2023-03-31,,france,,0,0,0,0,0,0,0,0,0
debie-A320FL,2023-04-03,97828710,france,,1,0,0,0,0,0,0,0,0
debie-A320FL,2023-04-04,,france,,0,0,0,0,0,0,0,0,0
debie-A320FL,2023-04-05,,france,,0,0,0,0,0,0,0,0,0
debie-A320FL,2023-04-06,,france,,0,0,0,0,0,0,0,0,0
decathorpe,2023-03-28,,austria,,0,0,0,0,0,0,0,0,0
decathorpe,2023-03-29,,austria,,0,0,0,0,0,0,0,0,0
decathorpe,2023-03-30,97524574,austria,,1,0,0,0,0,0,0,0,0
decathorpe,2023-03-31,,austria,,0,0,0,0,0,0,0,0,0
decathorpe,2023-04-03,,austria,,0,0,0,0,0,0,0,0,0
decathorpe,2023-04-04,,austria,,0,0,0,0,0,0,0,0,0
decathorpe,2023-04-05,,austria,,0,0,0,0,0,0,0,0,0
decathorpe,2023-04-06,,austria,,0,0,0,0,0,0,0,0,0
defconst,2023-03-28,,austria,16667641,0,0,0,0,0,0,0,0,0
defconst,2023-03-29,,austria,16667641,0,0,0,0,0,0,0,0,0
defconst,2023-03-30,,austria,16667641,0,0,0,0,0,0,0,0,0
defconst,2023-03-31,,austria,16667641,0,0,0,0,0,0,0,0,0
defconst,2023-04-03,,austria,16667641,0,0,0,0,0,0,0,0,0
defconst,2023-04-04,,austria,16667641,0,0,0,0,0,0,0,0,0
defconst,2023-04-05,98211366,austria,16667641,1,0,0,0,0,0,0,0,0
defconst,2023-04-06,,austria,16667641,0,0,0,0,0,0,0,0,0
defnot001,2023-03-28,,austria,,0,0,0,0,0,0,0,0,0
defnot001,2023-03-29,,austria,,0,0,0,0,0,0,0,0,0
defnot001,2023-03-30,97528691,austria,,1,0,0,0,0,0,0,0,0
defnot001,2023-03-31,,austria,,0,0,0,0,0,0,0,0,0
defnot001,2023-04-03,,austria,,0,0,0,0,0,0,0,0,0
defnot001,2023-04-04,,austria,,0,0,0,0,0,0,0,0,0
defnot001,2023-04-05,,austria,,0,0,0,0,0,0,0,0,0
defnot001,2023-04-06,,austria,,0,0,0,0,0,0,0,0,0
deidril,2023-03-28,,france,,0,0,0,0,0,0,0,0,0
deidril,2023-03-29,,france,,0,0,0,0,0,0,0,0,0
deidril,2023-03-30,97467308,france,,1,0,0,0,0,0,0,0,0
deidril,2023-03-31,,france,,0,0,0,0,0,0,0,0,0
deidril,2023-04-03,,france,,0,0,0,0,0,0,0,0,0
deidril,2023-04-04,,france,,0,0,0,0,0,0,0,0,0
deidril,2023-04-05,,france,,0,0,0,0,0,0,0,0,0
deidril,2023-04-06,,france,,0,0,0,0,0,0,0,0,0
deimosfr,2023-03-28,,france,55960755,0,0,0,0,0,0,0,0,0
deimosfr,2023-03-29,97392089,france,55960755,1,0,0,0,0,0,0,0,0
deimosfr,2023-03-30,,france,55960755,0,0,0,0,0,0,0,0,0
deimosfr,2023-03-31,97689685,france,55960755,1,0,0,0,0,0,0,0,0
deimosfr,2023-04-03,,france,55960755,0,0,0,0,0,0,0,0,0
deimosfr,2023-04-04,,france,55960755,0,0,0,0,0,0,0,0,0
deimosfr,2023-04-05,98194574,france,55960755,1,0,0,0,0,0,0,0,0
deimosfr,2023-04-06,,france,55960755,0,0,0,0,0,0,0,0,0
deloarts,2023-03-28,,austria,,0,0,0,0,0,0,0,0,0
deloarts,2023-03-29,97323429,austria,,1,0,0,0,0,0,0,0,0
deloarts,2023-03-30,,austria,,0,0,0,0,0,0,0,0,0
deloarts,2023-03-31,,austria,,0,0,0,0,0,0,0,0,0
deloarts,2023-04-03,,austria,,0,0,0,0,0,0,0,0,0
deloarts,2023-04-04,,austria,,0,0,0,0,0,0,0,0,0
deloarts,2023-04-05,,austria,,0,0,0,0,0,0,0,0,0
deloarts,2023-04-06,,austria,,0,0,0,0,0,0,0,0,0
denis-stepanov,2023-03-28,,france,,0,0,0,0,0,0,0,0,0
denis-stepanov,2023-03-29,,france,,0,0,0,0,0,0,0,0,0
denis-stepanov,2023-03-30,,france,,0,0,0,0,0,0,0,0,0
denis-stepanov,2023-03-31,,france,,0,0,0,0,0,0,0,0,0
denis-stepanov,2023-04-03,,france,,0,0,0,0,0,0,0,0,0
denis-stepanov,2023-04-04,,france,,0,0,0,0,0,0,0,0,0
denis-stepanov,2023-04-05,98262885,france,,1,0,0,0,0,0,0,0,0
denis-stepanov,2023-04-06,,france,,0,0,0,0,0,0,0,0,0
deraw,2023-03-28,97202381,france,42236813,1,0,0,0,0,0,0,0,0
deraw,2023-03-29,,france,42236813,0,0,0,0,0,0,0,0,0
deraw,2023-03-30,,france,42236813,0,0,0,0,0,0,0,0,0
deraw,2023-03-31,,france,42236813,0,0,0,0,0,0,0,0,0
deraw,2023-04-03,,france,42236813,0,0,0,0,0,0,0,0,0
deraw,2023-04-04,,france,42236813,0,0,0,0,0,0,0,0,0
deraw,2023-04-05,,france,42236813,0,0,0,0,0,0,0,0,0
deraw,2023-04-06,,france,42236813,0,0,0,0,0,0,0,0,0
devlaam,2023-03-28,,austria,,0,0,0,0,0,0,0,0,0
devlaam,2023-03-29,,austria,,0,0,0,0,0,0,0,0,0
devlaam,2023-03-30,,austria,,0,0,0,0,0,0,0,0,0
devlaam,2023-03-31,97640126,austria,,1,0,0,0,0,0,0,0,0
devlaam,2023-04-03,97857567,austria,,1,0,0,0,0,0,0,0,0
devlaam,2023-04-04,,austria,,0,0,0,0,0,0,0,0,0
devlaam,2023-04-05,,austria,,0,0,0,0,0,0,0,0,0
devlaam,2023-04-06,,austria,,0,0,0,0,0,0,0,0,0
dew-automatisation,2023-03-28,97115950,france,,1,0,0,0,0,0,0,0,0
dew-automatisation,2023-03-29,97294038,france,,1,0,0,0,0,0,0,0,0
dew-automatisation,2023-03-30,,france,,0,0,0,0,0,0,0,0,0
dew-automatisation,2023-03-31,,france,,0,0,0,0,0,0,0,0,0
dew-automatisation,2023-04-03,,france,,0,0,0,0,0,0,0,0,0
dew-automatisation,2023-04-04,,france,,0,0,0,0,0,0,0,0,0
dew-automatisation,2023-04-05,,france,,0,0,0,0,0,0,0,0,0
dew-automatisation,2023-04-06,,france,,0,0,0,0,0,0,0,0,0
dhaavi,2023-03-28,,austria,20678162,0,0,0,0,0,0,0,0,0
dhaavi,2023-03-29,97356801,austria,20678162,1,0,0,0,0,0,0,0,0
dhaavi,2023-03-30,97492101,austria,20678162,1,0,0,0,0,0,0,0,0
dhaavi,2023-03-31,,austria,20678162,0,0,0,0,0,0,0,0,0
dhaavi,2023-04-03,,austria,20678162,0,0,0,0,0,0,0,0,0
dhaavi,2023-04-04,,austria,20678162,0,0,0,0,0,0,0,0,0
dhaavi,2023-04-05,,austria,20678162,0,0,0,0,0,0,0,0,0
dhaavi,2023-04-06,98429825,austria,20678162,1,0,0,0,0,0,0,0,0
diesire,2023-03-28,,france,,0,0,0,0,0,0,0,0,0
diesire,2023-03-29,,france,,0,0,0,0,0,0,0,0,0
diesire,2023-03-30,,france,,0,0,0,0,0,0,0,0,0
diesire,2023-03-31,97608239,france,,1,0,0,0,0,0,0,0,0
diesire,2023-04-03,,france,,0,0,0,0,0,0,0,0,0
diesire,2023-04-04,,france,,0,0,0,0,0,0,0,0,0
diesire,2023-04-05,,france,,0,0,0,0,0,0,0,0,0
diesire,2023-04-06,,france,,0,0,0,0,0,0,0,0,0
dinoclier72,2023-03-28,,france,,0,0,0,0,0,0,0,0,0
dinoclier72,2023-03-29,,france,,0,0,0,0,0,0,0,0,0
dinoclier72,2023-03-30,,france,,0,0,0,0,0,0,0,0,0
dinoclier72,2023-03-31,,france,,0,0,0,0,0,0,0,0,0
dinoclier72,2023-04-03,97913426,france,,1,0,0,0,0,0,0,0,0
dinoclier72,2023-04-04,,france,,0,0,0,0,0,0,0,0,0
dinoclier72,2023-04-05,,france,,0,0,0,0,0,0,0,0,0
dinoclier72,2023-04-06,,france,,0,0,0,0,0,0,0,0,0
dirtyhenry,2023-03-28,,france,,0,0,0,0,0,0,0,0,0
dirtyhenry,2023-03-29,97345772,france,,1,0,0,0,0,0,0,0,0
dirtyhenry,2023-03-30,,france,,0,0,0,0,0,0,0,0,0
dirtyhenry,2023-03-31,,france,,0,0,0,0,0,0,0,0,0
dirtyhenry,2023-04-03,,france,,0,0,0,0,0,0,0,0,0
dirtyhenry,2023-04-04,,france,,0,0,0,0,0,0,0,0,0
dirtyhenry,2023-04-05,,france,,0,0,0,0,0,0,0,0,0
dirtyhenry,2023-04-06,,france,,0,0,0,0,0,0,0,0,0
djerfy,2023-03-28,,france,87486783,0,0,0,0,0,0,0,0,0
djerfy,2023-03-29,,france,87486783,0,0,0,0,0,0,0,0,0
djerfy,2023-03-30,,france,87486783,0,0,0,0,0,0,0,0,0
djerfy,2023-03-31,97664380,france,87486783,1,0,0,0,0,0,0,0,0
djerfy,2023-04-03,,france,87486783,0,0,0,0,0,0,0,0,0
djerfy,2023-04-04,,france,87486783,0,0,0,0,0,0,0,0,0
djerfy,2023-04-05,,france,87486783,0,0,0,0,0,0,0,0,0
djerfy,2023-04-06,98384057,france,87486783,1,0,0,0,0,0,0,0,0
dlemaignent,2023-03-28,,france,1677996,0,0,0,0,0,0,0,0,0
dlemaignent,2023-03-29,,france,1677996,0,0,0,0,0,0,0,0,0
dlemaignent,2023-03-30,97448320,france,1677996,1,0,0,0,0,0,0,0,0
dlemaignent,2023-03-31,,france,1677996,0,0,0,0,0,0,0,0,0
dlemaignent,2023-04-03,,france,1677996,0,0,0,0,0,0,0,0,0
dlemaignent,2023-04-04,,france,1677996,0,0,0,0,0,0,0,0,0
dlemaignent,2023-04-05,,france,1677996,0,0,0,0,0,0,0,0,0
dlemaignent,2023-04-06,,france,1677996,0,0,0,0,0,0,0,0,0
dmachard,2023-03-28,97226452,france,,1,0,0,0,0,0,0,0,0
dmachard,2023-03-29,97360906,france,,1,0,0,0,0,0,0,0,0
dmachard,2023-03-30,,france,,0,0,0,0,0,0,0,0,0
dmachard,2023-03-31,97680562,france,,1,0,0,0,0,0,0,0,0
dmachard,2023-04-03,,france,,0,0,0,0,0,0,0,0,0
dmachard,2023-04-04,,france,,0,0,0,0,0,0,0,0,0
dmachard,2023-04-05,98240944,france,,1,0,0,0,0,0,0,0,0
dmachard,2023-04-06,,france,,0,0,0,0,0,0,0,0,0
dngconsulting,2023-03-28,97135283,france,,1,0,0,0,0,0,0,0,0
dngconsulting,2023-03-29,,france,,0,0,0,0,0,0,0,0,0
dngconsulting,2023-03-30,,france,,0,0,0,0,0,0,0,0,0
dngconsulting,2023-03-31,,france,,0,0,0,0,0,0,0,0,0
dngconsulting,2023-04-03,,france,,0,0,0,0,0,0,0,0,0
dngconsulting,2023-04-04,,france,,0,0,0,0,0,0,0,0,0
dngconsulting,2023-04-05,,france,,0,0,0,0,0,0,0,0,0
dngconsulting,2023-04-06,,france,,0,0,0,0,0,0,0,0,0
dni,2023-03-28,,austria,63878660,0,0,0,0,0,0,0,0,0
dni,2023-03-29,,austria,63878660,0,0,0,0,0,0,0,0,0
dni,2023-03-30,,austria,63878660,0,0,0,0,0,0,0,0,0
dni,2023-03-31,,austria,63878660,0,0,0,0,0,0,0,0,0
dni,2023-04-03,,austria,63878660,0,0,0,0,0,0,0,0,0
dni,2023-04-04,,austria,63878660,0,0,0,0,0,0,0,0,0
dni,2023-04-05,98153532,austria,63878660,1,0,0,0,0,0,0,0,0
dni,2023-04-06,,austria,63878660,0,0,0,0,0,0,0,0,0
dnldsht,2023-03-28,,italy,,0,1,0,0,0,0,0,0,0
dnldsht,2023-03-29,,italy,,0,0,1,0,0,0,0,0,0
dnldsht,2023-03-30,,italy,,0,0,0,1,0,0,0,0,0
dnldsht,2023-03-31,,italy,,0,0,0,0,1,0,0,0,0
dnldsht,2023-04-03,97911092,italy,,1,0,0,0,0,1,0,0,0
dnldsht,2023-04-04,,italy,,0,0,0,0,0,0,1,0,0
dnldsht,2023-04-05,,italy,,0,0,0,0,0,0,0,1,0
dnldsht,2023-04-06,,italy,,0,0,0,0,0,0,0,0,1
dodo31,2023-03-28,,france,,0,0,0,0,0,0,0,0,0
dodo31,2023-03-29,,france,,0,0,0,0,0,0,0,0,0
dodo31,2023-03-30,,france,,0,0,0,0,0,0,0,0,0
dodo31,2023-03-31,,france,,0,0,0,0,0,0,0,0,0
dodo31,2023-04-03,,france,,0,0,0,0,0,0,0,0,0
dodo31,2023-04-04,,france,,0,0,0,0,0,0,0,0,0
dodo31,2023-04-05,98236986,france,,1,0,0,0,0,0,0,0,0
dodo31,2023-04-06,,france,,0,0,0,0,0,0,0,0,0
doggyhaha,2023-03-28,97229253,italy,121357094,1,1,0,0,0,0,0,0,0
doggyhaha,2023-03-29,,italy,121357094,0,0,1,0,0,0,0,0,0
doggyhaha,2023-03-30,,italy,121357094,0,0,0,1,0,0,0,0,0
doggyhaha,2023-03-31,,italy,121357094,0,0,0,0,1,0,0,0,0
doggyhaha,2023-04-03,,italy,121357094,0,0,0,0,0,1,0,0,0
doggyhaha,2023-04-04,,italy,121357094,0,0,0,0,0,0,1,0,0
doggyhaha,2023-04-05,,italy,121357094,0,0,0,0,0,0,0,1,0
doggyhaha,2023-04-06,,italy,121357094,0,0,0,0,0,0,0,0,1
donho,2023-03-28,,france,12589084,0,0,0,0,0,0,0,0,0
donho,2023-03-29,,france,12589084,0,0,0,0,0,0,0,0,0
donho,2023-03-30,,france,12589084,0,0,0,0,0,0,0,0,0
donho,2023-03-31,,france,12589084,0,0,0,0,0,0,0,0,0
donho,2023-04-03,,france,12589084,0,0,0,0,0,0,0,0,0
donho,2023-04-04,,france,12589084,0,0,0,0,0,0,0,0,0
donho,2023-04-05,,france,12589084,0,0,0,0,0,0,0,0,0
donho,2023-04-06,98391296,france,12589084,1,0,0,0,0,0,0,0,0
drissbenadjal,2023-03-28,,france,,0,0,0,0,0,0,0,0,0
drissbenadjal,2023-03-29,,france,,0,0,0,0,0,0,0,0,0
drissbenadjal,2023-03-30,,france,,0,0,0,0,0,0,0,0,0
drissbenadjal,2023-03-31,,france,,0,0,0,0,0,0,0,0,0
drissbenadjal,2023-04-03,97897328,france,,1,0,0,0,0,0,0,0,0
drissbenadjal,2023-04-04,,france,,0,0,0,0,0,0,0,0,0
drissbenadjal,2023-04-05,98170097,france,,1,0,0,0,0,0,0,0,0
drissbenadjal,2023-04-06,,france,,0,0,0,0,0,0,0,0,0
dubreuia,2023-03-28,,france,,0,0,0,0,0,0,0,0,0
dubreuia,2023-03-29,,france,,0,0,0,0,0,0,0,0,0
dubreuia,2023-03-30,,france,,0,0,0,0,0,0,0,0,0
dubreuia,2023-03-31,,france,,0,0,0,0,0,0,0,0,0
dubreuia,2023-04-03,,france,,0,0,0,0,0,0,0,0,0
dubreuia,2023-04-04,98005066,france,,1,0,0,0,0,0,0,0,0
dubreuia,2023-04-05,,france,,0,0,0,0,0,0,0,0,0
dubreuia,2023-04-06,,france,,0,0,0,0,0,0,0,0,0
dubzzz,2023-03-28,97241525,france,,1,0,0,0,0,0,0,0,0
dubzzz,2023-03-29,,france,,0,0,0,0,0,0,0,0,0
dubzzz,2023-03-30,,france,,0,0,0,0,0,0,0,0,0
dubzzz,2023-03-31,,france,,0,0,0,0,0,0,0,0,0
dubzzz,2023-04-03,97893637,france,,1,0,0,0,0,0,0,0,0
dubzzz,2023-04-04,,france,,0,0,0,0,0,0,0,0,0
dubzzz,2023-04-05,,france,,0,0,0,0,0,0,0,0,0
dubzzz,2023-04-06,,france,,0,0,0,0,0,0,0,0,0
dumbbell,2023-03-28,97144851,france,96669,1,0,0,0,0,0,0,0,0
dumbbell,2023-03-29,,france,96669,0,0,0,0,0,0,0,0,0
dumbbell,2023-03-30,97496090,france,96669,1,0,0,0,0,0,0,0,0
dumbbell,2023-03-31,,france,96669,0,0,0,0,0,0,0,0,0
dumbbell,2023-04-03,,france,96669,0,0,0,0,0,0,0,0,0
dumbbell,2023-04-04,,france,96669,0,0,0,0,0,0,0,0,0
dumbbell,2023-04-05,,france,96669,0,0,0,0,0,0,0,0,0
dumbbell,2023-04-06,,france,96669,0,0,0,0,0,0,0,0,0
dunpcloud,2023-03-28,,italy,,0,1,0,0,0,0,0,0,0
dunpcloud,2023-03-29,,italy,,0,0,1,0,0,0,0,0,0
dunpcloud,2023-03-30,97438504,italy,,1,0,0,1,0,0,0,0,0
dunpcloud,2023-03-31,,italy,,0,0,0,0,1,0,0,0,0
dunpcloud,2023-04-03,,italy,,0,0,0,0,0,1,0,0,0
dunpcloud,2023-04-04,,italy,,0,0,0,0,0,0,1,0,0
dunpcloud,2023-04-05,,italy,,0,0,0,0,0,0,0,1,0
dunpcloud,2023-04-06,,italy,,0,0,0,0,0,0,0,0,1
dvojtise,2023-03-28,,france,5571443,0,0,0,0,0,0,0,0,0
dvojtise,2023-03-29,,france,5571443,0,0,0,0,0,0,0,0,0
dvojtise,2023-03-30,,france,5571443,0,0,0,0,0,0,0,0,0
dvojtise,2023-03-31,,france,5571443,0,0,0,0,0,0,0,0,0
dvojtise,2023-04-03,97847471,france,5571443,1,0,0,0,0,0,0,0,0
dvojtise,2023-04-04,,france,5571443,0,0,0,0,0,0,0,0,0
dvojtise,2023-04-05,,france,5571443,0,0,0,0,0,0,0,0,0
dvojtise,2023-04-06,98428797,france,56974,1,0,0,0,0,0,0,0,0
e-krebs,2023-03-28,,france,2034458,0,0,0,0,0,0,0,0,0
e-krebs,2023-03-29,,france,2034458,0,0,0,0,0,0,0,0,0
e-krebs,2023-03-30,,france,2034458,0,0,0,0,0,0,0,0,0
e-krebs,2023-03-31,,france,2034458,0,0,0,0,0,0,0,0,0
e-krebs,2023-04-03,,france,2034458,0,0,0,0,0,0,0,0,0
e-krebs,2023-04-04,98016954,france,2034458,1,0,0,0,0,0,0,0,0
e-krebs,2023-04-05,,france,2034458,0,0,0,0,0,0,0,0,0
e-krebs,2023-04-06,,france,2034458,0,0,0,0,0,0,0,0,0
ebennequin,2023-03-28,,france,23194788,0,0,0,0,0,0,0,0,0
ebennequin,2023-03-29,,france,23194788,0,0,0,0,0,0,0,0,0
ebennequin,2023-03-30,97443668,france,23194788,1,0,0,0,0,0,0,0,0
ebennequin,2023-03-31,,france,23194788,0,0,0,0,0,0,0,0,0
ebennequin,2023-04-03,,france,23194788,0,0,0,0,0,0,0,0,0
ebennequin,2023-04-04,,france,23194788,0,0,0,0,0,0,0,0,0
ebennequin,2023-04-05,,france,23194788,0,0,0,0,0,0,0,0,0
ebennequin,2023-04-06,,france,23194788,0,0,0,0,0,0,0,0,0
eblondel,2023-03-28,,france,63255993,0,0,0,0,0,0,0,0,0
eblondel,2023-03-29,,france,63255993,0,0,0,0,0,0,0,0,0
eblondel,2023-03-30,,france,63255993,0,0,0,0,0,0,0,0,0
eblondel,2023-03-31,,france,63255993,0,0,0,0,0,0,0,0,0
eblondel,2023-04-03,,france,63255993,0,0,0,0,0,0,0,0,0
eblondel,2023-04-04,,france,63255993,0,0,0,0,0,0,0,0,0
eblondel,2023-04-05,98150158,france,63255993,1,0,0,0,0,0,0,0,0
eblondel,2023-04-06,,france,63255993,0,0,0,0,0,0,0,0,0
edoardocavazza,2023-03-28,,italy,6917185,0,1,0,0,0,0,0,0,0
edoardocavazza,2023-03-29,,italy,6917185,0,0,1,0,0,0,0,0,0
edoardocavazza,2023-03-30,,italy,6917185,0,0,0,1,0,0,0,0,0
edoardocavazza,2023-03-31,97612241,italy,6917185,1,0,0,0,1,0,0,0,0
edoardocavazza,2023-04-03,,italy,6917185,0,0,0,0,0,1,0,0,0
edoardocavazza,2023-04-04,97996692,italy,6917185,1,0,0,0,0,0,1,0,0
edoardocavazza,2023-04-05,98172536,italy,6917185,1,0,0,0,0,0,0,1,0
edoardocavazza,2023-04-06,,italy,6917185,0,0,0,0,0,0,0,0,1
edoardottt,2023-03-28,,italy,,0,1,0,0,0,0,0,0,0
edoardottt,2023-03-29,97276435,italy,,1,0,1,0,0,0,0,0,0
edoardottt,2023-03-30,,italy,,0,0,0,1,0,0,0,0,0
edoardottt,2023-03-31,,italy,,0,0,0,0,1,0,0,0,0
edoardottt,2023-04-03,97803599,italy,,1,0,0,0,0,1,0,0,0
edoardottt,2023-04-04,,italy,,0,0,0,0,0,0,1,0,0
edoardottt,2023-04-05,98156898,italy,,1,0,0,0,0,0,0,1,0
edoardottt,2023-04-06,,italy,,0,0,0,0,0,0,0,0,1
efa,2023-03-28,,italy,,0,1,0,0,0,0,0,0,0
efa,2023-03-29,,italy,,0,0,1,0,0,0,0,0,0
efa,2023-03-30,,italy,,0,0,0,1,0,0,0,0,0
efa,2023-03-31,,italy,,0,0,0,0,1,0,0,0,0
efa,2023-04-03,,italy,,0,0,0,0,0,1,0,0,0
efa,2023-04-04,,italy,,0,0,0,0,0,0,1,0,0
efa,2023-04-05,98241096,italy,,1,0,0,0,0,0,0,1,0
efa,2023-04-06,,italy,,0,0,0,0,0,0,0,0,1
egraba,2023-03-28,97231646,france,,1,0,0,0,0,0,0,0,0
egraba,2023-03-29,,france,,0,0,0,0,0,0,0,0,0
egraba,2023-03-30,,france,,0,0,0,0,0,0,0,0,0
egraba,2023-03-31,,france,,0,0,0,0,0,0,0,0,0
egraba,2023-04-03,,france,,0,0,0,0,0,0,0,0,0
egraba,2023-04-04,,france,,0,0,0,0,0,0,0,0,0
egraba,2023-04-05,,france,,0,0,0,0,0,0,0,0,0
egraba,2023-04-06,98447902,france,,1,0,0,0,0,0,0,0,0
egreiner,2023-03-28,97132565,austria,,1,0,0,0,0,0,0,0,0
egreiner,2023-03-29,,austria,,0,0,0,0,0,0,0,0,0
egreiner,2023-03-30,,austria,,0,0,0,0,0,0,0,0,0
egreiner,2023-03-31,,austria,,0,0,0,0,0,0,0,0,0
egreiner,2023-04-03,,austria,,0,0,0,0,0,0,0,0,0
egreiner,2023-04-04,98059441,austria,,1,0,0,0,0,0,0,0,0
egreiner,2023-04-05,98218674,austria,,1,0,0,0,0,0,0,0,0
egreiner,2023-04-06,,austria,,0,0,0,0,0,0,0,0,0
eitzenbe,2023-03-28,,austria,55493511,0,0,0,0,0,0,0,0,0
eitzenbe,2023-03-29,,austria,55493511,0,0,0,0,0,0,0,0,0
eitzenbe,2023-03-30,,austria,55493511,0,0,0,0,0,0,0,0,0
eitzenbe,2023-03-31,,austria,55493511,0,0,0,0,0,0,0,0,0
eitzenbe,2023-04-03,97812882,austria,55493511,1,0,0,0,0,0,0,0,0
eitzenbe,2023-04-04,,austria,55493511,0,0,0,0,0,0,0,0,0
eitzenbe,2023-04-05,,austria,55493511,0,0,0,0,0,0,0,0,0
eitzenbe,2023-04-06,,austria,55493511,0,0,0,0,0,0,0,0,0
ejgallego,2023-03-28,,france,,0,0,0,0,0,0,0,0,0
ejgallego,2023-03-29,,france,,0,0,0,0,0,0,0,0,0
ejgallego,2023-03-30,,france,,0,0,0,0,0,0,0,0,0
ejgallego,2023-03-31,,france,,0,0,0,0,0,0,0,0,0
ejgallego,2023-04-03,97886663,france,,1,0,0,0,0,0,0,0,0
ejgallego,2023-04-04,,france,,0,0,0,0,0,0,0,0,0
ejgallego,2023-04-05,,france,,0,0,0,0,0,0,0,0,0
ejgallego,2023-04-06,,france,,0,0,0,0,0,0,0,0,0
elax46,2023-03-28,97231437,italy,,1,1,0,0,0,0,0,0,0
elax46,2023-03-29,,italy,,0,0,1,0,0,0,0,0,0
elax46,2023-03-30,,italy,,0,0,0,1,0,0,0,0,0
elax46,2023-03-31,,italy,,0,0,0,0,1,0,0,0,0
elax46,2023-04-03,,italy,,0,0,0,0,0,1,0,0,0
elax46,2023-04-04,,italy,,0,0,0,0,0,0,1,0,0
elax46,2023-04-05,,italy,,0,0,0,0,0,0,0,1,0
elax46,2023-04-06,,italy,,0,0,0,0,0,0,0,0,1
elie29,2023-03-28,97183563,france,,1,0,0,0,0,0,0,0,0
elie29,2023-03-29,,france,,0,0,0,0,0,0,0,0,0
elie29,2023-03-30,,france,,0,0,0,0,0,0,0,0,0
elie29,2023-03-31,,france,,0,0,0,0,0,0,0,0,0
elie29,2023-04-03,,france,,0,0,0,0,0,0,0,0,0
elie29,2023-04-04,,france,,0,0,0,0,0,0,0,0,0
elie29,2023-04-05,,france,,0,0,0,0,0,0,0,0,0
elie29,2023-04-06,,france,,0,0,0,0,0,0,0,0,0
ellisztamas,2023-03-28,,austria,,0,0,0,0,0,0,0,0,0
ellisztamas,2023-03-29,,austria,,0,0,0,0,0,0,0,0,0
ellisztamas,2023-03-30,,austria,,0,0,0,0,0,0,0,0,0
ellisztamas,2023-03-31,,austria,,0,0,0,0,0,0,0,0,0
ellisztamas,2023-04-03,97897060,austria,,1,0,0,0,0,0,0,0,0
ellisztamas,2023-04-04,,austria,,0,0,0,0,0,0,0,0,0
ellisztamas,2023-04-05,,austria,,0,0,0,0,0,0,0,0,0
ellisztamas,2023-04-06,,austria,,0,0,0,0,0,0,0,0,0
emanuele-f,2023-03-28,97140759,italy,,1,1,0,0,0,0,0,0,0
emanuele-f,2023-03-29,,italy,,0,0,1,0,0,0,0,0,0
emanuele-f,2023-03-30,,italy,,0,0,0,1,0,0,0,0,0
emanuele-f,2023-03-31,,italy,,0,0,0,0,1,0,0,0,0
emanuele-f,2023-04-03,,italy,,0,0,0,0,0,1,0,0,0
emanuele-f,2023-04-04,,italy,,0,0,0,0,0,0,1,0,0
emanuele-f,2023-04-05,,italy,,0,0,0,0,0,0,0,1,0
emanuele-f,2023-04-06,,italy,,0,0,0,0,0,0,0,0,1
emanuelefricano93,2023-03-28,,italy,,0,1,0,0,0,0,0,0,0
emanuelefricano93,2023-03-29,97252165,italy,,1,0,1,0,0,0,0,0,0
emanuelefricano93,2023-03-30,,italy,,0,0,0,1,0,0,0,0,0
emanuelefricano93,2023-03-31,,italy,,0,0,0,0,1,0,0,0,0
emanuelefricano93,2023-04-03,,italy,,0,0,0,0,0,1,0,0,0
emanuelefricano93,2023-04-04,,italy,,0,0,0,0,0,0,1,0,0
emanuelefricano93,2023-04-05,,italy,,0,0,0,0,0,0,0,1,0
emanuelefricano93,2023-04-06,,italy,,0,0,0,0,0,0,0,0,1
emberist,2023-03-28,97185378,italy,,1,1,0,0,0,0,0,0,0
emberist,2023-03-29,,italy,,0,0,1,0,0,0,0,0,0
emberist,2023-03-30,,italy,,0,0,0,1,0,0,0,0,0
emberist,2023-03-31,,italy,,0,0,0,0,1,0,0,0,0
emberist,2023-04-03,,italy,,0,0,0,0,0,1,0,0,0
emberist,2023-04-04,,italy,,0,0,0,0,0,0,1,0,0
emberist,2023-04-05,,italy,,0,0,0,0,0,0,0,1,0
emberist,2023-04-06,,italy,,0,0,0,0,0,0,0,0,1
emersion,2023-03-28,,france,,0,0,0,0,0,0,0,0,0
emersion,2023-03-29,,france,,0,0,0,0,0,0,0,0,0
emersion,2023-03-30,,france,,0,0,0,0,0,0,0,0,0
emersion,2023-03-31,,france,,0,0,0,0,0,0,0,0,0
emersion,2023-04-03,,france,,0,0,0,0,0,0,0,0,0
emersion,2023-04-04,98055507,france,,1,0,0,0,0,0,0,0,0
emersion,2023-04-05,,france,,0,0,0,0,0,0,0,0,0
emersion,2023-04-06,,france,,0,0,0,0,0,0,0,0,0
emics,2023-03-28,,italy,,0,1,0,0,0,0,0,0,0
emics,2023-03-29,,italy,,0,0,1,0,0,0,0,0,0
emics,2023-03-30,,italy,,0,0,0,1,0,0,0,0,0
emics,2023-03-31,,italy,,0,0,0,0,1,0,0,0,0
emics,2023-04-03,,italy,,0,0,0,0,0,1,0,0,0
emics,2023-04-04,,italy,,0,0,0,0,0,0,1,0,0
emics,2023-04-05,98170378,italy,,1,0,0,0,0,0,0,1,0
emics,2023-04-06,98350878,italy,,1,0,0,0,0,0,0,0,1
emillon,2023-03-28,,france,1841483,0,0,0,0,0,0,0,0,0
emillon,2023-03-29,,france,1841483,0,0,0,0,0,0,0,0,0
emillon,2023-03-30,,france,1841483,0,0,0,0,0,0,0,0,0
emillon,2023-03-31,,france,1841483,0,0,0,0,0,0,0,0,0
emillon,2023-04-03,,france,1841483,0,0,0,0,0,0,0,0,0
emillon,2023-04-04,98024522,france,1841483,1,0,0,0,0,0,0,0,0
emillon,2023-04-05,,france,1841483,0,0,0,0,0,0,0,0,0
emillon,2023-04-06,,france,1841483,0,0,0,0,0,0,0,0,0
emmanuelgautier,2023-03-28,,france,127022998,0,0,0,0,0,0,0,0,0
emmanuelgautier,2023-03-29,,france,127022998,0,0,0,0,0,0,0,0,0
emmanuelgautier,2023-03-30,,france,127022998,0,0,0,0,0,0,0,0,0
emmanuelgautier,2023-03-31,,france,127022998,0,0,0,0,0,0,0,0,0
emmanuelgautier,2023-04-03,97916496,france,127022998,1,0,0,0,0,0,0,0,0
emmanuelgautier,2023-04-04,,france,127022998,0,0,0,0,0,0,0,0,0
emmanuelgautier,2023-04-05,,france,127022998,0,0,0,0,0,0,0,0,0
emmanuelgautier,2023-04-06,,france,127022998,0,0,0,0,0,0,0,0,0
emuskardin,2023-03-28,,austria,81631731,0,0,0,0,0,0,0,0,0
emuskardin,2023-03-29,,austria,81631731,0,0,0,0,0,0,0,0,0
emuskardin,2023-03-30,,austria,81631731,0,0,0,0,0,0,0,0,0
emuskardin,2023-03-31,,austria,81631731,0,0,0,0,0,0,0,0,0
emuskardin,2023-04-03,,austria,81631731,0,0,0,0,0,0,0,0,0
emuskardin,2023-04-04,,austria,81631731,0,0,0,0,0,0,0,0,0
emuskardin,2023-04-05,98220482,austria,81631731,1,0,0,0,0,0,0,0,0
emuskardin,2023-04-06,,austria,81631731,0,0,0,0,0,0,0,0,0
enricobattocchi,2023-03-28,,italy,4690436,0,1,0,0,0,0,0,0,0
enricobattocchi,2023-03-29,,italy,4690436,0,0,1,0,0,0,0,0,0
enricobattocchi,2023-03-30,,italy,4690436,0,0,0,1,0,0,0,0,0
enricobattocchi,2023-03-31,97651916,italy,4690436,1,0,0,0,1,0,0,0,0
enricobattocchi,2023-04-03,,italy,4690436,0,0,0,0,0,1,0,0,0
enricobattocchi,2023-04-04,,italy,4690436,0,0,0,0,0,0,1,0,0
enricobattocchi,2023-04-05,,italy,4690436,0,0,0,0,0,0,0,1,0
enricobattocchi,2023-04-06,,italy,4690436,0,0,0,0,0,0,0,0,1
eolivelli,2023-03-28,,italy,573369,0,1,0,0,0,0,0,0,0
eolivelli,2023-03-29,,italy,573369,0,0,1,0,0,0,0,0,0
eolivelli,2023-03-30,,italy,573369,0,0,0,1,0,0,0,0,0
eolivelli,2023-03-31,,italy,573369,0,0,0,0,1,0,0,0,0
eolivelli,2023-04-03,,italy,573369,0,0,0,0,0,1,0,0,0
eolivelli,2023-04-04,,italy,573369,0,0,0,0,0,0,1,0,0
eolivelli,2023-04-05,98189705,italy,573369,1,0,0,0,0,0,0,1,0
eolivelli,2023-04-06,,italy,573369,0,0,0,0,0,0,0,0,1
epoupon,2023-03-28,,france,,0,0,0,0,0,0,0,0,0
epoupon,2023-03-29,,france,,0,0,0,0,0,0,0,0,0
epoupon,2023-03-30,,france,,0,0,0,0,0,0,0,0,0
epoupon,2023-03-31,,france,,0,0,0,0,0,0,0,0,0
epoupon,2023-04-03,97897111,france,,1,0,0,0,0,0,0,0,0
epoupon,2023-04-04,,france,,0,0,0,0,0,0,0,0,0
epoupon,2023-04-05,,france,,0,0,0,0,0,0,0,0,0
epoupon,2023-04-06,,france,,0,0,0,0,0,0,0,0,0
epsilon-0311,2023-03-28,,austria,,0,0,0,0,0,0,0,0,0
epsilon-0311,2023-03-29,,austria,,0,0,0,0,0,0,0,0,0
epsilon-0311,2023-03-30,,austria,,0,0,0,0,0,0,0,0,0
epsilon-0311,2023-03-31,97613712,austria,,1,0,0,0,0,0,0,0,0
epsilon-0311,2023-04-03,,austria,,0,0,0,0,0,0,0,0,0
epsilon-0311,2023-04-04,,austria,,0,0,0,0,0,0,0,0,0
epsilon-0311,2023-04-05,,austria,,0,0,0,0,0,0,0,0,0
epsilon-0311,2023-04-06,,austria,,0,0,0,0,0,0,0,0,0
epsilonrt,2023-03-28,,france,,0,0,0,0,0,0,0,0,0
epsilonrt,2023-03-29,,france,,0,0,0,0,0,0,0,0,0
epsilonrt,2023-03-30,97499105,france,,1,0,0,0,0,0,0,0,0
epsilonrt,2023-03-31,97651219,france,,1,0,0,0,0,0,0,0,0
epsilonrt,2023-04-03,,france,,0,0,0,0,0,0,0,0,0
epsilonrt,2023-04-04,,france,,0,0,0,0,0,0,0,0,0
epsilonrt,2023-04-05,,france,,0,0,0,0,0,0,0,0,0
epsilonrt,2023-04-06,,france,,0,0,0,0,0,0,0,0,0
erikyo,2023-03-28,,italy,,0,1,0,0,0,0,0,0,0
erikyo,2023-03-29,,italy,,0,0,1,0,0,0,0,0,0
erikyo,2023-03-30,,italy,,0,0,0,1,0,0,0,0,0
erikyo,2023-03-31,,italy,,0,0,0,0,1,0,0,0,0
erikyo,2023-04-03,,italy,,0,0,0,0,0,1,0,0,0
erikyo,2023-04-04,,italy,,0,0,0,0,0,0,1,0,0
erikyo,2023-04-05,,italy,,0,0,0,0,0,0,0,1,0
erikyo,2023-04-06,98478028,italy,,1,0,0,0,0,0,0,0,1
erupnik,2023-03-28,,france,23313230,0,0,0,0,0,0,0,0,0
erupnik,2023-03-29,97309727,france,23313230,1,0,0,0,0,0,0,0,0
erupnik,2023-03-30,,france,23313230,0,0,0,0,0,0,0,0,0
erupnik,2023-03-31,,france,23313230,0,0,0,0,0,0,0,0,0
erupnik,2023-04-03,,france,23313230,0,0,0,0,0,0,0,0,0
erupnik,2023-04-04,,france,23313230,0,0,0,0,0,0,0,0,0
erupnik,2023-04-05,,france,23313230,0,0,0,0,0,0,0,0,0
erupnik,2023-04-06,,france,23313230,0,0,0,0,0,0,0,0,0
espri-prenault,2023-03-28,97121222,france,64796228,1,0,0,0,0,0,0,0,0
espri-prenault,2023-03-29,,france,64796228,0,0,0,0,0,0,0,0,0
espri-prenault,2023-03-30,,france,64796228,0,0,0,0,0,0,0,0,0
espri-prenault,2023-03-31,,france,64796228,0,0,0,0,0,0,0,0,0
espri-prenault,2023-04-03,,france,64796228,0,0,0,0,0,0,0,0,0
espri-prenault,2023-04-04,,france,64796228,0,0,0,0,0,0,0,0,0
espri-prenault,2023-04-05,,france,64796228,0,0,0,0,0,0,0,0,0
espri-prenault,2023-04-06,,france,64796228,0,0,0,0,0,0,0,0,0
estefan3112,2023-03-28,,austria,,0,0,0,0,0,0,0,0,0
estefan3112,2023-03-29,,austria,,0,0,0,0,0,0,0,0,0
estefan3112,2023-03-30,,austria,,0,0,0,0,0,0,0,0,0
estefan3112,2023-03-31,,austria,,0,0,0,0,0,0,0,0,0
estefan3112,2023-04-03,97906692,austria,,1,0,0,0,0,0,0,0,0
estefan3112,2023-04-04,,austria,,0,0,0,0,0,0,0,0,0
estefan3112,2023-04-05,,austria,,0,0,0,0,0,0,0,0,0
estefan3112,2023-04-06,,austria,,0,0,0,0,0,0,0,0,0
estradino,2023-03-28,,france,81692971,0,0,0,0,0,0,0,0,0
estradino,2023-03-29,,france,81692971,0,0,0,0,0,0,0,0,0
estradino,2023-03-30,,france,81692971,0,0,0,0,0,0,0,0,0
estradino,2023-03-31,97518762,france,81692971,1,0,0,0,0,0,0,0,0
estradino,2023-04-03,,france,81692971,0,0,0,0,0,0,0,0,0
estradino,2023-04-04,,france,81692971,0,0,0,0,0,0,0,0,0
estradino,2023-04-05,,france,81692971,0,0,0,0,0,0,0,0,0
estradino,2023-04-06,,france,81692971,0,0,0,0,0,0,0,0,0
evacchi,2023-03-28,,italy,,0,1,0,0,0,0,0,0,0
evacchi,2023-03-29,97390247,italy,,1,0,1,0,0,0,0,0,0
evacchi,2023-03-30,,italy,,0,0,0,1,0,0,0,0,0
evacchi,2023-03-31,,italy,,0,0,0,0,1,0,0,0,0
evacchi,2023-04-03,,italy,,0,0,0,0,0,1,0,0,0
evacchi,2023-04-04,,italy,,0,0,0,0,0,0,1,0,0
evacchi,2023-04-05,,italy,,0,0,0,0,0,0,0,1,0
evacchi,2023-04-06,,italy,,0,0,0,0,0,0,0,0,1
everwin-team,2023-03-28,,france,50204745,0,0,0,0,0,0,0,0,0
everwin-team,2023-03-29,,france,50204745,0,0,0,0,0,0,0,0,0
everwin-team,2023-03-30,,france,50204745,0,0,0,0,0,0,0,0,0
everwin-team,2023-03-31,,france,50204745,0,0,0,0,0,0,0,0,0
everwin-team,2023-04-03,97833699,france,50204745,1,0,0,0,0,0,0,0,0
everwin-team,2023-04-04,,france,50204745,0,0,0,0,0,0,0,0,0
everwin-team,2023-04-05,,france,50204745,0,0,0,0,0,0,0,0,0
everwin-team,2023-04-06,,france,50204745,0,0,0,0,0,0,0,0,0
ewilan-riviere,2023-03-28,,france,112693889,0,0,0,0,0,0,0,0,0
ewilan-riviere,2023-03-29,,france,112693889,0,0,0,0,0,0,0,0,0
ewilan-riviere,2023-03-30,97539216,france,112693889,1,0,0,0,0,0,0,0,0
ewilan-riviere,2023-03-31,97621657,france,112693889,1,0,0,0,0,0,0,0,0
ewilan-riviere,2023-04-03,,france,112693889,0,0,0,0,0,0,0,0,0
ewilan-riviere,2023-04-04,98033695,france,112693889,1,0,0,0,0,0,0,0,0
ewilan-riviere,2023-04-05,,france,112693889,0,0,0,0,0,0,0,0,0
ewilan-riviere,2023-04-06,,france,112693889,0,0,0,0,0,0,0,0,0
ezimuel,2023-03-28,,italy,6764390,0,1,0,0,0,0,0,0,0
ezimuel,2023-03-29,,italy,6764390,0,0,1,0,0,0,0,0,0
ezimuel,2023-03-30,97504806,italy,6764390,1,0,0,1,0,0,0,0,0
ezimuel,2023-03-31,,italy,6764390,0,0,0,0,1,0,0,0,0
ezimuel,2023-04-03,,italy,6764390,0,0,0,0,0,1,0,0,0
ezimuel,2023-04-04,98090446,italy,6764390,1,0,0,0,0,0,1,0,0
ezimuel,2023-04-05,,italy,6764390,0,0,0,0,0,0,0,1,0
ezimuel,2023-04-06,,italy,6764390,0,0,0,0,0,0,0,0,1
f-lawe,2023-03-28,97153308,france,,1,0,0,0,0,0,0,0,0
f-lawe,2023-03-29,,france,,0,0,0,0,0,0,0,0,0
f-lawe,2023-03-30,,france,,0,0,0,0,0,0,0,0,0
f-lawe,2023-03-31,97611160,france,,1,0,0,0,0,0,0,0,0
f-lawe,2023-04-03,,france,,0,0,0,0,0,0,0,0,0
f-lawe,2023-04-04,,france,,0,0,0,0,0,0,0,0,0
f-lawe,2023-04-05,,france,,0,0,0,0,0,0,0,0,0
f-lawe,2023-04-06,,france,,0,0,0,0,0,0,0,0,0
f4exb,2023-03-28,,france,,0,0,0,0,0,0,0,0,0
f4exb,2023-03-29,,france,,0,0,0,0,0,0,0,0,0
f4exb,2023-03-30,,france,,0,0,0,0,0,0,0,0,0
f4exb,2023-03-31,,france,,0,0,0,0,0,0,0,0,0
f4exb,2023-04-03,,france,,0,0,0,0,0,0,0,0,0
f4exb,2023-04-04,,france,,0,0,0,0,0,0,0,0,0
f4exb,2023-04-05,,france,,0,0,0,0,0,0,0,0,0
f4exb,2023-04-06,98469717,france,,1,0,0,0,0,0,0,0,0
fabgio,2023-03-28,,italy,,0,1,0,0,0,0,0,0,0
fabgio,2023-03-29,,italy,,0,0,1,0,0,0,0,0,0
fabgio,2023-03-30,,italy,,0,0,0,1,0,0,0,0,0
fabgio,2023-03-31,,italy,,0,0,0,0,1,0,0,0,0
fabgio,2023-04-03,,italy,,0,0,0,0,0,1,0,0,0
fabgio,2023-04-04,,italy,,0,0,0,0,0,0,1,0,0
fabgio,2023-04-05,,italy,,0,0,0,0,0,0,0,1,0
fabgio,2023-04-06,98424961,italy,,1,0,0,0,0,0,0,0,1
fabiencastan,2023-03-28,,france,9333123,0,0,0,0,0,0,0,0,0
fabiencastan,2023-03-29,,france,9333123,0,0,0,0,0,0,0,0,0
fabiencastan,2023-03-30,,france,9333123,0,0,0,0,0,0,0,0,0
fabiencastan,2023-03-31,,france,9333123,0,0,0,0,0,0,0,0,0
fabiencastan,2023-04-03,97891955,france,9333123,1,0,0,0,0,0,0,0,0
fabiencastan,2023-04-04,,france,9333123,0,0,0,0,0,0,0,0,0
fabiencastan,2023-04-05,,france,9333123,0,0,0,0,0,0,0,0,0
fabiencastan,2023-04-06,,france,9333123,0,0,0,0,0,0,0,0,0
fabio-ivona,2023-03-28,,italy,77104699,0,1,0,0,0,0,0,0,0
fabio-ivona,2023-03-29,,italy,77104699,0,0,1,0,0,0,0,0,0
fabio-ivona,2023-03-30,,italy,77104699,0,0,0,1,0,0,0,0,0
fabio-ivona,2023-03-31,,italy,77104699,0,0,0,0,1,0,0,0,0
fabio-ivona,2023-04-03,97848604,italy,77104699,1,0,0,0,0,1,0,0,0
fabio-ivona,2023-04-04,,italy,77104699,0,0,0,0,0,0,1,0,0
fabio-ivona,2023-04-05,,italy,77104699,0,0,0,0,0,0,0,1,0
fabio-ivona,2023-04-06,98307739,italy,77104699,1,0,0,0,0,0,0,0,1
fabiocaccamo,2023-03-28,,italy,,0,1,0,0,0,0,0,0,0
fabiocaccamo,2023-03-29,,italy,,0,0,1,0,0,0,0,0,0
fabiocaccamo,2023-03-30,97464333,italy,,1,0,0,1,0,0,0,0,0
fabiocaccamo,2023-03-31,,italy,,0,0,0,0,1,0,0,0,0
fabiocaccamo,2023-04-03,,italy,,0,0,0,0,0,1,0,0,0
fabiocaccamo,2023-04-04,,italy,,0,0,0,0,0,0,1,0,0
fabiocaccamo,2023-04-05,,italy,,0,0,0,0,0,0,0,1,0
fabiocaccamo,2023-04-06,,italy,,0,0,0,0,0,0,0,0,1
fabiocaiulo,2023-03-28,,italy,,0,1,0,0,0,0,0,0,0
fabiocaiulo,2023-03-29,,italy,,0,0,1,0,0,0,0,0,0
fabiocaiulo,2023-03-30,,italy,,0,0,0,1,0,0,0,0,0
fabiocaiulo,2023-03-31,97600133,italy,,1,0,0,0,1,0,0,0,0
fabiocaiulo,2023-04-03,,italy,,0,0,0,0,0,1,0,0,0
fabiocaiulo,2023-04-04,,italy,,0,0,0,0,0,0,1,0,0
fabiocaiulo,2023-04-05,,italy,,0,0,0,0,0,0,0,1,0
fabiocaiulo,2023-04-06,,italy,,0,0,0,0,0,0,0,0,1
fabpot,2023-03-28,,france,143937,0,0,0,0,0,0,0,0,0
fabpot,2023-03-29,,france,143937,0,0,0,0,0,0,0,0,0
fabpot,2023-03-30,,france,143937,0,0,0,0,0,0,0,0,0
fabpot,2023-03-31,97626575,france,143937,1,0,0,0,0,0,0,0,0
fabpot,2023-04-03,,france,143937,0,0,0,0,0,0,0,0,0
fabpot,2023-04-04,,france,143937,0,0,0,0,0,0,0,0,0
fabpot,2023-04-05,,france,143937,0,0,0,0,0,0,0,0,0
fabpot,2023-04-06,,france,143937,0,0,0,0,0,0,0,0,0
fago,2023-03-28,,austria,5197266,0,0,0,0,0,0,0,0,0
fago,2023-03-29,97293138,austria,5197266,1,0,0,0,0,0,0,0,0
fago,2023-03-30,97430317,austria,5197266,1,0,0,0,0,0,0,0,0
fago,2023-03-31,,austria,5197266,0,0,0,0,0,0,0,0,0
fago,2023-04-03,,austria,5197266,0,0,0,0,0,0,0,0,0
fago,2023-04-04,,austria,5197266,0,0,0,0,0,0,0,0,0
fago,2023-04-05,,austria,5197266,0,0,0,0,0,0,0,0,0
fago,2023-04-06,,austria,5197266,0,0,0,0,0,0,0,0,0
fambon,2023-03-28,,france,85294361,0,0,0,0,0,0,0,0,0
fambon,2023-03-29,,france,85294361,0,0,0,0,0,0,0,0,0
fambon,2023-03-30,97486391,france,85294361,1,0,0,0,0,0,0,0,0
fambon,2023-03-31,,france,85294361,0,0,0,0,0,0,0,0,0
fambon,2023-04-03,,france,85294361,0,0,0,0,0,0,0,0,0
fambon,2023-04-04,,france,85294361,0,0,0,0,0,0,0,0,0
fambon,2023-04-05,,france,85294361,0,0,0,0,0,0,0,0,0
fambon,2023-04-06,,france,85294361,0,0,0,0,0,0,0,0,0
farfromrefug,2023-03-28,,france,50633791,0,0,0,0,0,0,0,0,0
farfromrefug,2023-03-29,,france,50633791,0,0,0,0,0,0,0,0,0
farfromrefug,2023-03-30,97504435,france,50633791,1,0,0,0,0,0,0,0,0
farfromrefug,2023-03-31,97608687,france,50633791,1,0,0,0,0,0,0,0,0
farfromrefug,2023-04-03,,france,50633791,0,0,0,0,0,0,0,0,0
farfromrefug,2023-04-04,98047304,france,50633791,1,0,0,0,0,0,0,0,0
farfromrefug,2023-04-05,98177905,france,1582605,1,0,0,0,0,0,0,0,0
farfromrefug,2023-04-06,98440508,france,50633791,1,0,0,0,0,0,0,0,0
faustoq,2023-03-28,97242650,italy,102182883,1,1,0,0,0,0,0,0,0
faustoq,2023-03-29,,italy,102182883,0,0,1,0,0,0,0,0,0
faustoq,2023-03-30,,italy,102182883,0,0,0,1,0,0,0,0,0
faustoq,2023-03-31,,italy,102182883,0,0,0,0,1,0,0,0,0
faustoq,2023-04-03,,italy,102182883,0,0,0,0,0,1,0,0,0
faustoq,2023-04-04,,italy,102182883,0,0,0,0,0,0,1,0,0
faustoq,2023-04-05,,italy,102182883,0,0,0,0,0,0,0,1,0
faustoq,2023-04-06,,italy,102182883,0,0,0,0,0,0,0,0,1
fbiville,2023-03-28,,france,201120,0,0,0,0,0,0,0,0,0
fbiville,2023-03-29,,france,201120,0,0,0,0,0,0,0,0,0
fbiville,2023-03-30,,france,201120,0,0,0,0,0,0,0,0,0
fbiville,2023-03-31,97628181,france,201120,1,0,0,0,0,0,0,0,0
fbiville,2023-04-03,,france,201120,0,0,0,0,0,0,0,0,0
fbiville,2023-04-04,,france,201120,0,0,0,0,0,0,0,0,0
fbiville,2023-04-05,,france,201120,0,0,0,0,0,0,0,0,0
fbiville,2023-04-06,,france,201120,0,0,0,0,0,0,0,0,0
fchabouis,2023-03-28,,france,5313610,0,0,0,0,0,0,0,0,0
fchabouis,2023-03-29,,france,5313610,0,0,0,0,0,0,0,0,0
fchabouis,2023-03-30,,france,5313610,0,0,0,0,0,0,0,0,0
fchabouis,2023-03-31,,france,5313610,0,0,0,0,0,0,0,0,0
fchabouis,2023-04-03,,france,5313610,0,0,0,0,0,0,0,0,0
fchabouis,2023-04-04,98066826,france,5313610,1,0,0,0,0,0,0,0,0
fchabouis,2023-04-05,,france,5313610,0,0,0,0,0,0,0,0,0
fchabouis,2023-04-06,,france,5313610,0,0,0,0,0,0,0,0,0
fcorbelli,2023-03-28,,italy,,0,1,0,0,0,0,0,0,0
fcorbelli,2023-03-29,97316243,italy,,1,0,1,0,0,0,0,0,0
fcorbelli,2023-03-30,,italy,,0,0,0,1,0,0,0,0,0
fcorbelli,2023-03-31,,italy,,0,0,0,0,1,0,0,0,0
fcorbelli,2023-04-03,,italy,,0,0,0,0,0,1,0,0,0
fcorbelli,2023-04-04,,italy,,0,0,0,0,0,0,1,0,0
fcorbelli,2023-04-05,,italy,,0,0,0,0,0,0,0,1,0
fcorbelli,2023-04-06,,italy,,0,0,0,0,0,0,0,0,1
fdaugan,2023-03-28,97184215,france,,1,0,0,0,0,0,0,0,0
fdaugan,2023-03-29,,france,,0,0,0,0,0,0,0,0,0
fdaugan,2023-03-30,,france,,0,0,0,0,0,0,0,0,0
fdaugan,2023-03-31,,france,,0,0,0,0,0,0,0,0,0
fdaugan,2023-04-03,,france,,0,0,0,0,0,0,0,0,0
fdaugan,2023-04-04,,france,,0,0,0,0,0,0,0,0,0
fdaugan,2023-04-05,98281492,france,,1,0,0,0,0,0,0,0,0
fdaugan,2023-04-06,,france,,0,0,0,0,0,0,0,0,0
feltroidprime,2023-03-28,,france,118723009,0,0,0,0,0,0,0,0,0
feltroidprime,2023-03-29,,france,118723009,0,0,0,0,0,0,0,0,0
feltroidprime,2023-03-30,,france,118723009,0,0,0,0,0,0,0,0,0
feltroidprime,2023-03-31,,france,118723009,0,0,0,0,0,0,0,0,0
feltroidprime,2023-04-03,,france,118723009,0,0,0,0,0,0,0,0,0
feltroidprime,2023-04-04,,france,118723009,0,0,0,0,0,0,0,0,0
feltroidprime,2023-04-05,98241387,france,118723009,1,0,0,0,0,0,0,0,0
feltroidprime,2023-04-06,,france,118723009,0,0,0,0,0,0,0,0,0
ferdinandkeller,2023-03-28,,france,,0,0,0,0,0,0,0,0,0
ferdinandkeller,2023-03-29,,france,,0,0,0,0,0,0,0,0,0
ferdinandkeller,2023-03-30,,france,,0,0,0,0,0,0,0,0,0
ferdinandkeller,2023-03-31,,france,,0,0,0,0,0,0,0,0,0
ferdinandkeller,2023-04-03,,france,,0,0,0,0,0,0,0,0,0
ferdinandkeller,2023-04-04,,france,,0,0,0,0,0,0,0,0,0
ferdinandkeller,2023-04-05,,france,,0,0,0,0,0,0,0,0,0
ferdinandkeller,2023-04-06,98470285,france,,1,0,0,0,0,0,0,0,0
fewagner,2023-03-28,,austria,,0,0,0,0,0,0,0,0,0
fewagner,2023-03-29,,austria,,0,0,0,0,0,0,0,0,0
fewagner,2023-03-30,96899673,austria,,1,0,0,0,0,0,0,0,0
fewagner,2023-03-31,,austria,,0,0,0,0,0,0,0,0,0
fewagner,2023-04-03,96899673,austria,,1,0,0,0,0,0,0,0,0
fewagner,2023-04-04,,austria,,0,0,0,0,0,0,0,0,0
fewagner,2023-04-05,,austria,,0,0,0,0,0,0,0,0,0
fewagner,2023-04-06,,austria,,0,0,0,0,0,0,0,0,0
fforay,2023-03-28,97144105,france,14240952,1,0,0,0,0,0,0,0,0
fforay,2023-03-29,,france,14240952,0,0,0,0,0,0,0,0,0
fforay,2023-03-30,,france,14240952,0,0,0,0,0,0,0,0,0
fforay,2023-03-31,,france,14240952,0,0,0,0,0,0,0,0,0
fforay,2023-04-03,,france,14240952,0,0,0,0,0,0,0,0,0
fforay,2023-04-04,,france,14240952,0,0,0,0,0,0,0,0,0
fforay,2023-04-05,,france,14240952,0,0,0,0,0,0,0,0,0
fforay,2023-04-06,,france,14240952,0,0,0,0,0,0,0,0,0
fgouteroux,2023-03-28,97156738,france,,1,0,0,0,0,0,0,0,0
fgouteroux,2023-03-29,,france,,0,0,0,0,0,0,0,0,0
fgouteroux,2023-03-30,,france,,0,0,0,0,0,0,0,0,0
fgouteroux,2023-03-31,,france,,0,0,0,0,0,0,0,0,0
fgouteroux,2023-04-03,97878669,france,,1,0,0,0,0,0,0,0,0
fgouteroux,2023-04-04,,france,,0,0,0,0,0,0,0,0,0
fgouteroux,2023-04-05,,france,,0,0,0,0,0,0,0,0,0
fgouteroux,2023-04-06,,france,,0,0,0,0,0,0,0,0,0
fharr,2023-03-28,,france,,0,0,0,0,0,0,0,0,0
fharr,2023-03-29,,france,,0,0,0,0,0,0,0,0,0
fharr,2023-03-30,,france,,0,0,0,0,0,0,0,0,0
fharr,2023-03-31,,france,,0,0,0,0,0,0,0,0,0
fharr,2023-04-03,,france,,0,0,0,0,0,0,0,0,0
fharr,2023-04-04,98041838,france,,1,0,0,0,0,0,0,0,0
fharr,2023-04-05,,france,,0,0,0,0,0,0,0,0,0
fharr,2023-04-06,,france,,0,0,0,0,0,0,0,0,0
fl0ppy-d1sk,2023-03-28,,france,86405535,0,0,0,0,0,0,0,0,0
fl0ppy-d1sk,2023-03-29,,france,86405535,0,0,0,0,0,0,0,0,0
fl0ppy-d1sk,2023-03-30,,france,86405535,0,0,0,0,0,0,0,0,0
fl0ppy-d1sk,2023-03-31,,france,86405535,0,0,0,0,0,0,0,0,0
fl0ppy-d1sk,2023-04-03,,france,86405535,0,0,0,0,0,0,0,0,0
fl0ppy-d1sk,2023-04-04,,france,86405535,0,0,0,0,0,0,0,0,0
fl0ppy-d1sk,2023-04-05,98198597,france,86405535,1,0,0,0,0,0,0,0,0
fl0ppy-d1sk,2023-04-06,,france,86405535,0,0,0,0,0,0,0,0,0
flbla,2023-03-28,,france,40275816,0,0,0,0,0,0,0,0,0
flbla,2023-03-29,,france,40275816,0,0,0,0,0,0,0,0,0
flbla,2023-03-30,,france,40275816,0,0,0,0,0,0,0,0,0
flbla,2023-03-31,97602466,france,40275816,1,0,0,0,0,0,0,0,0
flbla,2023-04-03,,france,40275816,0,0,0,0,0,0,0,0,0
flbla,2023-04-04,,france,40275816,0,0,0,0,0,0,0,0,0
flbla,2023-04-05,,france,40275816,0,0,0,0,0,0,0,0,0
flbla,2023-04-06,,france,40275816,0,0,0,0,0,0,0,0,0
flemzord,2023-03-28,,france,74000836,0,0,0,0,0,0,0,0,0
flemzord,2023-03-29,97342538,france,74000836,1,0,0,0,0,0,0,0,0
flemzord,2023-03-30,,france,74000836,0,0,0,0,0,0,0,0,0
flemzord,2023-03-31,,france,74000836,0,0,0,0,0,0,0,0,0
flemzord,2023-04-03,97852691,france,74000836,1,0,0,0,0,0,0,0,0
flemzord,2023-04-04,,france,74000836,0,0,0,0,0,0,0,0,0
flemzord,2023-04-05,,france,74000836,0,0,0,0,0,0,0,0,0
flemzord,2023-04-06,,france,74000836,0,0,0,0,0,0,0,0,0
flo-dup,2023-03-28,,france,29916668,0,0,0,0,0,0,0,0,0
flo-dup,2023-03-29,,france,29916668,0,0,0,0,0,0,0,0,0
flo-dup,2023-03-30,,france,29916668,0,0,0,0,0,0,0,0,0
flo-dup,2023-03-31,,france,29916668,0,0,0,0,0,0,0,0,0
flo-dup,2023-04-03,,france,29916668,0,0,0,0,0,0,0,0,0
flo-dup,2023-04-04,98055873,france,29916668,1,0,0,0,0,0,0,0,0
flo-dup,2023-04-05,,france,29916668,0,0,0,0,0,0,0,0,0
flo-dup,2023-04-06,98449856,france,29916668,1,0,0,0,0,0,0,0,0
flomnes,2023-03-28,97233401,france,40797821,1,0,0,0,0,0,0,0,0
flomnes,2023-03-29,97324866,france,40797821,1,0,0,0,0,0,0,0,0
flomnes,2023-03-30,,france,40797821,0,0,0,0,0,0,0,0,0
flomnes,2023-03-31,,france,40797821,0,0,0,0,0,0,0,0,0
flomnes,2023-04-03,,france,40797821,0,0,0,0,0,0,0,0,0
flomnes,2023-04-04,,france,40797821,0,0,0,0,0,0,0,0,0
flomnes,2023-04-05,,france,40797821,0,0,0,0,0,0,0,0,0
flomnes,2023-04-06,,france,40797821,0,0,0,0,0,0,0,0,0
florentcalabresi,2023-03-28,97176005,france,96832651,1,0,0,0,0,0,0,0,0
florentcalabresi,2023-03-29,,france,96832651,0,0,0,0,0,0,0,0,0
florentcalabresi,2023-03-30,,france,96832651,0,0,0,0,0,0,0,0,0
florentcalabresi,2023-03-31,,france,96832651,0,0,0,0,0,0,0,0,0
florentcalabresi,2023-04-03,,france,96832651,0,0,0,0,0,0,0,0,0
florentcalabresi,2023-04-04,,france,96832651,0,0,0,0,0,0,0,0,0
florentcalabresi,2023-04-05,,france,96832651,0,0,0,0,0,0,0,0,0
florentcalabresi,2023-04-06,,france,96832651,0,0,0,0,0,0,0,0,0
florianalexandre,2023-03-28,97136296,france,710363,1,0,0,0,0,0,0,0,0
florianalexandre,2023-03-29,,france,710363,0,0,0,0,0,0,0,0,0
florianalexandre,2023-03-30,,france,710363,0,0,0,0,0,0,0,0,0
florianalexandre,2023-03-31,,france,710363,0,0,0,0,0,0,0,0,0
florianalexandre,2023-04-03,,france,710363,0,0,0,0,0,0,0,0,0
florianalexandre,2023-04-04,,france,710363,0,0,0,0,0,0,0,0,0
florianalexandre,2023-04-05,,france,710363,0,0,0,0,0,0,0,0,0
florianalexandre,2023-04-06,,france,710363,0,0,0,0,0,0,0,0,0
floriangouy,2023-03-28,,france,,0,0,0,0,0,0,0,0,0
floriangouy,2023-03-29,,france,,0,0,0,0,0,0,0,0,0
floriangouy,2023-03-30,97556288,france,,1,0,0,0,0,0,0,0,0
floriangouy,2023-03-31,,france,,0,0,0,0,0,0,0,0,0
floriangouy,2023-04-03,,france,,0,0,0,0,0,0,0,0,0
floriangouy,2023-04-04,,france,,0,0,0,0,0,0,0,0,0
floriangouy,2023-04-05,,france,,0,0,0,0,0,0,0,0,0
floriangouy,2023-04-06,,france,,0,0,0,0,0,0,0,0,0
florianroulet,2023-03-28,,france,56926307,0,0,0,0,0,0,0,0,0
florianroulet,2023-03-29,,france,56926307,0,0,0,0,0,0,0,0,0
florianroulet,2023-03-30,,france,56926307,0,0,0,0,0,0,0,0,0
florianroulet,2023-03-31,97645082,france,56926307,1,0,0,0,0,0,0,0,0
florianroulet,2023-04-03,,france,56926307,0,0,0,0,0,0,0,0,0
florianroulet,2023-04-04,,france,56926307,0,0,0,0,0,0,0,0,0
florianroulet,2023-04-05,98194560,france,56926307,1,0,0,0,0,0,0,0,0
florianroulet,2023-04-06,,france,56926307,0,0,0,0,0,0,0,0,0
florimondmanca,2023-03-28,97215787,france,,1,0,0,0,0,0,0,0,0
florimondmanca,2023-03-29,,france,,0,0,0,0,0,0,0,0,0
florimondmanca,2023-03-30,,france,,0,0,0,0,0,0,0,0,0
florimondmanca,2023-03-31,,france,,0,0,0,0,0,0,0,0,0
florimondmanca,2023-04-03,,france,,0,0,0,0,0,0,0,0,0
florimondmanca,2023-04-04,,france,,0,0,0,0,0,0,0,0,0
florimondmanca,2023-04-05,,france,,0,0,0,0,0,0,0,0,0
florimondmanca,2023-04-06,,france,,0,0,0,0,0,0,0,0,0
flydev-fr,2023-03-28,,france,128217117,0,0,0,0,0,0,0,0,0
flydev-fr,2023-03-29,,france,128217117,0,0,0,0,0,0,0,0,0
flydev-fr,2023-03-30,,france,128217117,0,0,0,0,0,0,0,0,0
flydev-fr,2023-03-31,,france,128217117,0,0,0,0,0,0,0,0,0
flydev-fr,2023-04-03,,france,128217117,0,0,0,0,0,0,0,0,0
flydev-fr,2023-04-04,,france,128217117,0,0,0,0,0,0,0,0,0
flydev-fr,2023-04-05,98250154,france,128217117,1,0,0,0,0,0,0,0,0
flydev-fr,2023-04-06,,france,128217117,0,0,0,0,0,0,0,0,0
fma81,2023-03-28,,italy,,0,1,0,0,0,0,0,0,0
fma81,2023-03-29,,italy,,0,0,1,0,0,0,0,0,0
fma81,2023-03-30,,italy,,0,0,0,1,0,0,0,0,0
fma81,2023-03-31,97618077,italy,,1,0,0,0,1,0,0,0,0
fma81,2023-04-03,,italy,,0,0,0,0,0,1,0,0,0
fma81,2023-04-04,,italy,,0,0,0,0,0,0,1,0,0
fma81,2023-04-05,,italy,,0,0,0,0,0,0,0,1,0
fma81,2023-04-06,,italy,,0,0,0,0,0,0,0,0,1
foolnotion,2023-03-28,,austria,71872567,0,0,0,0,0,0,0,0,0
foolnotion,2023-03-29,,austria,71872567,0,0,0,0,0,0,0,0,0
foolnotion,2023-03-30,,austria,71872567,0,0,0,0,0,0,0,0,0
foolnotion,2023-03-31,97691865,austria,71872567,1,0,0,0,0,0,0,0,0
foolnotion,2023-04-03,,austria,71872567,0,0,0,0,0,0,0,0,0
foolnotion,2023-04-04,,austria,71872567,0,0,0,0,0,0,0,0,0
foolnotion,2023-04-05,,austria,71872567,0,0,0,0,0,0,0,0,0
foolnotion,2023-04-06,,austria,71872567,0,0,0,0,0,0,0,0,0
forxer,2023-03-28,,france,,0,0,0,0,0,0,0,0,0
forxer,2023-03-29,,france,,0,0,0,0,0,0,0,0,0
forxer,2023-03-30,97472182,france,,1,0,0,0,0,0,0,0,0
forxer,2023-03-31,,france,,0,0,0,0,0,0,0,0,0
forxer,2023-04-03,97835067,france,,1,0,0,0,0,0,0,0,0
forxer,2023-04-04,,france,,0,0,0,0,0,0,0,0,0
forxer,2023-04-05,,france,,0,0,0,0,0,0,0,0,0
forxer,2023-04-06,,france,,0,0,0,0,0,0,0,0,0
frabert,2023-03-28,,italy,56900623,0,1,0,0,0,0,0,0,0
frabert,2023-03-29,,italy,56900623,0,0,1,0,0,0,0,0,0
frabert,2023-03-30,,italy,56900623,0,0,0,1,0,0,0,0,0
frabert,2023-03-31,,italy,56900623,0,0,0,0,1,0,0,0,0
frabert,2023-04-03,,italy,56900623,0,0,0,0,0,1,0,0,0
frabert,2023-04-04,98031312,italy,56900623,1,0,0,0,0,0,1,0,0
frabert,2023-04-05,,italy,56900623,0,0,0,0,0,0,0,1,0
frabert,2023-04-06,,italy,56900623,0,0,0,0,0,0,0,0,1
franck-paul,2023-03-28,,france,,0,0,0,0,0,0,0,0,0
franck-paul,2023-03-29,,france,,0,0,0,0,0,0,0,0,0
franck-paul,2023-03-30,,france,,0,0,0,0,0,0,0,0,0
franck-paul,2023-03-31,,france,,0,0,0,0,0,0,0,0,0
franck-paul,2023-04-03,,france,,0,0,0,0,0,0,0,0,0
franck-paul,2023-04-04,,france,,0,0,0,0,0,0,0,0,0
franck-paul,2023-04-05,98229246,france,,1,0,0,0,0,0,0,0,0
franck-paul,2023-04-06,,france,,0,0,0,0,0,0,0,0,0
francois-random,2023-03-28,,france,,0,0,0,0,0,0,0,0,0
francois-random,2023-03-29,,france,,0,0,0,0,0,0,0,0,0
francois-random,2023-03-30,97566688,france,,1,0,0,0,0,0,0,0,0
francois-random,2023-03-31,97652109,france,,1,0,0,0,0,0,0,0,0
francois-random,2023-04-03,97854667,france,,1,0,0,0,0,0,0,0,0
francois-random,2023-04-04,,france,,0,0,0,0,0,0,0,0,0
francois-random,2023-04-05,,france,,0,0,0,0,0,0,0,0,0
francois-random,2023-04-06,,france,,0,0,0,0,0,0,0,0,0
francoispluchino,2023-03-28,97216017,france,9496651,1,0,0,0,0,0,0,0,0
francoispluchino,2023-03-29,,france,9496651,0,0,0,0,0,0,0,0,0
francoispluchino,2023-03-30,,france,9496651,0,0,0,0,0,0,0,0,0
francoispluchino,2023-03-31,,france,9496651,0,0,0,0,0,0,0,0,0
francoispluchino,2023-04-03,,france,9496651,0,0,0,0,0,0,0,0,0
francoispluchino,2023-04-04,,france,9496651,0,0,0,0,0,0,0,0,0
francoispluchino,2023-04-05,,france,9496651,0,0,0,0,0,0,0,0,0
francoispluchino,2023-04-06,,france,9496651,0,0,0,0,0,0,0,0,0
frantuma,2023-03-28,,italy,7658037,0,1,0,0,0,0,0,0,0
frantuma,2023-03-29,,italy,7658037,0,0,1,0,0,0,0,0,0
frantuma,2023-03-30,,italy,7658037,0,0,0,1,0,0,0,0,0
frantuma,2023-03-31,,italy,7658037,0,0,0,0,1,0,0,0,0
frantuma,2023-04-03,,italy,7658037,0,0,0,0,0,1,0,0,0
frantuma,2023-04-04,,italy,7658037,0,0,0,0,0,0,1,0,0
frantuma,2023-04-05,98181051,italy,7658037,1,0,0,0,0,0,0,1,0
frantuma,2023-04-06,,italy,7658037,0,0,0,0,0,0,0,0,1
fraxken,2023-03-28,97108577,france,85318671,1,0,0,0,0,0,0,0,0
fraxken,2023-03-29,,france,85318671,0,0,0,0,0,0,0,0,0
fraxken,2023-03-30,,france,85318671,0,0,0,0,0,0,0,0,0
fraxken,2023-03-31,,france,85318671,0,0,0,0,0,0,0,0,0
fraxken,2023-04-03,,france,85318671,0,0,0,0,0,0,0,0,0
fraxken,2023-04-04,,france,85318671,0,0,0,0,0,0,0,0,0
fraxken,2023-04-05,,france,85318671,0,0,0,0,0,0,0,0,0
fraxken,2023-04-06,,france,85318671,0,0,0,0,0,0,0,0,0
fredakilla,2023-03-28,,france,,0,0,0,0,0,0,0,0,0
fredakilla,2023-03-29,97265792,france,,1,0,0,0,0,0,0,0,0
fredakilla,2023-03-30,,france,,0,0,0,0,0,0,0,0,0
fredakilla,2023-03-31,,france,,0,0,0,0,0,0,0,0,0
fredakilla,2023-04-03,,france,,0,0,0,0,0,0,0,0,0
fredakilla,2023-04-04,,france,,0,0,0,0,0,0,0,0,0
fredakilla,2023-04-05,,france,,0,0,0,0,0,0,0,0,0
fredakilla,2023-04-06,,france,,0,0,0,0,0,0,0,0,0
fredericDelaporte,2023-03-28,,france,961041,0,0,0,0,0,0,0,0,0
fredericDelaporte,2023-03-29,,france,961041,0,0,0,0,0,0,0,0,0
fredericDelaporte,2023-03-30,,france,961041,0,0,0,0,0,0,0,0,0
fredericDelaporte,2023-03-31,,france,961041,0,0,0,0,0,0,0,0,0
fredericDelaporte,2023-04-03,,france,961041,0,0,0,0,0,0,0,0,0
fredericDelaporte,2023-04-04,,france,961041,0,0,0,0,0,0,0,0,0
fredericDelaporte,2023-04-05,97773371,france,961041,1,0,0,0,0,0,0,0,0
fredericDelaporte,2023-04-06,,france,961041,0,0,0,0,0,0,0,0,0
fredleger,2023-03-28,,france,7047191,0,0,0,0,0,0,0,0,0
fredleger,2023-03-29,97326084,france,7047191,1,0,0,0,0,0,0,0,0
fredleger,2023-03-30,,france,7047191,0,0,0,0,0,0,0,0,0
fredleger,2023-03-31,,france,7047191,0,0,0,0,0,0,0,0,0
fredleger,2023-04-03,,france,7047191,0,0,0,0,0,0,0,0,0
fredleger,2023-04-04,,france,7047191,0,0,0,0,0,0,0,0,0
fredleger,2023-04-05,98248343,france,71885492,1,0,0,0,0,0,0,0,0
fredleger,2023-04-06,,france,7047191,0,0,0,0,0,0,0,0,0
frisby-ninja,2023-03-28,,france,,0,0,0,0,0,0,0,0,0
frisby-ninja,2023-03-29,,france,,0,0,0,0,0,0,0,0,0
frisby-ninja,2023-03-30,,france,,0,0,0,0,0,0,0,0,0
frisby-ninja,2023-03-31,,france,,0,0,0,0,0,0,0,0,0
frisby-ninja,2023-04-03,,france,,0,0,0,0,0,0,0,0,0
frisby-ninja,2023-04-04,,france,,0,0,0,0,0,0,0,0,0
frisby-ninja,2023-04-05,,france,,0,0,0,0,0,0,0,0,0
frisby-ninja,2023-04-06,98338552,france,,1,0,0,0,0,0,0,0,0
frouioui,2023-03-28,,france,33043890,0,0,0,0,0,0,0,0,0
frouioui,2023-03-29,,france,33043890,0,0,0,0,0,0,0,0,0
frouioui,2023-03-30,97510812,france,33043890,1,0,0,0,0,0,0,0,0
frouioui,2023-03-31,,france,33043890,0,0,0,0,0,0,0,0,0
frouioui,2023-04-03,,france,33043890,0,0,0,0,0,0,0,0,0
frouioui,2023-04-04,,france,33043890,0,0,0,0,0,0,0,0,0
frouioui,2023-04-05,,france,33043890,0,0,0,0,0,0,0,0,0
frouioui,2023-04-06,,france,33043890,0,0,0,0,0,0,0,0,0
fundor333,2023-03-28,,italy,,0,1,0,0,0,0,0,0,0
fundor333,2023-03-29,,italy,,0,0,1,0,0,0,0,0,0
fundor333,2023-03-30,,italy,,0,0,0,1,0,0,0,0,0
fundor333,2023-03-31,97701950,italy,,1,0,0,0,1,0,0,0,0
fundor333,2023-04-03,97872317,italy,,1,0,0,0,0,1,0,0,0
fundor333,2023-04-04,,italy,,0,0,0,0,0,0,1,0,0
fundor333,2023-04-05,98274660,italy,,1,0,0,0,0,0,0,1,0
fundor333,2023-04-06,,italy,,0,0,0,0,0,0,0,0,1
funkycram,2023-03-28,,france,73755525,0,0,0,0,0,0,0,0,0
funkycram,2023-03-29,97324849,france,73755525,1,0,0,0,0,0,0,0,0
funkycram,2023-03-30,,france,73755525,0,0,0,0,0,0,0,0,0
funkycram,2023-03-31,,france,73755525,0,0,0,0,0,0,0,0,0
funkycram,2023-04-03,,france,73755525,0,0,0,0,0,0,0,0,0
funkycram,2023-04-04,,france,73755525,0,0,0,0,0,0,0,0,0
funkycram,2023-04-05,,france,73755525,0,0,0,0,0,0,0,0,0
funkycram,2023-04-06,98346439,france,73755525,1,0,0,0,0,0,0,0,0
fvaleye,2023-03-28,,france,,0,0,0,0,0,0,0,0,0
fvaleye,2023-03-29,,france,,0,0,0,0,0,0,0,0,0
fvaleye,2023-03-30,,france,,0,0,0,0,0,0,0,0,0
fvaleye,2023-03-31,,france,,0,0,0,0,0,0,0,0,0
fvaleye,2023-04-03,,france,,0,0,0,0,0,0,0,0,0
fvaleye,2023-04-04,98015700,france,,1,0,0,0,0,0,0,0,0
fvaleye,2023-04-05,,france,,0,0,0,0,0,0,0,0,0
fvaleye,2023-04-06,,france,,0,0,0,0,0,0,0,0,0
fxpar,2023-03-28,,france,,0,0,0,0,0,0,0,0,0
fxpar,2023-03-29,,france,,0,0,0,0,0,0,0,0,0
fxpar,2023-03-30,,france,,0,0,0,0,0,0,0,0,0
fxpar,2023-03-31,,france,,0,0,0,0,0,0,0,0,0
fxpar,2023-04-03,,france,,0,0,0,0,0,0,0,0,0
fxpar,2023-04-04,,france,,0,0,0,0,0,0,0,0,0
fxpar,2023-04-05,,france,,0,0,0,0,0,0,0,0,0
fxpar,2023-04-06,98355575,france,,1,0,0,0,0,0,0,0,0
fyr77,2023-03-28,,austria,,0,0,0,0,0,0,0,0,0
fyr77,2023-03-29,,austria,,0,0,0,0,0,0,0,0,0
fyr77,2023-03-30,,austria,,0,0,0,0,0,0,0,0,0
fyr77,2023-03-31,,austria,,0,0,0,0,0,0,0,0,0
fyr77,2023-04-03,97895859,austria,,1,0,0,0,0,0,0,0,0
fyr77,2023-04-04,,austria,,0,0,0,0,0,0,0,0,0
fyr77,2023-04-05,,austria,,0,0,0,0,0,0,0,0,0
fyr77,2023-04-06,,austria,,0,0,0,0,0,0,0,0,0
fzaninotto,2023-03-28,,france,3116319,0,0,0,0,0,0,0,0,0
fzaninotto,2023-03-29,,france,3116319,0,0,0,0,0,0,0,0,0
fzaninotto,2023-03-30,,france,3116319,0,0,0,0,0,0,0,0,0
fzaninotto,2023-03-31,,france,3116319,0,0,0,0,0,0,0,0,0
fzaninotto,2023-04-03,97813667,france,3116319,1,0,0,0,0,0,0,0,0
fzaninotto,2023-04-04,,france,3116319,0,0,0,0,0,0,0,0,0
fzaninotto,2023-04-05,,france,3116319,0,0,0,0,0,0,0,0,0
fzaninotto,2023-04-06,,france,3116319,0,0,0,0,0,0,0,0,0
g-apparence,2023-03-28,,france,65351660,0,0,0,0,0,0,0,0,0
g-apparence,2023-03-29,,france,65351660,0,0,0,0,0,0,0,0,0
g-apparence,2023-03-30,,france,65351660,0,0,0,0,0,0,0,0,0
g-apparence,2023-03-31,,france,65351660,0,0,0,0,0,0,0,0,0
g-apparence,2023-04-03,97847447,france,65351660,1,0,0,0,0,0,0,0,0
g-apparence,2023-04-04,,france,65351660,0,0,0,0,0,0,0,0,0
g-apparence,2023-04-05,,france,65351660,0,0,0,0,0,0,0,0,0
g-apparence,2023-04-06,,france,65351660,0,0,0,0,0,0,0,0,0
g-maxime,2023-03-28,,france,7846736,0,0,0,0,0,0,0,0,0
g-maxime,2023-03-29,97292166,france,7846736,1,0,0,0,0,0,0,0,0
g-maxime,2023-03-30,,france,7846736,0,0,0,0,0,0,0,0,0
g-maxime,2023-03-31,97694339,france,7846736,1,0,0,0,0,0,0,0,0
g-maxime,2023-04-03,,france,7846736,0,0,0,0,0,0,0,0,0
g-maxime,2023-04-04,,france,7846736,0,0,0,0,0,0,0,0,0
g-maxime,2023-04-05,98181913,france,7846736,1,0,0,0,0,0,0,0,0
g-maxime,2023-04-06,,france,7846736,0,0,0,0,0,0,0,0,0
gab-95,2023-03-28,,italy,39886277,0,1,0,0,0,0,0,0,0
gab-95,2023-03-29,97335657,italy,39886277,1,0,1,0,0,0,0,0,0
gab-95,2023-03-30,97514152,italy,39886277,1,0,0,1,0,0,0,0,0
gab-95,2023-03-31,,italy,39886277,0,0,0,0,1,0,0,0,0
gab-95,2023-04-03,,italy,39886277,0,0,0,0,0,1,0,0,0
gab-95,2023-04-04,,italy,39886277,0,0,0,0,0,0,1,0,0
gab-95,2023-04-05,,italy,39886277,0,0,0,0,0,0,0,1,0
gab-95,2023-04-06,,italy,39886277,0,0,0,0,0,0,0,0,1
gabrieldemarmiesse,2023-03-28,,france,,0,0,0,0,0,0,0,0,0
gabrieldemarmiesse,2023-03-29,,france,,0,0,0,0,0,0,0,0,0
gabrieldemarmiesse,2023-03-30,97491338,france,,1,0,0,0,0,0,0,0,0
gabrieldemarmiesse,2023-03-31,,france,,0,0,0,0,0,0,0,0,0
gabrieldemarmiesse,2023-04-03,,france,,0,0,0,0,0,0,0,0,0
gabrieldemarmiesse,2023-04-04,,france,,0,0,0,0,0,0,0,0,0
gabrieldemarmiesse,2023-04-05,,france,,0,0,0,0,0,0,0,0,0
gabrieldemarmiesse,2023-04-06,,france,,0,0,0,0,0,0,0,0,0
gabrielemirando,2023-03-28,,italy,102354375,0,1,0,0,0,0,0,0,0
gabrielemirando,2023-03-29,,italy,102354375,0,0,1,0,0,0,0,0,0
gabrielemirando,2023-03-30,,italy,102354375,0,0,0,1,0,0,0,0,0
gabrielemirando,2023-03-31,,italy,102354375,0,0,0,0,1,0,0,0,0
gabrielemirando,2023-04-03,,italy,102354375,0,0,0,0,0,1,0,0,0
gabrielemirando,2023-04-04,,italy,102354375,0,0,0,0,0,0,1,0,0
gabrielemirando,2023-04-05,98193990,italy,102354375,1,0,0,0,0,0,0,1,0
gabrielemirando,2023-04-06,,italy,102354375,0,0,0,0,0,0,0,0,1
gaelsimon,2023-03-28,,france,1203240,0,0,0,0,0,0,0,0,0
gaelsimon,2023-03-29,,france,1203240,0,0,0,0,0,0,0,0,0
gaelsimon,2023-03-30,,france,1203240,0,0,0,0,0,0,0,0,0
gaelsimon,2023-03-31,,france,1203240,0,0,0,0,0,0,0,0,0
gaelsimon,2023-04-03,97872960,france,1203240,1,0,0,0,0,0,0,0,0
gaelsimon,2023-04-04,,france,1203240,0,0,0,0,0,0,0,0,0
gaelsimon,2023-04-05,,france,1203240,0,0,0,0,0,0,0,0,0
gaelsimon,2023-04-06,,france,1203240,0,0,0,0,0,0,0,0,0
gaetan-hexadog,2023-03-28,,france,72258360,0,0,0,0,0,0,0,0,0
gaetan-hexadog,2023-03-29,,france,72258360,0,0,0,0,0,0,0,0,0
gaetan-hexadog,2023-03-30,,france,72258360,0,0,0,0,0,0,0,0,0
gaetan-hexadog,2023-03-31,,france,72258360,0,0,0,0,0,0,0,0,0
gaetan-hexadog,2023-04-03,,france,72258360,0,0,0,0,0,0,0,0,0
gaetan-hexadog,2023-04-04,98035007,france,72258360,1,0,0,0,0,0,0,0,0
gaetan-hexadog,2023-04-05,,france,72258360,0,0,0,0,0,0,0,0,0
gaetan-hexadog,2023-04-06,,france,72258360,0,0,0,0,0,0,0,0,0
gaetanars,2023-03-28,,france,120360634,0,0,0,0,0,0,0,0,0
gaetanars,2023-03-29,,france,120360634,0,0,0,0,0,0,0,0,0
gaetanars,2023-03-30,,france,120360634,0,0,0,0,0,0,0,0,0
gaetanars,2023-03-31,97641800,france,120360634,1,0,0,0,0,0,0,0,0
gaetanars,2023-04-03,,france,120360634,0,0,0,0,0,0,0,0,0
gaetanars,2023-04-04,,france,120360634,0,0,0,0,0,0,0,0,0
gaetanars,2023-04-05,,france,120360634,0,0,0,0,0,0,0,0,0
gaetanars,2023-04-06,,france,120360634,0,0,0,0,0,0,0,0,0
gaetansenn,2023-03-28,,france,,0,0,0,0,0,0,0,0,0
gaetansenn,2023-03-29,,france,,0,0,0,0,0,0,0,0,0
gaetansenn,2023-03-30,97475446,france,,1,0,0,0,0,0,0,0,0
gaetansenn,2023-03-31,97645816,france,,1,0,0,0,0,0,0,0,0
gaetansenn,2023-04-03,,france,,0,0,0,0,0,0,0,0,0
gaetansenn,2023-04-04,,france,,0,0,0,0,0,0,0,0,0
gaetansenn,2023-04-05,,france,,0,0,0,0,0,0,0,0,0
gaetansenn,2023-04-06,,france,,0,0,0,0,0,0,0,0,0
gagbo,2023-03-28,,france,125548104,0,0,0,0,0,0,0,0,0
gagbo,2023-03-29,,france,125548104,0,0,0,0,0,0,0,0,0
gagbo,2023-03-30,,france,125548104,0,0,0,0,0,0,0,0,0
gagbo,2023-03-31,,france,125548104,0,0,0,0,0,0,0,0,0
gagbo,2023-04-03,,france,125548104,0,0,0,0,0,0,0,0,0
gagbo,2023-04-04,,france,125548104,0,0,0,0,0,0,0,0,0
gagbo,2023-04-05,,france,125548104,0,0,0,0,0,0,0,0,0
gagbo,2023-04-06,98468828,france,125548104,1,0,0,0,0,0,0,0,0
gbrueckl,2023-03-28,,austria,60094041,0,0,0,0,0,0,0,0,0
gbrueckl,2023-03-29,,austria,60094041,0,0,0,0,0,0,0,0,0
gbrueckl,2023-03-30,,austria,60094041,0,0,0,0,0,0,0,0,0
gbrueckl,2023-03-31,,austria,60094041,0,0,0,0,0,0,0,0,0
gbrueckl,2023-04-03,,austria,60094041,0,0,0,0,0,0,0,0,0
gbrueckl,2023-04-04,98014962,austria,60094041,1,0,0,0,0,0,0,0,0
gbrueckl,2023-04-05,,austria,60094041,0,0,0,0,0,0,0,0,0
gbrueckl,2023-04-06,,austria,60094041,0,0,0,0,0,0,0,0,0
geiccobs,2023-03-28,,italy,,0,1,0,0,0,0,0,0,0
geiccobs,2023-03-29,,italy,,0,0,1,0,0,0,0,0,0
geiccobs,2023-03-30,,italy,,0,0,0,1,0,0,0,0,0
geiccobs,2023-03-31,,italy,,0,0,0,0,1,0,0,0,0
geiccobs,2023-04-03,,italy,,0,0,0,0,0,1,0,0,0
geiccobs,2023-04-04,,italy,,0,0,0,0,0,0,1,0,0
geiccobs,2023-04-05,,italy,,0,0,0,0,0,0,0,1,0
geiccobs,2023-04-06,98464857,italy,,1,0,0,0,0,0,0,0,1
ggalloni,2023-03-28,,italy,,0,1,0,0,0,0,0,0,0
ggalloni,2023-03-29,,italy,,0,0,1,0,0,0,0,0,0
ggalloni,2023-03-30,,italy,,0,0,0,1,0,0,0,0,0
ggalloni,2023-03-31,97648315,italy,,1,0,0,0,1,0,0,0,0
ggalloni,2023-04-03,,italy,,0,0,0,0,0,1,0,0,0
ggalloni,2023-04-04,,italy,,0,0,0,0,0,0,1,0,0
ggalloni,2023-04-05,,italy,,0,0,0,0,0,0,0,1,0
ggalloni,2023-04-06,,italy,,0,0,0,0,0,0,0,0,1
ghisvail,2023-03-28,97247737,france,49677641,1,0,0,0,0,0,0,0,0
ghisvail,2023-03-29,97296145,france,49677641,1,0,0,0,0,0,0,0,0
ghisvail,2023-03-30,,france,49677641,0,0,0,0,0,0,0,0,0
ghisvail,2023-03-31,,france,49677641,0,0,0,0,0,0,0,0,0
ghisvail,2023-04-03,,france,49677641,0,0,0,0,0,0,0,0,0
ghisvail,2023-04-04,,france,49677641,0,0,0,0,0,0,0,0,0
ghisvail,2023-04-05,,france,49677641,0,0,0,0,0,0,0,0,0
ghisvail,2023-04-06,98437132,france,49677641,1,0,0,0,0,0,0,0,0
ghsioux,2023-03-28,,france,,0,0,0,0,0,0,0,0,0
ghsioux,2023-03-29,97395530,france,,1,0,0,0,0,0,0,0,0
ghsioux,2023-03-30,97503618,france,,1,0,0,0,0,0,0,0,0
ghsioux,2023-03-31,,france,,0,0,0,0,0,0,0,0,0
ghsioux,2023-04-03,,france,,0,0,0,0,0,0,0,0,0
ghsioux,2023-04-04,,france,,0,0,0,0,0,0,0,0,0
ghsioux,2023-04-05,,france,,0,0,0,0,0,0,0,0,0
ghsioux,2023-04-06,,france,,0,0,0,0,0,0,0,0,0
gierschv,2023-03-28,,france,891482,0,0,0,0,0,0,0,0,0
gierschv,2023-03-29,,france,891482,0,0,0,0,0,0,0,0,0
gierschv,2023-03-30,,france,891482,0,0,0,0,0,0,0,0,0
gierschv,2023-03-31,,france,891482,0,0,0,0,0,0,0,0,0
gierschv,2023-04-03,,france,891482,0,0,0,0,0,0,0,0,0
gierschv,2023-04-04,97991890,france,891482,1,0,0,0,0,0,0,0,0
gierschv,2023-04-05,,france,891482,0,0,0,0,0,0,0,0,0
gierschv,2023-04-06,,france,891482,0,0,0,0,0,0,0,0,0
gildas-lormeau,2023-03-28,,france,,0,0,0,0,0,0,0,0,0
gildas-lormeau,2023-03-29,97332758,france,,1,0,0,0,0,0,0,0,0
gildas-lormeau,2023-03-30,,france,,0,0,0,0,0,0,0,0,0
gildas-lormeau,2023-03-31,,france,,0,0,0,0,0,0,0,0,0
gildas-lormeau,2023-04-03,,france,,0,0,0,0,0,0,0,0,0
gildas-lormeau,2023-04-04,,france,,0,0,0,0,0,0,0,0,0
gildas-lormeau,2023-04-05,98248962,france,,1,0,0,0,0,0,0,0,0
gildas-lormeau,2023-04-06,98425238,france,,1,0,0,0,0,0,0,0,0
gilnd,2023-03-28,,italy,,0,1,0,0,0,0,0,0,0
gilnd,2023-03-29,,italy,,0,0,1,0,0,0,0,0,0
gilnd,2023-03-30,,italy,,0,0,0,1,0,0,0,0,0
gilnd,2023-03-31,,italy,,0,0,0,0,1,0,0,0,0
gilnd,2023-04-03,97819646,italy,,1,0,0,0,0,1,0,0,0
gilnd,2023-04-04,,italy,,0,0,0,0,0,0,1,0,0
gilnd,2023-04-05,,italy,,0,0,0,0,0,0,0,1,0
gilnd,2023-04-06,,italy,,0,0,0,0,0,0,0,0,1
giodegas,2023-03-28,,italy,8265821,0,1,0,0,0,0,0,0,0
giodegas,2023-03-29,,italy,8265821,0,0,1,0,0,0,0,0,0
giodegas,2023-03-30,,italy,8265821,0,0,0,1,0,0,0,0,0
giodegas,2023-03-31,,italy,8265821,0,0,0,0,1,0,0,0,0
giodegas,2023-04-03,,italy,8265821,0,0,0,0,0,1,0,0,0
giodegas,2023-04-04,,italy,8265821,0,0,0,0,0,0,1,0,0
giodegas,2023-04-05,98158826,italy,8265821,1,0,0,0,0,0,0,1,0
giodegas,2023-04-06,,italy,8265821,0,0,0,0,0,0,0,0,1
giorgiopogliani,2023-03-28,,italy,63705032,0,1,0,0,0,0,0,0,0
giorgiopogliani,2023-03-29,,italy,63705032,0,0,1,0,0,0,0,0,0
giorgiopogliani,2023-03-30,,italy,63705032,0,0,0,1,0,0,0,0,0
giorgiopogliani,2023-03-31,,italy,63705032,0,0,0,0,1,0,0,0,0
giorgiopogliani,2023-04-03,97908303,italy,63705032,1,0,0,0,0,1,0,0,0
giorgiopogliani,2023-04-04,,italy,63705032,0,0,0,0,0,0,1,0,0
giorgiopogliani,2023-04-05,,italy,63705032,0,0,0,0,0,0,0,1,0
giorgiopogliani,2023-04-06,,italy,63705032,0,0,0,0,0,0,0,0,1
giulianopz,2023-03-28,97215574,italy,,1,1,0,0,0,0,0,0,0
giulianopz,2023-03-29,,italy,,0,0,1,0,0,0,0,0,0
giulianopz,2023-03-30,97510864,italy,,1,0,0,1,0,0,0,0,0
giulianopz,2023-03-31,,italy,,0,0,0,0,1,0,0,0,0
giulianopz,2023-04-03,97913242,italy,,1,0,0,0,0,1,0,0,0
giulianopz,2023-04-04,,italy,,0,0,0,0,0,0,1,0,0
giulianopz,2023-04-05,,italy,,0,0,0,0,0,0,0,1,0
giulianopz,2023-04-06,98303913,italy,,1,0,0,0,0,0,0,0,1
gkurz,2023-03-28,,france,33289952,0,0,0,0,0,0,0,0,0
gkurz,2023-03-29,97270973,france,33289952,1,0,0,0,0,0,0,0,0
gkurz,2023-03-30,,france,33289952,0,0,0,0,0,0,0,0,0
gkurz,2023-03-31,,france,33289952,0,0,0,0,0,0,0,0,0
gkurz,2023-04-03,,france,33289952,0,0,0,0,0,0,0,0,0
gkurz,2023-04-04,,france,33289952,0,0,0,0,0,0,0,0,0
gkurz,2023-04-05,,france,33289952,0,0,0,0,0,0,0,0,0
gkurz,2023-04-06,,france,33289952,0,0,0,0,0,0,0,0,0
glutamatt,2023-03-28,,france,,0,0,0,0,0,0,0,0,0
glutamatt,2023-03-29,,france,,0,0,0,0,0,0,0,0,0
glutamatt,2023-03-30,,france,,0,0,0,0,0,0,0,0,0
glutamatt,2023-03-31,97598687,france,,1,0,0,0,0,0,0,0,0
glutamatt,2023-04-03,,france,,0,0,0,0,0,0,0,0,0
glutamatt,2023-04-04,,france,,0,0,0,0,0,0,0,0,0
glutamatt,2023-04-05,,france,,0,0,0,0,0,0,0,0,0
glutamatt,2023-04-06,,france,,0,0,0,0,0,0,0,0,0
glx22,2023-03-28,,france,,0,0,0,0,0,0,0,0,0
glx22,2023-03-29,,france,,0,0,0,0,0,0,0,0,0
glx22,2023-03-30,,france,,0,0,0,0,0,0,0,0,0
glx22,2023-03-31,,france,,0,0,0,0,0,0,0,0,0
glx22,2023-04-03,,france,,0,0,0,0,0,0,0,0,0
glx22,2023-04-04,,france,,0,0,0,0,0,0,0,0,0
glx22,2023-04-05,98245897,france,,1,0,0,0,0,0,0,0,0
glx22,2023-04-06,,france,,0,0,0,0,0,0,0,0,0
gmaze,2023-03-28,95986612,france,57987739,1,0,0,0,0,0,0,0,0
gmaze,2023-03-29,,france,57987739,0,0,0,0,0,0,0,0,0
gmaze,2023-03-30,,france,57987739,0,0,0,0,0,0,0,0,0
gmaze,2023-03-31,,france,57987739,0,0,0,0,0,0,0,0,0
gmaze,2023-04-03,,france,57987739,0,0,0,0,0,0,0,0,0
gmaze,2023-04-04,,france,57987739,0,0,0,0,0,0,0,0,0
gmaze,2023-04-05,,france,57987739,0,0,0,0,0,0,0,0,0
gmaze,2023-04-06,,france,57987739,0,0,0,0,0,0,0,0,0
goto-eof,2023-03-28,,italy,,0,1,0,0,0,0,0,0,0
goto-eof,2023-03-29,97401257,italy,,1,0,1,0,0,0,0,0,0
goto-eof,2023-03-30,97561409,italy,,1,0,0,1,0,0,0,0,0
goto-eof,2023-03-31,97696283,italy,,1,0,0,0,1,0,0,0,0
goto-eof,2023-04-03,,italy,,0,0,0,0,0,1,0,0,0
goto-eof,2023-04-04,,italy,,0,0,0,0,0,0,1,0,0
goto-eof,2023-04-05,,italy,,0,0,0,0,0,0,0,1,0
goto-eof,2023-04-06,,italy,,0,0,0,0,0,0,0,0,1
gpajot,2023-03-28,,france,,0,0,0,0,0,0,0,0,0
gpajot,2023-03-29,,france,,0,0,0,0,0,0,0,0,0
gpajot,2023-03-30,,france,,0,0,0,0,0,0,0,0,0
gpajot,2023-03-31,,france,,0,0,0,0,0,0,0,0,0
gpajot,2023-04-03,,france,,0,0,0,0,0,0,0,0,0
gpajot,2023-04-04,97994643,france,,1,0,0,0,0,0,0,0,0
gpajot,2023-04-05,,france,,0,0,0,0,0,0,0,0,0
gpajot,2023-04-06,,france,,0,0,0,0,0,0,0,0,0
gpolguere,2023-03-28,,france,108473982,0,0,0,0,0,0,0,0,0
gpolguere,2023-03-29,,france,108473982,0,0,0,0,0,0,0,0,0
gpolguere,2023-03-30,,france,108473982,0,0,0,0,0,0,0,0,0
gpolguere,2023-03-31,,france,108473982,0,0,0,0,0,0,0,0,0
gpolguere,2023-04-03,,france,108473982,0,0,0,0,0,0,0,0,0
gpolguere,2023-04-04,,france,108473982,0,0,0,0,0,0,0,0,0
gpolguere,2023-04-05,98175870,france,108473982,1,0,0,0,0,0,0,0,0
gpolguere,2023-04-06,,france,108473982,0,0,0,0,0,0,0,0,0
graillus,2023-03-28,,france,17847038,0,0,0,0,0,0,0,0,0
graillus,2023-03-29,,france,17847038,0,0,0,0,0,0,0,0,0
graillus,2023-03-30,,france,17847038,0,0,0,0,0,0,0,0,0
graillus,2023-03-31,,france,17847038,0,0,0,0,0,0,0,0,0
graillus,2023-04-03,,france,17847038,0,0,0,0,0,0,0,0,0
graillus,2023-04-04,98033051,france,17847038,1,0,0,0,0,0,0,0,0
graillus,2023-04-05,,france,17847038,0,0,0,0,0,0,0,0,0
graillus,2023-04-06,,france,17847038,0,0,0,0,0,0,0,0,0
gregor-j,2023-03-28,,austria,36727625,0,0,0,0,0,0,0,0,0
gregor-j,2023-03-29,,austria,36727625,0,0,0,0,0,0,0,0,0
gregor-j,2023-03-30,,austria,36727625,0,0,0,0,0,0,0,0,0
gregor-j,2023-03-31,,austria,36727625,0,0,0,0,0,0,0,0,0
gregor-j,2023-04-03,,austria,36727625,0,0,0,0,0,0,0,0,0
gregor-j,2023-04-04,,austria,36727625,0,0,0,0,0,0,0,0,0
gregor-j,2023-04-05,98156352,austria,36727625,1,0,0,0,0,0,0,0,0
gregor-j,2023-04-06,,austria,36727625,0,0,0,0,0,0,0,0,0
gregoryguillou,2023-03-28,97192663,france,,1,0,0,0,0,0,0,0,0
gregoryguillou,2023-03-29,,france,,0,0,0,0,0,0,0,0,0
gregoryguillou,2023-03-30,,france,,0,0,0,0,0,0,0,0,0
gregoryguillou,2023-03-31,,france,,0,0,0,0,0,0,0,0,0
gregoryguillou,2023-04-03,,france,,0,0,0,0,0,0,0,0,0
gregoryguillou,2023-04-04,98065844,france,,1,0,0,0,0,0,0,0,0
gregoryguillou,2023-04-05,,france,,0,0,0,0,0,0,0,0,0
gregoryguillou,2023-04-06,,france,,0,0,0,0,0,0,0,0,0
gsmet,2023-03-28,,france,47638783,0,0,0,0,0,0,0,0,0
gsmet,2023-03-29,,france,47638783,0,0,0,0,0,0,0,0,0
gsmet,2023-03-30,97513395,france,47638783,1,0,0,0,0,0,0,0,0
gsmet,2023-03-31,,france,47638783,0,0,0,0,0,0,0,0,0
gsmet,2023-04-03,,france,47638783,0,0,0,0,0,0,0,0,0
gsmet,2023-04-04,,france,47638783,0,0,0,0,0,0,0,0,0
gsmet,2023-04-05,98220363,france,47638783,1,0,0,0,0,0,0,0,0
gsmet,2023-04-06,,france,47638783,0,0,0,0,0,0,0,0,0
guildenstern70,2023-03-28,,italy,,0,1,0,0,0,0,0,0,0
guildenstern70,2023-03-29,97297608,italy,,1,0,1,0,0,0,0,0,0
guildenstern70,2023-03-30,,italy,,0,0,0,1,0,0,0,0,0
guildenstern70,2023-03-31,,italy,,0,0,0,0,1,0,0,0,0
guildenstern70,2023-04-03,,italy,,0,0,0,0,0,1,0,0,0
guildenstern70,2023-04-04,,italy,,0,0,0,0,0,0,1,0,0
guildenstern70,2023-04-05,,italy,,0,0,0,0,0,0,0,1,0
guildenstern70,2023-04-06,,italy,,0,0,0,0,0,0,0,0,1
guillaumecabanel,2023-03-28,,france,45437916,0,0,0,0,0,0,0,0,0
guillaumecabanel,2023-03-29,,france,45437916,0,0,0,0,0,0,0,0,0
guillaumecabanel,2023-03-30,,france,45437916,0,0,0,0,0,0,0,0,0
guillaumecabanel,2023-03-31,,france,45437916,0,0,0,0,0,0,0,0,0
guillaumecabanel,2023-04-03,97875445,france,45437916,1,0,0,0,0,0,0,0,0
guillaumecabanel,2023-04-04,,france,45437916,0,0,0,0,0,0,0,0,0
guillaumecabanel,2023-04-05,,france,45437916,0,0,0,0,0,0,0,0,0
guillaumecabanel,2023-04-06,98421833,france,45437916,1,0,0,0,0,0,0,0,0
guillaumekln,2023-03-28,,france,23035727,0,0,0,0,0,0,0,0,0
guillaumekln,2023-03-29,,france,23035727,0,0,0,0,0,0,0,0,0
guillaumekln,2023-03-30,97506853,france,23035727,1,0,0,0,0,0,0,0,0
guillaumekln,2023-03-31,,france,23035727,0,0,0,0,0,0,0,0,0
guillaumekln,2023-04-03,,france,23035727,0,0,0,0,0,0,0,0,0
guillaumekln,2023-04-04,98020596,france,23035727,1,0,0,0,0,0,0,0,0
guillaumekln,2023-04-05,,france,23035727,0,0,0,0,0,0,0,0,0
guillaumekln,2023-04-06,98442428,france,23035727,1,0,0,0,0,0,0,0,0
gulien,2023-03-28,,france,66820499,0,0,0,0,0,0,0,0,0
gulien,2023-03-29,,france,66820499,0,0,0,0,0,0,0,0,0
gulien,2023-03-30,,france,66820499,0,0,0,0,0,0,0,0,0
gulien,2023-03-31,97648318,france,66820499,1,0,0,0,0,0,0,0,0
gulien,2023-04-03,,france,66820499,0,0,0,0,0,0,0,0,0
gulien,2023-04-04,,france,66820499,0,0,0,0,0,0,0,0,0
gulien,2023-04-05,,france,66820499,0,0,0,0,0,0,0,0,0
gulien,2023-04-06,,france,66820499,0,0,0,0,0,0,0,0,0
gustaveWPM,2023-03-28,,france,,0,0,0,0,0,0,0,0,0
gustaveWPM,2023-03-29,,france,,0,0,0,0,0,0,0,0,0
gustaveWPM,2023-03-30,,france,,0,0,0,0,0,0,0,0,0
gustaveWPM,2023-03-31,97587231,france,,1,0,0,0,0,0,0,0,0
gustaveWPM,2023-04-03,,france,,0,0,0,0,0,0,0,0,0
gustaveWPM,2023-04-04,,france,,0,0,0,0,0,0,0,0,0
gustaveWPM,2023-04-05,,france,,0,0,0,0,0,0,0,0,0
gustaveWPM,2023-04-06,98462653,france,,1,0,0,0,0,0,0,0,0
gvincenzi,2023-03-28,,france,,0,0,0,0,0,0,0,0,0
gvincenzi,2023-03-29,,france,,0,0,0,0,0,0,0,0,0
gvincenzi,2023-03-30,,france,,0,0,0,0,0,0,0,0,0
gvincenzi,2023-03-31,97626997,france,,1,0,0,0,0,0,0,0,0
gvincenzi,2023-04-03,,france,,0,0,0,0,0,0,0,0,0
gvincenzi,2023-04-04,,france,,0,0,0,0,0,0,0,0,0
gvincenzi,2023-04-05,,france,,0,0,0,0,0,0,0,0,0
gvincenzi,2023-04-06,,france,,0,0,0,0,0,0,0,0,0
gwarf,2023-03-28,97138963,france,,1,0,0,0,0,0,0,0,0
gwarf,2023-03-29,,france,,0,0,0,0,0,0,0,0,0
gwarf,2023-03-30,,france,,0,0,0,0,0,0,0,0,0
gwarf,2023-03-31,,france,,0,0,0,0,0,0,0,0,0
gwarf,2023-04-03,97869710,france,24547948,1,0,0,0,0,0,0,0,0
gwarf,2023-04-04,98039519,france,24547948,1,0,0,0,0,0,0,0,0
gwarf,2023-04-05,,france,,0,0,0,0,0,0,0,0,0
gwarf,2023-04-06,,france,,0,0,0,0,0,0,0,0,0
hama3254,2023-03-28,,austria,,0,0,0,0,0,0,0,0,0
hama3254,2023-03-29,97343651,austria,,1,0,0,0,0,0,0,0,0
hama3254,2023-03-30,,austria,,0,0,0,0,0,0,0,0,0
hama3254,2023-03-31,,austria,,0,0,0,0,0,0,0,0,0
hama3254,2023-04-03,,austria,,0,0,0,0,0,0,0,0,0
hama3254,2023-04-04,,austria,,0,0,0,0,0,0,0,0,0
hama3254,2023-04-05,,austria,,0,0,0,0,0,0,0,0,0
hama3254,2023-04-06,,austria,,0,0,0,0,0,0,0,0,0
hanamichi2385,2023-03-28,,italy,,0,1,0,0,0,0,0,0,0
hanamichi2385,2023-03-29,,italy,,0,0,1,0,0,0,0,0,0
hanamichi2385,2023-03-30,,italy,,0,0,0,1,0,0,0,0,0
hanamichi2385,2023-03-31,,italy,,0,0,0,0,1,0,0,0,0
hanamichi2385,2023-04-03,,italy,,0,0,0,0,0,1,0,0,0
hanamichi2385,2023-04-04,,italy,,0,0,0,0,0,0,1,0,0
hanamichi2385,2023-04-05,,italy,,0,0,0,0,0,0,0,1,0
hanamichi2385,2023-04-06,98350391,italy,,1,0,0,0,0,0,0,0,1
hardcpp,2023-03-28,,france,,0,0,0,0,0,0,0,0,0
hardcpp,2023-03-29,,france,,0,0,0,0,0,0,0,0,0
hardcpp,2023-03-30,97560467,france,,1,0,0,0,0,0,0,0,0
hardcpp,2023-03-31,,france,,0,0,0,0,0,0,0,0,0
hardcpp,2023-04-03,,france,,0,0,0,0,0,0,0,0,0
hardcpp,2023-04-04,,france,,0,0,0,0,0,0,0,0,0
hardcpp,2023-04-05,,france,,0,0,0,0,0,0,0,0,0
hardcpp,2023-04-06,,france,,0,0,0,0,0,0,0,0,0
harlem88,2023-03-28,,italy,93611191,0,1,0,0,0,0,0,0,0
harlem88,2023-03-29,,italy,93611191,0,0,1,0,0,0,0,0,0
harlem88,2023-03-30,,italy,93611191,0,0,0,1,0,0,0,0,0
harlem88,2023-03-31,,italy,93611191,0,0,0,0,1,0,0,0,0
harlem88,2023-04-03,,italy,93611191,0,0,0,0,0,1,0,0,0
harlem88,2023-04-04,,italy,93611191,0,0,0,0,0,0,1,0,0
harlem88,2023-04-05,,italy,93611191,0,0,0,0,0,0,0,1,0
harlem88,2023-04-06,98349700,italy,93611191,1,0,0,0,0,0,0,0,1
hawk-user,2023-03-28,,france,,0,0,0,0,0,0,0,0,0
hawk-user,2023-03-29,97377434,france,,1,0,0,0,0,0,0,0,0
hawk-user,2023-03-30,,france,,0,0,0,0,0,0,0,0,0
hawk-user,2023-03-31,,france,,0,0,0,0,0,0,0,0,0
hawk-user,2023-04-03,,france,,0,0,0,0,0,0,0,0,0
hawk-user,2023-04-04,,france,,0,0,0,0,0,0,0,0,0
hawk-user,2023-04-05,,france,,0,0,0,0,0,0,0,0,0
hawk-user,2023-04-06,,france,,0,0,0,0,0,0,0,0,0
hbenali,2023-03-28,,france,96528190,0,0,0,0,0,0,0,0,0
hbenali,2023-03-29,97278708,france,96528190,1,0,0,0,0,0,0,0,0
hbenali,2023-03-30,,france,96528190,0,0,0,0,0,0,0,0,0
hbenali,2023-03-31,,france,96528190,0,0,0,0,0,0,0,0,0
hbenali,2023-04-03,,france,96528190,0,0,0,0,0,0,0,0,0
hbenali,2023-04-04,,france,96528190,0,0,0,0,0,0,0,0,0
hbenali,2023-04-05,,france,96528190,0,0,0,0,0,0,0,0,0
hbenali,2023-04-06,,france,96528190,0,0,0,0,0,0,0,0,0
hdasdoria,2023-03-28,,france,97902987,0,0,0,0,0,0,0,0,0
hdasdoria,2023-03-29,,france,97902987,0,0,0,0,0,0,0,0,0
hdasdoria,2023-03-30,,france,97902987,0,0,0,0,0,0,0,0,0
hdasdoria,2023-03-31,97594270,france,97902987,1,0,0,0,0,0,0,0,0
hdasdoria,2023-04-03,,france,97902987,0,0,0,0,0,0,0,0,0
hdasdoria,2023-04-04,,france,97902987,0,0,0,0,0,0,0,0,0
hdasdoria,2023-04-05,,france,97902987,0,0,0,0,0,0,0,0,0
hdasdoria,2023-04-06,,france,97902987,0,0,0,0,0,0,0,0,0
hdorgeval,2023-03-28,,france,,0,0,0,0,0,0,0,0,0
hdorgeval,2023-03-29,,france,,0,0,0,0,0,0,0,0,0
hdorgeval,2023-03-30,97543095,france,,1,0,0,0,0,0,0,0,0
hdorgeval,2023-03-31,,france,,0,0,0,0,0,0,0,0,0
hdorgeval,2023-04-03,,france,,0,0,0,0,0,0,0,0,0
hdorgeval,2023-04-04,,france,,0,0,0,0,0,0,0,0,0
hdorgeval,2023-04-05,,france,,0,0,0,0,0,0,0,0,0
hdorgeval,2023-04-06,98382357,france,,1,0,0,0,0,0,0,0,0
hellais,2023-03-28,,italy,2393766,0,1,0,0,0,0,0,0,0
hellais,2023-03-29,,italy,2393766,0,0,1,0,0,0,0,0,0
hellais,2023-03-30,97427914,italy,2393766,1,0,0,1,0,0,0,0,0
hellais,2023-03-31,,italy,2393766,0,0,0,0,1,0,0,0,0
hellais,2023-04-03,,italy,2393766,0,0,0,0,0,1,0,0,0
hellais,2023-04-04,,italy,2393766,0,0,0,0,0,0,1,0,0
hellais,2023-04-05,,italy,2393766,0,0,0,0,0,0,0,1,0
hellais,2023-04-06,,italy,2393766,0,0,0,0,0,0,0,0,1
hennion,2023-03-28,,france,22907627,0,0,0,0,0,0,0,0,0
hennion,2023-03-29,97277426,france,22907627,1,0,0,0,0,0,0,0,0
hennion,2023-03-30,,france,22907627,0,0,0,0,0,0,0,0,0
hennion,2023-03-31,,france,22907627,0,0,0,0,0,0,0,0,0
hennion,2023-04-03,,france,22907627,0,0,0,0,0,0,0,0,0
hennion,2023-04-04,,france,22907627,0,0,0,0,0,0,0,0,0
hennion,2023-04-05,,france,22907627,0,0,0,0,0,0,0,0,0
hennion,2023-04-06,,france,22907627,0,0,0,0,0,0,0,0,0
hicham-saddek,2023-03-28,,france,111192593,0,0,0,0,0,0,0,0,0
hicham-saddek,2023-03-29,,france,111192593,0,0,0,0,0,0,0,0,0
hicham-saddek,2023-03-30,,france,111192593,0,0,0,0,0,0,0,0,0
hicham-saddek,2023-03-31,,france,111192593,0,0,0,0,0,0,0,0,0
hicham-saddek,2023-04-03,97829982,france,111192593,1,0,0,0,0,0,0,0,0
hicham-saddek,2023-04-04,,france,111192593,0,0,0,0,0,0,0,0,0
hicham-saddek,2023-04-05,,france,111192593,0,0,0,0,0,0,0,0,0
hicham-saddek,2023-04-06,,france,111192593,0,0,0,0,0,0,0,0,0
hmeneuvrier,2023-03-28,,france,20193330,0,0,0,0,0,0,0,0,0
hmeneuvrier,2023-03-29,,france,20193330,0,0,0,0,0,0,0,0,0
hmeneuvrier,2023-03-30,,france,20193330,0,0,0,0,0,0,0,0,0
hmeneuvrier,2023-03-31,,france,20193330,0,0,0,0,0,0,0,0,0
hmeneuvrier,2023-04-03,,france,20193330,0,0,0,0,0,0,0,0,0
hmeneuvrier,2023-04-04,98015677,france,20193330,1,0,0,0,0,0,0,0,0
hmeneuvrier,2023-04-05,,france,20193330,0,0,0,0,0,0,0,0,0
hmeneuvrier,2023-04-06,,france,20193330,0,0,0,0,0,0,0,0,0
holzeis,2023-03-28,,austria,,0,0,0,0,0,0,0,0,0
holzeis,2023-03-29,,austria,,0,0,0,0,0,0,0,0,0
holzeis,2023-03-30,,austria,,0,0,0,0,0,0,0,0,0
holzeis,2023-03-31,,austria,,0,0,0,0,0,0,0,0,0
holzeis,2023-04-03,,austria,,0,0,0,0,0,0,0,0,0
holzeis,2023-04-04,,austria,,0,0,0,0,0,0,0,0,0
holzeis,2023-04-05,98224409,austria,,1,0,0,0,0,0,0,0,0
holzeis,2023-04-06,,austria,,0,0,0,0,0,0,0,0,0
houmain,2023-03-28,,austria,,0,0,0,0,0,0,0,0,0
houmain,2023-03-29,,austria,,0,0,0,0,0,0,0,0,0
houmain,2023-03-30,,austria,,0,0,0,0,0,0,0,0,0
houmain,2023-03-31,,austria,,0,0,0,0,0,0,0,0,0
houmain,2023-04-03,,austria,,0,0,0,0,0,0,0,0,0
houmain,2023-04-04,,austria,,0,0,0,0,0,0,0,0,0
houmain,2023-04-05,98137004,austria,,1,0,0,0,0,0,0,0,0
houmain,2023-04-06,98385796,austria,,1,0,0,0,0,0,0,0,0
hteumeuleu,2023-03-28,,france,,0,0,0,0,0,0,0,0,0
hteumeuleu,2023-03-29,,france,,0,0,0,0,0,0,0,0,0
hteumeuleu,2023-03-30,,france,,0,0,0,0,0,0,0,0,0
hteumeuleu,2023-03-31,,france,,0,0,0,0,0,0,0,0,0
hteumeuleu,2023-04-03,,france,,0,0,0,0,0,0,0,0,0
hteumeuleu,2023-04-04,98038275,france,,1,0,0,0,0,0,0,0,0
hteumeuleu,2023-04-05,98179680,france,,1,0,0,0,0,0,0,0,0
hteumeuleu,2023-04-06,,france,,0,0,0,0,0,0,0,0,0
huaxing-yuan,2023-03-28,,france,42381024,0,0,0,0,0,0,0,0,0
huaxing-yuan,2023-03-29,,france,42381024,0,0,0,0,0,0,0,0,0
huaxing-yuan,2023-03-30,,france,42381024,0,0,0,0,0,0,0,0,0
huaxing-yuan,2023-03-31,,france,42381024,0,0,0,0,0,0,0,0,0
huaxing-yuan,2023-04-03,,france,42381024,0,0,0,0,0,0,0,0,0
huaxing-yuan,2023-04-04,,france,42381024,0,0,0,0,0,0,0,0,0
huaxing-yuan,2023-04-05,,france,42381024,0,0,0,0,0,0,0,0,0
huaxing-yuan,2023-04-06,98441545,france,42381024,1,0,0,0,0,0,0,0,0
hugofintecture,2023-03-28,97201504,france,40241151,1,0,0,0,0,0,0,0,0
hugofintecture,2023-03-29,97333918,france,40241151,1,0,0,0,0,0,0,0,0
hugofintecture,2023-03-30,97454431,france,40241151,1,0,0,0,0,0,0,0,0
hugofintecture,2023-03-31,,france,40241151,0,0,0,0,0,0,0,0,0
hugofintecture,2023-04-03,,france,40241151,0,0,0,0,0,0,0,0,0
hugofintecture,2023-04-04,,france,40241151,0,0,0,0,0,0,0,0,0
hugofintecture,2023-04-05,,france,40241151,0,0,0,0,0,0,0,0,0
hugofintecture,2023-04-06,,france,40241151,0,0,0,0,0,0,0,0,0
hugofnm,2023-03-28,,france,123330146,0,0,0,0,0,0,0,0,0
hugofnm,2023-03-29,,france,123330146,0,0,0,0,0,0,0,0,0
hugofnm,2023-03-30,97467619,france,123330146,1,0,0,0,0,0,0,0,0
hugofnm,2023-03-31,,france,123330146,0,0,0,0,0,0,0,0,0
hugofnm,2023-04-03,,france,123330146,0,0,0,0,0,0,0,0,0
hugofnm,2023-04-04,,france,123330146,0,0,0,0,0,0,0,0,0
hugofnm,2023-04-05,,france,123330146,0,0,0,0,0,0,0,0,0
hugofnm,2023-04-06,,france,123330146,0,0,0,0,0,0,0,0,0
hydroft1,2023-03-28,,france,,0,0,0,0,0,0,0,0,0
hydroft1,2023-03-29,,france,,0,0,0,0,0,0,0,0,0
hydroft1,2023-03-30,,france,,0,0,0,0,0,0,0,0,0
hydroft1,2023-03-31,,france,,0,0,0,0,0,0,0,0,0
hydroft1,2023-04-03,,france,,0,0,0,0,0,0,0,0,0
hydroft1,2023-04-04,,france,,0,0,0,0,0,0,0,0,0
hydroft1,2023-04-05,,france,,0,0,0,0,0,0,0,0,0
hydroft1,2023-04-06,98460029,france,,1,0,0,0,0,0,0,0,0
iBast,2023-03-28,,france,11612562,0,0,0,0,0,0,0,0,0
iBast,2023-03-29,,france,11612562,0,0,0,0,0,0,0,0,0
iBast,2023-03-30,,france,11612562,0,0,0,0,0,0,0,0,0
iBast,2023-03-31,,france,11612562,0,0,0,0,0,0,0,0,0
iBast,2023-04-03,,france,11612562,0,0,0,0,0,0,0,0,0
iBast,2023-04-04,,france,11612562,0,0,0,0,0,0,0,0,0
iBast,2023-04-05,98143939,france,11612562,1,0,0,0,0,0,0,0,0
iBast,2023-04-06,,france,11612562,0,0,0,0,0,0,0,0,0
iRyusa,2023-03-28,,france,16115896,0,0,0,0,0,0,0,0,0
iRyusa,2023-03-29,,france,16115896,0,0,0,0,0,0,0,0,0
iRyusa,2023-03-30,,france,16115896,0,0,0,0,0,0,0,0,0
iRyusa,2023-03-31,,france,16115896,0,0,0,0,0,0,0,0,0
iRyusa,2023-04-03,,france,16115896,0,0,0,0,0,0,0,0,0
iRyusa,2023-04-04,,france,16115896,0,0,0,0,0,0,0,0,0
iRyusa,2023-04-05,98164667,france,16115896,1,0,0,0,0,0,0,0,0
iRyusa,2023-04-06,,france,16115896,0,0,0,0,0,0,0,0,0
iacobucci,2023-03-28,97141028,italy,,1,1,0,0,0,0,0,0,0
iacobucci,2023-03-29,,italy,,0,0,1,0,0,0,0,0,0
iacobucci,2023-03-30,,italy,,0,0,0,1,0,0,0,0,0
iacobucci,2023-03-31,,italy,,0,0,0,0,1,0,0,0,0
iacobucci,2023-04-03,,italy,,0,0,0,0,0,1,0,0,0
iacobucci,2023-04-04,,italy,,0,0,0,0,0,0,1,0,0
iacobucci,2023-04-05,,italy,,0,0,0,0,0,0,0,1,0
iacobucci,2023-04-06,,italy,,0,0,0,0,0,0,0,0,1
iamdey,2023-03-28,,france,6907275,0,0,0,0,0,0,0,0,0
iamdey,2023-03-29,,france,6907275,0,0,0,0,0,0,0,0,0
iamdey,2023-03-30,,france,6907275,0,0,0,0,0,0,0,0,0
iamdey,2023-03-31,,france,6907275,0,0,0,0,0,0,0,0,0
iamdey,2023-04-03,,france,6907275,0,0,0,0,0,0,0,0,0
iamdey,2023-04-04,98088664,france,6907275,1,0,0,0,0,0,0,0,0
iamdey,2023-04-05,,france,6907275,0,0,0,0,0,0,0,0,0
iamdey,2023-04-06,,france,6907275,0,0,0,0,0,0,0,0,0
iamgpe,2023-03-28,,france,,0,0,0,0,0,0,0,0,0
iamgpe,2023-03-29,,france,,0,0,0,0,0,0,0,0,0
iamgpe,2023-03-30,,france,,0,0,0,0,0,0,0,0,0
iamgpe,2023-03-31,,france,,0,0,0,0,0,0,0,0,0
iamgpe,2023-04-03,,france,,0,0,0,0,0,0,0,0,0
iamgpe,2023-04-04,,france,,0,0,0,0,0,0,0,0,0
iamgpe,2023-04-05,98155283,france,,1,0,0,0,0,0,0,0,0
iamgpe,2023-04-06,,france,,0,0,0,0,0,0,0,0,0
ibgp2,2023-03-28,,france,341053,0,0,0,0,0,0,0,0,0
ibgp2,2023-03-29,,france,341053,0,0,0,0,0,0,0,0,0
ibgp2,2023-03-30,,france,341053,0,0,0,0,0,0,0,0,0
ibgp2,2023-03-31,,france,341053,0,0,0,0,0,0,0,0,0
ibgp2,2023-04-03,,france,341053,0,0,0,0,0,0,0,0,0
ibgp2,2023-04-04,,france,341053,0,0,0,0,0,0,0,0,0
ibgp2,2023-04-05,,france,341053,0,0,0,0,0,0,0,0,0
ibgp2,2023-04-06,98424266,france,341053,1,0,0,0,0,0,0,0,0
ich777,2023-03-28,97248925,austria,,1,0,0,0,0,0,0,0,0
ich777,2023-03-29,,austria,,0,0,0,0,0,0,0,0,0
ich777,2023-03-30,97414397,austria,,1,0,0,0,0,0,0,0,0
ich777,2023-03-31,,austria,,0,0,0,0,0,0,0,0,0
ich777,2023-04-03,97786374,austria,,1,0,0,0,0,0,0,0,0
ich777,2023-04-04,,austria,,0,0,0,0,0,0,0,0,0
ich777,2023-04-05,98127141,austria,,1,0,0,0,0,0,0,0,0
ich777,2023-04-06,,austria,,0,0,0,0,0,0,0,0,0
ichiriac,2023-03-28,,france,13382501,0,0,0,0,0,0,0,0,0
ichiriac,2023-03-29,,france,13382501,0,0,0,0,0,0,0,0,0
ichiriac,2023-03-30,97446946,france,13382501,1,0,0,0,0,0,0,0,0
ichiriac,2023-03-31,,france,13382501,0,0,0,0,0,0,0,0,0
ichiriac,2023-04-03,,france,13382501,0,0,0,0,0,0,0,0,0
ichiriac,2023-04-04,,france,13382501,0,0,0,0,0,0,0,0,0
ichiriac,2023-04-05,,france,13382501,0,0,0,0,0,0,0,0,0
ichiriac,2023-04-06,,france,13382501,0,0,0,0,0,0,0,0,0
ilgrosso,2023-03-28,,italy,1718149,0,1,0,0,0,0,0,0,0
ilgrosso,2023-03-29,,italy,1718149,0,0,1,0,0,0,0,0,0
ilgrosso,2023-03-30,,italy,1718149,0,0,0,1,0,0,0,0,0
ilgrosso,2023-03-31,,italy,1718149,0,0,0,0,1,0,0,0,0
ilgrosso,2023-04-03,,italy,1718149,0,0,0,0,0,1,0,0,0
ilgrosso,2023-04-04,97991184,italy,1718149,1,0,0,0,0,0,1,0,0
ilgrosso,2023-04-05,,italy,1718149,0,0,0,0,0,0,0,1,0
ilgrosso,2023-04-06,,italy,1718149,0,0,0,0,0,0,0,0,1
ilhooq,2023-03-28,,france,8540039,0,0,0,0,0,0,0,0,0
ilhooq,2023-03-29,,france,8540039,0,0,0,0,0,0,0,0,0
ilhooq,2023-03-30,,france,8540039,0,0,0,0,0,0,0,0,0
ilhooq,2023-03-31,,france,8540039,0,0,0,0,0,0,0,0,0
ilhooq,2023-04-03,,france,8540039,0,0,0,0,0,0,0,0,0
ilhooq,2023-04-04,98006285,france,8540039,1,0,0,0,0,0,0,0,0
ilhooq,2023-04-05,,france,8540039,0,0,0,0,0,0,0,0,0
ilhooq,2023-04-06,,france,8540039,0,0,0,0,0,0,0,0,0
ilyichv,2023-03-28,97168268,italy,81776361,1,1,0,0,0,0,0,0,0
ilyichv,2023-03-29,97311985,italy,81776361,1,0,1,0,0,0,0,0,0
ilyichv,2023-03-30,97485064,italy,81776361,1,0,0,1,0,0,0,0,0
ilyichv,2023-03-31,,italy,81776361,0,0,0,0,1,0,0,0,0
ilyichv,2023-04-03,97828774,italy,81776361,1,0,0,0,0,1,0,0,0
ilyichv,2023-04-04,,italy,81776361,0,0,0,0,0,0,1,0,0
ilyichv,2023-04-05,98156459,italy,81776361,1,0,0,0,0,0,0,1,0
ilyichv,2023-04-06,98345731,italy,81776361,1,0,0,0,0,0,0,0,1
inthecatsdreams,2023-03-28,,france,,0,0,0,0,0,0,0,0,0
inthecatsdreams,2023-03-29,97255869,france,,1,0,0,0,0,0,0,0,0
inthecatsdreams,2023-03-30,,france,,0,0,0,0,0,0,0,0,0
inthecatsdreams,2023-03-31,97644033,france,,1,0,0,0,0,0,0,0,0
inthecatsdreams,2023-04-03,,france,,0,0,0,0,0,0,0,0,0
inthecatsdreams,2023-04-04,,france,,0,0,0,0,0,0,0,0,0
inthecatsdreams,2023-04-05,,france,,0,0,0,0,0,0,0,0,0
inthecatsdreams,2023-04-06,,france,,0,0,0,0,0,0,0,0,0
intoinside,2023-03-28,97236434,italy,115636620,1,1,0,0,0,0,0,0,0
intoinside,2023-03-29,,italy,115636620,0,0,1,0,0,0,0,0,0
intoinside,2023-03-30,,italy,115636620,0,0,0,1,0,0,0,0,0
intoinside,2023-03-31,,italy,115636620,0,0,0,0,1,0,0,0,0
intoinside,2023-04-03,,italy,115636620,0,0,0,0,0,1,0,0,0
intoinside,2023-04-04,,italy,115636620,0,0,0,0,0,0,1,0,0
intoinside,2023-04-05,,italy,115636620,0,0,0,0,0,0,0,1,0
intoinside,2023-04-06,,italy,115636620,0,0,0,0,0,0,0,0,1
inukshuk,2023-03-28,97126613,austria,12413946,1,0,0,0,0,0,0,0,0
inukshuk,2023-03-29,,austria,12413946,0,0,0,0,0,0,0,0,0
inukshuk,2023-03-30,,austria,12413946,0,0,0,0,0,0,0,0,0
inukshuk,2023-03-31,,austria,12413946,0,0,0,0,0,0,0,0,0
inukshuk,2023-04-03,,austria,12413946,0,0,0,0,0,0,0,0,0
inukshuk,2023-04-04,,austria,12413946,0,0,0,0,0,0,0,0,0
inukshuk,2023-04-05,,austria,12413946,0,0,0,0,0,0,0,0,0
inukshuk,2023-04-06,,austria,12413946,0,0,0,0,0,0,0,0,0
ioustamora,2023-03-28,,france,,0,0,0,0,0,0,0,0,0
ioustamora,2023-03-29,,france,,0,0,0,0,0,0,0,0,0
ioustamora,2023-03-30,,france,,0,0,0,0,0,0,0,0,0
ioustamora,2023-03-31,,france,,0,0,0,0,0,0,0,0,0
ioustamora,2023-04-03,,france,,0,0,0,0,0,0,0,0,0
ioustamora,2023-04-04,,france,,0,0,0,0,0,0,0,0,0
ioustamora,2023-04-05,98167359,france,,1,0,0,0,0,0,0,0,0
ioustamora,2023-04-06,,france,,0,0,0,0,0,0,0,0,0
irevoire,2023-03-28,,france,,0,0,0,0,0,0,0,0,0
irevoire,2023-03-29,,france,,0,0,0,0,0,0,0,0,0
irevoire,2023-03-30,,france,,0,0,0,0,0,0,0,0,0
irevoire,2023-03-31,,france,,0,0,0,0,0,0,0,0,0
irevoire,2023-04-03,97911466,france,,1,0,0,0,0,0,0,0,0
irevoire,2023-04-04,,france,,0,0,0,0,0,0,0,0,0
irevoire,2023-04-05,,france,,0,0,0,0,0,0,0,0,0
irevoire,2023-04-06,,france,,0,0,0,0,0,0,0,0,0
its-snowyy,2023-03-28,97156497,france,129074774,1,0,0,0,0,0,0,0,0
its-snowyy,2023-03-29,,france,129074774,0,0,0,0,0,0,0,0,0
its-snowyy,2023-03-30,97468988,france,129074774,1,0,0,0,0,0,0,0,0
its-snowyy,2023-03-31,,france,129074774,0,0,0,0,0,0,0,0,0
its-snowyy,2023-04-03,,france,129074774,0,0,0,0,0,0,0,0,0
its-snowyy,2023-04-04,,france,129074774,0,0,0,0,0,0,0,0,0
its-snowyy,2023-04-05,,france,129074774,0,0,0,0,0,0,0,0,0
its-snowyy,2023-04-06,,france,129074774,0,0,0,0,0,0,0,0,0
ivangabriele,2023-03-28,,france,20193330,0,0,0,0,0,0,0,0,0
ivangabriele,2023-03-29,97379581,france,20193330,1,0,0,0,0,0,0,0,0
ivangabriele,2023-03-30,97508013,france,20193330,1,0,0,0,0,0,0,0,0
ivangabriele,2023-03-31,,france,20193330,0,0,0,0,0,0,0,0,0
ivangabriele,2023-04-03,,france,20193330,0,0,0,0,0,0,0,0,0
ivangabriele,2023-04-04,,france,20193330,0,0,0,0,0,0,0,0,0
ivangabriele,2023-04-05,98206322,france,20193330,1,0,0,0,0,0,0,0,0
ivangabriele,2023-04-06,,france,20193330,0,0,0,0,0,0,0,0,0
ivanhofer,2023-03-28,,italy,91317568,0,1,0,0,0,0,0,0,0
ivanhofer,2023-03-29,,italy,91317568,0,0,1,0,0,0,0,0,0
ivanhofer,2023-03-30,,italy,91317568,0,0,0,1,0,0,0,0,0
ivanhofer,2023-03-31,,italy,91317568,0,0,0,0,1,0,0,0,0
ivanhofer,2023-04-03,,italy,91317568,0,0,0,0,0,1,0,0,0
ivanhofer,2023-04-04,98019258,italy,91317568,1,0,0,0,0,0,1,0,0
ivanhofer,2023-04-05,,italy,91317568,0,0,0,0,0,0,0,1,0
ivanhofer,2023-04-06,,italy,91317568,0,0,0,0,0,0,0,0,1
jabby,2023-03-28,,france,50342821,0,0,0,0,0,0,0,0,0
jabby,2023-03-29,,france,50342821,0,0,0,0,0,0,0,0,0
jabby,2023-03-30,97506974,france,50342821,1,0,0,0,0,0,0,0,0
jabby,2023-03-31,,france,50342821,0,0,0,0,0,0,0,0,0
jabby,2023-04-03,,france,50342821,0,0,0,0,0,0,0,0,0
jabby,2023-04-04,,france,50342821,0,0,0,0,0,0,0,0,0
jabby,2023-04-05,,france,50342821,0,0,0,0,0,0,0,0,0
jabby,2023-04-06,,france,50342821,0,0,0,0,0,0,0,0,0
jabibamman,2023-03-28,,france,,0,0,0,0,0,0,0,0,0
jabibamman,2023-03-29,,france,,0,0,0,0,0,0,0,0,0
jabibamman,2023-03-30,,france,,0,0,0,0,0,0,0,0,0
jabibamman,2023-03-31,,france,,0,0,0,0,0,0,0,0,0
jabibamman,2023-04-03,97865155,france,,1,0,0,0,0,0,0,0,0
jabibamman,2023-04-04,,france,,0,0,0,0,0,0,0,0,0
jabibamman,2023-04-05,,france,,0,0,0,0,0,0,0,0,0
jabibamman,2023-04-06,,france,,0,0,0,0,0,0,0,0,0
jakubjo,2023-03-28,,austria,63887461,0,0,0,0,0,0,0,0,0
jakubjo,2023-03-29,97362737,austria,63887461,1,0,0,0,0,0,0,0,0
jakubjo,2023-03-30,,austria,63887461,0,0,0,0,0,0,0,0,0
jakubjo,2023-03-31,,austria,63887461,0,0,0,0,0,0,0,0,0
jakubjo,2023-04-03,,austria,63887461,0,0,0,0,0,0,0,0,0
jakubjo,2023-04-04,,austria,63887461,0,0,0,0,0,0,0,0,0
jakubjo,2023-04-05,,austria,63887461,0,0,0,0,0,0,0,0,0
jakubjo,2023-04-06,,austria,63887461,0,0,0,0,0,0,0,0,0
jargoud,2023-03-28,97203943,france,,1,0,0,0,0,0,0,0,0
jargoud,2023-03-29,97283102,france,,1,0,0,0,0,0,0,0,0
jargoud,2023-03-30,,france,,0,0,0,0,0,0,0,0,0
jargoud,2023-03-31,,france,,0,0,0,0,0,0,0,0,0
jargoud,2023-04-03,,france,,0,0,0,0,0,0,0,0,0
jargoud,2023-04-04,,france,,0,0,0,0,0,0,0,0,0
jargoud,2023-04-05,,france,,0,0,0,0,0,0,0,0,0
jargoud,2023-04-06,,france,,0,0,0,0,0,0,0,0,0
jasondellaluce,2023-03-28,97163525,italy,42391047,1,1,0,0,0,0,0,0,0
jasondellaluce,2023-03-29,,italy,42391047,0,0,1,0,0,0,0,0,0
jasondellaluce,2023-03-30,97444792,italy,42391047,1,0,0,1,0,0,0,0,0
jasondellaluce,2023-03-31,,italy,42391047,0,0,0,0,1,0,0,0,0
jasondellaluce,2023-04-03,,italy,42391047,0,0,0,0,0,1,0,0,0
jasondellaluce,2023-04-04,,italy,42391047,0,0,0,0,0,0,1,0,0
jasondellaluce,2023-04-05,,italy,42391047,0,0,0,0,0,0,0,1,0
jasondellaluce,2023-04-06,,italy,42391047,0,0,0,0,0,0,0,0,1
jbpaux,2023-03-28,,france,,0,0,0,0,0,0,0,0,0
jbpaux,2023-03-29,,france,,0,0,0,0,0,0,0,0,0
jbpaux,2023-03-30,,france,,0,0,0,0,0,0,0,0,0
jbpaux,2023-03-31,97673654,france,,1,0,0,0,0,0,0,0,0
jbpaux,2023-04-03,,france,,0,0,0,0,0,0,0,0,0
jbpaux,2023-04-04,,france,,0,0,0,0,0,0,0,0,0
jbpaux,2023-04-05,,france,,0,0,0,0,0,0,0,0,0
jbpaux,2023-04-06,,france,,0,0,0,0,0,0,0,0,0
jbpenrath,2023-03-28,,france,7224891,0,0,0,0,0,0,0,0,0
jbpenrath,2023-03-29,,france,7224891,0,0,0,0,0,0,0,0,0
jbpenrath,2023-03-30,,france,7224891,0,0,0,0,0,0,0,0,0
jbpenrath,2023-03-31,,france,7224891,0,0,0,0,0,0,0,0,0
jbpenrath,2023-04-03,,france,7224891,0,0,0,0,0,0,0,0,0
jbpenrath,2023-04-04,98065221,france,7224891,1,0,0,0,0,0,0,0,0
jbpenrath,2023-04-05,,france,7224891,0,0,0,0,0,0,0,0,0
jbpenrath,2023-04-06,,france,7224891,0,0,0,0,0,0,0,0,0
jbwittner,2023-03-28,,france,,0,0,0,0,0,0,0,0,0
jbwittner,2023-03-29,,france,,0,0,0,0,0,0,0,0,0
jbwittner,2023-03-30,97537544,france,,1,0,0,0,0,0,0,0,0
jbwittner,2023-03-31,97643872,france,,1,0,0,0,0,0,0,0,0
jbwittner,2023-04-03,,france,,0,0,0,0,0,0,0,0,0
jbwittner,2023-04-04,,france,,0,0,0,0,0,0,0,0,0
jbwittner,2023-04-05,,france,,0,0,0,0,0,0,0,0,0
jbwittner,2023-04-06,,france,,0,0,0,0,0,0,0,0,0
jcosmick,2023-03-28,,italy,,0,1,0,0,0,0,0,0,0
jcosmick,2023-03-29,97297163,italy,,1,0,1,0,0,0,0,0,0
jcosmick,2023-03-30,,italy,,0,0,0,1,0,0,0,0,0
jcosmick,2023-03-31,,italy,,0,0,0,0,1,0,0,0,0
jcosmick,2023-04-03,,italy,,0,0,0,0,0,1,0,0,0
jcosmick,2023-04-04,,italy,,0,0,0,0,0,0,1,0,0
jcosmick,2023-04-05,,italy,,0,0,0,0,0,0,0,1,0
jcosmick,2023-04-06,,italy,,0,0,0,0,0,0,0,0,1
jczic,2023-03-28,,france,,0,0,0,0,0,0,0,0,0
jczic,2023-03-29,,france,,0,0,0,0,0,0,0,0,0
jczic,2023-03-30,,france,,0,0,0,0,0,0,0,0,0
jczic,2023-03-31,,france,,0,0,0,0,0,0,0,0,0
jczic,2023-04-03,,france,,0,0,0,0,0,0,0,0,0
jczic,2023-04-04,98105334,france,,1,0,0,0,0,0,0,0,0
jczic,2023-04-05,,france,,0,0,0,0,0,0,0,0,0
jczic,2023-04-06,,france,,0,0,0,0,0,0,0,0,0
jdauphant,2023-03-28,,france,35118060,0,0,0,0,0,0,0,0,0
jdauphant,2023-03-29,,france,35118060,0,0,0,0,0,0,0,0,0
jdauphant,2023-03-30,,france,35118060,0,0,0,0,0,0,0,0,0
jdauphant,2023-03-31,,france,35118060,0,0,0,0,0,0,0,0,0
jdauphant,2023-04-03,,france,35118060,0,0,0,0,0,0,0,0,0
jdauphant,2023-04-04,,france,35118060,0,0,0,0,0,0,0,0,0
jdauphant,2023-04-05,,france,35118060,0,0,0,0,0,0,0,0,0
jdauphant,2023-04-06,98398750,france,35118060,1,0,0,0,0,0,0,0,0
jdenquin,2023-03-28,97168876,france,75492405,1,0,0,0,0,0,0,0,0
jdenquin,2023-03-29,,france,75492405,0,0,0,0,0,0,0,0,0
jdenquin,2023-03-30,,france,75492405,0,0,0,0,0,0,0,0,0
jdenquin,2023-03-31,,france,75492405,0,0,0,0,0,0,0,0,0
jdenquin,2023-04-03,,france,75492405,0,0,0,0,0,0,0,0,0
jdenquin,2023-04-04,,france,75492405,0,0,0,0,0,0,0,0,0
jdenquin,2023-04-05,,france,75492405,0,0,0,0,0,0,0,0,0
jdenquin,2023-04-06,98469886,france,75492405,1,0,0,0,0,0,0,0,0
jdubois,2023-03-28,,france,6154722,0,0,0,0,0,0,0,0,0
jdubois,2023-03-29,,france,6154722,0,0,0,0,0,0,0,0,0
jdubois,2023-03-30,,france,6154722,0,0,0,0,0,0,0,0,0
jdubois,2023-03-31,,france,6154722,0,0,0,0,0,0,0,0,0
jdubois,2023-04-03,,france,6154722,0,0,0,0,0,0,0,0,0
jdubois,2023-04-04,,france,6154722,0,0,0,0,0,0,0,0,0
jdubois,2023-04-05,98180682,france,6154722,1,0,0,0,0,0,0,0,0
jdubois,2023-04-06,,france,6154722,0,0,0,0,0,0,0,0,0
jeandet,2023-03-28,,france,45902222,0,0,0,0,0,0,0,0,0
jeandet,2023-03-29,,france,45902222,0,0,0,0,0,0,0,0,0
jeandet,2023-03-30,,france,45902222,0,0,0,0,0,0,0,0,0
jeandet,2023-03-31,,france,45902222,0,0,0,0,0,0,0,0,0
jeandet,2023-04-03,,france,45902222,0,0,0,0,0,0,0,0,0
jeandet,2023-04-04,,france,45902222,0,0,0,0,0,0,0,0,0
jeandet,2023-04-05,,france,45902222,0,0,0,0,0,0,0,0,0
jeandet,2023-04-06,98414794,france,45902222,1,0,0,0,0,0,0,0,0
jeanpierrefortune,2023-03-28,,france,56974,0,0,0,0,0,0,0,0,0
jeanpierrefortune,2023-03-29,,france,56974,0,0,0,0,0,0,0,0,0
jeanpierrefortune,2023-03-30,,france,56974,0,0,0,0,0,0,0,0,0
jeanpierrefortune,2023-03-31,,france,56974,0,0,0,0,0,0,0,0,0
jeanpierrefortune,2023-04-03,,france,56974,0,0,0,0,0,0,0,0,0
jeanpierrefortune,2023-04-04,,france,56974,0,0,0,0,0,0,0,0,0
jeanpierrefortune,2023-04-05,98189494,france,56974,1,0,0,0,0,0,0,0,0
jeanpierrefortune,2023-04-06,,france,56974,0,0,0,0,0,0,0,0,0
jecisc,2023-03-28,97207999,france,,1,0,0,0,0,0,0,0,0
jecisc,2023-03-29,,france,,0,0,0,0,0,0,0,0,0
jecisc,2023-03-30,,france,,0,0,0,0,0,0,0,0,0
jecisc,2023-03-31,,france,,0,0,0,0,0,0,0,0,0
jecisc,2023-04-03,,france,,0,0,0,0,0,0,0,0,0
jecisc,2023-04-04,,france,,0,0,0,0,0,0,0,0,0
jecisc,2023-04-05,,france,,0,0,0,0,0,0,0,0,0
jecisc,2023-04-06,,france,,0,0,0,0,0,0,0,0,0
jepiqueau,2023-03-28,,france,,0,0,0,0,0,0,0,0,0
jepiqueau,2023-03-29,,france,,0,0,0,0,0,0,0,0,0
jepiqueau,2023-03-30,,france,,0,0,0,0,0,0,0,0,0
jepiqueau,2023-03-31,97620851,france,,1,0,0,0,0,0,0,0,0
jepiqueau,2023-04-03,,france,,0,0,0,0,0,0,0,0,0
jepiqueau,2023-04-04,,france,,0,0,0,0,0,0,0,0,0
jepiqueau,2023-04-05,,france,,0,0,0,0,0,0,0,0,0
jepiqueau,2023-04-06,,france,,0,0,0,0,0,0,0,0,0
jerome-benoit,2023-03-28,97235599,france,2531208,1,0,0,0,0,0,0,0,0
jerome-benoit,2023-03-29,,france,2531208,0,0,0,0,0,0,0,0,0
jerome-benoit,2023-03-30,,france,2531208,0,0,0,0,0,0,0,0,0
jerome-benoit,2023-03-31,,france,2531208,0,0,0,0,0,0,0,0,0
jerome-benoit,2023-04-03,97907015,france,2531208,1,0,0,0,0,0,0,0,0
jerome-benoit,2023-04-04,98094468,france,2531208,1,0,0,0,0,0,0,0,0
jerome-benoit,2023-04-05,98179922,france,89299761,1,0,0,0,0,0,0,0,0
jerome-benoit,2023-04-06,98426153,france,89299761,1,0,0,0,0,0,0,0,0
jfdenise,2023-03-28,,france,7937746,0,0,0,0,0,0,0,0,0
jfdenise,2023-03-29,,france,7937746,0,0,0,0,0,0,0,0,0
jfdenise,2023-03-30,,france,7937746,0,0,0,0,0,0,0,0,0
jfdenise,2023-03-31,97599351,france,7937746,1,0,0,0,0,0,0,0,0
jfdenise,2023-04-03,,france,7937746,0,0,0,0,0,0,0,0,0
jfdenise,2023-04-04,,france,7937746,0,0,0,0,0,0,0,0,0
jfdenise,2023-04-05,98207804,france,3066274,1,0,0,0,0,0,0,0,0
jfdenise,2023-04-06,98380606,france,7937746,1,0,0,0,0,0,0,0,0
jfiguinha,2023-03-28,,france,,0,0,0,0,0,0,0,0,0
jfiguinha,2023-03-29,97309460,france,,1,0,0,0,0,0,0,0,0
jfiguinha,2023-03-30,,france,,0,0,0,0,0,0,0,0,0
jfiguinha,2023-03-31,,france,,0,0,0,0,0,0,0,0,0
jfiguinha,2023-04-03,,france,,0,0,0,0,0,0,0,0,0
jfiguinha,2023-04-04,,france,,0,0,0,0,0,0,0,0,0
jfiguinha,2023-04-05,,france,,0,0,0,0,0,0,0,0,0
jfiguinha,2023-04-06,,france,,0,0,0,0,0,0,0,0,0
jhartmann123,2023-03-28,,austria,809603,0,0,0,0,0,0,0,0,0
jhartmann123,2023-03-29,,austria,809603,0,0,0,0,0,0,0,0,0
jhartmann123,2023-03-30,,austria,809603,0,0,0,0,0,0,0,0,0
jhartmann123,2023-03-31,,austria,809603,0,0,0,0,0,0,0,0,0
jhartmann123,2023-04-03,97863715,austria,809603,1,0,0,0,0,0,0,0,0
jhartmann123,2023-04-04,,austria,809603,0,0,0,0,0,0,0,0,0
jhartmann123,2023-04-05,,austria,809603,0,0,0,0,0,0,0,0,0
jhartmann123,2023-04-06,,austria,809603,0,0,0,0,0,0,0,0,0
jhillairet,2023-03-28,,france,,0,0,0,0,0,0,0,0,0
jhillairet,2023-03-29,,france,,0,0,0,0,0,0,0,0,0
jhillairet,2023-03-30,,france,,0,0,0,0,0,0,0,0,0
jhillairet,2023-03-31,,france,,0,0,0,0,0,0,0,0,0
jhillairet,2023-04-03,,france,,0,0,0,0,0,0,0,0,0
jhillairet,2023-04-04,,france,,0,0,0,0,0,0,0,0,0
jhillairet,2023-04-05,,france,,0,0,0,0,0,0,0,0,0
jhillairet,2023-04-06,98424974,france,,1,0,0,0,0,0,0,0,0
jipolanco,2023-03-28,,france,129504116,0,0,0,0,0,0,0,0,0
jipolanco,2023-03-29,,france,129504116,0,0,0,0,0,0,0,0,0
jipolanco,2023-03-30,,france,129504116,0,0,0,0,0,0,0,0,0
jipolanco,2023-03-31,,france,129504116,0,0,0,0,0,0,0,0,0
jipolanco,2023-04-03,,france,129504116,0,0,0,0,0,0,0,0,0
jipolanco,2023-04-04,,france,129504116,0,0,0,0,0,0,0,0,0
jipolanco,2023-04-05,,france,129504116,0,0,0,0,0,0,0,0,0
jipolanco,2023-04-06,98311176,france,129504116,1,0,0,0,0,0,0,0,0
jloisel,2023-03-28,,france,107424,0,0,0,0,0,0,0,0,0
jloisel,2023-03-29,,france,107424,0,0,0,0,0,0,0,0,0
jloisel,2023-03-30,97480303,france,107424,1,0,0,0,0,0,0,0,0
jloisel,2023-03-31,,france,107424,0,0,0,0,0,0,0,0,0
jloisel,2023-04-03,,france,107424,0,0,0,0,0,0,0,0,0
jloisel,2023-04-04,,france,107424,0,0,0,0,0,0,0,0,0
jloisel,2023-04-05,,france,107424,0,0,0,0,0,0,0,0,0
jloisel,2023-04-06,,france,107424,0,0,0,0,0,0,0,0,0
jmcollin78,2023-03-28,97129159,france,,1,0,0,0,0,0,0,0,0
jmcollin78,2023-03-29,,france,,0,0,0,0,0,0,0,0,0
jmcollin78,2023-03-30,,france,,0,0,0,0,0,0,0,0,0
jmcollin78,2023-03-31,,france,,0,0,0,0,0,0,0,0,0
jmcollin78,2023-04-03,,france,,0,0,0,0,0,0,0,0,0
jmcollin78,2023-04-04,,france,,0,0,0,0,0,0,0,0,0
jmcollin78,2023-04-05,,france,,0,0,0,0,0,0,0,0,0
jmcollin78,2023-04-06,,france,,0,0,0,0,0,0,0,0,0
jmichault,2023-03-28,,france,,0,0,0,0,0,0,0,0,0
jmichault,2023-03-29,,france,,0,0,0,0,0,0,0,0,0
jmichault,2023-03-30,,france,,0,0,0,0,0,0,0,0,0
jmichault,2023-03-31,,france,,0,0,0,0,0,0,0,0,0
jmichault,2023-04-03,97882226,france,,1,0,0,0,0,0,0,0,0
jmichault,2023-04-04,,france,,0,0,0,0,0,0,0,0,0
jmichault,2023-04-05,,france,,0,0,0,0,0,0,0,0,0
jmichault,2023-04-06,98459032,france,,1,0,0,0,0,0,0,0,0
jn-prod,2023-03-28,,france,,0,0,0,0,0,0,0,0,0
jn-prod,2023-03-29,,france,,0,0,0,0,0,0,0,0,0
jn-prod,2023-03-30,97469098,france,,1,0,0,0,0,0,0,0,0
jn-prod,2023-03-31,,france,,0,0,0,0,0,0,0,0,0
jn-prod,2023-04-03,,france,,0,0,0,0,0,0,0,0,0
jn-prod,2023-04-04,,france,,0,0,0,0,0,0,0,0,0
jn-prod,2023-04-05,,france,,0,0,0,0,0,0,0,0,0
jn-prod,2023-04-06,,france,,0,0,0,0,0,0,0,0,0
jnaulet,2023-03-28,,france,,0,0,0,0,0,0,0,0,0
jnaulet,2023-03-29,,france,,0,0,0,0,0,0,0,0,0
jnaulet,2023-03-30,,france,,0,0,0,0,0,0,0,0,0
jnaulet,2023-03-31,,france,,0,0,0,0,0,0,0,0,0
jnaulet,2023-04-03,97888882,france,,1,0,0,0,0,0,0,0,0
jnaulet,2023-04-04,,france,,0,0,0,0,0,0,0,0,0
jnaulet,2023-04-05,,france,,0,0,0,0,0,0,0,0,0
jnaulet,2023-04-06,,france,,0,0,0,0,0,0,0,0,0
jo5ef,2023-03-28,,austria,22655117,0,0,0,0,0,0,0,0,0
jo5ef,2023-03-29,,austria,22655117,0,0,0,0,0,0,0,0,0
jo5ef,2023-03-30,,austria,22655117,0,0,0,0,0,0,0,0,0
jo5ef,2023-03-31,,austria,22655117,0,0,0,0,0,0,0,0,0
jo5ef,2023-04-03,97813837,austria,22655117,1,0,0,0,0,0,0,0,0
jo5ef,2023-04-04,,austria,22655117,0,0,0,0,0,0,0,0,0
jo5ef,2023-04-05,,austria,22655117,0,0,0,0,0,0,0,0,0
jo5ef,2023-04-06,,austria,22655117,0,0,0,0,0,0,0,0,0
joachimsonigo,2023-03-28,,france,,0,0,0,0,0,0,0,0,0
joachimsonigo,2023-03-29,97297796,france,,1,0,0,0,0,0,0,0,0
joachimsonigo,2023-03-30,97444924,france,,1,0,0,0,0,0,0,0,0
joachimsonigo,2023-03-31,,france,,0,0,0,0,0,0,0,0,0
joachimsonigo,2023-04-03,,france,,0,0,0,0,0,0,0,0,0
joachimsonigo,2023-04-04,,france,,0,0,0,0,0,0,0,0,0
joachimsonigo,2023-04-05,,france,,0,0,0,0,0,0,0,0,0
joachimsonigo,2023-04-06,,france,,0,0,0,0,0,0,0,0,0
jodydonetti,2023-03-28,,italy,111681189,0,1,0,0,0,0,0,0,0
jodydonetti,2023-03-29,97398776,italy,111681189,1,0,1,0,0,0,0,0,0
jodydonetti,2023-03-30,,italy,111681189,0,0,0,1,0,0,0,0,0
jodydonetti,2023-03-31,,italy,111681189,0,0,0,0,1,0,0,0,0
jodydonetti,2023-04-03,,italy,111681189,0,0,0,0,0,1,0,0,0
jodydonetti,2023-04-04,,italy,111681189,0,0,0,0,0,0,1,0,0
jodydonetti,2023-04-05,,italy,111681189,0,0,0,0,0,0,0,1,0
jodydonetti,2023-04-06,,italy,111681189,0,0,0,0,0,0,0,0,1
joey-barbier,2023-03-28,,france,,0,0,0,0,0,0,0,0,0
joey-barbier,2023-03-29,,france,,0,0,0,0,0,0,0,0,0
joey-barbier,2023-03-30,,france,,0,0,0,0,0,0,0,0,0
joey-barbier,2023-03-31,,france,,0,0,0,0,0,0,0,0,0
joey-barbier,2023-04-03,,france,,0,0,0,0,0,0,0,0,0
joey-barbier,2023-04-04,,france,,0,0,0,0,0,0,0,0,0
joey-barbier,2023-04-05,98275077,france,,1,0,0,0,0,0,0,0,0
joey-barbier,2023-04-06,,france,,0,0,0,0,0,0,0,0,0
johan-perso,2023-03-28,,france,,0,0,0,0,0,0,0,0,0
johan-perso,2023-03-29,,france,,0,0,0,0,0,0,0,0,0
johan-perso,2023-03-30,,france,,0,0,0,0,0,0,0,0,0
johan-perso,2023-03-31,,france,,0,0,0,0,0,0,0,0,0
johan-perso,2023-04-03,,france,,0,0,0,0,0,0,0,0,0
johan-perso,2023-04-04,,france,,0,0,0,0,0,0,0,0,0
johan-perso,2023-04-05,98245761,france,,1,0,0,0,0,0,0,0,0
johan-perso,2023-04-06,,france,,0,0,0,0,0,0,0,0,0
johnuopini,2023-03-28,97128448,italy,97433527,1,1,0,0,0,0,0,0,0
johnuopini,2023-03-29,,italy,97433527,0,0,1,0,0,0,0,0,0
johnuopini,2023-03-30,,italy,97433527,0,0,0,1,0,0,0,0,0
johnuopini,2023-03-31,,italy,97433527,0,0,0,0,1,0,0,0,0
johnuopini,2023-04-03,,italy,97433527,0,0,0,0,0,1,0,0,0
johnuopini,2023-04-04,,italy,97433527,0,0,0,0,0,0,1,0,0
johnuopini,2023-04-05,,italy,97433527,0,0,0,0,0,0,0,1,0
johnuopini,2023-04-06,,italy,97433527,0,0,0,0,0,0,0,0,1
jordanerousseau,2023-03-28,97145325,france,,1,0,0,0,0,0,0,0,0
jordanerousseau,2023-03-29,,france,,0,0,0,0,0,0,0,0,0
jordanerousseau,2023-03-30,,france,,0,0,0,0,0,0,0,0,0
jordanerousseau,2023-03-31,,france,,0,0,0,0,0,0,0,0,0
jordanerousseau,2023-04-03,,france,,0,0,0,0,0,0,0,0,0
jordanerousseau,2023-04-04,,france,,0,0,0,0,0,0,0,0,0
jordanerousseau,2023-04-05,,france,,0,0,0,0,0,0,0,0,0
jordanerousseau,2023-04-06,,france,,0,0,0,0,0,0,0,0,0
jornatf,2023-03-28,,france,,0,0,0,0,0,0,0,0,0
jornatf,2023-03-29,,france,,0,0,0,0,0,0,0,0,0
jornatf,2023-03-30,,france,,0,0,0,0,0,0,0,0,0
jornatf,2023-03-31,,france,,0,0,0,0,0,0,0,0,0
jornatf,2023-04-03,,france,,0,0,0,0,0,0,0,0,0
jornatf,2023-04-04,,france,,0,0,0,0,0,0,0,0,0
jornatf,2023-04-05,,france,,0,0,0,0,0,0,0,0,0
jornatf,2023-04-06,98422351,france,,1,0,0,0,0,0,0,0,0
joshuachp,2023-03-28,,italy,,0,1,0,0,0,0,0,0,0
joshuachp,2023-03-29,,italy,,0,0,1,0,0,0,0,0,0
joshuachp,2023-03-30,97478208,italy,,1,0,0,1,0,0,0,0,0
joshuachp,2023-03-31,97632127,italy,,1,0,0,0,1,0,0,0,0
joshuachp,2023-04-03,,italy,,0,0,0,0,0,1,0,0,0
joshuachp,2023-04-04,,italy,,0,0,0,0,0,0,1,0,0
joshuachp,2023-04-05,,italy,,0,0,0,0,0,0,0,1,0
joshuachp,2023-04-06,98417733,italy,,1,0,0,0,0,0,0,0,1
jpfox,2023-03-28,,france,12154013,0,0,0,0,0,0,0,0,0
jpfox,2023-03-29,,france,12154013,0,0,0,0,0,0,0,0,0
jpfox,2023-03-30,,france,12154013,0,0,0,0,0,0,0,0,0
jpfox,2023-03-31,97630563,france,12154013,1,0,0,0,0,0,0,0,0
jpfox,2023-04-03,97846338,france,12154013,1,0,0,0,0,0,0,0,0
jpfox,2023-04-04,,france,12154013,0,0,0,0,0,0,0,0,0
jpfox,2023-04-05,,france,12154013,0,0,0,0,0,0,0,0,0
jpfox,2023-04-06,,france,12154013,0,0,0,0,0,0,0,0,0
jr-k,2023-03-28,,france,75989591,0,0,0,0,0,0,0,0,0
jr-k,2023-03-29,,france,75989591,0,0,0,0,0,0,0,0,0
jr-k,2023-03-30,,france,75989591,0,0,0,0,0,0,0,0,0
jr-k,2023-03-31,,france,75989591,0,0,0,0,0,0,0,0,0
jr-k,2023-04-03,97824088,france,75989591,1,0,0,0,0,0,0,0,0
jr-k,2023-04-04,,france,75989591,0,0,0,0,0,0,0,0,0
jr-k,2023-04-05,,france,75989591,0,0,0,0,0,0,0,0,0
jr-k,2023-04-06,,france,75989591,0,0,0,0,0,0,0,0,0
jrollin,2023-03-28,,france,,0,0,0,0,0,0,0,0,0
jrollin,2023-03-29,97341215,france,,1,0,0,0,0,0,0,0,0
jrollin,2023-03-30,,france,,0,0,0,0,0,0,0,0,0
jrollin,2023-03-31,,france,,0,0,0,0,0,0,0,0,0
jrollin,2023-04-03,,france,,0,0,0,0,0,0,0,0,0
jrollin,2023-04-04,,france,,0,0,0,0,0,0,0,0,0
jrollin,2023-04-05,,france,,0,0,0,0,0,0,0,0,0
jrollin,2023-04-06,,france,,0,0,0,0,0,0,0,0,0
jtouzy,2023-03-28,,france,,0,0,0,0,0,0,0,0,0
jtouzy,2023-03-29,,france,,0,0,0,0,0,0,0,0,0
jtouzy,2023-03-30,,france,,0,0,0,0,0,0,0,0,0
jtouzy,2023-03-31,,france,,0,0,0,0,0,0,0,0,0
jtouzy,2023-04-03,,france,,0,0,0,0,0,0,0,0,0
jtouzy,2023-04-04,,france,,0,0,0,0,0,0,0,0,0
jtouzy,2023-04-05,98148313,france,,1,0,0,0,0,0,0,0,0
jtouzy,2023-04-06,,france,,0,0,0,0,0,0,0,0,0
juanmc2005,2023-03-28,,france,,0,0,0,0,0,0,0,0,0
juanmc2005,2023-03-29,,france,,0,0,0,0,0,0,0,0,0
juanmc2005,2023-03-30,,france,,0,0,0,0,0,0,0,0,0
juanmc2005,2023-03-31,,france,,0,0,0,0,0,0,0,0,0
juanmc2005,2023-04-03,,france,,0,0,0,0,0,0,0,0,0
juanmc2005,2023-04-04,,france,,0,0,0,0,0,0,0,0,0
juanmc2005,2023-04-05,,france,,0,0,0,0,0,0,0,0,0
juanmc2005,2023-04-06,98419380,france,,1,0,0,0,0,0,0,0,0
jufab,2023-03-28,97246040,france,,1,0,0,0,0,0,0,0,0
jufab,2023-03-29,,france,,0,0,0,0,0,0,0,0,0
jufab,2023-03-30,,france,,0,0,0,0,0,0,0,0,0
jufab,2023-03-31,,france,,0,0,0,0,0,0,0,0,0
jufab,2023-04-03,,france,,0,0,0,0,0,0,0,0,0
jufab,2023-04-04,,france,,0,0,0,0,0,0,0,0,0
jufab,2023-04-05,,france,,0,0,0,0,0,0,0,0,0
jufab,2023-04-06,,france,,0,0,0,0,0,0,0,0,0
julian-ladjani,2023-03-28,,france,,0,0,0,0,0,0,0,0,0
julian-ladjani,2023-03-29,,france,,0,0,0,0,0,0,0,0,0
julian-ladjani,2023-03-30,,france,,0,0,0,0,0,0,0,0,0
julian-ladjani,2023-03-31,,france,,0,0,0,0,0,0,0,0,0
julian-ladjani,2023-04-03,,france,,0,0,0,0,0,0,0,0,0
julian-ladjani,2023-04-04,,france,,0,0,0,0,0,0,0,0,0
julian-ladjani,2023-04-05,98153942,france,,1,0,0,0,0,0,0,0,0
julian-ladjani,2023-04-06,,france,,0,0,0,0,0,0,0,0,0
julienfouilhe,2023-03-28,,france,102026526,0,0,0,0,0,0,0,0,0
julienfouilhe,2023-03-29,,france,102026526,0,0,0,0,0,0,0,0,0
julienfouilhe,2023-03-30,,france,102026526,0,0,0,0,0,0,0,0,0
julienfouilhe,2023-03-31,,france,102026526,0,0,0,0,0,0,0,0,0
julienfouilhe,2023-04-03,,france,102026526,0,0,0,0,0,0,0,0,0
julienfouilhe,2023-04-04,,france,102026526,0,0,0,0,0,0,0,0,0
julienfouilhe,2023-04-05,98199203,france,102026526,1,0,0,0,0,0,0,0,0
julienfouilhe,2023-04-06,,france,102026526,0,0,0,0,0,0,0,0,0
juliensalinas,2023-03-28,,france,77671902,0,0,0,0,0,0,0,0,0
juliensalinas,2023-03-29,,france,77671902,0,0,0,0,0,0,0,0,0
juliensalinas,2023-03-30,97480032,france,77671902,1,0,0,0,0,0,0,0,0
juliensalinas,2023-03-31,,france,77671902,0,0,0,0,0,0,0,0,0
juliensalinas,2023-04-03,,france,77671902,0,0,0,0,0,0,0,0,0
juliensalinas,2023-04-04,,france,77671902,0,0,0,0,0,0,0,0,0
juliensalinas,2023-04-05,,france,77671902,0,0,0,0,0,0,0,0,0
juliensalinas,2023-04-06,,france,77671902,0,0,0,0,0,0,0,0,0
k94ll13nn3,2023-03-28,,france,,0,0,0,0,0,0,0,0,0
k94ll13nn3,2023-03-29,97342783,france,,1,0,0,0,0,0,0,0,0
k94ll13nn3,2023-03-30,,france,,0,0,0,0,0,0,0,0,0
k94ll13nn3,2023-03-31,,france,,0,0,0,0,0,0,0,0,0
k94ll13nn3,2023-04-03,,france,,0,0,0,0,0,0,0,0,0
k94ll13nn3,2023-04-04,,france,,0,0,0,0,0,0,0,0,0
k94ll13nn3,2023-04-05,,france,,0,0,0,0,0,0,0,0,0
k94ll13nn3,2023-04-06,,france,,0,0,0,0,0,0,0,0,0
kLabz,2023-03-28,,france,3826779,0,0,0,0,0,0,0,0,0
kLabz,2023-03-29,,france,3826779,0,0,0,0,0,0,0,0,0
kLabz,2023-03-30,,france,3826779,0,0,0,0,0,0,0,0,0
kLabz,2023-03-31,,france,3826779,0,0,0,0,0,0,0,0,0
kLabz,2023-04-03,,france,3826779,0,0,0,0,0,0,0,0,0
kLabz,2023-04-04,,france,3826779,0,0,0,0,0,0,0,0,0
kLabz,2023-04-05,,france,3826779,0,0,0,0,0,0,0,0,0
kLabz,2023-04-06,98303530,france,3826779,1,0,0,0,0,0,0,0,0
kaipm,2023-03-28,,austria,8281731,0,0,0,0,0,0,0,0,0
kaipm,2023-03-29,97332534,austria,8281731,1,0,0,0,0,0,0,0,0
kaipm,2023-03-30,,austria,8281731,0,0,0,0,0,0,0,0,0
kaipm,2023-03-31,,austria,8281731,0,0,0,0,0,0,0,0,0
kaipm,2023-04-03,,austria,8281731,0,0,0,0,0,0,0,0,0
kaipm,2023-04-04,,austria,8281731,0,0,0,0,0,0,0,0,0
kaipm,2023-04-05,,austria,8281731,0,0,0,0,0,0,0,0,0
kaipm,2023-04-06,,austria,8281731,0,0,0,0,0,0,0,0,0
kamaradclimber,2023-03-28,97185150,france,,1,0,0,0,0,0,0,0,0
kamaradclimber,2023-03-29,,france,,0,0,0,0,0,0,0,0,0
kamaradclimber,2023-03-30,,france,,0,0,0,0,0,0,0,0,0
kamaradclimber,2023-03-31,,france,,0,0,0,0,0,0,0,0,0
kamaradclimber,2023-04-03,,france,,0,0,0,0,0,0,0,0,0
kamaradclimber,2023-04-04,,france,,0,0,0,0,0,0,0,0,0
kamaradclimber,2023-04-05,,france,,0,0,0,0,0,0,0,0,0
kamaradclimber,2023-04-06,,france,,0,0,0,0,0,0,0,0,0
karel-brinda,2023-03-28,,france,,0,0,0,0,0,0,0,0,0
karel-brinda,2023-03-29,,france,,0,0,0,0,0,0,0,0,0
karel-brinda,2023-03-30,,france,,0,0,0,0,0,0,0,0,0
karel-brinda,2023-03-31,,france,,0,0,0,0,0,0,0,0,0
karel-brinda,2023-04-03,,france,,0,0,0,0,0,0,0,0,0
karel-brinda,2023-04-04,,france,,0,0,0,0,0,0,0,0,0
karel-brinda,2023-04-05,98283234,france,,1,0,0,0,0,0,0,0,0
karel-brinda,2023-04-06,98283459,france,,1,0,0,0,0,0,0,0,0
karlhorky,2023-03-28,,austria,43520685,0,0,0,0,0,0,0,0,0
karlhorky,2023-03-29,,austria,43520685,0,0,0,0,0,0,0,0,0
karlhorky,2023-03-30,,austria,43520685,0,0,0,0,0,0,0,0,0
karlhorky,2023-03-31,,austria,43520685,0,0,0,0,0,0,0,0,0
karlhorky,2023-04-03,97812041,austria,43520685,1,0,0,0,0,0,0,0,0
karlhorky,2023-04-04,,austria,43520685,0,0,0,0,0,0,0,0,0
karlhorky,2023-04-05,98151428,austria,43520685,1,0,0,0,0,0,0,0,0
karlhorky,2023-04-06,98439051,austria,43520685,1,0,0,0,0,0,0,0,0
kbeaugrand,2023-03-28,,france,80094245,0,0,0,0,0,0,0,0,0
kbeaugrand,2023-03-29,,france,80094245,0,0,0,0,0,0,0,0,0
kbeaugrand,2023-03-30,,france,80094245,0,0,0,0,0,0,0,0,0
kbeaugrand,2023-03-31,97679486,france,80094245,1,0,0,0,0,0,0,0,0
kbeaugrand,2023-04-03,,france,80094245,0,0,0,0,0,0,0,0,0
kbeaugrand,2023-04-04,98045105,france,80094245,1,0,0,0,0,0,0,0,0
kbeaugrand,2023-04-05,,france,80094245,0,0,0,0,0,0,0,0,0
kbeaugrand,2023-04-06,,france,80094245,0,0,0,0,0,0,0,0,0
kbyjoel,2023-03-28,,france,14820816,0,0,0,0,0,0,0,0,0
kbyjoel,2023-03-29,,france,14820816,0,0,0,0,0,0,0,0,0
kbyjoel,2023-03-30,,france,14820816,0,0,0,0,0,0,0,0,0
kbyjoel,2023-03-31,97600819,france,14820816,1,0,0,0,0,0,0,0,0
kbyjoel,2023-04-03,,france,14820816,0,0,0,0,0,0,0,0,0
kbyjoel,2023-04-04,,france,14820816,0,0,0,0,0,0,0,0,0
kbyjoel,2023-04-05,,france,14820816,0,0,0,0,0,0,0,0,0
kbyjoel,2023-04-06,,france,14820816,0,0,0,0,0,0,0,0,0
kelianClerc,2023-03-28,97132629,france,24934937,1,0,0,0,0,0,0,0,0
kelianClerc,2023-03-29,,france,24934937,0,0,0,0,0,0,0,0,0
kelianClerc,2023-03-30,,france,24934937,0,0,0,0,0,0,0,0,0
kelianClerc,2023-03-31,,france,24934937,0,0,0,0,0,0,0,0,0
kelianClerc,2023-04-03,,france,24934937,0,0,0,0,0,0,0,0,0
kelianClerc,2023-04-04,,france,24934937,0,0,0,0,0,0,0,0,0
kelianClerc,2023-04-05,,france,24934937,0,0,0,0,0,0,0,0,0
kelianClerc,2023-04-06,,france,24934937,0,0,0,0,0,0,0,0,0
keltia,2023-03-28,,france,,0,0,0,0,0,0,0,0,0
keltia,2023-03-29,,france,,0,0,0,0,0,0,0,0,0
keltia,2023-03-30,,france,,0,0,0,0,0,0,0,0,0
keltia,2023-03-31,,france,,0,0,0,0,0,0,0,0,0
keltia,2023-04-03,97906039,france,,1,0,0,0,0,0,0,0,0
keltia,2023-04-04,98032208,france,,1,0,0,0,0,0,0,0,0
keltia,2023-04-05,,france,,0,0,0,0,0,0,0,0,0
keltia,2023-04-06,98335763,france,,1,0,0,0,0,0,0,0,0
kevbarns,2023-03-28,,france,63645182,0,0,0,0,0,0,0,0,0
kevbarns,2023-03-29,97283143,france,63645182,1,0,0,0,0,0,0,0,0
kevbarns,2023-03-30,97543054,france,63645182,1,0,0,0,0,0,0,0,0
kevbarns,2023-03-31,,france,63645182,0,0,0,0,0,0,0,0,0
kevbarns,2023-04-03,97844626,france,63645182,1,0,0,0,0,0,0,0,0
kevbarns,2023-04-04,,france,63645182,0,0,0,0,0,0,0,0,0
kevbarns,2023-04-05,98176592,france,63645182,1,0,0,0,0,0,0,0,0
kevbarns,2023-04-06,,france,63645182,0,0,0,0,0,0,0,0,0
kevinpapst,2023-03-28,,austria,,0,0,0,0,0,0,0,0,0
kevinpapst,2023-03-29,97397204,austria,,1,0,0,0,0,0,0,0,0
kevinpapst,2023-03-30,,austria,,0,0,0,0,0,0,0,0,0
kevinpapst,2023-03-31,,austria,,0,0,0,0,0,0,0,0,0
kevinpapst,2023-04-03,,austria,,0,0,0,0,0,0,0,0,0
kevinpapst,2023-04-04,,austria,,0,0,0,0,0,0,0,0,0
kevinpapst,2023-04-05,,austria,,0,0,0,0,0,0,0,0,0
kevinpapst,2023-04-06,,austria,,0,0,0,0,0,0,0,0,0
khaeru,2023-03-28,,austria,,0,0,0,0,0,0,0,0,0
khaeru,2023-03-29,,austria,,0,0,0,0,0,0,0,0,0
khaeru,2023-03-30,,austria,,0,0,0,0,0,0,0,0,0
khaeru,2023-03-31,97647635,austria,,1,0,0,0,0,0,0,0,0
khaeru,2023-04-03,,austria,,0,0,0,0,0,0,0,0,0
khaeru,2023-04-04,,austria,,0,0,0,0,0,0,0,0,0
khaeru,2023-04-05,,austria,,0,0,0,0,0,0,0,0,0
khaeru,2023-04-06,,austria,,0,0,0,0,0,0,0,0,0
khergalant,2023-03-28,,france,1677996,0,0,0,0,0,0,0,0,0
khergalant,2023-03-29,,france,1677996,0,0,0,0,0,0,0,0,0
khergalant,2023-03-30,,france,1677996,0,0,0,0,0,0,0,0,0
khergalant,2023-03-31,,france,1677996,0,0,0,0,0,0,0,0,0
khergalant,2023-04-03,,france,1677996,0,0,0,0,0,0,0,0,0
khergalant,2023-04-04,,france,1677996,0,0,0,0,0,0,0,0,0
khergalant,2023-04-05,,france,1677996,0,0,0,0,0,0,0,0,0
khergalant,2023-04-06,98392119,france,1677996,1,0,0,0,0,0,0,0,0
kirby81,2023-03-28,,france,65455543,0,0,0,0,0,0,0,0,0
kirby81,2023-03-29,,france,65455543,0,0,0,0,0,0,0,0,0
kirby81,2023-03-30,,france,65455543,0,0,0,0,0,0,0,0,0
kirby81,2023-03-31,,france,65455543,0,0,0,0,0,0,0,0,0
kirby81,2023-04-03,,france,65455543,0,0,0,0,0,0,0,0,0
kirby81,2023-04-04,,france,65455543,0,0,0,0,0,0,0,0,0
kirby81,2023-04-05,,france,65455543,0,0,0,0,0,0,0,0,0
kirby81,2023-04-06,98417447,france,65455543,1,0,0,0,0,0,0,0,0
kivutar,2023-03-28,,france,,0,0,0,0,0,0,0,0,0
kivutar,2023-03-29,,france,,0,0,0,0,0,0,0,0,0
kivutar,2023-03-30,,france,,0,0,0,0,0,0,0,0,0
kivutar,2023-03-31,,france,,0,0,0,0,0,0,0,0,0
kivutar,2023-04-03,,france,,0,0,0,0,0,0,0,0,0
kivutar,2023-04-04,98025722,france,,1,0,0,0,0,0,0,0,0
kivutar,2023-04-05,,france,,0,0,0,0,0,0,0,0,0
kivutar,2023-04-06,,france,,0,0,0,0,0,0,0,0,0
kovzol,2023-03-28,,austria,,0,0,0,0,0,0,0,0,0
kovzol,2023-03-29,97268167,austria,,1,0,0,0,0,0,0,0,0
kovzol,2023-03-30,,austria,,0,0,0,0,0,0,0,0,0
kovzol,2023-03-31,,austria,,0,0,0,0,0,0,0,0,0
kovzol,2023-04-03,97862226,austria,,1,0,0,0,0,0,0,0,0
kovzol,2023-04-04,98004633,austria,,1,0,0,0,0,0,0,0,0
kovzol,2023-04-05,,austria,,0,0,0,0,0,0,0,0,0
kovzol,2023-04-06,,austria,,0,0,0,0,0,0,0,0,0
kpetremann,2023-03-28,,france,,0,0,0,0,0,0,0,0,0
kpetremann,2023-03-29,,france,,0,0,0,0,0,0,0,0,0
kpetremann,2023-03-30,,france,,0,0,0,0,0,0,0,0,0
kpetremann,2023-03-31,97679182,france,,1,0,0,0,0,0,0,0,0
kpetremann,2023-04-03,,france,,0,0,0,0,0,0,0,0,0
kpetremann,2023-04-04,,france,,0,0,0,0,0,0,0,0,0
kpetremann,2023-04-05,,france,,0,0,0,0,0,0,0,0,0
kpetremann,2023-04-06,,france,,0,0,0,0,0,0,0,0,0
krahabb,2023-03-28,97217281,italy,,1,1,0,0,0,0,0,0,0
krahabb,2023-03-29,,italy,,0,0,1,0,0,0,0,0,0
krahabb,2023-03-30,,italy,,0,0,0,1,0,0,0,0,0
krahabb,2023-03-31,,italy,,0,0,0,0,1,0,0,0,0
krahabb,2023-04-03,,italy,,0,0,0,0,0,1,0,0,0
krahabb,2023-04-04,,italy,,0,0,0,0,0,0,1,0,0
krahabb,2023-04-05,,italy,,0,0,0,0,0,0,0,1,0
krahabb,2023-04-06,,italy,,0,0,0,0,0,0,0,0,1
krasserm,2023-03-28,,austria,,0,0,0,0,0,0,0,0,0
krasserm,2023-03-29,,austria,,0,0,0,0,0,0,0,0,0
krasserm,2023-03-30,,austria,,0,0,0,0,0,0,0,0,0
krasserm,2023-03-31,97646500,austria,,1,0,0,0,0,0,0,0,0
krasserm,2023-04-03,,austria,,0,0,0,0,0,0,0,0,0
krasserm,2023-04-04,,austria,,0,0,0,0,0,0,0,0,0
krasserm,2023-04-05,,austria,,0,0,0,0,0,0,0,0,0
krasserm,2023-04-06,,austria,,0,0,0,0,0,0,0,0,0
l0rd,2023-03-28,,france,56974,0,0,0,0,0,0,0,0,0
l0rd,2023-03-29,,france,56974,0,0,0,0,0,0,0,0,0
l0rd,2023-03-30,,france,56974,0,0,0,0,0,0,0,0,0
l0rd,2023-03-31,,france,56974,0,0,0,0,0,0,0,0,0
l0rd,2023-04-03,97468156,france,56974,1,0,0,0,0,0,0,0,0
l0rd,2023-04-04,,france,56974,0,0,0,0,0,0,0,0,0
l0rd,2023-04-05,,france,56974,0,0,0,0,0,0,0,0,0
l0rd,2023-04-06,,france,56974,0,0,0,0,0,0,0,0,0
lahabana,2023-03-28,,france,67433617,0,0,0,0,0,0,0,0,0
lahabana,2023-03-29,,france,67433617,0,0,0,0,0,0,0,0,0
lahabana,2023-03-30,,france,67433617,0,0,0,0,0,0,0,0,0
lahabana,2023-03-31,,france,67433617,0,0,0,0,0,0,0,0,0
lahabana,2023-04-03,97815540,france,67433617,1,0,0,0,0,0,0,0,0
lahabana,2023-04-04,,france,67433617,0,0,0,0,0,0,0,0,0
lahabana,2023-04-05,,france,67433617,0,0,0,0,0,0,0,0,0
lahabana,2023-04-06,,france,67433617,0,0,0,0,0,0,0,0,0
larbish,2023-03-28,,france,111748132,0,0,0,0,0,0,0,0,0
larbish,2023-03-29,,france,111748132,0,0,0,0,0,0,0,0,0
larbish,2023-03-30,,france,111748132,0,0,0,0,0,0,0,0,0
larbish,2023-03-31,97697076,france,111748132,1,0,0,0,0,0,0,0,0
larbish,2023-04-03,97822579,france,111748132,1,0,0,0,0,0,0,0,0
larbish,2023-04-04,,france,111748132,0,0,0,0,0,0,0,0,0
larbish,2023-04-05,,france,111748132,0,0,0,0,0,0,0,0,0
larbish,2023-04-06,,france,111748132,0,0,0,0,0,0,0,0,0
larmarange,2023-03-28,97140210,france,,1,0,0,0,0,0,0,0,0
larmarange,2023-03-29,,france,,0,0,0,0,0,0,0,0,0
larmarange,2023-03-30,,france,,0,0,0,0,0,0,0,0,0
larmarange,2023-03-31,,france,,0,0,0,0,0,0,0,0,0
larmarange,2023-04-03,,france,,0,0,0,0,0,0,0,0,0
larmarange,2023-04-04,,france,,0,0,0,0,0,0,0,0,0
larmarange,2023-04-05,,france,,0,0,0,0,0,0,0,0,0
larmarange,2023-04-06,,france,,0,0,0,0,0,0,0,0,0
laurentsenta,2023-03-28,97211644,france,29306246,1,0,0,0,0,0,0,0,0
laurentsenta,2023-03-29,,france,29306246,0,0,0,0,0,0,0,0,0
laurentsenta,2023-03-30,,france,29306246,0,0,0,0,0,0,0,0,0
laurentsenta,2023-03-31,,france,29306246,0,0,0,0,0,0,0,0,0
laurentsenta,2023-04-03,,france,29306246,0,0,0,0,0,0,0,0,0
laurentsenta,2023-04-04,,france,29306246,0,0,0,0,0,0,0,0,0
laurentsenta,2023-04-05,,france,29306246,0,0,0,0,0,0,0,0,0
laurentsenta,2023-04-06,,france,29306246,0,0,0,0,0,0,0,0,0
lavigne958,2023-03-28,,france,,0,0,0,0,0,0,0,0,0
lavigne958,2023-03-29,,france,,0,0,0,0,0,0,0,0,0
lavigne958,2023-03-30,,france,,0,0,0,0,0,0,0,0,0
lavigne958,2023-03-31,,france,,0,0,0,0,0,0,0,0,0
lavigne958,2023-04-03,,france,,0,0,0,0,0,0,0,0,0
lavigne958,2023-04-04,98105425,france,,1,0,0,0,0,0,0,0,0
lavigne958,2023-04-05,,france,,0,0,0,0,0,0,0,0,0
lavigne958,2023-04-06,,france,,0,0,0,0,0,0,0,0,0
lboucin,2023-03-28,,france,66023092,0,0,0,0,0,0,0,0,0
lboucin,2023-03-29,,france,66023092,0,0,0,0,0,0,0,0,0
lboucin,2023-03-30,,france,66023092,0,0,0,0,0,0,0,0,0
lboucin,2023-03-31,,france,66023092,0,0,0,0,0,0,0,0,0
lboucin,2023-04-03,97660284,france,66023092,1,0,0,0,0,0,0,0,0
lboucin,2023-04-04,,france,66023092,0,0,0,0,0,0,0,0,0
lboucin,2023-04-05,,france,66023092,0,0,0,0,0,0,0,0,0
lboucin,2023-04-06,,france,66023092,0,0,0,0,0,0,0,0,0
lboulard,2023-03-28,,france,,0,0,0,0,0,0,0,0,0
lboulard,2023-03-29,97269358,france,,1,0,0,0,0,0,0,0,0
lboulard,2023-03-30,,france,,0,0,0,0,0,0,0,0,0
lboulard,2023-03-31,97587841,france,,1,0,0,0,0,0,0,0,0
lboulard,2023-04-03,97799962,france,,1,0,0,0,0,0,0,0,0
lboulard,2023-04-04,,france,,0,0,0,0,0,0,0,0,0
lboulard,2023-04-05,98143681,france,,1,0,0,0,0,0,0,0,0
lboulard,2023-04-06,98293201,france,,1,0,0,0,0,0,0,0,0
lbr38,2023-03-28,,france,,0,0,0,0,0,0,0,0,0
lbr38,2023-03-29,,france,,0,0,0,0,0,0,0,0,0
lbr38,2023-03-30,,france,,0,0,0,0,0,0,0,0,0
lbr38,2023-03-31,,france,,0,0,0,0,0,0,0,0,0
lbr38,2023-04-03,97866178,france,,1,0,0,0,0,0,0,0,0
lbr38,2023-04-04,,france,,0,0,0,0,0,0,0,0,0
lbr38,2023-04-05,,france,,0,0,0,0,0,0,0,0,0
lbr38,2023-04-06,,france,,0,0,0,0,0,0,0,0,0
ldez,2023-03-28,,france,15367115,0,0,0,0,0,0,0,0,0
ldez,2023-03-29,,france,15367115,0,0,0,0,0,0,0,0,0
ldez,2023-03-30,,france,15367115,0,0,0,0,0,0,0,0,0
ldez,2023-03-31,,france,15367115,0,0,0,0,0,0,0,0,0
ldez,2023-04-03,,france,15367115,0,0,0,0,0,0,0,0,0
ldez,2023-04-04,98019487,france,15367115,1,0,0,0,0,0,0,0,0
ldez,2023-04-05,,france,15367115,0,0,0,0,0,0,0,0,0
ldez,2023-04-06,,france,15367115,0,0,0,0,0,0,0,0,0
lebesnec,2023-03-28,,france,,0,0,0,0,0,0,0,0,0
lebesnec,2023-03-29,,france,,0,0,0,0,0,0,0,0,0
lebesnec,2023-03-30,,france,,0,0,0,0,0,0,0,0,0
lebesnec,2023-03-31,,france,,0,0,0,0,0,0,0,0,0
lebesnec,2023-04-03,,france,,0,0,0,0,0,0,0,0,0
lebesnec,2023-04-04,,france,,0,0,0,0,0,0,0,0,0
lebesnec,2023-04-05,,france,,0,0,0,0,0,0,0,0,0
lebesnec,2023-04-06,98431715,france,,1,0,0,0,0,0,0,0,0
lecoqlibre,2023-03-28,97240646,france,24959977,1,0,0,0,0,0,0,0,0
lecoqlibre,2023-03-29,,france,24959977,0,0,0,0,0,0,0,0,0
lecoqlibre,2023-03-30,,france,24959977,0,0,0,0,0,0,0,0,0
lecoqlibre,2023-03-31,,france,24959977,0,0,0,0,0,0,0,0,0
lecoqlibre,2023-04-03,,france,24959977,0,0,0,0,0,0,0,0,0
lecoqlibre,2023-04-04,,france,24959977,0,0,0,0,0,0,0,0,0
lecoqlibre,2023-04-05,,france,24959977,0,0,0,0,0,0,0,0,0
lecoqlibre,2023-04-06,,france,24959977,0,0,0,0,0,0,0,0,0
leecher1337,2023-03-28,,austria,,0,0,0,0,0,0,0,0,0
leecher1337,2023-03-29,,austria,,0,0,0,0,0,0,0,0,0
leecher1337,2023-03-30,,austria,,0,0,0,0,0,0,0,0,0
leecher1337,2023-03-31,,austria,,0,0,0,0,0,0,0,0,0
leecher1337,2023-04-03,,austria,,0,0,0,0,0,0,0,0,0
leecher1337,2023-04-04,,austria,,0,0,0,0,0,0,0,0,0
leecher1337,2023-04-05,,austria,,0,0,0,0,0,0,0,0,0
leecher1337,2023-04-06,98475122,austria,,1,0,0,0,0,0,0,0,0
leodarengosse,2023-03-28,,france,1866492,0,0,0,0,0,0,0,0,0
leodarengosse,2023-03-29,,france,1866492,0,0,0,0,0,0,0,0,0
leodarengosse,2023-03-30,97472445,france,1866492,1,0,0,0,0,0,0,0,0
leodarengosse,2023-03-31,97602758,france,1866492,1,0,0,0,0,0,0,0,0
leodarengosse,2023-04-03,,france,1866492,0,0,0,0,0,0,0,0,0
leodarengosse,2023-04-04,,france,1866492,0,0,0,0,0,0,0,0,0
leodarengosse,2023-04-05,,france,1866492,0,0,0,0,0,0,0,0,0
leodarengosse,2023-04-06,,france,1866492,0,0,0,0,0,0,0,0,0
lepremieraxel,2023-03-28,,france,,0,0,0,0,0,0,0,0,0
lepremieraxel,2023-03-29,,france,,0,0,0,0,0,0,0,0,0
lepremieraxel,2023-03-30,,france,,0,0,0,0,0,0,0,0,0
lepremieraxel,2023-03-31,,france,,0,0,0,0,0,0,0,0,0
lepremieraxel,2023-04-03,,france,,0,0,0,0,0,0,0,0,0
lepremieraxel,2023-04-04,,france,,0,0,0,0,0,0,0,0,0
lepremieraxel,2023-04-05,,france,,0,0,0,0,0,0,0,0,0
lepremieraxel,2023-04-06,98310993,france,,1,0,0,0,0,0,0,0,0
levyndot,2023-03-28,,france,51477151,0,0,0,0,0,0,0,0,0
levyndot,2023-03-29,,france,51477151,0,0,0,0,0,0,0,0,0
levyndot,2023-03-30,,france,51477151,0,0,0,0,0,0,0,0,0
levyndot,2023-03-31,,france,51477151,0,0,0,0,0,0,0,0,0
levyndot,2023-04-03,,france,51477151,0,0,0,0,0,0,0,0,0
levyndot,2023-04-04,98062682,france,51477151,1,0,0,0,0,0,0,0,0
levyndot,2023-04-05,,france,51477151,0,0,0,0,0,0,0,0,0
levyndot,2023-04-06,,france,51477151,0,0,0,0,0,0,0,0,0
lhoestq,2023-03-28,,france,25720743,0,0,0,0,0,0,0,0,0
lhoestq,2023-03-29,97359740,france,25720743,1,0,0,0,0,0,0,0,0
lhoestq,2023-03-30,,france,25720743,0,0,0,0,0,0,0,0,0
lhoestq,2023-03-31,,france,25720743,0,0,0,0,0,0,0,0,0
lhoestq,2023-04-03,,france,25720743,0,0,0,0,0,0,0,0,0
lhoestq,2023-04-04,,france,25720743,0,0,0,0,0,0,0,0,0
lhoestq,2023-04-05,,france,25720743,0,0,0,0,0,0,0,0,0
lhoestq,2023-04-06,,france,25720743,0,0,0,0,0,0,0,0,0
librasoft-fr,2023-03-28,,france,,0,0,0,0,0,0,0,0,0
librasoft-fr,2023-03-29,,france,,0,0,0,0,0,0,0,0,0
librasoft-fr,2023-03-30,,france,,0,0,0,0,0,0,0,0,0
librasoft-fr,2023-03-31,,france,,0,0,0,0,0,0,0,0,0
librasoft-fr,2023-04-03,,france,,0,0,0,0,0,0,0,0,0
librasoft-fr,2023-04-04,,france,,0,0,0,0,0,0,0,0,0
librasoft-fr,2023-04-05,,france,,0,0,0,0,0,0,0,0,0
librasoft-fr,2023-04-06,98425978,france,,1,0,0,0,0,0,0,0,0
lichfolky,2023-03-28,,italy,,0,1,0,0,0,0,0,0,0
lichfolky,2023-03-29,97300214,italy,,1,0,1,0,0,0,0,0,0
lichfolky,2023-03-30,,italy,,0,0,0,1,0,0,0,0,0
lichfolky,2023-03-31,,italy,,0,0,0,0,1,0,0,0,0
lichfolky,2023-04-03,,italy,,0,0,0,0,0,1,0,0,0
lichfolky,2023-04-04,,italy,,0,0,0,0,0,0,1,0,0
lichfolky,2023-04-05,,italy,,0,0,0,0,0,0,0,1,0
lichfolky,2023-04-06,,italy,,0,0,0,0,0,0,0,0,1
lideke,2023-03-28,,france,22340882,0,0,0,0,0,0,0,0,0
lideke,2023-03-29,,france,22340882,0,0,0,0,0,0,0,0,0
lideke,2023-03-30,,france,22340882,0,0,0,0,0,0,0,0,0
lideke,2023-03-31,,france,22340882,0,0,0,0,0,0,0,0,0
lideke,2023-04-03,97825692,france,22340882,1,0,0,0,0,0,0,0,0
lideke,2023-04-04,,france,22340882,0,0,0,0,0,0,0,0,0
lideke,2023-04-05,,france,22340882,0,0,0,0,0,0,0,0,0
lideke,2023-04-06,98342784,france,22340882,1,0,0,0,0,0,0,0,0
lihbr,2023-03-28,97145316,france,111748132,1,0,0,0,0,0,0,0,0
lihbr,2023-03-29,,france,111748132,0,0,0,0,0,0,0,0,0
lihbr,2023-03-30,,france,111748132,0,0,0,0,0,0,0,0,0
lihbr,2023-03-31,,france,111748132,0,0,0,0,0,0,0,0,0
lihbr,2023-04-03,,france,111748132,0,0,0,0,0,0,0,0,0
lihbr,2023-04-04,,france,111748132,0,0,0,0,0,0,0,0,0
lihbr,2023-04-05,,france,111748132,0,0,0,0,0,0,0,0,0
lihbr,2023-04-06,,france,111748132,0,0,0,0,0,0,0,0,0
lipme,2023-03-28,,france,,0,0,0,0,0,0,0,0,0
lipme,2023-03-29,,france,,0,0,0,0,0,0,0,0,0
lipme,2023-03-30,,france,,0,0,0,0,0,0,0,0,0
lipme,2023-03-31,97623604,france,,1,0,0,0,0,0,0,0,0
lipme,2023-04-03,,france,,0,0,0,0,0,0,0,0,0
lipme,2023-04-04,,france,,0,0,0,0,0,0,0,0,0
lipme,2023-04-05,,france,,0,0,0,0,0,0,0,0,0
lipme,2023-04-06,,france,,0,0,0,0,0,0,0,0,0
llaske,2023-03-28,97234112,france,,1,0,0,0,0,0,0,0,0
llaske,2023-03-29,,france,,0,0,0,0,0,0,0,0,0
llaske,2023-03-30,,france,,0,0,0,0,0,0,0,0,0
llaske,2023-03-31,,france,,0,0,0,0,0,0,0,0,0
llaske,2023-04-03,,france,,0,0,0,0,0,0,0,0,0
llaske,2023-04-04,,france,,0,0,0,0,0,0,0,0,0
llaske,2023-04-05,,france,,0,0,0,0,0,0,0,0,0
llaske,2023-04-06,,france,,0,0,0,0,0,0,0,0,0
llaumgui,2023-03-28,,france,84306992,0,0,0,0,0,0,0,0,0
llaumgui,2023-03-29,97336618,france,84306992,1,0,0,0,0,0,0,0,0
llaumgui,2023-03-30,,france,84306992,0,0,0,0,0,0,0,0,0
llaumgui,2023-03-31,,france,84306992,0,0,0,0,0,0,0,0,0
llaumgui,2023-04-03,,france,84306992,0,0,0,0,0,0,0,0,0
llaumgui,2023-04-04,,france,84306992,0,0,0,0,0,0,0,0,0
llaumgui,2023-04-05,,france,84306992,0,0,0,0,0,0,0,0,0
llaumgui,2023-04-06,,france,84306992,0,0,0,0,0,0,0,0,0
lo-opix,2023-03-28,,france,,0,0,0,0,0,0,0,0,0
lo-opix,2023-03-29,,france,,0,0,0,0,0,0,0,0,0
lo-opix,2023-03-30,,france,,0,0,0,0,0,0,0,0,0
lo-opix,2023-03-31,,france,,0,0,0,0,0,0,0,0,0
lo-opix,2023-04-03,97898351,france,,1,0,0,0,0,0,0,0,0
lo-opix,2023-04-04,,france,,0,0,0,0,0,0,0,0,0
lo-opix,2023-04-05,98276320,france,,1,0,0,0,0,0,0,0,0
lo-opix,2023-04-06,98382692,france,,1,0,0,0,0,0,0,0,0
loic-roux-404,2023-03-28,,france,,0,0,0,0,0,0,0,0,0
loic-roux-404,2023-03-29,,france,,0,0,0,0,0,0,0,0,0
loic-roux-404,2023-03-30,,france,,0,0,0,0,0,0,0,0,0
loic-roux-404,2023-03-31,,france,,0,0,0,0,0,0,0,0,0
loic-roux-404,2023-04-03,,france,,0,0,0,0,0,0,0,0,0
loic-roux-404,2023-04-04,,france,,0,0,0,0,0,0,0,0,0
loic-roux-404,2023-04-05,,france,,0,0,0,0,0,0,0,0,0
loic-roux-404,2023-04-06,98475298,france,,1,0,0,0,0,0,0,0,0
lollo03,2023-03-28,,italy,,0,1,0,0,0,0,0,0,0
lollo03,2023-03-29,,italy,,0,0,1,0,0,0,0,0,0
lollo03,2023-03-30,,italy,,0,0,0,1,0,0,0,0,0
lollo03,2023-03-31,,italy,,0,0,0,0,1,0,0,0,0
lollo03,2023-04-03,,italy,,0,0,0,0,0,1,0,0,0
lollo03,2023-04-04,,italy,,0,0,0,0,0,0,1,0,0
lollo03,2023-04-05,,italy,,0,0,0,0,0,0,0,1,0
lollo03,2023-04-06,98433855,italy,,1,0,0,0,0,0,0,0,1
lolo101,2023-03-28,,france,,0,0,0,0,0,0,0,0,0
lolo101,2023-03-29,,france,,0,0,0,0,0,0,0,0,0
lolo101,2023-03-30,,france,,0,0,0,0,0,0,0,0,0
lolo101,2023-03-31,97696304,france,,1,0,0,0,0,0,0,0,0
lolo101,2023-04-03,,france,,0,0,0,0,0,0,0,0,0
lolo101,2023-04-04,,france,,0,0,0,0,0,0,0,0,0
lolo101,2023-04-05,,france,,0,0,0,0,0,0,0,0,0
lolo101,2023-04-06,,france,,0,0,0,0,0,0,0,0,0
lorenzosacco02,2023-03-28,,italy,,0,1,0,0,0,0,0,0,0
lorenzosacco02,2023-03-29,,italy,,0,0,1,0,0,0,0,0,0
lorenzosacco02,2023-03-30,97482889,italy,,1,0,0,1,0,0,0,0,0
lorenzosacco02,2023-03-31,,italy,,0,0,0,0,1,0,0,0,0
lorenzosacco02,2023-04-03,,italy,,0,0,0,0,0,1,0,0,0
lorenzosacco02,2023-04-04,,italy,,0,0,0,0,0,0,1,0,0
lorenzosacco02,2023-04-05,,italy,,0,0,0,0,0,0,0,1,0
lorenzosacco02,2023-04-06,,italy,,0,0,0,0,0,0,0,0,1
lporcheron,2023-03-28,97196851,france,11743331,1,0,0,0,0,0,0,0,0
lporcheron,2023-03-29,,france,11743331,0,0,0,0,0,0,0,0,0
lporcheron,2023-03-30,97443338,france,11743331,1,0,0,0,0,0,0,0,0
lporcheron,2023-03-31,,france,11743331,0,0,0,0,0,0,0,0,0
lporcheron,2023-04-03,,france,11743331,0,0,0,0,0,0,0,0,0
lporcheron,2023-04-04,,france,11743331,0,0,0,0,0,0,0,0,0
lporcheron,2023-04-05,,france,11743331,0,0,0,0,0,0,0,0,0
lporcheron,2023-04-06,,france,11743331,0,0,0,0,0,0,0,0,0
lppedd,2023-03-28,,italy,,0,1,0,0,0,0,0,0,0
lppedd,2023-03-29,,italy,,0,0,1,0,0,0,0,0,0
lppedd,2023-03-30,,italy,,0,0,0,1,0,0,0,0,0
lppedd,2023-03-31,,italy,,0,0,0,0,1,0,0,0,0
lppedd,2023-04-03,,italy,,0,0,0,0,0,1,0,0,0
lppedd,2023-04-04,,italy,,0,0,0,0,0,0,1,0,0
lppedd,2023-04-05,98228258,italy,,1,0,0,0,0,0,0,1,0
lppedd,2023-04-06,98390955,italy,,1,0,0,0,0,0,0,0,1
lraucy,2023-03-28,,france,365230,0,0,0,0,0,0,0,0,0
lraucy,2023-03-29,97307063,france,365230,1,0,0,0,0,0,0,0,0
lraucy,2023-03-30,,france,365230,0,0,0,0,0,0,0,0,0
lraucy,2023-03-31,97641388,france,365230,1,0,0,0,0,0,0,0,0
lraucy,2023-04-03,,france,365230,0,0,0,0,0,0,0,0,0
lraucy,2023-04-04,,france,365230,0,0,0,0,0,0,0,0,0
lraucy,2023-04-05,,france,365230,0,0,0,0,0,0,0,0,0
lraucy,2023-04-06,,france,365230,0,0,0,0,0,0,0,0,0
ltrzesniewski,2023-03-28,,france,,0,0,0,0,0,0,0,0,0
ltrzesniewski,2023-03-29,,france,,0,0,0,0,0,0,0,0,0
ltrzesniewski,2023-03-30,,france,,0,0,0,0,0,0,0,0,0
ltrzesniewski,2023-03-31,,france,,0,0,0,0,0,0,0,0,0
ltrzesniewski,2023-04-03,97908081,france,,1,0,0,0,0,0,0,0,0
ltrzesniewski,2023-04-04,,france,,0,0,0,0,0,0,0,0,0
ltrzesniewski,2023-04-05,,france,,0,0,0,0,0,0,0,0,0
ltrzesniewski,2023-04-06,,france,,0,0,0,0,0,0,0,0,0
luca-martial,2023-03-28,,france,15903364,0,0,0,0,0,0,0,0,0
luca-martial,2023-03-29,,france,15903364,0,0,0,0,0,0,0,0,0
luca-martial,2023-03-30,,france,15903364,0,0,0,0,0,0,0,0,0
luca-martial,2023-03-31,,france,15903364,0,0,0,0,0,0,0,0,0
luca-martial,2023-04-03,97904953,france,15903364,1,0,0,0,0,0,0,0,0
luca-martial,2023-04-04,,france,15903364,0,0,0,0,0,0,0,0,0
luca-martial,2023-04-05,,france,15903364,0,0,0,0,0,0,0,0,0
luca-martial,2023-04-06,,france,15903364,0,0,0,0,0,0,0,0,0
lucalianas,2023-03-28,,italy,4609555,0,1,0,0,0,0,0,0,0
lucalianas,2023-03-29,97278702,italy,4609555,1,0,1,0,0,0,0,0,0
lucalianas,2023-03-30,,italy,4609555,0,0,0,1,0,0,0,0,0
lucalianas,2023-03-31,,italy,4609555,0,0,0,0,1,0,0,0,0
lucalianas,2023-04-03,,italy,4609555,0,0,0,0,0,1,0,0,0
lucalianas,2023-04-04,,italy,4609555,0,0,0,0,0,0,1,0,0
lucalianas,2023-04-05,,italy,4609555,0,0,0,0,0,0,0,1,0
lucalianas,2023-04-06,,italy,4609555,0,0,0,0,0,0,0,0,1
lucasantoine,2023-03-28,,france,,0,0,0,0,0,0,0,0,0
lucasantoine,2023-03-29,,france,,0,0,0,0,0,0,0,0,0
lucasantoine,2023-03-30,,france,,0,0,0,0,0,0,0,0,0
lucasantoine,2023-03-31,,france,,0,0,0,0,0,0,0,0,0
lucasantoine,2023-04-03,,france,,0,0,0,0,0,0,0,0,0
lucasantoine,2023-04-04,,france,,0,0,0,0,0,0,0,0,0
lucasantoine,2023-04-05,98276119,france,,1,0,0,0,0,0,0,0,0
lucasantoine,2023-04-06,,france,,0,0,0,0,0,0,0,0,0
lucatume,2023-03-28,,france,84730291,0,0,0,0,0,0,0,0,0
lucatume,2023-03-29,,france,84730291,0,0,0,0,0,0,0,0,0
lucatume,2023-03-30,97431437,france,84730291,1,0,0,0,0,0,0,0,0
lucatume,2023-03-31,97592277,france,84730291,1,0,0,0,0,0,0,0,0
lucatume,2023-04-03,97806435,france,84730291,1,0,0,0,0,0,0,0,0
lucatume,2023-04-04,98059714,france,84730291,1,0,0,0,0,0,0,0,0
lucatume,2023-04-05,,france,84730291,0,0,0,0,0,0,0,0,0
lucatume,2023-04-06,,france,84730291,0,0,0,0,0,0,0,0,0
lucawellmeier,2023-03-28,,italy,,0,1,0,0,0,0,0,0,0
lucawellmeier,2023-03-29,,italy,,0,0,1,0,0,0,0,0,0
lucawellmeier,2023-03-30,97518466,italy,,1,0,0,1,0,0,0,0,0
lucawellmeier,2023-03-31,,italy,,0,0,0,0,1,0,0,0,0
lucawellmeier,2023-04-03,97850672,italy,,1,0,0,0,0,1,0,0,0
lucawellmeier,2023-04-04,,italy,,0,0,0,0,0,0,1,0,0
lucawellmeier,2023-04-05,,italy,,0,0,0,0,0,0,0,1,0
lucawellmeier,2023-04-06,,italy,,0,0,0,0,0,0,0,0,1
lucliscio,2023-03-28,,italy,16081031,0,1,0,0,0,0,0,0,0
lucliscio,2023-03-29,,italy,16081031,0,0,1,0,0,0,0,0,0
lucliscio,2023-03-30,,italy,16081031,0,0,0,1,0,0,0,0,0
lucliscio,2023-03-31,,italy,16081031,0,0,0,0,1,0,0,0,0
lucliscio,2023-04-03,,italy,16081031,0,0,0,0,0,1,0,0,0
lucliscio,2023-04-04,,italy,16081031,0,0,0,0,0,0,1,0,0
lucliscio,2023-04-05,98224258,italy,16081031,1,0,0,0,0,0,0,1,0
lucliscio,2023-04-06,,italy,16081031,0,0,0,0,0,0,0,0,1
lucsorel,2023-03-28,,france,,0,0,0,0,0,0,0,0,0
lucsorel,2023-03-29,,france,,0,0,0,0,0,0,0,0,0
lucsorel,2023-03-30,,france,,0,0,0,0,0,0,0,0,0
lucsorel,2023-03-31,,france,,0,0,0,0,0,0,0,0,0
lucsorel,2023-04-03,,france,,0,0,0,0,0,0,0,0,0
lucsorel,2023-04-04,,france,,0,0,0,0,0,0,0,0,0
lucsorel,2023-04-05,,france,,0,0,0,0,0,0,0,0,0
lucsorel,2023-04-06,98469454,france,,1,0,0,0,0,0,0,0,0
luigifab,2023-03-28,,france,,0,0,0,0,0,0,0,0,0
luigifab,2023-03-29,,france,,0,0,0,0,0,0,0,0,0
luigifab,2023-03-30,,france,,0,0,0,0,0,0,0,0,0
luigifab,2023-03-31,,france,,0,0,0,0,0,0,0,0,0
luigifab,2023-04-03,,france,,0,0,0,0,0,0,0,0,0
luigifab,2023-04-04,98074289,france,,1,0,0,0,0,0,0,0,0
luigifab,2023-04-05,,france,,0,0,0,0,0,0,0,0,0
luigifab,2023-04-06,,france,,0,0,0,0,0,0,0,0,0
lukepistrol,2023-03-28,,austria,101493338,0,0,0,0,0,0,0,0,0
lukepistrol,2023-03-29,,austria,101493338,0,0,0,0,0,0,0,0,0
lukepistrol,2023-03-30,97428363,austria,101493338,1,0,0,0,0,0,0,0,0
lukepistrol,2023-03-31,,austria,101493338,0,0,0,0,0,0,0,0,0
lukepistrol,2023-04-03,,austria,101493338,0,0,0,0,0,0,0,0,0
lukepistrol,2023-04-04,98078883,austria,101493338,1,0,0,0,0,0,0,0,0
lukepistrol,2023-04-05,,austria,101493338,0,0,0,0,0,0,0,0,0
lukepistrol,2023-04-06,,austria,101493338,0,0,0,0,0,0,0,0,0
lukfor,2023-03-28,,austria,930103,0,0,0,0,0,0,0,0,0
lukfor,2023-03-29,97293684,austria,930103,1,0,0,0,0,0,0,0,0
lukfor,2023-03-30,,austria,930103,0,0,0,0,0,0,0,0,0
lukfor,2023-03-31,,austria,930103,0,0,0,0,0,0,0,0,0
lukfor,2023-04-03,97841608,austria,930103,1,0,0,0,0,0,0,0,0
lukfor,2023-04-04,98084744,austria,930103,1,0,0,0,0,0,0,0,0
lukfor,2023-04-05,98166225,austria,930103,1,0,0,0,0,0,0,0,0
lukfor,2023-04-06,,austria,930103,0,0,0,0,0,0,0,0,0
lumaa-dev,2023-03-28,97135484,france,,1,0,0,0,0,0,0,0,0
lumaa-dev,2023-03-29,97399875,france,,1,0,0,0,0,0,0,0,0
lumaa-dev,2023-03-30,,france,,0,0,0,0,0,0,0,0,0
lumaa-dev,2023-03-31,,france,,0,0,0,0,0,0,0,0,0
lumaa-dev,2023-04-03,,france,,0,0,0,0,0,0,0,0,0
lumaa-dev,2023-04-04,,france,,0,0,0,0,0,0,0,0,0
lumaa-dev,2023-04-05,,france,,0,0,0,0,0,0,0,0,0
lumaa-dev,2023-04-06,,france,,0,0,0,0,0,0,0,0,0
lumoe,2023-03-28,,austria,,0,0,0,0,0,0,0,0,0
lumoe,2023-03-29,97242882,austria,,1,0,0,0,0,0,0,0,0
lumoe,2023-03-30,,austria,,0,0,0,0,0,0,0,0,0
lumoe,2023-03-31,,austria,,0,0,0,0,0,0,0,0,0
lumoe,2023-04-03,,austria,,0,0,0,0,0,0,0,0,0
lumoe,2023-04-04,,austria,,0,0,0,0,0,0,0,0,0
lumoe,2023-04-05,,austria,,0,0,0,0,0,0,0,0,0
lumoe,2023-04-06,,austria,,0,0,0,0,0,0,0,0,0
lysla,2023-03-28,,italy,,0,1,0,0,0,0,0,0,0
lysla,2023-03-29,,italy,,0,0,1,0,0,0,0,0,0
lysla,2023-03-30,,italy,,0,0,0,1,0,0,0,0,0
lysla,2023-03-31,,italy,,0,0,0,0,1,0,0,0,0
lysla,2023-04-03,,italy,,0,0,0,0,0,1,0,0,0
lysla,2023-04-04,,italy,,0,0,0,0,0,0,1,0,0
lysla,2023-04-05,98207913,italy,,1,0,0,0,0,0,0,1,0
lysla,2023-04-06,,italy,,0,0,0,0,0,0,0,0,1
m-doescode,2023-03-28,,france,,0,0,0,0,0,0,0,0,0
m-doescode,2023-03-29,,france,,0,0,0,0,0,0,0,0,0
m-doescode,2023-03-30,97559061,france,,1,0,0,0,0,0,0,0,0
m-doescode,2023-03-31,,france,,0,0,0,0,0,0,0,0,0
m-doescode,2023-04-03,,france,,0,0,0,0,0,0,0,0,0
m-doescode,2023-04-04,,france,,0,0,0,0,0,0,0,0,0
m-doescode,2023-04-05,,france,,0,0,0,0,0,0,0,0,0
m-doescode,2023-04-06,,france,,0,0,0,0,0,0,0,0,0
m-genser,2023-03-28,,austria,,0,0,0,0,0,0,0,0,0
m-genser,2023-03-29,,austria,,0,0,0,0,0,0,0,0,0
m-genser,2023-03-30,,austria,,0,0,0,0,0,0,0,0,0
m-genser,2023-03-31,,austria,,0,0,0,0,0,0,0,0,0
m-genser,2023-04-03,97916624,austria,,1,0,0,0,0,0,0,0,0
m-genser,2023-04-04,,austria,,0,0,0,0,0,0,0,0,0
m-genser,2023-04-05,,austria,,0,0,0,0,0,0,0,0,0
m-genser,2023-04-06,,austria,,0,0,0,0,0,0,0,0,0
mackoj,2023-03-28,,france,,0,0,0,0,0,0,0,0,0
mackoj,2023-03-29,,france,,0,0,0,0,0,0,0,0,0
mackoj,2023-03-30,,france,,0,0,0,0,0,0,0,0,0
mackoj,2023-03-31,,france,,0,0,0,0,0,0,0,0,0
mackoj,2023-04-03,,france,,0,0,0,0,0,0,0,0,0
mackoj,2023-04-04,98027886,france,,1,0,0,0,0,0,0,0,0
mackoj,2023-04-05,,france,,0,0,0,0,0,0,0,0,0
mackoj,2023-04-06,,france,,0,0,0,0,0,0,0,0,0
maelgangloff,2023-03-28,,france,,0,0,0,0,0,0,0,0,0
maelgangloff,2023-03-29,,france,,0,0,0,0,0,0,0,0,0
maelgangloff,2023-03-30,,france,,0,0,0,0,0,0,0,0,0
maelgangloff,2023-03-31,97611248,france,,1,0,0,0,0,0,0,0,0
maelgangloff,2023-04-03,,france,,0,0,0,0,0,0,0,0,0
maelgangloff,2023-04-04,,france,,0,0,0,0,0,0,0,0,0
maelgangloff,2023-04-05,98174492,france,,1,0,0,0,0,0,0,0,0
maelgangloff,2023-04-06,,france,,0,0,0,0,0,0,0,0,0
magentix,2023-03-28,,france,12715571,0,0,0,0,0,0,0,0,0
magentix,2023-03-29,,france,12715571,0,0,0,0,0,0,0,0,0
magentix,2023-03-30,,france,12715571,0,0,0,0,0,0,0,0,0
magentix,2023-03-31,,france,12715571,0,0,0,0,0,0,0,0,0
magentix,2023-04-03,,france,12715571,0,0,0,0,0,0,0,0,0
magentix,2023-04-04,,france,12715571,0,0,0,0,0,0,0,0,0
magentix,2023-04-05,,france,12715571,0,0,0,0,0,0,0,0,0
magentix,2023-04-06,98418837,france,12715571,1,0,0,0,0,0,0,0,0
maicol07,2023-03-28,97223765,italy,,1,1,0,0,0,0,0,0,0
maicol07,2023-03-29,97384649,italy,,1,0,1,0,0,0,0,0,0
maicol07,2023-03-30,,italy,,0,0,0,1,0,0,0,0,0
maicol07,2023-03-31,,italy,,0,0,0,0,1,0,0,0,0
maicol07,2023-04-03,,italy,,0,0,0,0,0,1,0,0,0
maicol07,2023-04-04,,italy,,0,0,0,0,0,0,1,0,0
maicol07,2023-04-05,,italy,,0,0,0,0,0,0,0,1,0
maicol07,2023-04-06,,italy,,0,0,0,0,0,0,0,0,1
malain96,2023-03-28,,france,,0,0,0,0,0,0,0,0,0
malain96,2023-03-29,,france,,0,0,0,0,0,0,0,0,0
malain96,2023-03-30,,france,,0,0,0,0,0,0,0,0,0
malain96,2023-03-31,,france,,0,0,0,0,0,0,0,0,0
malain96,2023-04-03,,france,,0,0,0,0,0,0,0,0,0
malain96,2023-04-04,98091367,france,,1,0,0,0,0,0,0,0,0
malain96,2023-04-05,,france,,0,0,0,0,0,0,0,0,0
malain96,2023-04-06,,france,,0,0,0,0,0,0,0,0,0
malessandrini,2023-03-28,,italy,,0,1,0,0,0,0,0,0,0
malessandrini,2023-03-29,,italy,,0,0,1,0,0,0,0,0,0
malessandrini,2023-03-30,,italy,,0,0,0,1,0,0,0,0,0
malessandrini,2023-03-31,,italy,,0,0,0,0,1,0,0,0,0
malessandrini,2023-04-03,,italy,,0,0,0,0,0,1,0,0,0
malessandrini,2023-04-04,,italy,,0,0,0,0,0,0,1,0,0
malessandrini,2023-04-05,98173713,italy,,1,0,0,0,0,0,0,1,0
malessandrini,2023-04-06,,italy,,0,0,0,0,0,0,0,0,1
malko,2023-03-28,97247096,france,126279855,1,0,0,0,0,0,0,0,0
malko,2023-03-29,,france,126279855,0,0,0,0,0,0,0,0,0
malko,2023-03-30,,france,126279855,0,0,0,0,0,0,0,0,0
malko,2023-03-31,,france,126279855,0,0,0,0,0,0,0,0,0
malko,2023-04-03,,france,126279855,0,0,0,0,0,0,0,0,0
malko,2023-04-04,,france,126279855,0,0,0,0,0,0,0,0,0
malko,2023-04-05,98279494,france,126279855,1,0,0,0,0,0,0,0,0
malko,2023-04-06,,france,126279855,0,0,0,0,0,0,0,0,0
malobre,2023-03-28,,france,,0,0,0,0,0,0,0,0,0
malobre,2023-03-29,,france,,0,0,0,0,0,0,0,0,0
malobre,2023-03-30,,france,,0,0,0,0,0,0,0,0,0
malobre,2023-03-31,,france,,0,0,0,0,0,0,0,0,0
malobre,2023-04-03,97852059,france,,1,0,0,0,0,0,0,0,0
malobre,2023-04-04,,france,,0,0,0,0,0,0,0,0,0
malobre,2023-04-05,,france,,0,0,0,0,0,0,0,0,0
malobre,2023-04-06,,france,,0,0,0,0,0,0,0,0,0
manuel-di-iorio,2023-03-28,,italy,,0,1,0,0,0,0,0,0,0
manuel-di-iorio,2023-03-29,,italy,,0,0,1,0,0,0,0,0,0
manuel-di-iorio,2023-03-30,,italy,,0,0,0,1,0,0,0,0,0
manuel-di-iorio,2023-03-31,,italy,,0,0,0,0,1,0,0,0,0
manuel-di-iorio,2023-04-03,,italy,,0,0,0,0,0,1,0,0,0
manuel-di-iorio,2023-04-04,,italy,,0,0,0,0,0,0,1,0,0
manuel-di-iorio,2023-04-05,98229009,italy,,1,0,0,0,0,0,0,1,0
manuel-di-iorio,2023-04-06,,italy,,0,0,0,0,0,0,0,0,1
manuelsc,2023-03-28,,austria,25928607,0,0,0,0,0,0,0,0,0
manuelsc,2023-03-29,97304658,austria,25928607,1,0,0,0,0,0,0,0,0
manuelsc,2023-03-30,,austria,25928607,0,0,0,0,0,0,0,0,0
manuelsc,2023-03-31,97635745,austria,25928607,1,0,0,0,0,0,0,0,0
manuelsc,2023-04-03,,austria,25928607,0,0,0,0,0,0,0,0,0
manuelsc,2023-04-04,,austria,25928607,0,0,0,0,0,0,0,0,0
manuelsc,2023-04-05,,austria,25928607,0,0,0,0,0,0,0,0,0
manuelsc,2023-04-06,,austria,25928607,0,0,0,0,0,0,0,0,0
maranathApp,2023-03-28,,france,,0,0,0,0,0,0,0,0,0
maranathApp,2023-03-29,,france,,0,0,0,0,0,0,0,0,0
maranathApp,2023-03-30,,france,,0,0,0,0,0,0,0,0,0
maranathApp,2023-03-31,,france,,0,0,0,0,0,0,0,0,0
maranathApp,2023-04-03,,france,,0,0,0,0,0,0,0,0,0
maranathApp,2023-04-04,,france,,0,0,0,0,0,0,0,0,0
maranathApp,2023-04-05,98218989,france,,1,0,0,0,0,0,0,0,0
maranathApp,2023-04-06,,france,,0,0,0,0,0,0,0,0,0
marcbon,2023-03-28,97205014,italy,67159668,1,1,0,0,0,0,0,0,0
marcbon,2023-03-29,,italy,67159668,0,0,1,0,0,0,0,0,0
marcbon,2023-03-30,,italy,67159668,0,0,0,1,0,0,0,0,0
marcbon,2023-03-31,,italy,67159668,0,0,0,0,1,0,0,0,0
marcbon,2023-04-03,,italy,67159668,0,0,0,0,0,1,0,0,0
marcbon,2023-04-04,,italy,67159668,0,0,0,0,0,0,1,0,0
marcbon,2023-04-05,,italy,67159668,0,0,0,0,0,0,0,1,0
marcbon,2023-04-06,,italy,67159668,0,0,0,0,0,0,0,0,1
marcelloraffaele,2023-03-28,,italy,,0,1,0,0,0,0,0,0,0
marcelloraffaele,2023-03-29,,italy,,0,0,1,0,0,0,0,0,0
marcelloraffaele,2023-03-30,,italy,,0,0,0,1,0,0,0,0,0
marcelloraffaele,2023-03-31,,italy,,0,0,0,0,1,0,0,0,0
marcelloraffaele,2023-04-03,,italy,,0,0,0,0,0,1,0,0,0
marcelloraffaele,2023-04-04,,italy,,0,0,0,0,0,0,1,0,0
marcelloraffaele,2023-04-05,,italy,,0,0,0,0,0,0,0,1,0
marcelloraffaele,2023-04-06,98444576,italy,,1,0,0,0,0,0,0,0,1
marcoavesani,2023-03-28,,italy,,0,1,0,0,0,0,0,0,0
marcoavesani,2023-03-29,,italy,,0,0,1,0,0,0,0,0,0
marcoavesani,2023-03-30,,italy,,0,0,0,1,0,0,0,0,0
marcoavesani,2023-03-31,97701274,italy,,1,0,0,0,1,0,0,0,0
marcoavesani,2023-04-03,,italy,,0,0,0,0,0,1,0,0,0
marcoavesani,2023-04-04,,italy,,0,0,0,0,0,0,1,0,0
marcoavesani,2023-04-05,,italy,,0,0,0,0,0,0,0,1,0
marcoavesani,2023-04-06,,italy,,0,0,0,0,0,0,0,0,1
marcominerva,2023-03-28,,italy,,0,1,0,0,0,0,0,0,0
marcominerva,2023-03-29,97285847,italy,,1,0,1,0,0,0,0,0,0
marcominerva,2023-03-30,,italy,,0,0,0,1,0,0,0,0,0
marcominerva,2023-03-31,,italy,,0,0,0,0,1,0,0,0,0
marcominerva,2023-04-03,,italy,,0,0,0,0,0,1,0,0,0
marcominerva,2023-04-04,98020761,italy,,1,0,0,0,0,0,1,0,0
marcominerva,2023-04-05,98163467,italy,,1,0,0,0,0,0,0,1,0
marcominerva,2023-04-06,,italy,,0,0,0,0,0,0,0,0,1
marcosecchi,2023-03-28,,italy,10974906,0,1,0,0,0,0,0,0,0
marcosecchi,2023-03-29,,italy,10974906,0,0,1,0,0,0,0,0,0
marcosecchi,2023-03-30,,italy,10974906,0,0,0,1,0,0,0,0,0
marcosecchi,2023-03-31,97599221,italy,10974906,1,0,0,0,1,0,0,0,0
marcosecchi,2023-04-03,,italy,10974906,0,0,0,0,0,1,0,0,0
marcosecchi,2023-04-04,,italy,10974906,0,0,0,0,0,0,1,0,0
marcosecchi,2023-04-05,,italy,10974906,0,0,0,0,0,0,0,1,0
marcosecchi,2023-04-06,98348787,italy,10974906,1,0,0,0,0,0,0,0,1
marcosinigaglia,2023-03-28,,italy,9663117,0,1,0,0,0,0,0,0,0
marcosinigaglia,2023-03-29,,italy,9663117,0,0,1,0,0,0,0,0,0
marcosinigaglia,2023-03-30,,italy,9663117,0,0,0,1,0,0,0,0,0
marcosinigaglia,2023-03-31,97630401,italy,9663117,1,0,0,0,1,0,0,0,0
marcosinigaglia,2023-04-03,,italy,9663117,0,0,0,0,0,1,0,0,0
marcosinigaglia,2023-04-04,,italy,9663117,0,0,0,0,0,0,1,0,0
marcosinigaglia,2023-04-05,,italy,9663117,0,0,0,0,0,0,0,1,0
marcosinigaglia,2023-04-06,,italy,9663117,0,0,0,0,0,0,0,0,1
marcuzzuu,2023-03-28,97123324,italy,107424,1,1,0,0,0,0,0,0,0
marcuzzuu,2023-03-29,,italy,107424,0,0,1,0,0,0,0,0,0
marcuzzuu,2023-03-30,,italy,107424,0,0,0,1,0,0,0,0,0
marcuzzuu,2023-03-31,,italy,107424,0,0,0,0,1,0,0,0,0
marcuzzuu,2023-04-03,,italy,107424,0,0,0,0,0,1,0,0,0
marcuzzuu,2023-04-04,,italy,107424,0,0,0,0,0,0,1,0,0
marcuzzuu,2023-04-05,,italy,107424,0,0,0,0,0,0,0,1,0
marcuzzuu,2023-04-06,,italy,107424,0,0,0,0,0,0,0,0,1
maricaantonacci,2023-03-28,,italy,13533839,0,1,0,0,0,0,0,0,0
maricaantonacci,2023-03-29,,italy,13533839,0,0,1,0,0,0,0,0,0
maricaantonacci,2023-03-30,,italy,13533839,0,0,0,1,0,0,0,0,0
maricaantonacci,2023-03-31,,italy,13533839,0,0,0,0,1,0,0,0,0
maricaantonacci,2023-04-03,,italy,13533839,0,0,0,0,0,1,0,0,0
maricaantonacci,2023-04-04,97988933,italy,13533839,1,0,0,0,0,0,1,0,0
maricaantonacci,2023-04-05,,italy,13533839,0,0,0,0,0,0,0,1,0
maricaantonacci,2023-04-06,,italy,13533839,0,0,0,0,0,0,0,0,1
mario-loffredo,2023-03-28,,italy,52047892,0,1,0,0,0,0,0,0,0
mario-loffredo,2023-03-29,,italy,52047892,0,0,1,0,0,0,0,0,0
mario-loffredo,2023-03-30,,italy,52047892,0,0,0,1,0,0,0,0,0
mario-loffredo,2023-03-31,,italy,52047892,0,0,0,0,1,0,0,0,0
mario-loffredo,2023-04-03,,italy,52047892,0,0,0,0,0,1,0,0,0
mario-loffredo,2023-04-04,,italy,52047892,0,0,0,0,0,0,1,0,0
mario-loffredo,2023-04-05,98198907,italy,52047892,1,0,0,0,0,0,0,1,0
mario-loffredo,2023-04-06,,italy,52047892,0,0,0,0,0,0,0,0,1
mariusconjeaud,2023-03-28,,france,916372,0,0,0,0,0,0,0,0,0
mariusconjeaud,2023-03-29,,france,916372,0,0,0,0,0,0,0,0,0
mariusconjeaud,2023-03-30,,france,916372,0,0,0,0,0,0,0,0,0
mariusconjeaud,2023-03-31,,france,916372,0,0,0,0,0,0,0,0,0
mariusconjeaud,2023-04-03,,france,916372,0,0,0,0,0,0,0,0,0
mariusconjeaud,2023-04-04,,france,916372,0,0,0,0,0,0,0,0,0
mariusconjeaud,2023-04-05,,france,916372,0,0,0,0,0,0,0,0,0
mariusconjeaud,2023-04-06,98391609,france,916372,1,0,0,0,0,0,0,0,0
martani,2023-03-28,,france,,0,0,0,0,0,0,0,0,0
martani,2023-03-29,97270275,france,,1,0,0,0,0,0,0,0,0
martani,2023-03-30,,france,,0,0,0,0,0,0,0,0,0
martani,2023-03-31,97574804,france,,1,0,0,0,0,0,0,0,0
martani,2023-04-03,,france,,0,0,0,0,0,0,0,0,0
martani,2023-04-04,,france,,0,0,0,0,0,0,0,0,0
martani,2023-04-05,,france,,0,0,0,0,0,0,0,0,0
martani,2023-04-06,,france,,0,0,0,0,0,0,0,0,0
martin-olivier,2023-03-28,97191782,france,,1,0,0,0,0,0,0,0,0
martin-olivier,2023-03-29,,france,,0,0,0,0,0,0,0,0,0
martin-olivier,2023-03-30,97563085,france,,1,0,0,0,0,0,0,0,0
martin-olivier,2023-03-31,97629721,france,,1,0,0,0,0,0,0,0,0
martin-olivier,2023-04-03,97913603,france,,1,0,0,0,0,0,0,0,0
martin-olivier,2023-04-04,,france,,0,0,0,0,0,0,0,0,0
martin-olivier,2023-04-05,,france,,0,0,0,0,0,0,0,0,0
martin-olivier,2023-04-06,,france,,0,0,0,0,0,0,0,0,0
martinbenes1996,2023-03-28,,austria,,0,0,0,0,0,0,0,0,0
martinbenes1996,2023-03-29,,austria,,0,0,0,0,0,0,0,0,0
martinbenes1996,2023-03-30,97453897,austria,,1,0,0,0,0,0,0,0,0
martinbenes1996,2023-03-31,,austria,,0,0,0,0,0,0,0,0,0
martinbenes1996,2023-04-03,,austria,,0,0,0,0,0,0,0,0,0
martinbenes1996,2023-04-04,,austria,,0,0,0,0,0,0,0,0,0
martinbenes1996,2023-04-05,,austria,,0,0,0,0,0,0,0,0,0
martinbenes1996,2023-04-06,,austria,,0,0,0,0,0,0,0,0,0
martinbonnin,2023-03-28,,france,17189275,0,0,0,0,0,0,0,0,0
martinbonnin,2023-03-29,,france,17189275,0,0,0,0,0,0,0,0,0
martinbonnin,2023-03-30,,france,17189275,0,0,0,0,0,0,0,0,0
martinbonnin,2023-03-31,,france,17189275,0,0,0,0,0,0,0,0,0
martinbonnin,2023-04-03,97840009,france,17189275,1,0,0,0,0,0,0,0,0
martinbonnin,2023-04-04,98007378,france,63149399,1,0,0,0,0,0,0,0,0
martinbonnin,2023-04-05,,france,17189275,0,0,0,0,0,0,0,0,0
martinbonnin,2023-04-06,98425065,france,63149399,1,0,0,0,0,0,0,0,0
martinlackner,2023-03-28,,austria,,0,0,0,0,0,0,0,0,0
martinlackner,2023-03-29,97304643,austria,,1,0,0,0,0,0,0,0,0
martinlackner,2023-03-30,,austria,,0,0,0,0,0,0,0,0,0
martinlackner,2023-03-31,,austria,,0,0,0,0,0,0,0,0,0
martinlackner,2023-04-03,,austria,,0,0,0,0,0,0,0,0,0
martinlackner,2023-04-04,,austria,,0,0,0,0,0,0,0,0,0
martinlackner,2023-04-05,,austria,,0,0,0,0,0,0,0,0,0
martinlackner,2023-04-06,,austria,,0,0,0,0,0,0,0,0,0
martysama0134,2023-03-28,,italy,,0,1,0,0,0,0,0,0,0
martysama0134,2023-03-29,,italy,,0,0,1,0,0,0,0,0,0
martysama0134,2023-03-30,97467518,italy,,1,0,0,1,0,0,0,0,0
martysama0134,2023-03-31,,italy,,0,0,0,0,1,0,0,0,0
martysama0134,2023-04-03,,italy,,0,0,0,0,0,1,0,0,0
martysama0134,2023-04-04,,italy,,0,0,0,0,0,0,1,0,0
martysama0134,2023-04-05,,italy,,0,0,0,0,0,0,0,1,0
martysama0134,2023-04-06,,italy,,0,0,0,0,0,0,0,0,1
masfaraud,2023-03-28,,france,36970700,0,0,0,0,0,0,0,0,0
masfaraud,2023-03-29,,france,36970700,0,0,0,0,0,0,0,0,0
masfaraud,2023-03-30,,france,36970700,0,0,0,0,0,0,0,0,0
masfaraud,2023-03-31,,france,36970700,0,0,0,0,0,0,0,0,0
masfaraud,2023-04-03,97843358,france,36970700,1,0,0,0,0,0,0,0,0
masfaraud,2023-04-04,98034949,france,36970700,1,0,0,0,0,0,0,0,0
masfaraud,2023-04-05,,france,36970700,0,0,0,0,0,0,0,0,0
masfaraud,2023-04-06,,france,36970700,0,0,0,0,0,0,0,0,0
mateis-rgb,2023-03-28,,france,,0,0,0,0,0,0,0,0,0
mateis-rgb,2023-03-29,,france,,0,0,0,0,0,0,0,0,0
mateis-rgb,2023-03-30,97450936,france,,1,0,0,0,0,0,0,0,0
mateis-rgb,2023-03-31,,france,,0,0,0,0,0,0,0,0,0
mateis-rgb,2023-04-03,,france,,0,0,0,0,0,0,0,0,0
mateis-rgb,2023-04-04,,france,,0,0,0,0,0,0,0,0,0
mateis-rgb,2023-04-05,,france,,0,0,0,0,0,0,0,0,0
mateis-rgb,2023-04-06,,france,,0,0,0,0,0,0,0,0,0
mathieulesniak,2023-03-28,,france,,0,0,0,0,0,0,0,0,0
mathieulesniak,2023-03-29,,france,,0,0,0,0,0,0,0,0,0
mathieulesniak,2023-03-30,,france,,0,0,0,0,0,0,0,0,0
mathieulesniak,2023-03-31,97659683,france,,1,0,0,0,0,0,0,0,0
mathieulesniak,2023-04-03,,france,,0,0,0,0,0,0,0,0,0
mathieulesniak,2023-04-04,,france,,0,0,0,0,0,0,0,0,0
mathieulesniak,2023-04-05,,france,,0,0,0,0,0,0,0,0,0
mathieulesniak,2023-04-06,,france,,0,0,0,0,0,0,0,0,0
matmair,2023-03-28,,austria,,0,0,0,0,0,0,0,0,0
matmair,2023-03-29,,austria,,0,0,0,0,0,0,0,0,0
matmair,2023-03-30,,austria,,0,0,0,0,0,0,0,0,0
matmair,2023-03-31,,austria,,0,0,0,0,0,0,0,0,0
matmair,2023-04-03,,austria,,0,0,0,0,0,0,0,0,0
matmair,2023-04-04,98104724,austria,,1,0,0,0,0,0,0,0,0
matmair,2023-04-05,98240280,austria,,1,0,0,0,0,0,0,0,0
matmair,2023-04-06,,austria,,0,0,0,0,0,0,0,0,0
matteocali,2023-03-28,,italy,,0,1,0,0,0,0,0,0,0
matteocali,2023-03-29,97303713,italy,,1,0,1,0,0,0,0,0,0
matteocali,2023-03-30,97462780,italy,,1,0,0,1,0,0,0,0,0
matteocali,2023-03-31,,italy,,0,0,0,0,1,0,0,0,0
matteocali,2023-04-03,,italy,,0,0,0,0,0,1,0,0,0
matteocali,2023-04-04,,italy,,0,0,0,0,0,0,1,0,0
matteocali,2023-04-05,,italy,,0,0,0,0,0,0,0,1,0
matteocali,2023-04-06,,italy,,0,0,0,0,0,0,0,0,1
matteovivona,2023-03-28,,italy,113586635,0,1,0,0,0,0,0,0,0
matteovivona,2023-03-29,,italy,113586635,0,0,1,0,0,0,0,0,0
matteovivona,2023-03-30,,italy,113586635,0,0,0,1,0,0,0,0,0
matteovivona,2023-03-31,97598099,italy,113586635,1,0,0,0,1,0,0,0,0
matteovivona,2023-04-03,,italy,113586635,0,0,0,0,0,1,0,0,0
matteovivona,2023-04-04,,italy,113586635,0,0,0,0,0,0,1,0,0
matteovivona,2023-04-05,,italy,113586635,0,0,0,0,0,0,0,1,0
matteovivona,2023-04-06,,italy,113586635,0,0,0,0,0,0,0,0,1
matthieu-rolland,2023-03-28,,france,2815696,0,0,0,0,0,0,0,0,0
matthieu-rolland,2023-03-29,,france,2815696,0,0,0,0,0,0,0,0,0
matthieu-rolland,2023-03-30,,france,2815696,0,0,0,0,0,0,0,0,0
matthieu-rolland,2023-03-31,,france,2815696,0,0,0,0,0,0,0,0,0
matthieu-rolland,2023-04-03,97812809,france,2815696,1,0,0,0,0,0,0,0,0
matthieu-rolland,2023-04-04,,france,2815696,0,0,0,0,0,0,0,0,0
matthieu-rolland,2023-04-05,,france,2815696,0,0,0,0,0,0,0,0,0
matthieu-rolland,2023-04-06,,france,2815696,0,0,0,0,0,0,0,0,0
matthieujabbour,2023-03-28,,france,70146000,0,0,0,0,0,0,0,0,0
matthieujabbour,2023-03-29,,france,70146000,0,0,0,0,0,0,0,0,0
matthieujabbour,2023-03-30,97537347,france,70146000,1,0,0,0,0,0,0,0,0
matthieujabbour,2023-03-31,,france,70146000,0,0,0,0,0,0,0,0,0
matthieujabbour,2023-04-03,97880951,france,70146000,1,0,0,0,0,0,0,0,0
matthieujabbour,2023-04-04,,france,70146000,0,0,0,0,0,0,0,0,0
matthieujabbour,2023-04-05,,france,70146000,0,0,0,0,0,0,0,0,0
matthieujabbour,2023-04-06,,france,70146000,0,0,0,0,0,0,0,0,0
matthisholleville,2023-03-28,,france,,0,0,0,0,0,0,0,0,0
matthisholleville,2023-03-29,97320621,france,,1,0,0,0,0,0,0,0,0
matthisholleville,2023-03-30,,france,,0,0,0,0,0,0,0,0,0
matthisholleville,2023-03-31,,france,,0,0,0,0,0,0,0,0,0
matthisholleville,2023-04-03,,france,,0,0,0,0,0,0,0,0,0
matthisholleville,2023-04-04,,france,,0,0,0,0,0,0,0,0,0
matthisholleville,2023-04-05,,france,,0,0,0,0,0,0,0,0,0
matthisholleville,2023-04-06,,france,,0,0,0,0,0,0,0,0,0
mauretto78,2023-03-28,97152122,italy,10046475,1,1,0,0,0,0,0,0,0
mauretto78,2023-03-29,,italy,10046475,0,0,1,0,0,0,0,0,0
mauretto78,2023-03-30,,italy,10046475,0,0,0,1,0,0,0,0,0
mauretto78,2023-03-31,,italy,10046475,0,0,0,0,1,0,0,0,0
mauretto78,2023-04-03,,italy,10046475,0,0,0,0,0,1,0,0,0
mauretto78,2023-04-04,,italy,10046475,0,0,0,0,0,0,1,0,0
mauretto78,2023-04-05,,italy,10046475,0,0,0,0,0,0,0,1,0
mauretto78,2023-04-06,98337821,italy,10046475,1,0,0,0,0,0,0,0,1
mauricius,2023-03-28,97148536,italy,7646761,1,1,0,0,0,0,0,0,0
mauricius,2023-03-29,,italy,7646761,0,0,1,0,0,0,0,0,0
mauricius,2023-03-30,,italy,7646761,0,0,0,1,0,0,0,0,0
mauricius,2023-03-31,,italy,7646761,0,0,0,0,1,0,0,0,0
mauricius,2023-04-03,,italy,7646761,0,0,0,0,0,1,0,0,0
mauricius,2023-04-04,,italy,7646761,0,0,0,0,0,0,1,0,0
mauricius,2023-04-05,,italy,7646761,0,0,0,0,0,0,0,1,0
mauricius,2023-04-06,,italy,7646761,0,0,0,0,0,0,0,0,1
maxmorozoff,2023-03-28,97136921,italy,,1,1,0,0,0,0,0,0,0
maxmorozoff,2023-03-29,,italy,,0,0,1,0,0,0,0,0,0
maxmorozoff,2023-03-30,,italy,,0,0,0,1,0,0,0,0,0
maxmorozoff,2023-03-31,,italy,,0,0,0,0,1,0,0,0,0
maxmorozoff,2023-04-03,,italy,,0,0,0,0,0,1,0,0,0
maxmorozoff,2023-04-04,,italy,,0,0,0,0,0,0,1,0,0
maxmorozoff,2023-04-05,,italy,,0,0,0,0,0,0,0,1,0
maxmorozoff,2023-04-06,,italy,,0,0,0,0,0,0,0,0,1
mbeurel,2023-03-28,,france,95919991,0,0,0,0,0,0,0,0,0
mbeurel,2023-03-29,,france,95919991,0,0,0,0,0,0,0,0,0
mbeurel,2023-03-30,,france,95919991,0,0,0,0,0,0,0,0,0
mbeurel,2023-03-31,,france,95919991,0,0,0,0,0,0,0,0,0
mbeurel,2023-04-03,,france,95919991,0,0,0,0,0,0,0,0,0
mbeurel,2023-04-04,98053098,france,95919991,1,0,0,0,0,0,0,0,0
mbeurel,2023-04-05,,france,95919991,0,0,0,0,0,0,0,0,0
mbeurel,2023-04-06,,france,95919991,0,0,0,0,0,0,0,0,0
mbuchetics,2023-03-28,,austria,1941856,0,0,0,0,0,0,0,0,0
mbuchetics,2023-03-29,,austria,1941856,0,0,0,0,0,0,0,0,0
mbuchetics,2023-03-30,97536564,austria,1941856,1,0,0,0,0,0,0,0,0
mbuchetics,2023-03-31,,austria,1941856,0,0,0,0,0,0,0,0,0
mbuchetics,2023-04-03,,austria,1941856,0,0,0,0,0,0,0,0,0
mbuchetics,2023-04-04,,austria,1941856,0,0,0,0,0,0,0,0,0
mbuchetics,2023-04-05,,austria,1941856,0,0,0,0,0,0,0,0,0
mbuchetics,2023-04-06,,austria,1941856,0,0,0,0,0,0,0,0,0
mcatanzariti,2023-03-28,97239630,france,29336625,1,0,0,0,0,0,0,0,0
mcatanzariti,2023-03-29,,france,29336625,0,0,0,0,0,0,0,0,0
mcatanzariti,2023-03-30,,france,29336625,0,0,0,0,0,0,0,0,0
mcatanzariti,2023-03-31,,france,29336625,0,0,0,0,0,0,0,0,0
mcatanzariti,2023-04-03,,france,29336625,0,0,0,0,0,0,0,0,0
mcatanzariti,2023-04-04,,france,29336625,0,0,0,0,0,0,0,0,0
mcatanzariti,2023-04-05,,france,29336625,0,0,0,0,0,0,0,0,0
mcatanzariti,2023-04-06,,france,29336625,0,0,0,0,0,0,0,0,0
mcbed,2023-03-28,97214356,france,94183403,1,0,0,0,0,0,0,0,0
mcbed,2023-03-29,,france,94183403,0,0,0,0,0,0,0,0,0
mcbed,2023-03-30,,france,94183403,0,0,0,0,0,0,0,0,0
mcbed,2023-03-31,,france,94183403,0,0,0,0,0,0,0,0,0
mcbed,2023-04-03,,france,94183403,0,0,0,0,0,0,0,0,0
mcbed,2023-04-04,,france,94183403,0,0,0,0,0,0,0,0,0
mcbed,2023-04-05,,france,94183403,0,0,0,0,0,0,0,0,0
mcbed,2023-04-06,,france,94183403,0,0,0,0,0,0,0,0,0
mckenziearts,2023-03-28,97113339,france,,1,0,0,0,0,0,0,0,0
mckenziearts,2023-03-29,,france,,0,0,0,0,0,0,0,0,0
mckenziearts,2023-03-30,,france,,0,0,0,0,0,0,0,0,0
mckenziearts,2023-03-31,,france,,0,0,0,0,0,0,0,0,0
mckenziearts,2023-04-03,,france,,0,0,0,0,0,0,0,0,0
mckenziearts,2023-04-04,,france,,0,0,0,0,0,0,0,0,0
mckenziearts,2023-04-05,,france,,0,0,0,0,0,0,0,0,0
mckenziearts,2023-04-06,,france,,0,0,0,0,0,0,0,0,0
mcollina,2023-03-28,97129115,italy,24939410,1,1,0,0,0,0,0,0,0
mcollina,2023-03-29,,italy,24939410,0,0,1,0,0,0,0,0,0
mcollina,2023-03-30,,italy,24939410,0,0,0,1,0,0,0,0,0
mcollina,2023-03-31,,italy,24939410,0,0,0,0,1,0,0,0,0
mcollina,2023-04-03,,italy,24939410,0,0,0,0,0,1,0,0,0
mcollina,2023-04-04,98071684,italy,24939410,1,0,0,0,0,0,1,0,0
mcollina,2023-04-05,98165391,italy,82236244,1,0,0,0,0,0,0,1,0
mcollina,2023-04-06,,italy,24939410,0,0,0,0,0,0,0,0,1
mcorbin,2023-03-28,,france,106022252,0,0,0,0,0,0,0,0,0
mcorbin,2023-03-29,,france,106022252,0,0,0,0,0,0,0,0,0
mcorbin,2023-03-30,,france,106022252,0,0,0,0,0,0,0,0,0
mcorbin,2023-03-31,97698954,france,106022252,1,0,0,0,0,0,0,0,0
mcorbin,2023-04-03,,france,106022252,0,0,0,0,0,0,0,0,0
mcorbin,2023-04-04,,france,106022252,0,0,0,0,0,0,0,0,0
mcorbin,2023-04-05,,france,106022252,0,0,0,0,0,0,0,0,0
mcorbin,2023-04-06,,france,106022252,0,0,0,0,0,0,0,0,0
medevod,2023-03-28,97175992,france,34163316,1,0,0,0,0,0,0,0,0
medevod,2023-03-29,,france,34163316,0,0,0,0,0,0,0,0,0
medevod,2023-03-30,,france,34163316,0,0,0,0,0,0,0,0,0
medevod,2023-03-31,,france,34163316,0,0,0,0,0,0,0,0,0
medevod,2023-04-03,,france,34163316,0,0,0,0,0,0,0,0,0
medevod,2023-04-04,,france,34163316,0,0,0,0,0,0,0,0,0
medevod,2023-04-05,,france,34163316,0,0,0,0,0,0,0,0,0
medevod,2023-04-06,,france,34163316,0,0,0,0,0,0,0,0,0
melix,2023-03-28,,france,36880643,0,0,0,0,0,0,0,0,0
melix,2023-03-29,,france,36880643,0,0,0,0,0,0,0,0,0
melix,2023-03-30,,france,36880643,0,0,0,0,0,0,0,0,0
melix,2023-03-31,,france,36880643,0,0,0,0,0,0,0,0,0
melix,2023-04-03,,france,36880643,0,0,0,0,0,0,0,0,0
melix,2023-04-04,,france,36880643,0,0,0,0,0,0,0,0,0
melix,2023-04-05,98177144,france,36880643,1,0,0,0,0,0,0,0,0
melix,2023-04-06,,france,36880643,0,0,0,0,0,0,0,0,0
melmorabity,2023-03-28,,france,,0,0,0,0,0,0,0,0,0
melmorabity,2023-03-29,,france,,0,0,0,0,0,0,0,0,0
melmorabity,2023-03-30,97449976,france,,1,0,0,0,0,0,0,0,0
melmorabity,2023-03-31,,france,,0,0,0,0,0,0,0,0,0
melmorabity,2023-04-03,,france,,0,0,0,0,0,0,0,0,0
melmorabity,2023-04-04,,france,,0,0,0,0,0,0,0,0,0
melmorabity,2023-04-05,,france,,0,0,0,0,0,0,0,0,0
melmorabity,2023-04-06,,france,,0,0,0,0,0,0,0,0,0
melopero,2023-03-28,,italy,,0,1,0,0,0,0,0,0,0
melopero,2023-03-29,,italy,,0,0,1,0,0,0,0,0,0
melopero,2023-03-30,,italy,,0,0,0,1,0,0,0,0,0
melopero,2023-03-31,97657196,italy,,1,0,0,0,1,0,0,0,0
melopero,2023-04-03,,italy,,0,0,0,0,0,1,0,0,0
melopero,2023-04-04,,italy,,0,0,0,0,0,0,1,0,0
melopero,2023-04-05,,italy,,0,0,0,0,0,0,0,1,0
melopero,2023-04-06,,italy,,0,0,0,0,0,0,0,0,1
metachris,2023-03-28,,austria,71380475,0,0,0,0,0,0,0,0,0
metachris,2023-03-29,,austria,71380475,0,0,0,0,0,0,0,0,0
metachris,2023-03-30,,austria,71380475,0,0,0,0,0,0,0,0,0
metachris,2023-03-31,,austria,71380475,0,0,0,0,0,0,0,0,0
metachris,2023-04-03,97835017,austria,71380475,1,0,0,0,0,0,0,0,0
metachris,2023-04-04,,austria,71380475,0,0,0,0,0,0,0,0,0
metachris,2023-04-05,,austria,71380475,0,0,0,0,0,0,0,0,0
metachris,2023-04-06,,austria,71380475,0,0,0,0,0,0,0,0,0
metacosm,2023-03-28,,france,69191779,0,0,0,0,0,0,0,0,0
metacosm,2023-03-29,,france,69191779,0,0,0,0,0,0,0,0,0
metacosm,2023-03-30,,france,69191779,0,0,0,0,0,0,0,0,0
metacosm,2023-03-31,97681312,france,69191779,1,0,0,0,0,0,0,0,0
metacosm,2023-04-03,,france,69191779,0,0,0,0,0,0,0,0,0
metacosm,2023-04-04,,france,69191779,0,0,0,0,0,0,0,0,0
metacosm,2023-04-05,,france,69191779,0,0,0,0,0,0,0,0,0
metacosm,2023-04-06,,france,69191779,0,0,0,0,0,0,0,0,0
metasharp-net,2023-03-28,,france,70145021,0,0,0,0,0,0,0,0,0
metasharp-net,2023-03-29,,france,70145021,0,0,0,0,0,0,0,0,0
metasharp-net,2023-03-30,,france,70145021,0,0,0,0,0,0,0,0,0
metasharp-net,2023-03-31,,france,70145021,0,0,0,0,0,0,0,0,0
metasharp-net,2023-04-03,,france,70145021,0,0,0,0,0,0,0,0,0
metasharp-net,2023-04-04,,france,70145021,0,0,0,0,0,0,0,0,0
metasharp-net,2023-04-05,,france,70145021,0,0,0,0,0,0,0,0,0
metasharp-net,2023-04-06,98308195,france,70145021,1,0,0,0,0,0,0,0,0
mfederczuk,2023-03-28,,austria,,0,0,0,0,0,0,0,0,0
mfederczuk,2023-03-29,,austria,,0,0,0,0,0,0,0,0,0
mfederczuk,2023-03-30,,austria,,0,0,0,0,0,0,0,0,0
mfederczuk,2023-03-31,,austria,,0,0,0,0,0,0,0,0,0
mfederczuk,2023-04-03,,austria,,0,0,0,0,0,0,0,0,0
mfederczuk,2023-04-04,,austria,,0,0,0,0,0,0,0,0,0
mfederczuk,2023-04-05,,austria,,0,0,0,0,0,0,0,0,0
mfederczuk,2023-04-06,98306635,austria,,1,0,0,0,0,0,0,0,0
mfinotti,2023-03-28,97241713,italy,111517711,1,1,0,0,0,0,0,0,0
mfinotti,2023-03-29,,italy,111517711,0,0,1,0,0,0,0,0,0
mfinotti,2023-03-30,97494706,italy,111517711,1,0,0,1,0,0,0,0,0
mfinotti,2023-03-31,,italy,111517711,0,0,0,0,1,0,0,0,0
mfinotti,2023-04-03,,italy,111517711,0,0,0,0,0,1,0,0,0
mfinotti,2023-04-04,,italy,111517711,0,0,0,0,0,0,1,0,0
mfinotti,2023-04-05,,italy,111517711,0,0,0,0,0,0,0,1,0
mfinotti,2023-04-06,,italy,111517711,0,0,0,0,0,0,0,0,1
mherrmann,2023-03-28,,austria,,0,0,0,0,0,0,0,0,0
mherrmann,2023-03-29,,austria,,0,0,0,0,0,0,0,0,0
mherrmann,2023-03-30,,austria,,0,0,0,0,0,0,0,0,0
mherrmann,2023-03-31,,austria,,0,0,0,0,0,0,0,0,0
mherrmann,2023-04-03,,austria,,0,0,0,0,0,0,0,0,0
mherrmann,2023-04-04,98014325,austria,,1,0,0,0,0,0,0,0,0
mherrmann,2023-04-05,,austria,,0,0,0,0,0,0,0,0,0
mherrmann,2023-04-06,,austria,,0,0,0,0,0,0,0,0,0
miaulalala,2023-03-28,,austria,74006188,0,0,0,0,0,0,0,0,0
miaulalala,2023-03-29,,austria,74006188,0,0,0,0,0,0,0,0,0
miaulalala,2023-03-30,,austria,74006188,0,0,0,0,0,0,0,0,0
miaulalala,2023-03-31,,austria,74006188,0,0,0,0,0,0,0,0,0
miaulalala,2023-04-03,,austria,74006188,0,0,0,0,0,0,0,0,0
miaulalala,2023-04-04,,austria,74006188,0,0,0,0,0,0,0,0,0
miaulalala,2023-04-05,,austria,74006188,0,0,0,0,0,0,0,0,0
miaulalala,2023-04-06,98470934,austria,74006188,1,0,0,0,0,0,0,0,0
mibi88,2023-03-28,,france,,0,0,0,0,0,0,0,0,0
mibi88,2023-03-29,,france,,0,0,0,0,0,0,0,0,0
mibi88,2023-03-30,,france,,0,0,0,0,0,0,0,0,0
mibi88,2023-03-31,,france,,0,0,0,0,0,0,0,0,0
mibi88,2023-04-03,97895914,france,,1,0,0,0,0,0,0,0,0
mibi88,2023-04-04,,france,,0,0,0,0,0,0,0,0,0
mibi88,2023-04-05,,france,,0,0,0,0,0,0,0,0,0
mibi88,2023-04-06,,france,,0,0,0,0,0,0,0,0,0
michael1011,2023-03-28,,austria,44981752,0,0,0,0,0,0,0,0,0
michael1011,2023-03-29,,austria,44981752,0,0,0,0,0,0,0,0,0
michael1011,2023-03-30,,austria,44981752,0,0,0,0,0,0,0,0,0
michael1011,2023-03-31,,austria,44981752,0,0,0,0,0,0,0,0,0
michael1011,2023-04-03,97908786,austria,44981752,1,0,0,0,0,0,0,0,0
michael1011,2023-04-04,,austria,44981752,0,0,0,0,0,0,0,0,0
michael1011,2023-04-05,,austria,44981752,0,0,0,0,0,0,0,0,0
michael1011,2023-04-06,,austria,44981752,0,0,0,0,0,0,0,0,0
michaeldesigaud,2023-03-28,,france,7878415,0,0,0,0,0,0,0,0,0
michaeldesigaud,2023-03-29,,france,7878415,0,0,0,0,0,0,0,0,0
michaeldesigaud,2023-03-30,,france,7878415,0,0,0,0,0,0,0,0,0
michaeldesigaud,2023-03-31,,france,7878415,0,0,0,0,0,0,0,0,0
michaeldesigaud,2023-04-03,,france,7878415,0,0,0,0,0,0,0,0,0
michaeldesigaud,2023-04-04,98009879,france,7878415,1,0,0,0,0,0,0,0,0
michaeldesigaud,2023-04-05,,france,7878415,0,0,0,0,0,0,0,0,0
michaeldesigaud,2023-04-06,,france,7878415,0,0,0,0,0,0,0,0,0
michavie,2023-03-28,,austria,83925915,0,0,0,0,0,0,0,0,0
michavie,2023-03-29,,austria,83925915,0,0,0,0,0,0,0,0,0
michavie,2023-03-30,97538412,austria,83925915,1,0,0,0,0,0,0,0,0
michavie,2023-03-31,,austria,83925915,0,0,0,0,0,0,0,0,0
michavie,2023-04-03,,austria,83925915,0,0,0,0,0,0,0,0,0
michavie,2023-04-04,,austria,83925915,0,0,0,0,0,0,0,0,0
michavie,2023-04-05,,austria,83925915,0,0,0,0,0,0,0,0,0
michavie,2023-04-06,98424937,austria,83925915,1,0,0,0,0,0,0,0,0
micheleguidaa,2023-03-28,,italy,,0,1,0,0,0,0,0,0,0
micheleguidaa,2023-03-29,,italy,,0,0,1,0,0,0,0,0,0
micheleguidaa,2023-03-30,,italy,,0,0,0,1,0,0,0,0,0
micheleguidaa,2023-03-31,97689949,italy,,1,0,0,0,1,0,0,0,0
micheleguidaa,2023-04-03,,italy,,0,0,0,0,0,1,0,0,0
micheleguidaa,2023-04-04,,italy,,0,0,0,0,0,0,1,0,0
micheleguidaa,2023-04-05,,italy,,0,0,0,0,0,0,0,1,0
micheleguidaa,2023-04-06,,italy,,0,0,0,0,0,0,0,0,1
micheleriva,2023-03-28,,italy,123180461,0,1,0,0,0,0,0,0,0
micheleriva,2023-03-29,97356166,italy,123180461,1,0,1,0,0,0,0,0,0
micheleriva,2023-03-30,,italy,123180461,0,0,0,1,0,0,0,0,0
micheleriva,2023-03-31,,italy,123180461,0,0,0,0,1,0,0,0,0
micheleriva,2023-04-03,,italy,123180461,0,0,0,0,0,1,0,0,0
micheleriva,2023-04-04,,italy,123180461,0,0,0,0,0,0,1,0,0
micheleriva,2023-04-05,98127045,italy,123180461,1,0,0,0,0,0,0,1,0
micheleriva,2023-04-06,,italy,123180461,0,0,0,0,0,0,0,0,1
mickours,2023-03-28,97152120,france,39173787,1,0,0,0,0,0,0,0,0
mickours,2023-03-29,,france,39173787,0,0,0,0,0,0,0,0,0
mickours,2023-03-30,,france,39173787,0,0,0,0,0,0,0,0,0
mickours,2023-03-31,,france,39173787,0,0,0,0,0,0,0,0,0
mickours,2023-04-03,,france,39173787,0,0,0,0,0,0,0,0,0
mickours,2023-04-04,,france,39173787,0,0,0,0,0,0,0,0,0
mickours,2023-04-05,,france,39173787,0,0,0,0,0,0,0,0,0
mickours,2023-04-06,,france,39173787,0,0,0,0,0,0,0,0,0
mikacousin,2023-03-28,,france,,0,0,0,0,0,0,0,0,0
mikacousin,2023-03-29,,france,,0,0,0,0,0,0,0,0,0
mikacousin,2023-03-30,,france,,0,0,0,0,0,0,0,0,0
mikacousin,2023-03-31,97627969,france,,1,0,0,0,0,0,0,0,0
mikacousin,2023-04-03,,france,,0,0,0,0,0,0,0,0,0
mikacousin,2023-04-04,,france,,0,0,0,0,0,0,0,0,0
mikacousin,2023-04-05,,france,,0,0,0,0,0,0,0,0,0
mikacousin,2023-04-06,,france,,0,0,0,0,0,0,0,0,0
mikepluquin,2023-03-28,,france,9106094,0,0,0,0,0,0,0,0,0
mikepluquin,2023-03-29,,france,9106094,0,0,0,0,0,0,0,0,0
mikepluquin,2023-03-30,97480292,france,9106094,1,0,0,0,0,0,0,0,0
mikepluquin,2023-03-31,,france,9106094,0,0,0,0,0,0,0,0,0
mikepluquin,2023-04-03,,france,9106094,0,0,0,0,0,0,0,0,0
mikepluquin,2023-04-04,,france,9106094,0,0,0,0,0,0,0,0,0
mikepluquin,2023-04-05,,france,9106094,0,0,0,0,0,0,0,0,0
mikepluquin,2023-04-06,,france,9106094,0,0,0,0,0,0,0,0,0
miledrousset,2023-03-28,,france,,0,0,0,0,0,0,0,0,0
miledrousset,2023-03-29,,france,,0,0,0,0,0,0,0,0,0
miledrousset,2023-03-30,,france,,0,0,0,0,0,0,0,0,0
miledrousset,2023-03-31,,france,,0,0,0,0,0,0,0,0,0
miledrousset,2023-04-03,,france,,0,0,0,0,0,0,0,0,0
miledrousset,2023-04-04,,france,,0,0,0,0,0,0,0,0,0
miledrousset,2023-04-05,,france,,0,0,0,0,0,0,0,0,0
miledrousset,2023-04-06,98382140,france,,1,0,0,0,0,0,0,0,0
mimir234,2023-03-28,,france,,0,0,0,0,0,0,0,0,0
mimir234,2023-03-29,,france,,0,0,0,0,0,0,0,0,0
mimir234,2023-03-30,,france,,0,0,0,0,0,0,0,0,0
mimir234,2023-03-31,,france,,0,0,0,0,0,0,0,0,0
mimir234,2023-04-03,,france,,0,0,0,0,0,0,0,0,0
mimir234,2023-04-04,98001423,france,,1,0,0,0,0,0,0,0,0
mimir234,2023-04-05,98212776,france,,1,0,0,0,0,0,0,0,0
mimir234,2023-04-06,,france,,0,0,0,0,0,0,0,0,0
minkiele,2023-03-28,,italy,,0,1,0,0,0,0,0,0,0
minkiele,2023-03-29,97320600,italy,,1,0,1,0,0,0,0,0,0
minkiele,2023-03-30,,italy,,0,0,0,1,0,0,0,0,0
minkiele,2023-03-31,97609488,italy,,1,0,0,0,1,0,0,0,0
minkiele,2023-04-03,,italy,,0,0,0,0,0,1,0,0,0
minkiele,2023-04-04,98104040,italy,,1,0,0,0,0,0,1,0,0
minkiele,2023-04-05,98152222,italy,,1,0,0,0,0,0,0,1,0
minkiele,2023-04-06,,italy,,0,0,0,0,0,0,0,0,1
mirko-pagliai,2023-03-28,,italy,,0,1,0,0,0,0,0,0,0
mirko-pagliai,2023-03-29,,italy,,0,0,1,0,0,0,0,0,0
mirko-pagliai,2023-03-30,,italy,,0,0,0,1,0,0,0,0,0
mirko-pagliai,2023-03-31,,italy,,0,0,0,0,1,0,0,0,0
mirko-pagliai,2023-04-03,,italy,,0,0,0,0,0,1,0,0,0
mirko-pagliai,2023-04-04,,italy,,0,0,0,0,0,0,1,0,0
mirko-pagliai,2023-04-05,98222977,italy,,1,0,0,0,0,0,0,1,0
mirko-pagliai,2023-04-06,,italy,,0,0,0,0,0,0,0,0,1
miticollo,2023-03-28,,italy,,0,1,0,0,0,0,0,0,0
miticollo,2023-03-29,,italy,,0,0,1,0,0,0,0,0,0
miticollo,2023-03-30,,italy,,0,0,0,1,0,0,0,0,0
miticollo,2023-03-31,,italy,,0,0,0,0,1,0,0,0,0
miticollo,2023-04-03,,italy,,0,0,0,0,0,1,0,0,0
miticollo,2023-04-04,,italy,,0,0,0,0,0,0,1,0,0
miticollo,2023-04-05,98280280,italy,,1,0,0,0,0,0,0,1,0
miticollo,2023-04-06,,italy,,0,0,0,0,0,0,0,0,1
mjljm,2023-03-28,,france,,0,0,0,0,0,0,0,0,0
mjljm,2023-03-29,,france,,0,0,0,0,0,0,0,0,0
mjljm,2023-03-30,,france,,0,0,0,0,0,0,0,0,0
mjljm,2023-03-31,,france,,0,0,0,0,0,0,0,0,0
mjljm,2023-04-03,97872179,france,,1,0,0,0,0,0,0,0,0
mjljm,2023-04-04,,france,,0,0,0,0,0,0,0,0,0
mjljm,2023-04-05,,france,,0,0,0,0,0,0,0,0,0
mjljm,2023-04-06,,france,,0,0,0,0,0,0,0,0,0
mkmik,2023-03-28,,italy,90627713,0,1,0,0,0,0,0,0,0
mkmik,2023-03-29,97298638,italy,90627713,1,0,1,0,0,0,0,0,0
mkmik,2023-03-30,,italy,90627713,0,0,0,1,0,0,0,0,0
mkmik,2023-03-31,,italy,90627713,0,0,0,0,1,0,0,0,0
mkmik,2023-04-03,,italy,90627713,0,0,0,0,0,1,0,0,0
mkmik,2023-04-04,,italy,90627713,0,0,0,0,0,0,1,0,0
mkmik,2023-04-05,,italy,90627713,0,0,0,0,0,0,0,1,0
mkmik,2023-04-06,,italy,90627713,0,0,0,0,0,0,0,0,1
mkukiro,2023-03-28,,italy,,0,1,0,0,0,0,0,0,0
mkukiro,2023-03-29,,italy,,0,0,1,0,0,0,0,0,0
mkukiro,2023-03-30,,italy,,0,0,0,1,0,0,0,0,0
mkukiro,2023-03-31,,italy,,0,0,0,0,1,0,0,0,0
mkukiro,2023-04-03,,italy,,0,0,0,0,0,1,0,0,0
mkukiro,2023-04-04,,italy,,0,0,0,0,0,0,1,0,0
mkukiro,2023-04-05,98216266,italy,,1,0,0,0,0,0,0,1,0
mkukiro,2023-04-06,98358911,italy,,1,0,0,0,0,0,0,0,1
mlocati,2023-03-28,,italy,,0,1,0,0,0,0,0,0,0
mlocati,2023-03-29,,italy,,0,0,1,0,0,0,0,0,0
mlocati,2023-03-30,,italy,,0,0,0,1,0,0,0,0,0
mlocati,2023-03-31,,italy,,0,0,0,0,1,0,0,0,0
mlocati,2023-04-03,,italy,,0,0,0,0,0,1,0,0,0
mlocati,2023-04-04,98065915,italy,,1,0,0,0,0,0,1,0,0
mlocati,2023-04-05,,italy,,0,0,0,0,0,0,0,1,0
mlocati,2023-04-06,,italy,,0,0,0,0,0,0,0,0,1
mlthelama,2023-03-28,,austria,,0,0,0,0,0,0,0,0,0
mlthelama,2023-03-29,,austria,,0,0,0,0,0,0,0,0,0
mlthelama,2023-03-30,,austria,,0,0,0,0,0,0,0,0,0
mlthelama,2023-03-31,,austria,,0,0,0,0,0,0,0,0,0
mlthelama,2023-04-03,,austria,,0,0,0,0,0,0,0,0,0
mlthelama,2023-04-04,,austria,,0,0,0,0,0,0,0,0,0
mlthelama,2023-04-05,98237154,austria,,1,0,0,0,0,0,0,0,0
mlthelama,2023-04-06,,austria,,0,0,0,0,0,0,0,0,0
mmalecot,2023-03-28,97219129,france,,1,0,0,0,0,0,0,0,0
mmalecot,2023-03-29,,france,,0,0,0,0,0,0,0,0,0
mmalecot,2023-03-30,,france,,0,0,0,0,0,0,0,0,0
mmalecot,2023-03-31,,france,,0,0,0,0,0,0,0,0,0
mmalecot,2023-04-03,,france,,0,0,0,0,0,0,0,0,0
mmalecot,2023-04-04,,france,,0,0,0,0,0,0,0,0,0
mmalecot,2023-04-05,,france,,0,0,0,0,0,0,0,0,0
mmalecot,2023-04-06,,france,,0,0,0,0,0,0,0,0,0
mmomtchev,2023-03-28,97220731,france,,1,0,0,0,0,0,0,0,0
mmomtchev,2023-03-29,97358825,france,,1,0,0,0,0,0,0,0,0
mmomtchev,2023-03-30,,france,,0,0,0,0,0,0,0,0,0
mmomtchev,2023-03-31,,france,,0,0,0,0,0,0,0,0,0
mmomtchev,2023-04-03,97889433,france,,1,0,0,0,0,0,0,0,0
mmomtchev,2023-04-04,98073566,france,,1,0,0,0,0,0,0,0,0
mmomtchev,2023-04-05,,france,,0,0,0,0,0,0,0,0,0
mmomtchev,2023-04-06,,france,,0,0,0,0,0,0,0,0,0
mnapoli,2023-03-28,97163688,france,45861341,1,0,0,0,0,0,0,0,0
mnapoli,2023-03-29,,france,45861341,0,0,0,0,0,0,0,0,0
mnapoli,2023-03-30,,france,45861341,0,0,0,0,0,0,0,0,0
mnapoli,2023-03-31,,france,45861341,0,0,0,0,0,0,0,0,0
mnapoli,2023-04-03,97849615,france,45861341,1,0,0,0,0,0,0,0,0
mnapoli,2023-04-04,,france,45861341,0,0,0,0,0,0,0,0,0
mnapoli,2023-04-05,,france,45861341,0,0,0,0,0,0,0,0,0
mnapoli,2023-04-06,,france,45861341,0,0,0,0,0,0,0,0,0
moio,2023-03-28,97173813,italy,,1,1,0,0,0,0,0,0,0
moio,2023-03-29,97276945,italy,,1,0,1,0,0,0,0,0,0
moio,2023-03-30,,italy,,0,0,0,1,0,0,0,0,0
moio,2023-03-31,,italy,,0,0,0,0,1,0,0,0,0
moio,2023-04-03,,italy,,0,0,0,0,0,1,0,0,0
moio,2023-04-04,,italy,,0,0,0,0,0,0,1,0,0
moio,2023-04-05,,italy,,0,0,0,0,0,0,0,1,0
moio,2023-04-06,,italy,,0,0,0,0,0,0,0,0,1
moufmouf,2023-03-28,,france,1847918,0,0,0,0,0,0,0,0,0
moufmouf,2023-03-29,,france,1847918,0,0,0,0,0,0,0,0,0
moufmouf,2023-03-30,,france,1847918,0,0,0,0,0,0,0,0,0
moufmouf,2023-03-31,,france,1847918,0,0,0,0,0,0,0,0,0
moufmouf,2023-04-03,,france,1847918,0,0,0,0,0,0,0,0,0
moufmouf,2023-04-04,,france,1847918,0,0,0,0,0,0,0,0,0
moufmouf,2023-04-05,98168631,france,1847918,1,0,0,0,0,0,0,0,0
moufmouf,2023-04-06,,france,1847918,0,0,0,0,0,0,0,0,0
mr-manuel,2023-03-28,97159978,italy,,1,1,0,0,0,0,0,0,0
mr-manuel,2023-03-29,,italy,,0,0,1,0,0,0,0,0,0
mr-manuel,2023-03-30,,italy,,0,0,0,1,0,0,0,0,0
mr-manuel,2023-03-31,,italy,,0,0,0,0,1,0,0,0,0
mr-manuel,2023-04-03,,italy,,0,0,0,0,0,1,0,0,0
mr-manuel,2023-04-04,,italy,,0,0,0,0,0,0,1,0,0
mr-manuel,2023-04-05,,italy,,0,0,0,0,0,0,0,1,0
mr-manuel,2023-04-06,,italy,,0,0,0,0,0,0,0,0,1
mrgian,2023-03-28,,italy,,0,1,0,0,0,0,0,0,0
mrgian,2023-03-29,,italy,,0,0,1,0,0,0,0,0,0
mrgian,2023-03-30,97438652,italy,,1,0,0,1,0,0,0,0,0
mrgian,2023-03-31,,italy,,0,0,0,0,1,0,0,0,0
mrgian,2023-04-03,,italy,,0,0,0,0,0,1,0,0,0
mrgian,2023-04-04,,italy,,0,0,0,0,0,0,1,0,0
mrgian,2023-04-05,,italy,,0,0,0,0,0,0,0,1,0
mrgian,2023-04-06,,italy,,0,0,0,0,0,0,0,0,1
mriedmann,2023-03-28,,austria,56123079,0,0,0,0,0,0,0,0,0
mriedmann,2023-03-29,,austria,56123079,0,0,0,0,0,0,0,0,0
mriedmann,2023-03-30,97506367,austria,56123079,1,0,0,0,0,0,0,0,0
mriedmann,2023-03-31,,austria,56123079,0,0,0,0,0,0,0,0,0
mriedmann,2023-04-03,,austria,56123079,0,0,0,0,0,0,0,0,0
mriedmann,2023-04-04,,austria,56123079,0,0,0,0,0,0,0,0,0
mriedmann,2023-04-05,,austria,56123079,0,0,0,0,0,0,0,0,0
mriedmann,2023-04-06,,austria,56123079,0,0,0,0,0,0,0,0,0
mrkkrp,2023-03-28,,france,6057932,0,0,0,0,0,0,0,0,0
mrkkrp,2023-03-29,,france,6057932,0,0,0,0,0,0,0,0,0
mrkkrp,2023-03-30,,france,6057932,0,0,0,0,0,0,0,0,0
mrkkrp,2023-03-31,,france,6057932,0,0,0,0,0,0,0,0,0
mrkkrp,2023-04-03,,france,6057932,0,0,0,0,0,0,0,0,0
mrkkrp,2023-04-04,98069401,france,6057932,1,0,0,0,0,0,0,0,0
mrkkrp,2023-04-05,,france,6057932,0,0,0,0,0,0,0,0,0
mrkkrp,2023-04-06,,france,6057932,0,0,0,0,0,0,0,0,0
mrtj,2023-03-28,,italy,6410685,0,1,0,0,0,0,0,0,0
mrtj,2023-03-29,,italy,6410685,0,0,1,0,0,0,0,0,0
mrtj,2023-03-30,97564550,italy,6410685,1,0,0,1,0,0,0,0,0
mrtj,2023-03-31,,italy,6410685,0,0,0,0,1,0,0,0,0
mrtj,2023-04-03,,italy,6410685,0,0,0,0,0,1,0,0,0
mrtj,2023-04-04,,italy,6410685,0,0,0,0,0,0,1,0,0
mrtj,2023-04-05,,italy,6410685,0,0,0,0,0,0,0,1,0
mrtj,2023-04-06,,italy,6410685,0,0,0,0,0,0,0,0,1
mstiri,2023-03-28,,france,,0,0,0,0,0,0,0,0,0
mstiri,2023-03-29,,france,,0,0,0,0,0,0,0,0,0
mstiri,2023-03-30,,france,,0,0,0,0,0,0,0,0,0
mstiri,2023-03-31,,france,,0,0,0,0,0,0,0,0,0
mstiri,2023-04-03,,france,,0,0,0,0,0,0,0,0,0
mstiri,2023-04-04,,france,,0,0,0,0,0,0,0,0,0
mstiri,2023-04-05,,france,,0,0,0,0,0,0,0,0,0
mstiri,2023-04-06,98301024,france,,1,0,0,0,0,0,0,0,0
mtarld,2023-03-28,,france,,0,0,0,0,0,0,0,0,0
mtarld,2023-03-29,,france,,0,0,0,0,0,0,0,0,0
mtarld,2023-03-30,,france,,0,0,0,0,0,0,0,0,0
mtarld,2023-03-31,,france,,0,0,0,0,0,0,0,0,0
mtarld,2023-04-03,,france,,0,0,0,0,0,0,0,0,0
mtarld,2023-04-04,,france,,0,0,0,0,0,0,0,0,0
mtarld,2023-04-05,98207159,france,,1,0,0,0,0,0,0,0,0
mtarld,2023-04-06,,france,,0,0,0,0,0,0,0,0,0
mteillet,2023-03-28,,france,,0,0,0,0,0,0,0,0,0
mteillet,2023-03-29,,france,,0,0,0,0,0,0,0,0,0
mteillet,2023-03-30,,france,,0,0,0,0,0,0,0,0,0
mteillet,2023-03-31,97590817,france,,1,0,0,0,0,0,0,0,0
mteillet,2023-04-03,,france,,0,0,0,0,0,0,0,0,0
mteillet,2023-04-04,,france,,0,0,0,0,0,0,0,0,0
mteillet,2023-04-05,,france,,0,0,0,0,0,0,0,0,0
mteillet,2023-04-06,,france,,0,0,0,0,0,0,0,0,0
mtw,2023-03-28,,austria,22776520,0,0,0,0,0,0,0,0,0
mtw,2023-03-29,,austria,22776520,0,0,0,0,0,0,0,0,0
mtw,2023-03-30,97527757,austria,22776520,1,0,0,0,0,0,0,0,0
mtw,2023-03-31,,austria,22776520,0,0,0,0,0,0,0,0,0
mtw,2023-04-03,,austria,22776520,0,0,0,0,0,0,0,0,0
mtw,2023-04-04,,austria,22776520,0,0,0,0,0,0,0,0,0
mtw,2023-04-05,,austria,22776520,0,0,0,0,0,0,0,0,0
mtw,2023-04-06,,austria,22776520,0,0,0,0,0,0,0,0,0
muhlba91,2023-03-28,,austria,5179750,0,0,0,0,0,0,0,0,0
muhlba91,2023-03-29,,austria,5179750,0,0,0,0,0,0,0,0,0
muhlba91,2023-03-30,97436437,austria,5179750,1,0,0,0,0,0,0,0,0
muhlba91,2023-03-31,,austria,5179750,0,0,0,0,0,0,0,0,0
muhlba91,2023-04-03,,austria,5179750,0,0,0,0,0,0,0,0,0
muhlba91,2023-04-04,,austria,5179750,0,0,0,0,0,0,0,0,0
muhlba91,2023-04-05,,austria,5179750,0,0,0,0,0,0,0,0,0
muhlba91,2023-04-06,,austria,5179750,0,0,0,0,0,0,0,0,0
muryoh,2023-03-28,97140183,france,45049140,1,0,0,0,0,0,0,0,0
muryoh,2023-03-29,,france,45049140,0,0,0,0,0,0,0,0,0
muryoh,2023-03-30,,france,45049140,0,0,0,0,0,0,0,0,0
muryoh,2023-03-31,,france,45049140,0,0,0,0,0,0,0,0,0
muryoh,2023-04-03,97883673,france,45049140,1,0,0,0,0,0,0,0,0
muryoh,2023-04-04,98089686,france,45049140,1,0,0,0,0,0,0,0,0
muryoh,2023-04-05,,france,45049140,0,0,0,0,0,0,0,0,0
muryoh,2023-04-06,,france,45049140,0,0,0,0,0,0,0,0,0
mwllgr,2023-03-28,,austria,,0,0,0,0,0,0,0,0,0
mwllgr,2023-03-29,,austria,,0,0,0,0,0,0,0,0,0
mwllgr,2023-03-30,,austria,,0,0,0,0,0,0,0,0,0
mwllgr,2023-03-31,,austria,,0,0,0,0,0,0,0,0,0
mwllgr,2023-04-03,,austria,,0,0,0,0,0,0,0,0,0
mwllgr,2023-04-04,98098060,austria,,1,0,0,0,0,0,0,0,0
mwllgr,2023-04-05,,austria,,0,0,0,0,0,0,0,0,0
mwllgr,2023-04-06,,austria,,0,0,0,0,0,0,0,0,0
n-tardieu,2023-03-28,,france,,0,0,0,0,0,0,0,0,0
n-tardieu,2023-03-29,,france,,0,0,0,0,0,0,0,0,0
n-tardieu,2023-03-30,,france,,0,0,0,0,0,0,0,0,0
n-tardieu,2023-03-31,,france,,0,0,0,0,0,0,0,0,0
n-tardieu,2023-04-03,,france,,0,0,0,0,0,0,0,0,0
n-tardieu,2023-04-04,,france,,0,0,0,0,0,0,0,0,0
n-tardieu,2023-04-05,,france,,0,0,0,0,0,0,0,0,0
n-tardieu,2023-04-06,98449403,france,,1,0,0,0,0,0,0,0,0
na-ji,2023-03-28,,france,,0,0,0,0,0,0,0,0,0
na-ji,2023-03-29,,france,,0,0,0,0,0,0,0,0,0
na-ji,2023-03-30,,france,,0,0,0,0,0,0,0,0,0
na-ji,2023-03-31,,france,,0,0,0,0,0,0,0,0,0
na-ji,2023-04-03,,france,,0,0,0,0,0,0,0,0,0
na-ji,2023-04-04,98071955,france,,1,0,0,0,0,0,0,0,0
na-ji,2023-04-05,,france,,0,0,0,0,0,0,0,0,0
na-ji,2023-04-06,,france,,0,0,0,0,0,0,0,0,0
nassimmokhtari,2023-03-28,,france,,0,0,0,0,0,0,0,0,0
nassimmokhtari,2023-03-29,,france,,0,0,0,0,0,0,0,0,0
nassimmokhtari,2023-03-30,,france,,0,0,0,0,0,0,0,0,0
nassimmokhtari,2023-03-31,,france,,0,0,0,0,0,0,0,0,0
nassimmokhtari,2023-04-03,,france,,0,0,0,0,0,0,0,0,0
nassimmokhtari,2023-04-04,98111496,france,,1,0,0,0,0,0,0,0,0
nassimmokhtari,2023-04-05,,france,,0,0,0,0,0,0,0,0,0
nassimmokhtari,2023-04-06,,france,,0,0,0,0,0,0,0,0,0
nbelyh,2023-03-28,,austria,,0,0,0,0,0,0,0,0,0
nbelyh,2023-03-29,,austria,,0,0,0,0,0,0,0,0,0
nbelyh,2023-03-30,,austria,,0,0,0,0,0,0,0,0,0
nbelyh,2023-03-31,,austria,,0,0,0,0,0,0,0,0,0
nbelyh,2023-04-03,,austria,,0,0,0,0,0,0,0,0,0
nbelyh,2023-04-04,85668242,austria,,1,0,0,0,0,0,0,0,0
nbelyh,2023-04-05,,austria,,0,0,0,0,0,0,0,0,0
nbelyh,2023-04-06,,austria,,0,0,0,0,0,0,0,0,0
nczirjak-acdh,2023-03-28,,austria,14135705,0,0,0,0,0,0,0,0,0
nczirjak-acdh,2023-03-29,,austria,14135705,0,0,0,0,0,0,0,0,0
nczirjak-acdh,2023-03-30,,austria,14135705,0,0,0,0,0,0,0,0,0
nczirjak-acdh,2023-03-31,,austria,14135705,0,0,0,0,0,0,0,0,0
nczirjak-acdh,2023-04-03,97819920,austria,14135705,1,0,0,0,0,0,0,0,0
nczirjak-acdh,2023-04-04,,austria,14135705,0,0,0,0,0,0,0,0,0
nczirjak-acdh,2023-04-05,,austria,14135705,0,0,0,0,0,0,0,0,0
nczirjak-acdh,2023-04-06,,austria,14135705,0,0,0,0,0,0,0,0,0
ndeet,2023-03-28,,austria,31132886,0,0,0,0,0,0,0,0,0
ndeet,2023-03-29,,austria,31132886,0,0,0,0,0,0,0,0,0
ndeet,2023-03-30,,austria,31132886,0,0,0,0,0,0,0,0,0
ndeet,2023-03-31,,austria,31132886,0,0,0,0,0,0,0,0,0
ndeet,2023-04-03,97825158,austria,31132886,1,0,0,0,0,0,0,0,0
ndeet,2023-04-04,,austria,31132886,0,0,0,0,0,0,0,0,0
ndeet,2023-04-05,,austria,31132886,0,0,0,0,0,0,0,0,0
ndeet,2023-04-06,,austria,31132886,0,0,0,0,0,0,0,0,0
nedex,2023-03-28,,italy,,0,1,0,0,0,0,0,0,0
nedex,2023-03-29,,italy,,0,0,1,0,0,0,0,0,0
nedex,2023-03-30,,italy,,0,0,0,1,0,0,0,0,0
nedex,2023-03-31,,italy,,0,0,0,0,1,0,0,0,0
nedex,2023-04-03,97889641,italy,,1,0,0,0,0,1,0,0,0
nedex,2023-04-04,,italy,,0,0,0,0,0,0,1,0,0
nedex,2023-04-05,,italy,,0,0,0,0,0,0,0,1,0
nedex,2023-04-06,,italy,,0,0,0,0,0,0,0,0,1
neo-jgrec,2023-03-28,,france,,0,0,0,0,0,0,0,0,0
neo-jgrec,2023-03-29,,france,,0,0,0,0,0,0,0,0,0
neo-jgrec,2023-03-30,,france,,0,0,0,0,0,0,0,0,0
neo-jgrec,2023-03-31,,france,,0,0,0,0,0,0,0,0,0
neo-jgrec,2023-04-03,,france,,0,0,0,0,0,0,0,0,0
neo-jgrec,2023-04-04,,france,,0,0,0,0,0,0,0,0,0
neo-jgrec,2023-04-05,98205736,france,,1,0,0,0,0,0,0,0,0
neo-jgrec,2023-04-06,,france,,0,0,0,0,0,0,0,0,0
neolao,2023-03-28,,france,,0,0,0,0,0,0,0,0,0
neolao,2023-03-29,,france,,0,0,0,0,0,0,0,0,0
neolao,2023-03-30,,france,,0,0,0,0,0,0,0,0,0
neolao,2023-03-31,,france,,0,0,0,0,0,0,0,0,0
neolao,2023-04-03,,france,,0,0,0,0,0,0,0,0,0
neolao,2023-04-04,,france,,0,0,0,0,0,0,0,0,0
neolao,2023-04-05,,france,,0,0,0,0,0,0,0,0,0
neolao,2023-04-06,98334730,france,,1,0,0,0,0,0,0,0,0
neutrinoceros,2023-03-28,,france,,0,0,0,0,0,0,0,0,0
neutrinoceros,2023-03-29,,france,,0,0,0,0,0,0,0,0,0
neutrinoceros,2023-03-30,,france,,0,0,0,0,0,0,0,0,0
neutrinoceros,2023-03-31,,france,,0,0,0,0,0,0,0,0,0
neutrinoceros,2023-04-03,,france,,0,0,0,0,0,0,0,0,0
neutrinoceros,2023-04-04,,france,,0,0,0,0,0,0,0,0,0
neutrinoceros,2023-04-05,,france,,0,0,0,0,0,0,0,0,0
neutrinoceros,2023-04-06,98341196,france,,1,0,0,0,0,0,0,0,0
nezhar,2023-03-28,97199496,austria,85480098,1,0,0,0,0,0,0,0,0
nezhar,2023-03-29,97351258,austria,85480098,1,0,0,0,0,0,0,0,0
nezhar,2023-03-30,,austria,85480098,0,0,0,0,0,0,0,0,0
nezhar,2023-03-31,,austria,85480098,0,0,0,0,0,0,0,0,0
nezhar,2023-04-03,,austria,85480098,0,0,0,0,0,0,0,0,0
nezhar,2023-04-04,,austria,85480098,0,0,0,0,0,0,0,0,0
nezhar,2023-04-05,,austria,85480098,0,0,0,0,0,0,0,0,0
nezhar,2023-04-06,,austria,85480098,0,0,0,0,0,0,0,0,0
nfrerebeau,2023-03-28,,france,78033555,0,0,0,0,0,0,0,0,0
nfrerebeau,2023-03-29,,france,78033555,0,0,0,0,0,0,0,0,0
nfrerebeau,2023-03-30,,france,78033555,0,0,0,0,0,0,0,0,0
nfrerebeau,2023-03-31,,france,78033555,0,0,0,0,0,0,0,0,0
nfrerebeau,2023-04-03,,france,78033555,0,0,0,0,0,0,0,0,0
nfrerebeau,2023-04-04,98013133,france,78033555,1,0,0,0,0,0,0,0,0
nfrerebeau,2023-04-05,,france,78033555,0,0,0,0,0,0,0,0,0
nfrerebeau,2023-04-06,,france,78033555,0,0,0,0,0,0,0,0,0
nico-vrn,2023-03-28,,france,,0,0,0,0,0,0,0,0,0
nico-vrn,2023-03-29,,france,,0,0,0,0,0,0,0,0,0
nico-vrn,2023-03-30,,france,,0,0,0,0,0,0,0,0,0
nico-vrn,2023-03-31,,france,,0,0,0,0,0,0,0,0,0
nico-vrn,2023-04-03,,france,,0,0,0,0,0,0,0,0,0
nico-vrn,2023-04-04,97991625,france,,1,0,0,0,0,0,0,0,0
nico-vrn,2023-04-05,,france,,0,0,0,0,0,0,0,0,0
nico-vrn,2023-04-06,,france,,0,0,0,0,0,0,0,0,0
nicolas-chaix-didomi,2023-03-28,,france,29689963,0,0,0,0,0,0,0,0,0
nicolas-chaix-didomi,2023-03-29,,france,29689963,0,0,0,0,0,0,0,0,0
nicolas-chaix-didomi,2023-03-30,,france,29689963,0,0,0,0,0,0,0,0,0
nicolas-chaix-didomi,2023-03-31,,france,29689963,0,0,0,0,0,0,0,0,0
nicolas-chaix-didomi,2023-04-03,,france,29689963,0,0,0,0,0,0,0,0,0
nicolas-chaix-didomi,2023-04-04,98050600,france,29689963,1,0,0,0,0,0,0,0,0
nicolas-chaix-didomi,2023-04-05,,france,29689963,0,0,0,0,0,0,0,0,0
nicolas-chaix-didomi,2023-04-06,,france,29689963,0,0,0,0,0,0,0,0,0
nicolas-rabault,2023-03-28,,france,40762578,0,0,0,0,0,0,0,0,0
nicolas-rabault,2023-03-29,,france,40762578,0,0,0,0,0,0,0,0,0
nicolas-rabault,2023-03-30,,france,40762578,0,0,0,0,0,0,0,0,0
nicolas-rabault,2023-03-31,97167833,france,40762578,1,0,0,0,0,0,0,0,0
nicolas-rabault,2023-04-03,,france,40762578,0,0,0,0,0,0,0,0,0
nicolas-rabault,2023-04-04,,france,40762578,0,0,0,0,0,0,0,0,0
nicolas-rabault,2023-04-05,,france,40762578,0,0,0,0,0,0,0,0,0
nicolas-rabault,2023-04-06,,france,40762578,0,0,0,0,0,0,0,0,0
nicolasnoel,2023-03-28,,france,43474432,0,0,0,0,0,0,0,0,0
nicolasnoel,2023-03-29,,france,43474432,0,0,0,0,0,0,0,0,0
nicolasnoel,2023-03-30,97488114,france,43474432,1,0,0,0,0,0,0,0,0
nicolasnoel,2023-03-31,,france,43474432,0,0,0,0,0,0,0,0,0
nicolasnoel,2023-04-03,97806270,france,43474432,1,0,0,0,0,0,0,0,0
nicolasnoel,2023-04-04,98016154,france,43474432,1,0,0,0,0,0,0,0,0
nicolasnoel,2023-04-05,,france,43474432,0,0,0,0,0,0,0,0,0
nicolasnoel,2023-04-06,98478473,france,43474432,1,0,0,0,0,0,0,0,0
nicoloboschi,2023-03-28,,italy,573369,0,1,0,0,0,0,0,0,0
nicoloboschi,2023-03-29,,italy,573369,0,0,1,0,0,0,0,0,0
nicoloboschi,2023-03-30,,italy,573369,0,0,0,1,0,0,0,0,0
nicoloboschi,2023-03-31,97603087,italy,573369,1,0,0,0,1,0,0,0,0
nicoloboschi,2023-04-03,,italy,573369,0,0,0,0,0,1,0,0,0
nicoloboschi,2023-04-04,98080035,italy,573369,1,0,0,0,0,0,1,0,0
nicoloboschi,2023-04-05,,italy,573369,0,0,0,0,0,0,0,1,0
nicoloboschi,2023-04-06,,italy,573369,0,0,0,0,0,0,0,0,1
niio972,2023-03-28,,france,34311672,0,0,0,0,0,0,0,0,0
niio972,2023-03-29,,france,34311672,0,0,0,0,0,0,0,0,0
niio972,2023-03-30,,france,34311672,0,0,0,0,0,0,0,0,0
niio972,2023-03-31,,france,34311672,0,0,0,0,0,0,0,0,0
niio972,2023-04-03,,france,34311672,0,0,0,0,0,0,0,0,0
niio972,2023-04-04,,france,34311672,0,0,0,0,0,0,0,0,0
niio972,2023-04-05,,france,34311672,0,0,0,0,0,0,0,0,0
niio972,2023-04-06,98349034,france,34311672,1,0,0,0,0,0,0,0,0
nikgraf,2023-03-28,97114645,austria,70574530,1,0,0,0,0,0,0,0,0
nikgraf,2023-03-29,,austria,70574530,0,0,0,0,0,0,0,0,0
nikgraf,2023-03-30,,austria,70574530,0,0,0,0,0,0,0,0,0
nikgraf,2023-03-31,,austria,70574530,0,0,0,0,0,0,0,0,0
nikgraf,2023-04-03,,austria,70574530,0,0,0,0,0,0,0,0,0
nikgraf,2023-04-04,,austria,70574530,0,0,0,0,0,0,0,0,0
nikgraf,2023-04-05,,austria,70574530,0,0,0,0,0,0,0,0,0
nikgraf,2023-04-06,,austria,70574530,0,0,0,0,0,0,0,0,0
nilsteampassnet,2023-03-28,97205028,france,,1,0,0,0,0,0,0,0,0
nilsteampassnet,2023-03-29,,france,,0,0,0,0,0,0,0,0,0
nilsteampassnet,2023-03-30,,france,,0,0,0,0,0,0,0,0,0
nilsteampassnet,2023-03-31,,france,,0,0,0,0,0,0,0,0,0
nilsteampassnet,2023-04-03,,france,,0,0,0,0,0,0,0,0,0
nilsteampassnet,2023-04-04,,france,,0,0,0,0,0,0,0,0,0
nilsteampassnet,2023-04-05,,france,,0,0,0,0,0,0,0,0,0
nilsteampassnet,2023-04-06,,france,,0,0,0,0,0,0,0,0,0
nim65s,2023-03-28,,france,3725101,0,0,0,0,0,0,0,0,0
nim65s,2023-03-29,,france,3725101,0,0,0,0,0,0,0,0,0
nim65s,2023-03-30,,france,3725101,0,0,0,0,0,0,0,0,0
nim65s,2023-03-31,97629946,france,3725101,1,0,0,0,0,0,0,0,0
nim65s,2023-04-03,,france,3725101,0,0,0,0,0,0,0,0,0
nim65s,2023-04-04,,france,3725101,0,0,0,0,0,0,0,0,0
nim65s,2023-04-05,,france,3725101,0,0,0,0,0,0,0,0,0
nim65s,2023-04-06,,france,3725101,0,0,0,0,0,0,0,0,0
nlachfr,2023-03-28,,france,,0,0,0,0,0,0,0,0,0
nlachfr,2023-03-29,,france,,0,0,0,0,0,0,0,0,0
nlachfr,2023-03-30,97559002,france,,1,0,0,0,0,0,0,0,0
nlachfr,2023-03-31,,france,,0,0,0,0,0,0,0,0,0
nlachfr,2023-04-03,,france,,0,0,0,0,0,0,0,0,0
nlachfr,2023-04-04,,france,,0,0,0,0,0,0,0,0,0
nlachfr,2023-04-05,,france,,0,0,0,0,0,0,0,0,0
nlachfr,2023-04-06,,france,,0,0,0,0,0,0,0,0,0
nodify-at,2023-03-28,97097109,austria,,1,0,0,0,0,0,0,0,0
nodify-at,2023-03-29,,austria,,0,0,0,0,0,0,0,0,0
nodify-at,2023-03-30,,austria,,0,0,0,0,0,0,0,0,0
nodify-at,2023-03-31,,austria,,0,0,0,0,0,0,0,0,0
nodify-at,2023-04-03,,austria,,0,0,0,0,0,0,0,0,0
nodify-at,2023-04-04,,austria,,0,0,0,0,0,0,0,0,0
nodify-at,2023-04-05,,austria,,0,0,0,0,0,0,0,0,0
nodify-at,2023-04-06,,austria,,0,0,0,0,0,0,0,0,0
noftaly,2023-03-28,97229536,france,,1,0,0,0,0,0,0,0,0
noftaly,2023-03-29,,france,,0,0,0,0,0,0,0,0,0
noftaly,2023-03-30,,france,,0,0,0,0,0,0,0,0,0
noftaly,2023-03-31,,france,,0,0,0,0,0,0,0,0,0
noftaly,2023-04-03,,france,,0,0,0,0,0,0,0,0,0
noftaly,2023-04-04,,france,,0,0,0,0,0,0,0,0,0
noftaly,2023-04-05,,france,,0,0,0,0,0,0,0,0,0
noftaly,2023-04-06,,france,,0,0,0,0,0,0,0,0,0
nooxx,2023-03-28,,france,99018327,0,0,0,0,0,0,0,0,0
nooxx,2023-03-29,,france,99018327,0,0,0,0,0,0,0,0,0
nooxx,2023-03-30,,france,99018327,0,0,0,0,0,0,0,0,0
nooxx,2023-03-31,97605358,france,99018327,1,0,0,0,0,0,0,0,0
nooxx,2023-04-03,,france,99018327,0,0,0,0,0,0,0,0,0
nooxx,2023-04-04,,france,99018327,0,0,0,0,0,0,0,0,0
nooxx,2023-04-05,,france,99018327,0,0,0,0,0,0,0,0,0
nooxx,2023-04-06,,france,99018327,0,0,0,0,0,0,0,0,0
notKamui,2023-03-28,,france,,0,0,0,0,0,0,0,0,0
notKamui,2023-03-29,,france,,0,0,0,0,0,0,0,0,0
notKamui,2023-03-30,97538408,france,,1,0,0,0,0,0,0,0,0
notKamui,2023-03-31,,france,,0,0,0,0,0,0,0,0,0
notKamui,2023-04-03,,france,,0,0,0,0,0,0,0,0,0
notKamui,2023-04-04,,france,,0,0,0,0,0,0,0,0,0
notKamui,2023-04-05,,france,,0,0,0,0,0,0,0,0,0
notKamui,2023-04-06,,france,,0,0,0,0,0,0,0,0,0
notz,2023-03-28,,austria,,0,0,0,0,0,0,0,0,0
notz,2023-03-29,,austria,,0,0,0,0,0,0,0,0,0
notz,2023-03-30,,austria,,0,0,0,0,0,0,0,0,0
notz,2023-03-31,,austria,,0,0,0,0,0,0,0,0,0
notz,2023-04-03,97870269,austria,,1,0,0,0,0,0,0,0,0
notz,2023-04-04,,austria,,0,0,0,0,0,0,0,0,0
notz,2023-04-05,,austria,,0,0,0,0,0,0,0,0,0
notz,2023-04-06,,austria,,0,0,0,0,0,0,0,0,0
nriss,2023-03-28,,france,62761379,0,0,0,0,0,0,0,0,0
nriss,2023-03-29,,france,62761379,0,0,0,0,0,0,0,0,0
nriss,2023-03-30,,france,62761379,0,0,0,0,0,0,0,0,0
nriss,2023-03-31,97650735,france,62761379,1,0,0,0,0,0,0,0,0
nriss,2023-04-03,,france,62761379,0,0,0,0,0,0,0,0,0
nriss,2023-04-04,,france,62761379,0,0,0,0,0,0,0,0,0
nriss,2023-04-05,,france,62761379,0,0,0,0,0,0,0,0,0
nriss,2023-04-06,,france,62761379,0,0,0,0,0,0,0,0,0
numerunix,2023-03-28,,italy,,0,1,0,0,0,0,0,0,0
numerunix,2023-03-29,,italy,,0,0,1,0,0,0,0,0,0
numerunix,2023-03-30,,italy,,0,0,0,1,0,0,0,0,0
numerunix,2023-03-31,97681505,italy,,1,0,0,0,1,0,0,0,0
numerunix,2023-04-03,,italy,,0,0,0,0,0,1,0,0,0
numerunix,2023-04-04,97983772,italy,,1,0,0,0,0,0,1,0,0
numerunix,2023-04-05,,italy,,0,0,0,0,0,0,0,1,0
numerunix,2023-04-06,,italy,,0,0,0,0,0,0,0,0,1
nvuillam,2023-03-28,,france,22538326,0,0,0,0,0,0,0,0,0
nvuillam,2023-03-29,,france,22538326,0,0,0,0,0,0,0,0,0
nvuillam,2023-03-30,97550787,france,22538326,1,0,0,0,0,0,0,0,0
nvuillam,2023-03-31,,france,22538326,0,0,0,0,0,0,0,0,0
nvuillam,2023-04-03,97893515,france,89921661,1,0,0,0,0,0,0,0,0
nvuillam,2023-04-04,,france,22538326,0,0,0,0,0,0,0,0,0
nvuillam,2023-04-05,,france,22538326,0,0,0,0,0,0,0,0,0
nvuillam,2023-04-06,98442086,france,22538326,1,0,0,0,0,0,0,0,0
o-reo,2023-03-28,,france,9283409,0,0,0,0,0,0,0,0,0
o-reo,2023-03-29,97282292,france,9283409,1,0,0,0,0,0,0,0,0
o-reo,2023-03-30,97452101,france,9283409,1,0,0,0,0,0,0,0,0
o-reo,2023-03-31,,france,9283409,0,0,0,0,0,0,0,0,0
o-reo,2023-04-03,,france,9283409,0,0,0,0,0,0,0,0,0
o-reo,2023-04-04,,france,9283409,0,0,0,0,0,0,0,0,0
o-reo,2023-04-05,,france,9283409,0,0,0,0,0,0,0,0,0
o-reo,2023-04-06,,france,9283409,0,0,0,0,0,0,0,0,0
obertscheiderfhwn,2023-03-28,,austria,,0,0,0,0,0,0,0,0,0
obertscheiderfhwn,2023-03-29,,austria,,0,0,0,0,0,0,0,0,0
obertscheiderfhwn,2023-03-30,,austria,,0,0,0,0,0,0,0,0,0
obertscheiderfhwn,2023-03-31,,austria,,0,0,0,0,0,0,0,0,0
obertscheiderfhwn,2023-04-03,,austria,,0,0,0,0,0,0,0,0,0
obertscheiderfhwn,2023-04-04,98059344,austria,,1,0,0,0,0,0,0,0,0
obertscheiderfhwn,2023-04-05,,austria,,0,0,0,0,0,0,0,0,0
obertscheiderfhwn,2023-04-06,,austria,,0,0,0,0,0,0,0,0,0
ochedru,2023-03-28,,france,4233275,0,0,0,0,0,0,0,0,0
ochedru,2023-03-29,,france,4233275,0,0,0,0,0,0,0,0,0
ochedru,2023-03-30,,france,4233275,0,0,0,0,0,0,0,0,0
ochedru,2023-03-31,,france,4233275,0,0,0,0,0,0,0,0,0
ochedru,2023-04-03,,france,4233275,0,0,0,0,0,0,0,0,0
ochedru,2023-04-04,,france,4233275,0,0,0,0,0,0,0,0,0
ochedru,2023-04-05,,france,4233275,0,0,0,0,0,0,0,0,0
ochedru,2023-04-06,98350126,france,4233275,1,0,0,0,0,0,0,0,0
ocots,2023-03-28,97208591,france,109215849,1,0,0,0,0,0,0,0,0
ocots,2023-03-29,,france,109215849,0,0,0,0,0,0,0,0,0
ocots,2023-03-30,,france,109215849,0,0,0,0,0,0,0,0,0
ocots,2023-03-31,,france,109215849,0,0,0,0,0,0,0,0,0
ocots,2023-04-03,,france,109215849,0,0,0,0,0,0,0,0,0
ocots,2023-04-04,98096502,france,109215849,1,0,0,0,0,0,0,0,0
ocots,2023-04-05,98198219,france,109215849,1,0,0,0,0,0,0,0,0
ocots,2023-04-06,98444073,france,109215849,1,0,0,0,0,0,0,0,0
octavigomez,2023-03-28,,italy,,0,1,0,0,0,0,0,0,0
octavigomez,2023-03-29,97392468,italy,,1,0,1,0,0,0,0,0,0
octavigomez,2023-03-30,,italy,,0,0,0,1,0,0,0,0,0
octavigomez,2023-03-31,,italy,,0,0,0,0,1,0,0,0,0
octavigomez,2023-04-03,,italy,,0,0,0,0,0,1,0,0,0
octavigomez,2023-04-04,,italy,,0,0,0,0,0,0,1,0,0
octavigomez,2023-04-05,,italy,,0,0,0,0,0,0,0,1,0
octavigomez,2023-04-06,,italy,,0,0,0,0,0,0,0,0,1
odoare,2023-03-28,,france,,0,0,0,0,0,0,0,0,0
odoare,2023-03-29,,france,,0,0,0,0,0,0,0,0,0
odoare,2023-03-30,,france,,0,0,0,0,0,0,0,0,0
odoare,2023-03-31,,france,,0,0,0,0,0,0,0,0,0
odoare,2023-04-03,97864546,france,,1,0,0,0,0,0,0,0,0
odoare,2023-04-04,,france,,0,0,0,0,0,0,0,0,0
odoare,2023-04-05,98245046,france,,1,0,0,0,0,0,0,0,0
odoare,2023-04-06,,france,,0,0,0,0,0,0,0,0,0
ofavre,2023-03-28,,france,7977070,0,0,0,0,0,0,0,0,0
ofavre,2023-03-29,,france,7977070,0,0,0,0,0,0,0,0,0
ofavre,2023-03-30,,france,7977070,0,0,0,0,0,0,0,0,0
ofavre,2023-03-31,,france,7977070,0,0,0,0,0,0,0,0,0
ofavre,2023-04-03,97875644,france,7977070,1,0,0,0,0,0,0,0,0
ofavre,2023-04-04,,france,7977070,0,0,0,0,0,0,0,0,0
ofavre,2023-04-05,,france,7977070,0,0,0,0,0,0,0,0,0
ofavre,2023-04-06,,france,7977070,0,0,0,0,0,0,0,0,0
ofilangi,2023-03-28,,france,75244575,0,0,0,0,0,0,0,0,0
ofilangi,2023-03-29,,france,75244575,0,0,0,0,0,0,0,0,0
ofilangi,2023-03-30,97474020,france,75244575,1,0,0,0,0,0,0,0,0
ofilangi,2023-03-31,,france,75244575,0,0,0,0,0,0,0,0,0
ofilangi,2023-04-03,,france,75244575,0,0,0,0,0,0,0,0,0
ofilangi,2023-04-04,,france,75244575,0,0,0,0,0,0,0,0,0
ofilangi,2023-04-05,98200690,france,75244575,1,0,0,0,0,0,0,0,0
ofilangi,2023-04-06,,france,75244575,0,0,0,0,0,0,0,0,0
ohAleee,2023-03-28,,italy,126267026,0,1,0,0,0,0,0,0,0
ohAleee,2023-03-29,,italy,126267026,0,0,1,0,0,0,0,0,0
ohAleee,2023-03-30,,italy,126267026,0,0,0,1,0,0,0,0,0
ohAleee,2023-03-31,,italy,126267026,0,0,0,0,1,0,0,0,0
ohAleee,2023-04-03,97885018,italy,126267026,1,0,0,0,0,1,0,0,0
ohAleee,2023-04-04,,italy,126267026,0,0,0,0,0,0,1,0,0
ohAleee,2023-04-05,,italy,126267026,0,0,0,0,0,0,0,1,0
ohAleee,2023-04-06,,italy,126267026,0,0,0,0,0,0,0,0,1
okante,2023-03-28,,france,710363,0,0,0,0,0,0,0,0,0
okante,2023-03-29,,france,710363,0,0,0,0,0,0,0,0,0
okante,2023-03-30,,france,710363,0,0,0,0,0,0,0,0,0
okante,2023-03-31,,france,710363,0,0,0,0,0,0,0,0,0
okante,2023-04-03,,france,710363,0,0,0,0,0,0,0,0,0
okante,2023-04-04,,france,710363,0,0,0,0,0,0,0,0,0
okante,2023-04-05,98148544,france,710363,1,0,0,0,0,0,0,0,0
okante,2023-04-06,,france,710363,0,0,0,0,0,0,0,0,0
oliver-zehentleitner,2023-03-28,,austria,62907988,0,0,0,0,0,0,0,0,0
oliver-zehentleitner,2023-03-29,97347196,austria,62907988,1,0,0,0,0,0,0,0,0
oliver-zehentleitner,2023-03-30,97466130,austria,62907988,1,0,0,0,0,0,0,0,0
oliver-zehentleitner,2023-03-31,,austria,62907988,0,0,0,0,0,0,0,0,0
oliver-zehentleitner,2023-04-03,97929589,austria,62907988,1,0,0,0,0,0,0,0,0
oliver-zehentleitner,2023-04-04,98008174,austria,62907988,1,0,0,0,0,0,0,0,0
oliver-zehentleitner,2023-04-05,,austria,62907988,0,0,0,0,0,0,0,0,0
oliver-zehentleitner,2023-04-06,,austria,62907988,0,0,0,0,0,0,0,0,0
oliverpk2000,2023-03-28,,austria,,0,0,0,0,0,0,0,0,0
oliverpk2000,2023-03-29,,austria,,0,0,0,0,0,0,0,0,0
oliverpk2000,2023-03-30,,austria,,0,0,0,0,0,0,0,0,0
oliverpk2000,2023-03-31,,austria,,0,0,0,0,0,0,0,0,0
oliverpk2000,2023-04-03,,austria,,0,0,0,0,0,0,0,0,0
oliverpk2000,2023-04-04,98067548,austria,,1,0,0,0,0,0,0,0,0
oliverpk2000,2023-04-05,,austria,,0,0,0,0,0,0,0,0,0
oliverpk2000,2023-04-06,98378961,austria,,1,0,0,0,0,0,0,0,0
olivier3lanc,2023-03-28,,france,121808209,0,0,0,0,0,0,0,0,0
olivier3lanc,2023-03-29,,france,121808209,0,0,0,0,0,0,0,0,0
olivier3lanc,2023-03-30,,france,121808209,0,0,0,0,0,0,0,0,0
olivier3lanc,2023-03-31,,france,121808209,0,0,0,0,0,0,0,0,0
olivier3lanc,2023-04-03,97854653,france,121808209,1,0,0,0,0,0,0,0,0
olivier3lanc,2023-04-04,,france,121808209,0,0,0,0,0,0,0,0,0
olivier3lanc,2023-04-05,,france,121808209,0,0,0,0,0,0,0,0,0
olivier3lanc,2023-04-06,,france,121808209,0,0,0,0,0,0,0,0,0
olivierfriard,2023-03-28,97141486,italy,,1,1,0,0,0,0,0,0,0
olivierfriard,2023-03-29,,italy,,0,0,1,0,0,0,0,0,0
olivierfriard,2023-03-30,,italy,,0,0,0,1,0,0,0,0,0
olivierfriard,2023-03-31,,italy,,0,0,0,0,1,0,0,0,0
olivierfriard,2023-04-03,,italy,,0,0,0,0,0,1,0,0,0
olivierfriard,2023-04-04,,italy,,0,0,0,0,0,0,1,0,0
olivierfriard,2023-04-05,,italy,,0,0,0,0,0,0,0,1,0
olivierfriard,2023-04-06,,italy,,0,0,0,0,0,0,0,0,1
ololduck,2023-03-28,,france,,0,0,0,0,0,0,0,0,0
ololduck,2023-03-29,,france,,0,0,0,0,0,0,0,0,0
ololduck,2023-03-30,97535217,france,,1,0,0,0,0,0,0,0,0
ololduck,2023-03-31,,france,,0,0,0,0,0,0,0,0,0
ololduck,2023-04-03,,france,,0,0,0,0,0,0,0,0,0
ololduck,2023-04-04,,france,,0,0,0,0,0,0,0,0,0
ololduck,2023-04-05,,france,,0,0,0,0,0,0,0,0,0
ololduck,2023-04-06,98459376,france,,1,0,0,0,0,0,0,0,0
omar-cherif,2023-03-28,,france,74209582,0,0,0,0,0,0,0,0,0
omar-cherif,2023-03-29,,france,74209582,0,0,0,0,0,0,0,0,0
omar-cherif,2023-03-30,,france,74209582,0,0,0,0,0,0,0,0,0
omar-cherif,2023-03-31,97662564,france,74209582,1,0,0,0,0,0,0,0,0
omar-cherif,2023-04-03,,france,74209582,0,0,0,0,0,0,0,0,0
omar-cherif,2023-04-04,,france,74209582,0,0,0,0,0,0,0,0,0
omar-cherif,2023-04-05,,france,74209582,0,0,0,0,0,0,0,0,0
omar-cherif,2023-04-06,,france,74209582,0,0,0,0,0,0,0,0,0
omar-diop,2023-03-28,,italy,,0,1,0,0,0,0,0,0,0
omar-diop,2023-03-29,,italy,,0,0,1,0,0,0,0,0,0
omar-diop,2023-03-30,,italy,,0,0,0,1,0,0,0,0,0
omar-diop,2023-03-31,,italy,,0,0,0,0,1,0,0,0,0
omar-diop,2023-04-03,,italy,,0,0,0,0,0,1,0,0,0
omar-diop,2023-04-04,98051855,italy,,1,0,0,0,0,0,1,0,0
omar-diop,2023-04-05,,italy,,0,0,0,0,0,0,0,1,0
omar-diop,2023-04-06,,italy,,0,0,0,0,0,0,0,0,1
omissis,2023-03-28,,italy,29403644,0,1,0,0,0,0,0,0,0
omissis,2023-03-29,,italy,29403644,0,0,1,0,0,0,0,0,0
omissis,2023-03-30,,italy,29403644,0,0,0,1,0,0,0,0,0
omissis,2023-03-31,,italy,29403644,0,0,0,0,1,0,0,0,0
omissis,2023-04-03,,italy,29403644,0,0,0,0,0,1,0,0,0
omissis,2023-04-04,,italy,29403644,0,0,0,0,0,0,1,0,0
omissis,2023-04-05,98193628,italy,29403644,1,0,0,0,0,0,0,1,0
omissis,2023-04-06,,italy,29403644,0,0,0,0,0,0,0,0,1
omostan,2023-03-28,,austria,,0,0,0,0,0,0,0,0,0
omostan,2023-03-29,,austria,,0,0,0,0,0,0,0,0,0
omostan,2023-03-30,,austria,,0,0,0,0,0,0,0,0,0
omostan,2023-03-31,,austria,,0,0,0,0,0,0,0,0,0
omostan,2023-04-03,,austria,,0,0,0,0,0,0,0,0,0
omostan,2023-04-04,98074273,austria,,1,0,0,0,0,0,0,0,0
omostan,2023-04-05,,austria,,0,0,0,0,0,0,0,0,0
omostan,2023-04-06,,austria,,0,0,0,0,0,0,0,0,0
ondewo-jenkins,2023-03-28,,austria,42312363,0,0,0,0,0,0,0,0,0
ondewo-jenkins,2023-03-29,,austria,42312363,0,0,0,0,0,0,0,0,0
ondewo-jenkins,2023-03-30,,austria,42312363,0,0,0,0,0,0,0,0,0
ondewo-jenkins,2023-03-31,97630465,austria,42312363,1,0,0,0,0,0,0,0,0
ondewo-jenkins,2023-04-03,97821556,austria,42312363,1,0,0,0,0,0,0,0,0
ondewo-jenkins,2023-04-04,,austria,42312363,0,0,0,0,0,0,0,0,0
ondewo-jenkins,2023-04-05,,austria,42312363,0,0,0,0,0,0,0,0,0
ondewo-jenkins,2023-04-06,,austria,42312363,0,0,0,0,0,0,0,0,0
orestbida,2023-03-28,,italy,,0,1,0,0,0,0,0,0,0
orestbida,2023-03-29,,italy,,0,0,1,0,0,0,0,0,0
orestbida,2023-03-30,97456529,italy,,1,0,0,1,0,0,0,0,0
orestbida,2023-03-31,,italy,,0,0,0,0,1,0,0,0,0
orestbida,2023-04-03,,italy,,0,0,0,0,0,1,0,0,0
orestbida,2023-04-04,,italy,,0,0,0,0,0,0,1,0,0
orestbida,2023-04-05,,italy,,0,0,0,0,0,0,0,1,0
orestbida,2023-04-06,,italy,,0,0,0,0,0,0,0,0,1
oscar0urselli,2023-03-28,,italy,,0,1,0,0,0,0,0,0,0
oscar0urselli,2023-03-29,,italy,,0,0,1,0,0,0,0,0,0
oscar0urselli,2023-03-30,,italy,,0,0,0,1,0,0,0,0,0
oscar0urselli,2023-03-31,,italy,,0,0,0,0,1,0,0,0,0
oscar0urselli,2023-04-03,,italy,,0,0,0,0,0,1,0,0,0
oscar0urselli,2023-04-04,,italy,,0,0,0,0,0,0,1,0,0
oscar0urselli,2023-04-05,,italy,,0,0,0,0,0,0,0,1,0
oscar0urselli,2023-04-06,98428456,italy,,1,0,0,0,0,0,0,0,1
ottaviano,2023-03-28,,france,24521375,0,0,0,0,0,0,0,0,0
ottaviano,2023-03-29,97312852,france,24521375,1,0,0,0,0,0,0,0,0
ottaviano,2023-03-30,97442790,france,24521375,1,0,0,0,0,0,0,0,0
ottaviano,2023-03-31,97661026,france,24521375,1,0,0,0,0,0,0,0,0
ottaviano,2023-04-03,,france,24521375,0,0,0,0,0,0,0,0,0
ottaviano,2023-04-04,,france,24521375,0,0,0,0,0,0,0,0,0
ottaviano,2023-04-05,,france,24521375,0,0,0,0,0,0,0,0,0
ottaviano,2023-04-06,,france,24521375,0,0,0,0,0,0,0,0,0
owosrl,2023-03-28,,italy,,0,1,0,0,0,0,0,0,0
owosrl,2023-03-29,,italy,,0,0,1,0,0,0,0,0,0
owosrl,2023-03-30,,italy,,0,0,0,1,0,0,0,0,0
owosrl,2023-03-31,97611139,italy,,1,0,0,0,1,0,0,0,0
owosrl,2023-04-03,97823417,italy,,1,0,0,0,0,1,0,0,0
owosrl,2023-04-04,,italy,,0,0,0,0,0,0,1,0,0
owosrl,2023-04-05,,italy,,0,0,0,0,0,0,0,1,0
owosrl,2023-04-06,,italy,,0,0,0,0,0,0,0,0,1
pablo-ruth,2023-03-28,,france,30522958,0,0,0,0,0,0,0,0,0
pablo-ruth,2023-03-29,,france,30522958,0,0,0,0,0,0,0,0,0
pablo-ruth,2023-03-30,97455917,france,30522958,1,0,0,0,0,0,0,0,0
pablo-ruth,2023-03-31,,france,30522958,0,0,0,0,0,0,0,0,0
pablo-ruth,2023-04-03,,france,30522958,0,0,0,0,0,0,0,0,0
pablo-ruth,2023-04-04,,france,30522958,0,0,0,0,0,0,0,0,0
pablo-ruth,2023-04-05,98190987,france,42061580,1,0,0,0,0,0,0,0,0
pablo-ruth,2023-04-06,98390388,france,42061580,1,0,0,0,0,0,0,0,0
pakaoraki,2023-03-28,,france,,0,0,0,0,0,0,0,0,0
pakaoraki,2023-03-29,,france,,0,0,0,0,0,0,0,0,0
pakaoraki,2023-03-30,,france,,0,0,0,0,0,0,0,0,0
pakaoraki,2023-03-31,,france,,0,0,0,0,0,0,0,0,0
pakaoraki,2023-04-03,,france,,0,0,0,0,0,0,0,0,0
pakaoraki,2023-04-04,,france,,0,0,0,0,0,0,0,0,0
pakaoraki,2023-04-05,98205666,france,,1,0,0,0,0,0,0,0,0
pakaoraki,2023-04-06,,france,,0,0,0,0,0,0,0,0,0
paolo-rossi,2023-03-28,,italy,,0,1,0,0,0,0,0,0,0
paolo-rossi,2023-03-29,,italy,,0,0,1,0,0,0,0,0,0
paolo-rossi,2023-03-30,,italy,,0,0,0,1,0,0,0,0,0
paolo-rossi,2023-03-31,97595053,italy,,1,0,0,0,1,0,0,0,0
paolo-rossi,2023-04-03,,italy,,0,0,0,0,0,1,0,0,0
paolo-rossi,2023-04-04,,italy,,0,0,0,0,0,0,1,0,0
paolo-rossi,2023-04-05,,italy,,0,0,0,0,0,0,0,1,0
paolo-rossi,2023-04-06,,italy,,0,0,0,0,0,0,0,0,1
paolorotolo,2023-03-28,,italy,28387557,0,1,0,0,0,0,0,0,0
paolorotolo,2023-03-29,,italy,28387557,0,0,1,0,0,0,0,0,0
paolorotolo,2023-03-30,,italy,28387557,0,0,0,1,0,0,0,0,0
paolorotolo,2023-03-31,,italy,28387557,0,0,0,0,1,0,0,0,0
paolorotolo,2023-04-03,,italy,28387557,0,0,0,0,0,1,0,0,0
paolorotolo,2023-04-04,,italy,28387557,0,0,0,0,0,0,1,0,0
paolorotolo,2023-04-05,98213822,italy,28387557,1,0,0,0,0,0,0,1,0
paolorotolo,2023-04-06,,italy,28387557,0,0,0,0,0,0,0,0,1
paranoiasystem,2023-03-28,,italy,49778075,0,1,0,0,0,0,0,0,0
paranoiasystem,2023-03-29,,italy,49778075,0,0,1,0,0,0,0,0,0
paranoiasystem,2023-03-30,,italy,49778075,0,0,0,1,0,0,0,0,0
paranoiasystem,2023-03-31,,italy,49778075,0,0,0,0,1,0,0,0,0
paranoiasystem,2023-04-03,,italy,49778075,0,0,0,0,0,1,0,0,0
paranoiasystem,2023-04-04,98054405,italy,49778075,1,0,0,0,0,0,1,0,0
paranoiasystem,2023-04-05,98204041,italy,49778075,1,0,0,0,0,0,0,1,0
paranoiasystem,2023-04-06,98379856,italy,49778075,1,0,0,0,0,0,0,0,1
paspo,2023-03-28,,italy,,0,1,0,0,0,0,0,0,0
paspo,2023-03-29,97339445,italy,,1,0,1,0,0,0,0,0,0
paspo,2023-03-30,,italy,,0,0,0,1,0,0,0,0,0
paspo,2023-03-31,,italy,,0,0,0,0,1,0,0,0,0
paspo,2023-04-03,,italy,,0,0,0,0,0,1,0,0,0
paspo,2023-04-04,,italy,,0,0,0,0,0,0,1,0,0
paspo,2023-04-05,,italy,,0,0,0,0,0,0,0,1,0
paspo,2023-04-06,,italy,,0,0,0,0,0,0,0,0,1
pattacini,2023-03-28,,italy,1587191,0,1,0,0,0,0,0,0,0
pattacini,2023-03-29,,italy,1587191,0,0,1,0,0,0,0,0,0
pattacini,2023-03-30,,italy,1587191,0,0,0,1,0,0,0,0,0
pattacini,2023-03-31,,italy,1587191,0,0,0,0,1,0,0,0,0
pattacini,2023-04-03,,italy,1587191,0,0,0,0,0,1,0,0,0
pattacini,2023-04-04,,italy,1587191,0,0,0,0,0,0,1,0,0
pattacini,2023-04-05,98241285,italy,1587191,1,0,0,0,0,0,0,1,0
pattacini,2023-04-06,98417804,italy,1587191,1,0,0,0,0,0,0,0,1
paul-thebaud,2023-03-28,,france,,0,0,0,0,0,0,0,0,0
paul-thebaud,2023-03-29,,france,,0,0,0,0,0,0,0,0,0
paul-thebaud,2023-03-30,,france,,0,0,0,0,0,0,0,0,0
paul-thebaud,2023-03-31,97657334,france,,1,0,0,0,0,0,0,0,0
paul-thebaud,2023-04-03,,france,,0,0,0,0,0,0,0,0,0
paul-thebaud,2023-04-04,,france,,0,0,0,0,0,0,0,0,0
paul-thebaud,2023-04-05,,france,,0,0,0,0,0,0,0,0,0
paul-thebaud,2023-04-06,,france,,0,0,0,0,0,0,0,0,0
paul2t,2023-03-28,,france,,0,0,0,0,0,0,0,0,0
paul2t,2023-03-29,,france,,0,0,0,0,0,0,0,0,0
paul2t,2023-03-30,,france,,0,0,0,0,0,0,0,0,0
paul2t,2023-03-31,,france,,0,0,0,0,0,0,0,0,0
paul2t,2023-04-03,,france,,0,0,0,0,0,0,0,0,0
paul2t,2023-04-04,98076273,france,,1,0,0,0,0,0,0,0,0
paul2t,2023-04-05,,france,,0,0,0,0,0,0,0,0,0
paul2t,2023-04-06,,france,,0,0,0,0,0,0,0,0,0
paulcacheux,2023-03-28,,france,365230,0,0,0,0,0,0,0,0,0
paulcacheux,2023-03-29,97277474,france,365230,1,0,0,0,0,0,0,0,0
paulcacheux,2023-03-30,,france,365230,0,0,0,0,0,0,0,0,0
paulcacheux,2023-03-31,,france,365230,0,0,0,0,0,0,0,0,0
paulcacheux,2023-04-03,,france,365230,0,0,0,0,0,0,0,0,0
paulcacheux,2023-04-04,,france,365230,0,0,0,0,0,0,0,0,0
paulcacheux,2023-04-05,,france,365230,0,0,0,0,0,0,0,0,0
paulcacheux,2023-04-06,,france,365230,0,0,0,0,0,0,0,0,0
pauleve,2023-03-28,,france,77436383,0,0,0,0,0,0,0,0,0
pauleve,2023-03-29,,france,77436383,0,0,0,0,0,0,0,0,0
pauleve,2023-03-30,97563077,france,77436383,1,0,0,0,0,0,0,0,0
pauleve,2023-03-31,,france,77436383,0,0,0,0,0,0,0,0,0
pauleve,2023-04-03,,france,77436383,0,0,0,0,0,0,0,0,0
pauleve,2023-04-04,,france,77436383,0,0,0,0,0,0,0,0,0
pauleve,2023-04-05,,france,77436383,0,0,0,0,0,0,0,0,0
pauleve,2023-04-06,,france,77436383,0,0,0,0,0,0,0,0,0
pauloxnet,2023-03-28,,italy,15129049,0,1,0,0,0,0,0,0,0
pauloxnet,2023-03-29,,italy,15129049,0,0,1,0,0,0,0,0,0
pauloxnet,2023-03-30,,italy,15129049,0,0,0,1,0,0,0,0,0
pauloxnet,2023-03-31,,italy,15129049,0,0,0,0,1,0,0,0,0
pauloxnet,2023-04-03,,italy,15129049,0,0,0,0,0,1,0,0,0
pauloxnet,2023-04-04,98054352,italy,15129049,1,0,0,0,0,0,1,0,0
pauloxnet,2023-04-05,,italy,15129049,0,0,0,0,0,0,0,1,0
pauloxnet,2023-04-06,,italy,15129049,0,0,0,0,0,0,0,0,1
pblanchardie,2023-03-28,,france,3693961,0,0,0,0,0,0,0,0,0
pblanchardie,2023-03-29,,france,3693961,0,0,0,0,0,0,0,0,0
pblanchardie,2023-03-30,97564648,france,3693961,1,0,0,0,0,0,0,0,0
pblanchardie,2023-03-31,,france,3693961,0,0,0,0,0,0,0,0,0
pblanchardie,2023-04-03,,france,3693961,0,0,0,0,0,0,0,0,0
pblanchardie,2023-04-04,,france,3693961,0,0,0,0,0,0,0,0,0
pblanchardie,2023-04-05,,france,3693961,0,0,0,0,0,0,0,0,0
pblanchardie,2023-04-06,,france,3693961,0,0,0,0,0,0,0,0,0
pbougue,2023-03-28,97127921,france,2743985,1,0,0,0,0,0,0,0,0
pbougue,2023-03-29,,france,2743985,0,0,0,0,0,0,0,0,0
pbougue,2023-03-30,,france,2743985,0,0,0,0,0,0,0,0,0
pbougue,2023-03-31,,france,2743985,0,0,0,0,0,0,0,0,0
pbougue,2023-04-03,,france,2743985,0,0,0,0,0,0,0,0,0
pbougue,2023-04-04,,france,2743985,0,0,0,0,0,0,0,0,0
pbougue,2023-04-05,,france,2743985,0,0,0,0,0,0,0,0,0
pbougue,2023-04-06,,france,2743985,0,0,0,0,0,0,0,0,0
pbrissaud,2023-03-28,97166333,france,,1,0,0,0,0,0,0,0,0
pbrissaud,2023-03-29,97317858,france,,1,0,0,0,0,0,0,0,0
pbrissaud,2023-03-30,,france,,0,0,0,0,0,0,0,0,0
pbrissaud,2023-03-31,,france,,0,0,0,0,0,0,0,0,0
pbrissaud,2023-04-03,,france,,0,0,0,0,0,0,0,0,0
pbrissaud,2023-04-04,,france,,0,0,0,0,0,0,0,0,0
pbrissaud,2023-04-05,,france,,0,0,0,0,0,0,0,0,0
pbrissaud,2023-04-06,,france,,0,0,0,0,0,0,0,0,0
pderop,2023-03-28,,france,4201559,0,0,0,0,0,0,0,0,0
pderop,2023-03-29,,france,4201559,0,0,0,0,0,0,0,0,0
pderop,2023-03-30,,france,4201559,0,0,0,0,0,0,0,0,0
pderop,2023-03-31,,france,4201559,0,0,0,0,0,0,0,0,0
pderop,2023-04-03,,france,4201559,0,0,0,0,0,0,0,0,0
pderop,2023-04-04,,france,4201559,0,0,0,0,0,0,0,0,0
pderop,2023-04-05,,france,4201559,0,0,0,0,0,0,0,0,0
pderop,2023-04-06,90324791,france,4201559,1,0,0,0,0,0,0,0,0
peter12908,2023-03-28,,austria,,0,0,0,0,0,0,0,0,0
peter12908,2023-03-29,,austria,,0,0,0,0,0,0,0,0,0
peter12908,2023-03-30,,austria,,0,0,0,0,0,0,0,0,0
peter12908,2023-03-31,,austria,,0,0,0,0,0,0,0,0,0
peter12908,2023-04-03,,austria,,0,0,0,0,0,0,0,0,0
peter12908,2023-04-04,,austria,,0,0,0,0,0,0,0,0,0
peter12908,2023-04-05,98266149,austria,,1,0,0,0,0,0,0,0,0
peter12908,2023-04-06,,austria,,0,0,0,0,0,0,0,0,0
petersphilo,2023-03-28,,france,,0,0,0,0,0,0,0,0,0
petersphilo,2023-03-29,,france,,0,0,0,0,0,0,0,0,0
petersphilo,2023-03-30,,france,,0,0,0,0,0,0,0,0,0
petersphilo,2023-03-31,,france,,0,0,0,0,0,0,0,0,0
petersphilo,2023-04-03,97882677,france,,1,0,0,0,0,0,0,0,0
petersphilo,2023-04-04,,france,,0,0,0,0,0,0,0,0,0
petersphilo,2023-04-05,,france,,0,0,0,0,0,0,0,0,0
petersphilo,2023-04-06,,france,,0,0,0,0,0,0,0,0,0
petschki,2023-03-28,,austria,72034,0,0,0,0,0,0,0,0,0
petschki,2023-03-29,97271936,austria,72034,1,0,0,0,0,0,0,0,0
petschki,2023-03-30,97463692,austria,72034,1,0,0,0,0,0,0,0,0
petschki,2023-03-31,,austria,72034,0,0,0,0,0,0,0,0,0
petschki,2023-04-03,,austria,72034,0,0,0,0,0,0,0,0,0
petschki,2023-04-04,,austria,72034,0,0,0,0,0,0,0,0,0
petschki,2023-04-05,,austria,72034,0,0,0,0,0,0,0,0,0
petschki,2023-04-06,,austria,72034,0,0,0,0,0,0,0,0,0
pfigel,2023-03-28,,austria,41636051,0,0,0,0,0,0,0,0,0
pfigel,2023-03-29,97331925,austria,41636051,1,0,0,0,0,0,0,0,0
pfigel,2023-03-30,,austria,41636051,0,0,0,0,0,0,0,0,0
pfigel,2023-03-31,,austria,41636051,0,0,0,0,0,0,0,0,0
pfigel,2023-04-03,,austria,41636051,0,0,0,0,0,0,0,0,0
pfigel,2023-04-04,,austria,41636051,0,0,0,0,0,0,0,0,0
pfigel,2023-04-05,,austria,41636051,0,0,0,0,0,0,0,0,0
pfigel,2023-04-06,,austria,41636051,0,0,0,0,0,0,0,0,0
pgdurand,2023-03-28,,france,34446356,0,0,0,0,0,0,0,0,0
pgdurand,2023-03-29,,france,34446356,0,0,0,0,0,0,0,0,0
pgdurand,2023-03-30,,france,34446356,0,0,0,0,0,0,0,0,0
pgdurand,2023-03-31,,france,34446356,0,0,0,0,0,0,0,0,0
pgdurand,2023-04-03,,france,34446356,0,0,0,0,0,0,0,0,0
pgdurand,2023-04-04,,france,34446356,0,0,0,0,0,0,0,0,0
pgdurand,2023-04-05,98177058,france,34446356,1,0,0,0,0,0,0,0,0
pgdurand,2023-04-06,,france,34446356,0,0,0,0,0,0,0,0,0
pglombardo,2023-03-28,,italy,4578332,0,1,0,0,0,0,0,0,0
pglombardo,2023-03-29,,italy,4578332,0,0,1,0,0,0,0,0,0
pglombardo,2023-03-30,,italy,4578332,0,0,0,1,0,0,0,0,0
pglombardo,2023-03-31,97602997,italy,4578332,1,0,0,0,1,0,0,0,0
pglombardo,2023-04-03,,italy,4578332,0,0,0,0,0,1,0,0,0
pglombardo,2023-04-04,,italy,4578332,0,0,0,0,0,0,1,0,0
pglombardo,2023-04-05,,italy,4578332,0,0,0,0,0,0,0,1,0
pglombardo,2023-04-06,98097312,italy,4578332,1,0,0,0,0,0,0,0,1
pguyot,2023-03-28,,france,,0,0,0,0,0,0,0,0,0
pguyot,2023-03-29,,france,,0,0,0,0,0,0,0,0,0
pguyot,2023-03-30,97479491,france,,1,0,0,0,0,0,0,0,0
pguyot,2023-03-31,,france,,0,0,0,0,0,0,0,0,0
pguyot,2023-04-03,,france,,0,0,0,0,0,0,0,0,0
pguyot,2023-04-04,,france,,0,0,0,0,0,0,0,0,0
pguyot,2023-04-05,,france,,0,0,0,0,0,0,0,0,0
pguyot,2023-04-06,,france,,0,0,0,0,0,0,0,0,0
phax,2023-03-28,97128215,austria,73102527,1,0,0,0,0,0,0,0,0
phax,2023-03-29,,austria,73102527,0,0,0,0,0,0,0,0,0
phax,2023-03-30,97557713,austria,73102527,1,0,0,0,0,0,0,0,0
phax,2023-03-31,,austria,73102527,0,0,0,0,0,0,0,0,0
phax,2023-04-03,97830643,austria,73102527,1,0,0,0,0,0,0,0,0
phax,2023-04-04,98040045,austria,73102527,1,0,0,0,0,0,0,0,0
phax,2023-04-05,,austria,73102527,0,0,0,0,0,0,0,0,0
phax,2023-04-06,98474677,austria,73102527,1,0,0,0,0,0,0,0,0
philibea,2023-03-28,,france,,0,0,0,0,0,0,0,0,0
philibea,2023-03-29,,france,,0,0,0,0,0,0,0,0,0
philibea,2023-03-30,97479175,france,,1,0,0,0,0,0,0,0,0
philibea,2023-03-31,,france,,0,0,0,0,0,0,0,0,0
philibea,2023-04-03,,france,,0,0,0,0,0,0,0,0,0
philibea,2023-04-04,,france,,0,0,0,0,0,0,0,0,0
philibea,2023-04-05,,france,,0,0,0,0,0,0,0,0,0
philibea,2023-04-06,,france,,0,0,0,0,0,0,0,0,0
philippe-opendsi,2023-03-28,,france,17143993,0,0,0,0,0,0,0,0,0
philippe-opendsi,2023-03-29,,france,17143993,0,0,0,0,0,0,0,0,0
philippe-opendsi,2023-03-30,,france,17143993,0,0,0,0,0,0,0,0,0
philippe-opendsi,2023-03-31,,france,17143993,0,0,0,0,0,0,0,0,0
philippe-opendsi,2023-04-03,,france,17143993,0,0,0,0,0,0,0,0,0
philippe-opendsi,2023-04-04,,france,17143993,0,0,0,0,0,0,0,0,0
philippe-opendsi,2023-04-05,98156381,france,17143993,1,0,0,0,0,0,0,0,0
philippe-opendsi,2023-04-06,,france,17143993,0,0,0,0,0,0,0,0,0
philippeauriach,2023-03-28,,france,,0,0,0,0,0,0,0,0,0
philippeauriach,2023-03-29,,france,,0,0,0,0,0,0,0,0,0
philippeauriach,2023-03-30,,france,,0,0,0,0,0,0,0,0,0
philippeauriach,2023-03-31,,france,,0,0,0,0,0,0,0,0,0
philippeauriach,2023-04-03,97871552,france,,1,0,0,0,0,0,0,0,0
philippeauriach,2023-04-04,98020549,france,111754555,1,0,0,0,0,0,0,0,0
philippeauriach,2023-04-05,98213394,france,111754555,1,0,0,0,0,0,0,0,0
philippeauriach,2023-04-06,,france,,0,0,0,0,0,0,0,0,0
philprime,2023-03-28,97120524,austria,4140457,1,0,0,0,0,0,0,0,0
philprime,2023-03-29,,austria,4140457,0,0,0,0,0,0,0,0,0
philprime,2023-03-30,,austria,4140457,0,0,0,0,0,0,0,0,0
philprime,2023-03-31,,austria,4140457,0,0,0,0,0,0,0,0,0
philprime,2023-04-03,,austria,4140457,0,0,0,0,0,0,0,0,0
philprime,2023-04-04,,austria,4140457,0,0,0,0,0,0,0,0,0
philprime,2023-04-05,,austria,4140457,0,0,0,0,0,0,0,0,0
philprime,2023-04-06,,austria,4140457,0,0,0,0,0,0,0,0,0
pi8027,2023-03-28,,france,11424151,0,0,0,0,0,0,0,0,0
pi8027,2023-03-29,97322976,france,11424151,1,0,0,0,0,0,0,0,0
pi8027,2023-03-30,,france,11424151,0,0,0,0,0,0,0,0,0
pi8027,2023-03-31,,france,11424151,0,0,0,0,0,0,0,0,0
pi8027,2023-04-03,,france,11424151,0,0,0,0,0,0,0,0,0
pi8027,2023-04-04,,france,11424151,0,0,0,0,0,0,0,0,0
pi8027,2023-04-05,,france,11424151,0,0,0,0,0,0,0,0,0
pi8027,2023-04-06,,france,11424151,0,0,0,0,0,0,0,0,0
piercus,2023-03-28,97161709,france,,1,0,0,0,0,0,0,0,0
piercus,2023-03-29,,france,,0,0,0,0,0,0,0,0,0
piercus,2023-03-30,,france,,0,0,0,0,0,0,0,0,0
piercus,2023-03-31,,france,,0,0,0,0,0,0,0,0,0
piercus,2023-04-03,,france,,0,0,0,0,0,0,0,0,0
piercus,2023-04-04,,france,,0,0,0,0,0,0,0,0,0
piercus,2023-04-05,,france,,0,0,0,0,0,0,0,0,0
piercus,2023-04-06,,france,,0,0,0,0,0,0,0,0,0
pierre-dargham,2023-03-28,,france,6683218,0,0,0,0,0,0,0,0,0
pierre-dargham,2023-03-29,,france,6683218,0,0,0,0,0,0,0,0,0
pierre-dargham,2023-03-30,97445774,france,6683218,1,0,0,0,0,0,0,0,0
pierre-dargham,2023-03-31,,france,6683218,0,0,0,0,0,0,0,0,0
pierre-dargham,2023-04-03,97840945,france,6683218,1,0,0,0,0,0,0,0,0
pierre-dargham,2023-04-04,,france,6683218,0,0,0,0,0,0,0,0,0
pierre-dargham,2023-04-05,98211128,france,6683218,1,0,0,0,0,0,0,0,0
pierre-dargham,2023-04-06,,france,6683218,0,0,0,0,0,0,0,0,0
pierreavn,2023-03-28,,france,,0,0,0,0,0,0,0,0,0
pierreavn,2023-03-29,,france,,0,0,0,0,0,0,0,0,0
pierreavn,2023-03-30,97529561,france,,1,0,0,0,0,0,0,0,0
pierreavn,2023-03-31,,france,,0,0,0,0,0,0,0,0,0
pierreavn,2023-04-03,,france,,0,0,0,0,0,0,0,0,0
pierreavn,2023-04-04,,france,,0,0,0,0,0,0,0,0,0
pierreavn,2023-04-05,,france,,0,0,0,0,0,0,0,0,0
pierreavn,2023-04-06,,france,,0,0,0,0,0,0,0,0,0
pierrecdn,2023-03-28,,france,,0,0,0,0,0,0,0,0,0
pierrecdn,2023-03-29,,france,,0,0,0,0,0,0,0,0,0
pierrecdn,2023-03-30,,france,,0,0,0,0,0,0,0,0,0
pierrecdn,2023-03-31,,france,,0,0,0,0,0,0,0,0,0
pierrecdn,2023-04-03,,france,,0,0,0,0,0,0,0,0,0
pierrecdn,2023-04-04,,france,,0,0,0,0,0,0,0,0,0
pierrecdn,2023-04-05,98156801,france,,1,0,0,0,0,0,0,0,0
pierrecdn,2023-04-06,,france,,0,0,0,0,0,0,0,0,0
pigri,2023-03-28,,austria,97063806,0,0,0,0,0,0,0,0,0
pigri,2023-03-29,,austria,97063806,0,0,0,0,0,0,0,0,0
pigri,2023-03-30,97481094,austria,97063806,1,0,0,0,0,0,0,0,0
pigri,2023-03-31,,austria,97063806,0,0,0,0,0,0,0,0,0
pigri,2023-04-03,,austria,97063806,0,0,0,0,0,0,0,0,0
pigri,2023-04-04,,austria,97063806,0,0,0,0,0,0,0,0,0
pigri,2023-04-05,,austria,97063806,0,0,0,0,0,0,0,0,0
pigri,2023-04-06,,austria,97063806,0,0,0,0,0,0,0,0,0
piotrcki,2023-03-28,,france,,0,0,0,0,0,0,0,0,0
piotrcki,2023-03-29,,france,,0,0,0,0,0,0,0,0,0
piotrcki,2023-03-30,,france,,0,0,0,0,0,0,0,0,0
piotrcki,2023-03-31,,france,,0,0,0,0,0,0,0,0,0
piotrcki,2023-04-03,,france,,0,0,0,0,0,0,0,0,0
piotrcki,2023-04-04,,france,,0,0,0,0,0,0,0,0,0
piotrcki,2023-04-05,,france,,0,0,0,0,0,0,0,0,0
piotrcki,2023-04-06,98380124,france,,1,0,0,0,0,0,0,0,0
pioupia,2023-03-28,,france,,0,0,0,0,0,0,0,0,0
pioupia,2023-03-29,,france,,0,0,0,0,0,0,0,0,0
pioupia,2023-03-30,97439985,france,,1,0,0,0,0,0,0,0,0
pioupia,2023-03-31,,france,,0,0,0,0,0,0,0,0,0
pioupia,2023-04-03,,france,,0,0,0,0,0,0,0,0,0
pioupia,2023-04-04,,france,,0,0,0,0,0,0,0,0,0
pioupia,2023-04-05,,france,,0,0,0,0,0,0,0,0,0
pioupia,2023-04-06,,france,,0,0,0,0,0,0,0,0,0
pirafrank,2023-03-28,,italy,,0,1,0,0,0,0,0,0,0
pirafrank,2023-03-29,,italy,,0,0,1,0,0,0,0,0,0
pirafrank,2023-03-30,,italy,,0,0,0,1,0,0,0,0,0
pirafrank,2023-03-31,,italy,,0,0,0,0,1,0,0,0,0
pirafrank,2023-04-03,97900335,italy,,1,0,0,0,0,1,0,0,0
pirafrank,2023-04-04,,italy,,0,0,0,0,0,0,1,0,0
pirafrank,2023-04-05,,italy,,0,0,0,0,0,0,0,1,0
pirafrank,2023-04-06,,italy,,0,0,0,0,0,0,0,0,1
pkestene,2023-03-28,,france,,0,0,0,0,0,0,0,0,0
pkestene,2023-03-29,,france,,0,0,0,0,0,0,0,0,0
pkestene,2023-03-30,,france,,0,0,0,0,0,0,0,0,0
pkestene,2023-03-31,97627046,france,,1,0,0,0,0,0,0,0,0
pkestene,2023-04-03,,france,,0,0,0,0,0,0,0,0,0
pkestene,2023-04-04,,france,,0,0,0,0,0,0,0,0,0
pkestene,2023-04-05,,france,,0,0,0,0,0,0,0,0,0
pkestene,2023-04-06,,france,,0,0,0,0,0,0,0,0,0
pnicolli,2023-03-28,,italy,15377824,0,1,0,0,0,0,0,0,0
pnicolli,2023-03-29,97301347,italy,15377824,1,0,1,0,0,0,0,0,0
pnicolli,2023-03-30,,italy,15377824,0,0,0,1,0,0,0,0,0
pnicolli,2023-03-31,97654314,italy,1087171,1,0,0,0,1,0,0,0,0
pnicolli,2023-04-03,,italy,15377824,0,0,0,0,0,1,0,0,0
pnicolli,2023-04-04,,italy,15377824,0,0,0,0,0,0,1,0,0
pnicolli,2023-04-05,98193246,italy,1087171,1,0,0,0,0,0,0,1,0
pnicolli,2023-04-06,98381943,italy,1087171,1,0,0,0,0,0,0,0,1
polosson,2023-03-28,97201253,france,3136129,1,0,0,0,0,0,0,0,0
polosson,2023-03-29,,france,3136129,0,0,0,0,0,0,0,0,0
polosson,2023-03-30,,france,3136129,0,0,0,0,0,0,0,0,0
polosson,2023-03-31,,france,3136129,0,0,0,0,0,0,0,0,0
polosson,2023-04-03,,france,3136129,0,0,0,0,0,0,0,0,0
polosson,2023-04-04,,france,3136129,0,0,0,0,0,0,0,0,0
polosson,2023-04-05,,france,3136129,0,0,0,0,0,0,0,0,0
polosson,2023-04-06,,france,3136129,0,0,0,0,0,0,0,0,0
potatoqualitee,2023-03-28,,france,,0,0,0,0,0,0,0,0,0
potatoqualitee,2023-03-29,,france,,0,0,0,0,0,0,0,0,0
potatoqualitee,2023-03-30,97408798,france,,1,0,0,0,0,0,0,0,0
potatoqualitee,2023-03-31,,france,,0,0,0,0,0,0,0,0,0
potatoqualitee,2023-04-03,,france,,0,0,0,0,0,0,0,0,0
potatoqualitee,2023-04-04,,france,,0,0,0,0,0,0,0,0,0
potatoqualitee,2023-04-05,,france,,0,0,0,0,0,0,0,0,0
potatoqualitee,2023-04-06,,france,,0,0,0,0,0,0,0,0,0
ppernot,2023-03-28,,france,,0,0,0,0,0,0,0,0,0
ppernot,2023-03-29,97316718,france,,1,0,0,0,0,0,0,0,0
ppernot,2023-03-30,,france,,0,0,0,0,0,0,0,0,0
ppernot,2023-03-31,,france,,0,0,0,0,0,0,0,0,0
ppernot,2023-04-03,,france,,0,0,0,0,0,0,0,0,0
ppernot,2023-04-04,,france,,0,0,0,0,0,0,0,0,0
ppernot,2023-04-05,,france,,0,0,0,0,0,0,0,0,0
ppernot,2023-04-06,,france,,0,0,0,0,0,0,0,0,0
ppeterseil,2023-03-28,,austria,,0,0,0,0,0,0,0,0,0
ppeterseil,2023-03-29,97312228,austria,,1,0,0,0,0,0,0,0,0
ppeterseil,2023-03-30,,austria,,0,0,0,0,0,0,0,0,0
ppeterseil,2023-03-31,,austria,,0,0,0,0,0,0,0,0,0
ppeterseil,2023-04-03,,austria,,0,0,0,0,0,0,0,0,0
ppeterseil,2023-04-04,,austria,,0,0,0,0,0,0,0,0,0
ppeterseil,2023-04-05,,austria,,0,0,0,0,0,0,0,0,0
ppeterseil,2023-04-06,,austria,,0,0,0,0,0,0,0,0,0
prometherion,2023-03-28,97153028,italy,39170129,1,1,0,0,0,0,0,0,0
prometherion,2023-03-29,,italy,39170129,0,0,1,0,0,0,0,0,0
prometherion,2023-03-30,,italy,39170129,0,0,0,1,0,0,0,0,0
prometherion,2023-03-31,,italy,39170129,0,0,0,0,1,0,0,0,0
prometherion,2023-04-03,,italy,39170129,0,0,0,0,0,1,0,0,0
prometherion,2023-04-04,,italy,39170129,0,0,0,0,0,0,1,0,0
prometherion,2023-04-05,,italy,39170129,0,0,0,0,0,0,0,1,0
prometherion,2023-04-06,,italy,39170129,0,0,0,0,0,0,0,0,1
proofrock,2023-03-28,,italy,,0,1,0,0,0,0,0,0,0
proofrock,2023-03-29,,italy,,0,0,1,0,0,0,0,0,0
proofrock,2023-03-30,,italy,,0,0,0,1,0,0,0,0,0
proofrock,2023-03-31,,italy,,0,0,0,0,1,0,0,0,0
proofrock,2023-04-03,,italy,,0,0,0,0,0,1,0,0,0
proofrock,2023-04-04,98004794,italy,,1,0,0,0,0,0,1,0,0
proofrock,2023-04-05,,italy,,0,0,0,0,0,0,0,1,0
proofrock,2023-04-06,,italy,,0,0,0,0,0,0,0,0,1
protoxvga,2023-03-28,,france,,0,0,0,0,0,0,0,0,0
protoxvga,2023-03-29,,france,,0,0,0,0,0,0,0,0,0
protoxvga,2023-03-30,,france,,0,0,0,0,0,0,0,0,0
protoxvga,2023-03-31,,france,,0,0,0,0,0,0,0,0,0
protoxvga,2023-04-03,,france,,0,0,0,0,0,0,0,0,0
protoxvga,2023-04-04,,france,,0,0,0,0,0,0,0,0,0
protoxvga,2023-04-05,98282913,france,,1,0,0,0,0,0,0,0,0
protoxvga,2023-04-06,98469598,france,,1,0,0,0,0,0,0,0,0
prushh,2023-03-28,,italy,,0,1,0,0,0,0,0,0,0
prushh,2023-03-29,97396826,italy,,1,0,1,0,0,0,0,0,0
prushh,2023-03-30,,italy,,0,0,0,1,0,0,0,0,0
prushh,2023-03-31,,italy,,0,0,0,0,1,0,0,0,0
prushh,2023-04-03,,italy,,0,0,0,0,0,1,0,0,0
prushh,2023-04-04,,italy,,0,0,0,0,0,0,1,0,0
prushh,2023-04-05,,italy,,0,0,0,0,0,0,0,1,0
prushh,2023-04-06,,italy,,0,0,0,0,0,0,0,0,1
pviti,2023-03-28,97186295,italy,13379592,1,1,0,0,0,0,0,0,0
pviti,2023-03-29,,italy,13379592,0,0,1,0,0,0,0,0,0
pviti,2023-03-30,97439318,italy,13379592,1,0,0,1,0,0,0,0,0
pviti,2023-03-31,,italy,13379592,0,0,0,0,1,0,0,0,0
pviti,2023-04-03,97828440,italy,13379592,1,0,0,0,0,1,0,0,0
pviti,2023-04-04,,italy,13379592,0,0,0,0,0,0,1,0,0
pviti,2023-04-05,,italy,13379592,0,0,0,0,0,0,0,1,0
pviti,2023-04-06,,italy,13379592,0,0,0,0,0,0,0,0,1
pwizla,2023-03-28,,france,19872173,0,0,0,0,0,0,0,0,0
pwizla,2023-03-29,97347813,france,19872173,1,0,0,0,0,0,0,0,0
pwizla,2023-03-30,,france,19872173,0,0,0,0,0,0,0,0,0
pwizla,2023-03-31,,france,19872173,0,0,0,0,0,0,0,0,0
pwizla,2023-04-03,,france,19872173,0,0,0,0,0,0,0,0,0
pwizla,2023-04-04,,france,19872173,0,0,0,0,0,0,0,0,0
pwizla,2023-04-05,98196990,france,19872173,1,0,0,0,0,0,0,0,0
pwizla,2023-04-06,,france,19872173,0,0,0,0,0,0,0,0,0
quibaritaenperdresatrompe,2023-03-28,97205331,france,127129457,1,0,0,0,0,0,0,0,0
quibaritaenperdresatrompe,2023-03-29,97336504,france,127129457,1,0,0,0,0,0,0,0,0
quibaritaenperdresatrompe,2023-03-30,97478962,france,127129457,1,0,0,0,0,0,0,0,0
quibaritaenperdresatrompe,2023-03-31,97606593,france,127129457,1,0,0,0,0,0,0,0,0
quibaritaenperdresatrompe,2023-04-03,97869784,france,127129457,1,0,0,0,0,0,0,0,0
quibaritaenperdresatrompe,2023-04-04,98032257,france,127129457,1,0,0,0,0,0,0,0,0
quibaritaenperdresatrompe,2023-04-05,98189915,france,127129457,1,0,0,0,0,0,0,0,0
quibaritaenperdresatrompe,2023-04-06,,france,127129457,0,0,0,0,0,0,0,0,0
rCarto,2023-03-28,,france,17590565,0,0,0,0,0,0,0,0,0
rCarto,2023-03-29,,france,17590565,0,0,0,0,0,0,0,0,0
rCarto,2023-03-30,,france,17590565,0,0,0,0,0,0,0,0,0
rCarto,2023-03-31,,france,17590565,0,0,0,0,0,0,0,0,0
rCarto,2023-04-03,97821675,france,17590565,1,0,0,0,0,0,0,0,0
rCarto,2023-04-04,,france,17590565,0,0,0,0,0,0,0,0,0
rCarto,2023-04-05,,france,17590565,0,0,0,0,0,0,0,0,0
rCarto,2023-04-06,,france,17590565,0,0,0,0,0,0,0,0,0
rainfr,2023-03-28,,france,,0,0,0,0,0,0,0,0,0
rainfr,2023-03-29,,france,,0,0,0,0,0,0,0,0,0
rainfr,2023-03-30,,france,,0,0,0,0,0,0,0,0,0
rainfr,2023-03-31,,france,,0,0,0,0,0,0,0,0,0
rainfr,2023-04-03,,france,,0,0,0,0,0,0,0,0,0
rainfr,2023-04-04,,france,,0,0,0,0,0,0,0,0,0
rainfr,2023-04-05,,france,,0,0,0,0,0,0,0,0,0
rainfr,2023-04-06,98431479,france,,1,0,0,0,0,0,0,0,0
raphodn,2023-03-28,,france,32548249,0,0,0,0,0,0,0,0,0
raphodn,2023-03-29,,france,32548249,0,0,0,0,0,0,0,0,0
raphodn,2023-03-30,,france,32548249,0,0,0,0,0,0,0,0,0
raphodn,2023-03-31,,france,32548249,0,0,0,0,0,0,0,0,0
raphodn,2023-04-03,,france,32548249,0,0,0,0,0,0,0,0,0
raphodn,2023-04-04,,france,32548249,0,0,0,0,0,0,0,0,0
raphodn,2023-04-05,98158897,france,32548249,1,0,0,0,0,0,0,0,0
raphodn,2023-04-06,,france,32548249,0,0,0,0,0,0,0,0,0
raulssorban,2023-03-28,,austria,112440656,0,0,0,0,0,0,0,0,0
raulssorban,2023-03-29,,austria,112440656,0,0,0,0,0,0,0,0,0
raulssorban,2023-03-30,,austria,112440656,0,0,0,0,0,0,0,0,0
raulssorban,2023-03-31,,austria,112440656,0,0,0,0,0,0,0,0,0
raulssorban,2023-04-03,,austria,112440656,0,0,0,0,0,0,0,0,0
raulssorban,2023-04-04,,austria,112440656,0,0,0,0,0,0,0,0,0
raulssorban,2023-04-05,,austria,112440656,0,0,0,0,0,0,0,0,0
raulssorban,2023-04-06,98423165,austria,112440656,1,0,0,0,0,0,0,0,0
rbrtbnfgl,2023-03-28,97206353,italy,,1,1,0,0,0,0,0,0,0
rbrtbnfgl,2023-03-29,,italy,,0,0,1,0,0,0,0,0,0
rbrtbnfgl,2023-03-30,,italy,,0,0,0,1,0,0,0,0,0
rbrtbnfgl,2023-03-31,,italy,,0,0,0,0,1,0,0,0,0
rbrtbnfgl,2023-04-03,,italy,,0,0,0,0,0,1,0,0,0
rbrtbnfgl,2023-04-04,,italy,,0,0,0,0,0,0,1,0,0
rbrtbnfgl,2023-04-05,98218588,italy,49319725,1,0,0,0,0,0,0,1,0
rbrtbnfgl,2023-04-06,,italy,,0,0,0,0,0,0,0,0,1
rcardin,2023-03-28,97231800,italy,,1,1,0,0,0,0,0,0,0
rcardin,2023-03-29,,italy,,0,0,1,0,0,0,0,0,0
rcardin,2023-03-30,,italy,,0,0,0,1,0,0,0,0,0
rcardin,2023-03-31,,italy,,0,0,0,0,1,0,0,0,0
rcardin,2023-04-03,,italy,,0,0,0,0,0,1,0,0,0
rcardin,2023-04-04,,italy,,0,0,0,0,0,0,1,0,0
rcardin,2023-04-05,,italy,,0,0,0,0,0,0,0,1,0
rcardin,2023-04-06,,italy,,0,0,0,0,0,0,0,0,1
rchaput,2023-03-28,,france,113445198,0,0,0,0,0,0,0,0,0
rchaput,2023-03-29,,france,113445198,0,0,0,0,0,0,0,0,0
rchaput,2023-03-30,,france,113445198,0,0,0,0,0,0,0,0,0
rchaput,2023-03-31,,france,113445198,0,0,0,0,0,0,0,0,0
rchaput,2023-04-03,97866334,france,113445198,1,0,0,0,0,0,0,0,0
rchaput,2023-04-04,,france,113445198,0,0,0,0,0,0,0,0,0
rchaput,2023-04-05,,france,113445198,0,0,0,0,0,0,0,0,0
rchaput,2023-04-06,,france,113445198,0,0,0,0,0,0,0,0,0
reegodev,2023-03-28,,italy,,0,1,0,0,0,0,0,0,0
reegodev,2023-03-29,,italy,,0,0,1,0,0,0,0,0,0
reegodev,2023-03-30,,italy,,0,0,0,1,0,0,0,0,0
reegodev,2023-03-31,97699069,italy,,1,0,0,0,1,0,0,0,0
reegodev,2023-04-03,,italy,,0,0,0,0,0,1,0,0,0
reegodev,2023-04-04,,italy,,0,0,0,0,0,0,1,0,0
reegodev,2023-04-05,,italy,,0,0,0,0,0,0,0,1,0
reegodev,2023-04-06,,italy,,0,0,0,0,0,0,0,0,1
rejetto,2023-03-28,97178167,italy,,1,1,0,0,0,0,0,0,0
rejetto,2023-03-29,97396740,italy,,1,0,1,0,0,0,0,0,0
rejetto,2023-03-30,,italy,,0,0,0,1,0,0,0,0,0
rejetto,2023-03-31,,italy,,0,0,0,0,1,0,0,0,0
rejetto,2023-04-03,,italy,,0,0,0,0,0,1,0,0,0
rejetto,2023-04-04,,italy,,0,0,0,0,0,0,1,0,0
rejetto,2023-04-05,,italy,,0,0,0,0,0,0,0,1,0
rejetto,2023-04-06,,italy,,0,0,0,0,0,0,0,0,1
relf,2023-03-28,97202893,france,17724818,1,0,0,0,0,0,0,0,0
relf,2023-03-29,,france,17724818,0,0,0,0,0,0,0,0,0
relf,2023-03-30,,france,17724818,0,0,0,0,0,0,0,0,0
relf,2023-03-31,97628436,france,17724818,1,0,0,0,0,0,0,0,0
relf,2023-04-03,,france,17724818,0,0,0,0,0,0,0,0,0
relf,2023-04-04,,france,17724818,0,0,0,0,0,0,0,0,0
relf,2023-04-05,,france,17724818,0,0,0,0,0,0,0,0,0
relf,2023-04-06,,france,17724818,0,0,0,0,0,0,0,0,0
remche,2023-03-28,,france,,0,0,0,0,0,0,0,0,0
remche,2023-03-29,,france,,0,0,0,0,0,0,0,0,0
remche,2023-03-30,97491523,france,,1,0,0,0,0,0,0,0,0
remche,2023-03-31,,france,,0,0,0,0,0,0,0,0,0
remche,2023-04-03,,france,,0,0,0,0,0,0,0,0,0
remche,2023-04-04,,france,,0,0,0,0,0,0,0,0,0
remche,2023-04-05,,france,,0,0,0,0,0,0,0,0,0
remche,2023-04-06,,france,,0,0,0,0,0,0,0,0,0
remi-braun,2023-03-28,,france,12795986,0,0,0,0,0,0,0,0,0
remi-braun,2023-03-29,,france,12795986,0,0,0,0,0,0,0,0,0
remi-braun,2023-03-30,,france,12795986,0,0,0,0,0,0,0,0,0
remi-braun,2023-03-31,,france,12795986,0,0,0,0,0,0,0,0,0
remi-braun,2023-04-03,,france,12795986,0,0,0,0,0,0,0,0,0
remi-braun,2023-04-04,98004952,france,12795986,1,0,0,0,0,0,0,0,0
remi-braun,2023-04-05,,france,12795986,0,0,0,0,0,0,0,0,0
remi-braun,2023-04-06,,france,12795986,0,0,0,0,0,0,0,0,0
remiceres,2023-03-28,,france,12628018,0,0,0,0,0,0,0,0,0
remiceres,2023-03-29,,france,12628018,0,0,0,0,0,0,0,0,0
remiceres,2023-03-30,97511593,france,12628018,1,0,0,0,0,0,0,0,0
remiceres,2023-03-31,,france,12628018,0,0,0,0,0,0,0,0,0
remiceres,2023-04-03,,france,12628018,0,0,0,0,0,0,0,0,0
remiceres,2023-04-04,,france,12628018,0,0,0,0,0,0,0,0,0
remiceres,2023-04-05,,france,12628018,0,0,0,0,0,0,0,0,0
remiceres,2023-04-06,,france,12628018,0,0,0,0,0,0,0,0,0
remicres,2023-03-28,,france,,0,0,0,0,0,0,0,0,0
remicres,2023-03-29,,france,,0,0,0,0,0,0,0,0,0
remicres,2023-03-30,,france,,0,0,0,0,0,0,0,0,0
remicres,2023-03-31,,france,,0,0,0,0,0,0,0,0,0
remicres,2023-04-03,,france,,0,0,0,0,0,0,0,0,0
remicres,2023-04-04,,france,,0,0,0,0,0,0,0,0,0
remicres,2023-04-05,98199535,france,,1,0,0,0,0,0,0,0,0
remicres,2023-04-06,,france,,0,0,0,0,0,0,0,0,0
rezib,2023-03-28,,france,1525875,0,0,0,0,0,0,0,0,0
rezib,2023-03-29,,france,1525875,0,0,0,0,0,0,0,0,0
rezib,2023-03-30,,france,1525875,0,0,0,0,0,0,0,0,0
rezib,2023-03-31,,france,1525875,0,0,0,0,0,0,0,0,0
rezib,2023-04-03,,france,1525875,0,0,0,0,0,0,0,0,0
rezib,2023-04-04,,france,1525875,0,0,0,0,0,0,0,0,0
rezib,2023-04-05,98159677,france,1525875,1,0,0,0,0,0,0,0,0
rezib,2023-04-06,,france,1525875,0,0,0,0,0,0,0,0,0
rfuzzo,2023-03-28,,austria,73969561,0,0,0,0,0,0,0,0,0
rfuzzo,2023-03-29,97313773,austria,73969561,1,0,0,0,0,0,0,0,0
rfuzzo,2023-03-30,,austria,73969561,0,0,0,0,0,0,0,0,0
rfuzzo,2023-03-31,,austria,73969561,0,0,0,0,0,0,0,0,0
rfuzzo,2023-04-03,97844154,austria,73969561,1,0,0,0,0,0,0,0,0
rfuzzo,2023-04-04,98029239,austria,73969561,1,0,0,0,0,0,0,0,0
rfuzzo,2023-04-05,,austria,73969561,0,0,0,0,0,0,0,0,0
rfuzzo,2023-04-06,98391591,austria,73969561,1,0,0,0,0,0,0,0,0
rickgiantsteps,2023-03-28,,italy,,0,1,0,0,0,0,0,0,0
rickgiantsteps,2023-03-29,,italy,,0,0,1,0,0,0,0,0,0
rickgiantsteps,2023-03-30,,italy,,0,0,0,1,0,0,0,0,0
rickgiantsteps,2023-03-31,,italy,,0,0,0,0,1,0,0,0,0
rickgiantsteps,2023-04-03,97870590,italy,,1,0,0,0,0,1,0,0,0
rickgiantsteps,2023-04-04,,italy,,0,0,0,0,0,0,1,0,0
rickgiantsteps,2023-04-05,,italy,,0,0,0,0,0,0,0,1,0
rickgiantsteps,2023-04-06,,italy,,0,0,0,0,0,0,0,0,1
rigou,2023-03-28,,france,,0,0,0,0,0,0,0,0,0
rigou,2023-03-29,,france,,0,0,0,0,0,0,0,0,0
rigou,2023-03-30,,france,,0,0,0,0,0,0,0,0,0
rigou,2023-03-31,,france,,0,0,0,0,0,0,0,0,0
rigou,2023-04-03,,france,,0,0,0,0,0,0,0,0,0
rigou,2023-04-04,,france,,0,0,0,0,0,0,0,0,0
rigou,2023-04-05,98159268,france,,1,0,0,0,0,0,0,0,0
rigou,2023-04-06,,france,,0,0,0,0,0,0,0,0,0
riktar,2023-03-28,,italy,49778075,0,1,0,0,0,0,0,0,0
riktar,2023-03-29,,italy,49778075,0,0,1,0,0,0,0,0,0
riktar,2023-03-30,,italy,49778075,0,0,0,1,0,0,0,0,0
riktar,2023-03-31,,italy,49778075,0,0,0,0,1,0,0,0,0
riktar,2023-04-03,,italy,49778075,0,0,0,0,0,1,0,0,0
riktar,2023-04-04,,italy,49778075,0,0,0,0,0,0,1,0,0
riktar,2023-04-05,98172767,italy,49778075,1,0,0,0,0,0,0,1,0
riktar,2023-04-06,,italy,49778075,0,0,0,0,0,0,0,0,1
rm3l,2023-03-28,,france,11033755,0,0,0,0,0,0,0,0,0
rm3l,2023-03-29,,france,11033755,0,0,0,0,0,0,0,0,0
rm3l,2023-03-30,,france,11033755,0,0,0,0,0,0,0,0,0
rm3l,2023-03-31,,france,11033755,0,0,0,0,0,0,0,0,0
rm3l,2023-04-03,,france,11033755,0,0,0,0,0,0,0,0,0
rm3l,2023-04-04,,france,11033755,0,0,0,0,0,0,0,0,0
rm3l,2023-04-05,98159925,france,11033755,1,0,0,0,0,0,0,0,0
rm3l,2023-04-06,,france,11033755,0,0,0,0,0,0,0,0,0
robertoperuzzo,2023-03-28,,italy,,0,1,0,0,0,0,0,0,0
robertoperuzzo,2023-03-29,,italy,,0,0,1,0,0,0,0,0,0
robertoperuzzo,2023-03-30,,italy,,0,0,0,1,0,0,0,0,0
robertoperuzzo,2023-03-31,,italy,,0,0,0,0,1,0,0,0,0
robertoperuzzo,2023-04-03,,italy,,0,0,0,0,0,1,0,0,0
robertoperuzzo,2023-04-04,,italy,,0,0,0,0,0,0,1,0,0
robertoperuzzo,2023-04-05,98278077,italy,,1,0,0,0,0,0,0,1,0
robertoperuzzo,2023-04-06,98305865,italy,,1,0,0,0,0,0,0,0,1
robertorossi73,2023-03-28,,italy,,0,1,0,0,0,0,0,0,0
robertorossi73,2023-03-29,,italy,,0,0,1,0,0,0,0,0,0
robertorossi73,2023-03-30,,italy,,0,0,0,1,0,0,0,0,0
robertorossi73,2023-03-31,,italy,,0,0,0,0,1,0,0,0,0
robertorossi73,2023-04-03,,italy,,0,0,0,0,0,1,0,0,0
robertorossi73,2023-04-04,,italy,,0,0,0,0,0,0,1,0,0
robertorossi73,2023-04-05,98127783,italy,,1,0,0,0,0,0,0,1,0
robertorossi73,2023-04-06,,italy,,0,0,0,0,0,0,0,0,1
robinmoisson,2023-03-28,,france,,0,0,0,0,0,0,0,0,0
robinmoisson,2023-03-29,97341520,france,,1,0,0,0,0,0,0,0,0
robinmoisson,2023-03-30,97515559,france,,1,0,0,0,0,0,0,0,0
robinmoisson,2023-03-31,,france,,0,0,0,0,0,0,0,0,0
robinmoisson,2023-04-03,97839942,france,,1,0,0,0,0,0,0,0,0
robinmoisson,2023-04-04,,france,,0,0,0,0,0,0,0,0,0
robinmoisson,2023-04-05,,france,,0,0,0,0,0,0,0,0,0
robinmoisson,2023-04-06,,france,,0,0,0,0,0,0,0,0,0
robisim74,2023-03-28,,italy,,0,1,0,0,0,0,0,0,0
robisim74,2023-03-29,,italy,,0,0,1,0,0,0,0,0,0
robisim74,2023-03-30,,italy,,0,0,0,1,0,0,0,0,0
robisim74,2023-03-31,,italy,,0,0,0,0,1,0,0,0,0
robisim74,2023-04-03,,italy,,0,0,0,0,0,1,0,0,0
robisim74,2023-04-04,98052152,italy,,1,0,0,0,0,0,1,0,0
robisim74,2023-04-05,,italy,,0,0,0,0,0,0,0,1,0
robisim74,2023-04-06,,italy,,0,0,0,0,0,0,0,0,1
roblabla,2023-03-28,,france,,0,0,0,0,0,0,0,0,0
roblabla,2023-03-29,,france,,0,0,0,0,0,0,0,0,0
roblabla,2023-03-30,,france,,0,0,0,0,0,0,0,0,0
roblabla,2023-03-31,97607208,france,,1,0,0,0,0,0,0,0,0
roblabla,2023-04-03,,france,,0,0,0,0,0,0,0,0,0
roblabla,2023-04-04,,france,,0,0,0,0,0,0,0,0,0
roblabla,2023-04-05,,france,,0,0,0,0,0,0,0,0,0
roblabla,2023-04-06,,france,,0,0,0,0,0,0,0,0,0
rolandschuetz,2023-03-28,,austria,128504304,0,0,0,0,0,0,0,0,0
rolandschuetz,2023-03-29,,austria,128504304,0,0,0,0,0,0,0,0,0
rolandschuetz,2023-03-30,,austria,128504304,0,0,0,0,0,0,0,0,0
rolandschuetz,2023-03-31,,austria,128504304,0,0,0,0,0,0,0,0,0
rolandschuetz,2023-04-03,,austria,128504304,0,0,0,0,0,0,0,0,0
rolandschuetz,2023-04-04,98037147,austria,128504304,1,0,0,0,0,0,0,0,0
rolandschuetz,2023-04-05,,austria,128504304,0,0,0,0,0,0,0,0,0
rolandschuetz,2023-04-06,,austria,128504304,0,0,0,0,0,0,0,0,0
rolud,2023-03-28,,italy,119043247,0,1,0,0,0,0,0,0,0
rolud,2023-03-29,97285693,italy,119043247,1,0,1,0,0,0,0,0,0
rolud,2023-03-30,,italy,119043247,0,0,0,1,0,0,0,0,0
rolud,2023-03-31,,italy,119043247,0,0,0,0,1,0,0,0,0
rolud,2023-04-03,,italy,119043247,0,0,0,0,0,1,0,0,0
rolud,2023-04-04,,italy,119043247,0,0,0,0,0,0,1,0,0
rolud,2023-04-05,,italy,119043247,0,0,0,0,0,0,0,1,0
rolud,2023-04-06,,italy,119043247,0,0,0,0,0,0,0,0,1
romainbsl,2023-03-28,,france,37698276,0,0,0,0,0,0,0,0,0
romainbsl,2023-03-29,,france,37698276,0,0,0,0,0,0,0,0,0
romainbsl,2023-03-30,,france,37698276,0,0,0,0,0,0,0,0,0
romainbsl,2023-03-31,97655279,france,37698276,1,0,0,0,0,0,0,0,0
romainbsl,2023-04-03,97906652,france,37698276,1,0,0,0,0,0,0,0,0
romainbsl,2023-04-04,97995292,france,37698276,1,0,0,0,0,0,0,0,0
romainbsl,2023-04-05,,france,37698276,0,0,0,0,0,0,0,0,0
romainbsl,2023-04-06,,france,37698276,0,0,0,0,0,0,0,0,0
romainneutron,2023-03-28,,france,8961067,0,0,0,0,0,0,0,0,0
romainneutron,2023-03-29,,france,8961067,0,0,0,0,0,0,0,0,0
romainneutron,2023-03-30,,france,8961067,0,0,0,0,0,0,0,0,0
romainneutron,2023-03-31,,france,8961067,0,0,0,0,0,0,0,0,0
romainneutron,2023-04-03,,france,8961067,0,0,0,0,0,0,0,0,0
romainneutron,2023-04-04,,france,8961067,0,0,0,0,0,0,0,0,0
romainneutron,2023-04-05,,france,8961067,0,0,0,0,0,0,0,0,0
romainneutron,2023-04-06,98350627,france,8961067,1,0,0,0,0,0,0,0,0
rombat,2023-03-28,,france,23452850,0,0,0,0,0,0,0,0,0
rombat,2023-03-29,97337038,france,23452850,1,0,0,0,0,0,0,0,0
rombat,2023-03-30,,france,23452850,0,0,0,0,0,0,0,0,0
rombat,2023-03-31,,france,23452850,0,0,0,0,0,0,0,0,0
rombat,2023-04-03,,france,23452850,0,0,0,0,0,0,0,0,0
rombat,2023-04-04,,france,23452850,0,0,0,0,0,0,0,0,0
rombat,2023-04-05,,france,23452850,0,0,0,0,0,0,0,0,0
rombat,2023-04-06,98434266,france,23452850,1,0,0,0,0,0,0,0,0
rosario-fiorella,2023-03-28,,italy,,0,1,0,0,0,0,0,0,0
rosario-fiorella,2023-03-29,97387056,italy,,1,0,1,0,0,0,0,0,0
rosario-fiorella,2023-03-30,97530584,italy,,1,0,0,1,0,0,0,0,0
rosario-fiorella,2023-03-31,,italy,,0,0,0,0,1,0,0,0,0
rosario-fiorella,2023-04-03,,italy,,0,0,0,0,0,1,0,0,0
rosario-fiorella,2023-04-04,,italy,,0,0,0,0,0,0,1,0,0
rosario-fiorella,2023-04-05,,italy,,0,0,0,0,0,0,0,1,0
rosario-fiorella,2023-04-06,,italy,,0,0,0,0,0,0,0,0,1
rquey,2023-03-28,,france,105313435,0,0,0,0,0,0,0,0,0
rquey,2023-03-29,,france,105313435,0,0,0,0,0,0,0,0,0
rquey,2023-03-30,,france,105313435,0,0,0,0,0,0,0,0,0
rquey,2023-03-31,,france,105313435,0,0,0,0,0,0,0,0,0
rquey,2023-04-03,,france,105313435,0,0,0,0,0,0,0,0,0
rquey,2023-04-04,,france,105313435,0,0,0,0,0,0,0,0,0
rquey,2023-04-05,,france,105313435,0,0,0,0,0,0,0,0,0
rquey,2023-04-06,98382998,france,105313435,1,0,0,0,0,0,0,0,0
rtauziac,2023-03-28,97127746,france,,1,0,0,0,0,0,0,0,0
rtauziac,2023-03-29,,france,,0,0,0,0,0,0,0,0,0
rtauziac,2023-03-30,,france,,0,0,0,0,0,0,0,0,0
rtauziac,2023-03-31,,france,,0,0,0,0,0,0,0,0,0
rtauziac,2023-04-03,,france,,0,0,0,0,0,0,0,0,0
rtauziac,2023-04-04,,france,,0,0,0,0,0,0,0,0,0
rtauziac,2023-04-05,,france,,0,0,0,0,0,0,0,0,0
rtauziac,2023-04-06,,france,,0,0,0,0,0,0,0,0,0
rubenfiszel,2023-03-28,97242675,france,98025271,1,0,0,0,0,0,0,0,0
rubenfiszel,2023-03-29,,france,98025271,0,0,0,0,0,0,0,0,0
rubenfiszel,2023-03-30,,france,98025271,0,0,0,0,0,0,0,0,0
rubenfiszel,2023-03-31,97679675,france,98025271,1,0,0,0,0,0,0,0,0
rubenfiszel,2023-04-03,,france,98025271,0,0,0,0,0,0,0,0,0
rubenfiszel,2023-04-04,,france,98025271,0,0,0,0,0,0,0,0,0
rubenfiszel,2023-04-05,,france,98025271,0,0,0,0,0,0,0,0,0
rubenfiszel,2023-04-06,,france,98025271,0,0,0,0,0,0,0,0,0
rverchere,2023-03-28,,france,,0,0,0,0,0,0,0,0,0
rverchere,2023-03-29,,france,,0,0,0,0,0,0,0,0,0
rverchere,2023-03-30,,france,,0,0,0,0,0,0,0,0,0
rverchere,2023-03-31,,france,,0,0,0,0,0,0,0,0,0
rverchere,2023-04-03,97906488,france,,1,0,0,0,0,0,0,0,0
rverchere,2023-04-04,98006278,france,,1,0,0,0,0,0,0,0,0
rverchere,2023-04-05,,france,,0,0,0,0,0,0,0,0,0
rverchere,2023-04-06,,france,,0,0,0,0,0,0,0,0,0
rvflash,2023-03-28,97225981,france,,1,0,0,0,0,0,0,0,0
rvflash,2023-03-29,,france,,0,0,0,0,0,0,0,0,0
rvflash,2023-03-30,97557457,france,,1,0,0,0,0,0,0,0,0
rvflash,2023-03-31,,france,,0,0,0,0,0,0,0,0,0
rvflash,2023-04-03,,france,,0,0,0,0,0,0,0,0,0
rvflash,2023-04-04,,france,,0,0,0,0,0,0,0,0,0
rvflash,2023-04-05,,france,,0,0,0,0,0,0,0,0,0
rvflash,2023-04-06,,france,,0,0,0,0,0,0,0,0,0
rvola,2023-03-28,,france,,0,0,0,0,0,0,0,0,0
rvola,2023-03-29,,france,,0,0,0,0,0,0,0,0,0
rvola,2023-03-30,97434754,france,,1,0,0,0,0,0,0,0,0
rvola,2023-03-31,,france,,0,0,0,0,0,0,0,0,0
rvola,2023-04-03,,france,,0,0,0,0,0,0,0,0,0
rvola,2023-04-04,,france,,0,0,0,0,0,0,0,0,0
rvola,2023-04-05,,france,,0,0,0,0,0,0,0,0,0
rvola,2023-04-06,,france,,0,0,0,0,0,0,0,0,0
s00500,2023-03-28,,austria,46759916,0,0,0,0,0,0,0,0,0
s00500,2023-03-29,,austria,46759916,0,0,0,0,0,0,0,0,0
s00500,2023-03-30,,austria,46759916,0,0,0,0,0,0,0,0,0
s00500,2023-03-31,,austria,46759916,0,0,0,0,0,0,0,0,0
s00500,2023-04-03,,austria,46759916,0,0,0,0,0,0,0,0,0
s00500,2023-04-04,,austria,46759916,0,0,0,0,0,0,0,0,0
s00500,2023-04-05,98218678,austria,46759916,1,0,0,0,0,0,0,0,0
s00500,2023-04-06,,austria,46759916,0,0,0,0,0,0,0,0,0
saadichouaib,2023-03-28,,france,,0,0,0,0,0,0,0,0,0
saadichouaib,2023-03-29,,france,,0,0,0,0,0,0,0,0,0
saadichouaib,2023-03-30,,france,,0,0,0,0,0,0,0,0,0
saadichouaib,2023-03-31,,france,,0,0,0,0,0,0,0,0,0
saadichouaib,2023-04-03,,france,,0,0,0,0,0,0,0,0,0
saadichouaib,2023-04-04,,france,,0,0,0,0,0,0,0,0,0
saadichouaib,2023-04-05,,france,,0,0,0,0,0,0,0,0,0
saadichouaib,2023-04-06,98440253,france,,1,0,0,0,0,0,0,0,0
sadraskol,2023-03-28,,france,,0,0,0,0,0,0,0,0,0
sadraskol,2023-03-29,,france,,0,0,0,0,0,0,0,0,0
sadraskol,2023-03-30,,france,,0,0,0,0,0,0,0,0,0
sadraskol,2023-03-31,,france,,0,0,0,0,0,0,0,0,0
sadraskol,2023-04-03,,france,,0,0,0,0,0,0,0,0,0
sadraskol,2023-04-04,,france,,0,0,0,0,0,0,0,0,0
sadraskol,2023-04-05,98277727,france,,1,0,0,0,0,0,0,0,0
sadraskol,2023-04-06,,france,,0,0,0,0,0,0,0,0,0
salmattia,2023-03-28,,italy,93924654,0,1,0,0,0,0,0,0,0
salmattia,2023-03-29,,italy,93924654,0,0,1,0,0,0,0,0,0
salmattia,2023-03-30,,italy,93924654,0,0,0,1,0,0,0,0,0
salmattia,2023-03-31,97642904,italy,93924654,1,0,0,0,1,0,0,0,0
salmattia,2023-04-03,,italy,93924654,0,0,0,0,0,1,0,0,0
salmattia,2023-04-04,,italy,93924654,0,0,0,0,0,0,1,0,0
salmattia,2023-04-05,,italy,93924654,0,0,0,0,0,0,0,1,0
salmattia,2023-04-06,,italy,93924654,0,0,0,0,0,0,0,0,1
samber,2023-03-28,,france,,0,0,0,0,0,0,0,0,0
samber,2023-03-29,,france,,0,0,0,0,0,0,0,0,0
samber,2023-03-30,97529137,france,,1,0,0,0,0,0,0,0,0
samber,2023-03-31,97605446,france,65661314,1,0,0,0,0,0,0,0,0
samber,2023-04-03,,france,,0,0,0,0,0,0,0,0,0
samber,2023-04-04,,france,,0,0,0,0,0,0,0,0,0
samber,2023-04-05,,france,,0,0,0,0,0,0,0,0,0
samber,2023-04-06,,france,,0,0,0,0,0,0,0,0,0
samdsk,2023-03-28,,italy,,0,1,0,0,0,0,0,0,0
samdsk,2023-03-29,,italy,,0,0,1,0,0,0,0,0,0
samdsk,2023-03-30,,italy,,0,0,0,1,0,0,0,0,0
samdsk,2023-03-31,,italy,,0,0,0,0,1,0,0,0,0
samdsk,2023-04-03,,italy,,0,0,0,0,0,1,0,0,0
samdsk,2023-04-04,98054855,italy,,1,0,0,0,0,0,1,0,0
samdsk,2023-04-05,,italy,,0,0,0,0,0,0,0,1,0
samdsk,2023-04-06,,italy,,0,0,0,0,0,0,0,0,1
samsiis,2023-03-28,,france,,0,0,0,0,0,0,0,0,0
samsiis,2023-03-29,97318813,france,,1,0,0,0,0,0,0,0,0
samsiis,2023-03-30,,france,,0,0,0,0,0,0,0,0,0
samsiis,2023-03-31,,france,,0,0,0,0,0,0,0,0,0
samsiis,2023-04-03,,france,,0,0,0,0,0,0,0,0,0
samsiis,2023-04-04,,france,,0,0,0,0,0,0,0,0,0
samsiis,2023-04-05,,france,,0,0,0,0,0,0,0,0,0
samsiis,2023-04-06,,france,,0,0,0,0,0,0,0,0,0
sandrofigo,2023-03-28,,austria,,0,0,0,0,0,0,0,0,0
sandrofigo,2023-03-29,97297768,austria,,1,0,0,0,0,0,0,0,0
sandrofigo,2023-03-30,,austria,,0,0,0,0,0,0,0,0,0
sandrofigo,2023-03-31,,austria,,0,0,0,0,0,0,0,0,0
sandrofigo,2023-04-03,,austria,,0,0,0,0,0,0,0,0,0
sandrofigo,2023-04-04,,austria,,0,0,0,0,0,0,0,0,0
sandrofigo,2023-04-05,,austria,,0,0,0,0,0,0,0,0,0
sandrofigo,2023-04-06,,austria,,0,0,0,0,0,0,0,0,0
sandrolain,2023-03-28,,italy,,0,1,0,0,0,0,0,0,0
sandrolain,2023-03-29,,italy,,0,0,1,0,0,0,0,0,0
sandrolain,2023-03-30,97534770,italy,,1,0,0,1,0,0,0,0,0
sandrolain,2023-03-31,,italy,,0,0,0,0,1,0,0,0,0
sandrolain,2023-04-03,,italy,,0,0,0,0,0,1,0,0,0
sandrolain,2023-04-04,,italy,,0,0,0,0,0,0,1,0,0
sandrolain,2023-04-05,,italy,,0,0,0,0,0,0,0,1,0
sandrolain,2023-04-06,,italy,,0,0,0,0,0,0,0,0,1
sbrunato,2023-03-28,,france,6223127,0,0,0,0,0,0,0,0,0
sbrunato,2023-03-29,,france,6223127,0,0,0,0,0,0,0,0,0
sbrunato,2023-03-30,,france,6223127,0,0,0,0,0,0,0,0,0
sbrunato,2023-03-31,97642600,france,6223127,1,0,0,0,0,0,0,0,0
sbrunato,2023-04-03,,france,6223127,0,0,0,0,0,0,0,0,0
sbrunato,2023-04-04,,france,6223127,0,0,0,0,0,0,0,0,0
sbrunato,2023-04-05,,france,6223127,0,0,0,0,0,0,0,0,0
sbrunato,2023-04-06,,france,6223127,0,0,0,0,0,0,0,0,0
scaleway-bot,2023-03-28,97137137,france,5185491,1,0,0,0,0,0,0,0,0
scaleway-bot,2023-03-29,97395209,france,5185491,1,0,0,0,0,0,0,0,0
scaleway-bot,2023-03-30,97432774,france,5185491,1,0,0,0,0,0,0,0,0
scaleway-bot,2023-03-31,97611951,france,5185491,1,0,0,0,0,0,0,0,0
scaleway-bot,2023-04-03,97810150,france,5185491,1,0,0,0,0,0,0,0,0
scaleway-bot,2023-04-04,,france,5185491,0,0,0,0,0,0,0,0,0
scaleway-bot,2023-04-05,,france,5185491,0,0,0,0,0,0,0,0,0
scaleway-bot,2023-04-06,,france,5185491,0,0,0,0,0,0,0,0,0
scipio3000,2023-03-28,,france,34842792,0,0,0,0,0,0,0,0,0
scipio3000,2023-03-29,,france,34842792,0,0,0,0,0,0,0,0,0
scipio3000,2023-03-30,,france,34842792,0,0,0,0,0,0,0,0,0
scipio3000,2023-03-31,97670207,france,34842792,1,0,0,0,0,0,0,0,0
scipio3000,2023-04-03,,france,34842792,0,0,0,0,0,0,0,0,0
scipio3000,2023-04-04,,france,34842792,0,0,0,0,0,0,0,0,0
scipio3000,2023-04-05,,france,34842792,0,0,0,0,0,0,0,0,0
scipio3000,2023-04-06,,france,34842792,0,0,0,0,0,0,0,0,0
scolladon,2023-03-28,,france,,0,0,0,0,0,0,0,0,0
scolladon,2023-03-29,97326696,france,,1,0,0,0,0,0,0,0,0
scolladon,2023-03-30,,france,,0,0,0,0,0,0,0,0,0
scolladon,2023-03-31,97616068,france,,1,0,0,0,0,0,0,0,0
scolladon,2023-04-03,,france,,0,0,0,0,0,0,0,0,0
scolladon,2023-04-04,98081917,france,,1,0,0,0,0,0,0,0,0
scolladon,2023-04-05,,france,,0,0,0,0,0,0,0,0,0
scolladon,2023-04-06,,france,,0,0,0,0,0,0,0,0,0
sebousan,2023-03-28,,france,124584477,0,0,0,0,0,0,0,0,0
sebousan,2023-03-29,97298469,france,124584477,1,0,0,0,0,0,0,0,0
sebousan,2023-03-30,,france,124584477,0,0,0,0,0,0,0,0,0
sebousan,2023-03-31,97607765,france,124584477,1,0,0,0,0,0,0,0,0
sebousan,2023-04-03,97869839,france,124584477,1,0,0,0,0,0,0,0,0
sebousan,2023-04-04,,france,124584477,0,0,0,0,0,0,0,0,0
sebousan,2023-04-05,98180147,france,124584477,1,0,0,0,0,0,0,0,0
sebousan,2023-04-06,98341976,france,124584477,1,0,0,0,0,0,0,0,0
sebpalluel,2023-03-28,,france,,0,0,0,0,0,0,0,0,0
sebpalluel,2023-03-29,97292164,france,,1,0,0,0,0,0,0,0,0
sebpalluel,2023-03-30,,france,,0,0,0,0,0,0,0,0,0
sebpalluel,2023-03-31,,france,,0,0,0,0,0,0,0,0,0
sebpalluel,2023-04-03,,france,,0,0,0,0,0,0,0,0,0
sebpalluel,2023-04-04,,france,,0,0,0,0,0,0,0,0,0
sebpalluel,2023-04-05,,france,,0,0,0,0,0,0,0,0,0
sebpalluel,2023-04-06,,france,,0,0,0,0,0,0,0,0,0
sebprt,2023-03-28,,france,53013130,0,0,0,0,0,0,0,0,0
sebprt,2023-03-29,,france,53013130,0,0,0,0,0,0,0,0,0
sebprt,2023-03-30,,france,53013130,0,0,0,0,0,0,0,0,0
sebprt,2023-03-31,,france,53013130,0,0,0,0,0,0,0,0,0
sebprt,2023-04-03,97873516,france,53013130,1,0,0,0,0,0,0,0,0
sebprt,2023-04-04,98058677,france,53013130,1,0,0,0,0,0,0,0,0
sebprt,2023-04-05,98164976,france,53013130,1,0,0,0,0,0,0,0,0
sebprt,2023-04-06,98417582,france,53013130,1,0,0,0,0,0,0,0,0
sehnryr,2023-03-28,,france,,0,0,0,0,0,0,0,0,0
sehnryr,2023-03-29,,france,,0,0,0,0,0,0,0,0,0
sehnryr,2023-03-30,,france,,0,0,0,0,0,0,0,0,0
sehnryr,2023-03-31,,france,,0,0,0,0,0,0,0,0,0
sehnryr,2023-04-03,97913245,france,,1,0,0,0,0,0,0,0,0
sehnryr,2023-04-04,,france,,0,0,0,0,0,0,0,0,0
sehnryr,2023-04-05,,france,,0,0,0,0,0,0,0,0,0
sehnryr,2023-04-06,,france,,0,0,0,0,0,0,0,0,0
seppinho,2023-03-28,,austria,930103,0,0,0,0,0,0,0,0,0
seppinho,2023-03-29,97326653,austria,930103,1,0,0,0,0,0,0,0,0
seppinho,2023-03-30,,austria,930103,0,0,0,0,0,0,0,0,0
seppinho,2023-03-31,,austria,930103,0,0,0,0,0,0,0,0,0
seppinho,2023-04-03,,austria,930103,0,0,0,0,0,0,0,0,0
seppinho,2023-04-04,98045765,austria,930103,1,0,0,0,0,0,0,0,0
seppinho,2023-04-05,,austria,930103,0,0,0,0,0,0,0,0,0
seppinho,2023-04-06,,austria,930103,0,0,0,0,0,0,0,0,0
sergebesson,2023-03-28,97199283,france,,1,0,0,0,0,0,0,0,0
sergebesson,2023-03-29,,france,,0,0,0,0,0,0,0,0,0
sergebesson,2023-03-30,,france,,0,0,0,0,0,0,0,0,0
sergebesson,2023-03-31,,france,,0,0,0,0,0,0,0,0,0
sergebesson,2023-04-03,,france,,0,0,0,0,0,0,0,0,0
sergebesson,2023-04-04,,france,,0,0,0,0,0,0,0,0,0
sergebesson,2023-04-05,,france,,0,0,0,0,0,0,0,0,0
sergebesson,2023-04-06,,france,,0,0,0,0,0,0,0,0,0
sergeykomlev,2023-03-28,,austria,93153781,0,0,0,0,0,0,0,0,0
sergeykomlev,2023-03-29,,austria,93153781,0,0,0,0,0,0,0,0,0
sergeykomlev,2023-03-30,97476313,austria,93153781,1,0,0,0,0,0,0,0,0
sergeykomlev,2023-03-31,,austria,93153781,0,0,0,0,0,0,0,0,0
sergeykomlev,2023-04-03,97856141,austria,93153781,1,0,0,0,0,0,0,0,0
sergeykomlev,2023-04-04,,austria,93153781,0,0,0,0,0,0,0,0,0
sergeykomlev,2023-04-05,98280774,austria,93153781,1,0,0,0,0,0,0,0,0
sergeykomlev,2023-04-06,,austria,93153781,0,0,0,0,0,0,0,0,0
sevdog,2023-03-28,,italy,7250049,0,1,0,0,0,0,0,0,0
sevdog,2023-03-29,,italy,7250049,0,0,1,0,0,0,0,0,0
sevdog,2023-03-30,,italy,7250049,0,0,0,1,0,0,0,0,0
sevdog,2023-03-31,,italy,7250049,0,0,0,0,1,0,0,0,0
sevdog,2023-04-03,,italy,7250049,0,0,0,0,0,1,0,0,0
sevdog,2023-04-04,98063688,italy,7250049,1,0,0,0,0,0,1,0,0
sevdog,2023-04-05,,italy,7250049,0,0,0,0,0,0,0,1,0
sevdog,2023-04-06,,italy,7250049,0,0,0,0,0,0,0,0,1
sfinx13,2023-03-28,97162411,france,20193330,1,0,0,0,0,0,0,0,0
sfinx13,2023-03-29,,france,20193330,0,0,0,0,0,0,0,0,0
sfinx13,2023-03-30,97511464,france,20193330,1,0,0,0,0,0,0,0,0
sfinx13,2023-03-31,,france,20193330,0,0,0,0,0,0,0,0,0
sfinx13,2023-04-03,,france,20193330,0,0,0,0,0,0,0,0,0
sfinx13,2023-04-04,,france,20193330,0,0,0,0,0,0,0,0,0
sfinx13,2023-04-05,,france,20193330,0,0,0,0,0,0,0,0,0
sfinx13,2023-04-06,,france,20193330,0,0,0,0,0,0,0,0,0
sgaunet,2023-03-28,97173254,france,,1,0,0,0,0,0,0,0,0
sgaunet,2023-03-29,97270197,france,,1,0,0,0,0,0,0,0,0
sgaunet,2023-03-30,,france,,0,0,0,0,0,0,0,0,0
sgaunet,2023-03-31,97635201,france,,1,0,0,0,0,0,0,0,0
sgaunet,2023-04-03,,france,,0,0,0,0,0,0,0,0,0
sgaunet,2023-04-04,,france,,0,0,0,0,0,0,0,0,0
sgaunet,2023-04-05,,france,,0,0,0,0,0,0,0,0,0
sgaunet,2023-04-06,,france,,0,0,0,0,0,0,0,0,0
sgrimault,2023-03-28,,france,10531541,0,0,0,0,0,0,0,0,0
sgrimault,2023-03-29,,france,10531541,0,0,0,0,0,0,0,0,0
sgrimault,2023-03-30,,france,10531541,0,0,0,0,0,0,0,0,0
sgrimault,2023-03-31,,france,10531541,0,0,0,0,0,0,0,0,0
sgrimault,2023-04-03,,france,10531541,0,0,0,0,0,0,0,0,0
sgrimault,2023-04-04,98075415,france,10531541,1,0,0,0,0,0,0,0,0
sgrimault,2023-04-05,,france,10531541,0,0,0,0,0,0,0,0,0
sgrimault,2023-04-06,,france,10531541,0,0,0,0,0,0,0,0,0
sheenaze,2023-03-28,,austria,40628621,0,0,0,0,0,0,0,0,0
sheenaze,2023-03-29,,austria,40628621,0,0,0,0,0,0,0,0,0
sheenaze,2023-03-30,,austria,40628621,0,0,0,0,0,0,0,0,0
sheenaze,2023-03-31,,austria,40628621,0,0,0,0,0,0,0,0,0
sheenaze,2023-04-03,97799222,austria,40628621,1,0,0,0,0,0,0,0,0
sheenaze,2023-04-04,,austria,40628621,0,0,0,0,0,0,0,0,0
sheenaze,2023-04-05,,austria,40628621,0,0,0,0,0,0,0,0,0
sheenaze,2023-04-06,,austria,40628621,0,0,0,0,0,0,0,0,0
shevabam,2023-03-28,97198187,france,,1,0,0,0,0,0,0,0,0
shevabam,2023-03-29,,france,,0,0,0,0,0,0,0,0,0
shevabam,2023-03-30,,france,,0,0,0,0,0,0,0,0,0
shevabam,2023-03-31,,france,,0,0,0,0,0,0,0,0,0
shevabam,2023-04-03,,france,,0,0,0,0,0,0,0,0,0
shevabam,2023-04-04,,france,,0,0,0,0,0,0,0,0,0
shevabam,2023-04-05,,france,,0,0,0,0,0,0,0,0,0
shevabam,2023-04-06,,france,,0,0,0,0,0,0,0,0,0
shiipou,2023-03-28,,france,18312505,0,0,0,0,0,0,0,0,0
shiipou,2023-03-29,,france,18312505,0,0,0,0,0,0,0,0,0
shiipou,2023-03-30,,france,18312505,0,0,0,0,0,0,0,0,0
shiipou,2023-03-31,,france,18312505,0,0,0,0,0,0,0,0,0
shiipou,2023-04-03,97861766,france,18312505,1,0,0,0,0,0,0,0,0
shiipou,2023-04-04,98063743,france,18312505,1,0,0,0,0,0,0,0,0
shiipou,2023-04-05,98167196,france,18312505,1,0,0,0,0,0,0,0,0
shiipou,2023-04-06,98432399,france,18312505,1,0,0,0,0,0,0,0,0
shlublu,2023-03-28,,france,,0,0,0,0,0,0,0,0,0
shlublu,2023-03-29,,france,,0,0,0,0,0,0,0,0,0
shlublu,2023-03-30,,france,,0,0,0,0,0,0,0,0,0
shlublu,2023-03-31,97602436,france,,1,0,0,0,0,0,0,0,0
shlublu,2023-04-03,,france,,0,0,0,0,0,0,0,0,0
shlublu,2023-04-04,,france,,0,0,0,0,0,0,0,0,0
shlublu,2023-04-05,98143487,france,,1,0,0,0,0,0,0,0,0
shlublu,2023-04-06,,france,,0,0,0,0,0,0,0,0,0
shurillu,2023-03-28,,italy,,0,1,0,0,0,0,0,0,0
shurillu,2023-03-29,,italy,,0,0,1,0,0,0,0,0,0
shurillu,2023-03-30,,italy,,0,0,0,1,0,0,0,0,0
shurillu,2023-03-31,97587264,italy,,1,0,0,0,1,0,0,0,0
shurillu,2023-04-03,,italy,,0,0,0,0,0,1,0,0,0
shurillu,2023-04-04,,italy,,0,0,0,0,0,0,1,0,0
shurillu,2023-04-05,,italy,,0,0,0,0,0,0,0,1,0
shurillu,2023-04-06,,italy,,0,0,0,0,0,0,0,0,1
simoneantonicchio,2023-03-28,,italy,,0,1,0,0,0,0,0,0,0
simoneantonicchio,2023-03-29,,italy,,0,0,1,0,0,0,0,0,0
simoneantonicchio,2023-03-30,,italy,,0,0,0,1,0,0,0,0,0
simoneantonicchio,2023-03-31,,italy,,0,0,0,0,1,0,0,0,0
simoneantonicchio,2023-04-03,97885874,italy,,1,0,0,0,0,1,0,0,0
simoneantonicchio,2023-04-04,,italy,,0,0,0,0,0,0,1,0,0
simoneantonicchio,2023-04-05,,italy,,0,0,0,0,0,0,0,1,0
simoneantonicchio,2023-04-06,,italy,,0,0,0,0,0,0,0,0,1
simonegaffurini,2023-03-28,97140248,italy,,1,1,0,0,0,0,0,0,0
simonegaffurini,2023-03-29,,italy,,0,0,1,0,0,0,0,0,0
simonegaffurini,2023-03-30,,italy,,0,0,0,1,0,0,0,0,0
simonegaffurini,2023-03-31,,italy,,0,0,0,0,1,0,0,0,0
simonegaffurini,2023-04-03,,italy,,0,0,0,0,0,1,0,0,0
simonegaffurini,2023-04-04,,italy,,0,0,0,0,0,0,1,0,0
simonegaffurini,2023-04-05,,italy,,0,0,0,0,0,0,0,1,0
simonegaffurini,2023-04-06,,italy,,0,0,0,0,0,0,0,0,1
simsor,2023-03-28,,france,26453405,0,0,0,0,0,0,0,0,0
simsor,2023-03-29,97334596,france,26453405,1,0,0,0,0,0,0,0,0
simsor,2023-03-30,,france,26453405,0,0,0,0,0,0,0,0,0
simsor,2023-03-31,,france,26453405,0,0,0,0,0,0,0,0,0
simsor,2023-04-03,,france,26453405,0,0,0,0,0,0,0,0,0
simsor,2023-04-04,,france,26453405,0,0,0,0,0,0,0,0,0
simsor,2023-04-05,,france,26453405,0,0,0,0,0,0,0,0,0
simsor,2023-04-06,,france,26453405,0,0,0,0,0,0,0,0,0
sinedied,2023-03-28,,france,6154722,0,0,0,0,0,0,0,0,0
sinedied,2023-03-29,,france,6154722,0,0,0,0,0,0,0,0,0
sinedied,2023-03-30,,france,6154722,0,0,0,0,0,0,0,0,0
sinedied,2023-03-31,,france,6154722,0,0,0,0,0,0,0,0,0
sinedied,2023-04-03,,france,6154722,0,0,0,0,0,0,0,0,0
sinedied,2023-04-04,,france,6154722,0,0,0,0,0,0,0,0,0
sinedied,2023-04-05,98215542,france,6154722,1,0,0,0,0,0,0,0,0
sinedied,2023-04-06,98373840,france,6154722,1,0,0,0,0,0,0,0,0
size-up-svc,2023-03-28,97197910,france,111082043,1,0,0,0,0,0,0,0,0
size-up-svc,2023-03-29,97305321,france,111082043,1,0,0,0,0,0,0,0,0
size-up-svc,2023-03-30,,france,111082043,0,0,0,0,0,0,0,0,0
size-up-svc,2023-03-31,,france,111082043,0,0,0,0,0,0,0,0,0
size-up-svc,2023-04-03,97869083,france,111082043,1,0,0,0,0,0,0,0,0
size-up-svc,2023-04-04,,france,111082043,0,0,0,0,0,0,0,0,0
size-up-svc,2023-04-05,,france,111082043,0,0,0,0,0,0,0,0,0
size-up-svc,2023-04-06,,france,111082043,0,0,0,0,0,0,0,0,0
smadbe,2023-03-28,,france,11038271,0,0,0,0,0,0,0,0,0
smadbe,2023-03-29,,france,11038271,0,0,0,0,0,0,0,0,0
smadbe,2023-03-30,,france,11038271,0,0,0,0,0,0,0,0,0
smadbe,2023-03-31,,france,11038271,0,0,0,0,0,0,0,0,0
smadbe,2023-04-03,,france,11038271,0,0,0,0,0,0,0,0,0
smadbe,2023-04-04,,france,11038271,0,0,0,0,0,0,0,0,0
smadbe,2023-04-05,98159923,france,11038271,1,0,0,0,0,0,0,0,0
smadbe,2023-04-06,,france,11038271,0,0,0,0,0,0,0,0,0
smarlhens,2023-03-28,,france,,0,0,0,0,0,0,0,0,0
smarlhens,2023-03-29,,france,,0,0,0,0,0,0,0,0,0
smarlhens,2023-03-30,,france,,0,0,0,0,0,0,0,0,0
smarlhens,2023-03-31,,france,,0,0,0,0,0,0,0,0,0
smarlhens,2023-04-03,,france,,0,0,0,0,0,0,0,0,0
smarlhens,2023-04-04,98098230,france,,1,0,0,0,0,0,0,0,0
smarlhens,2023-04-05,,france,,0,0,0,0,0,0,0,0,0
smarlhens,2023-04-06,,france,,0,0,0,0,0,0,0,0,0
smeingast,2023-03-28,,austria,,0,0,0,0,0,0,0,0,0
smeingast,2023-03-29,,austria,,0,0,0,0,0,0,0,0,0
smeingast,2023-03-30,97518556,austria,,1,0,0,0,0,0,0,0,0
smeingast,2023-03-31,,austria,,0,0,0,0,0,0,0,0,0
smeingast,2023-04-03,,austria,,0,0,0,0,0,0,0,0,0
smeingast,2023-04-04,,austria,,0,0,0,0,0,0,0,0,0
smeingast,2023-04-05,,austria,,0,0,0,0,0,0,0,0,0
smeingast,2023-04-06,,austria,,0,0,0,0,0,0,0,0,0
smourier,2023-03-28,,france,33803370,0,0,0,0,0,0,0,0,0
smourier,2023-03-29,,france,33803370,0,0,0,0,0,0,0,0,0
smourier,2023-03-30,,france,33803370,0,0,0,0,0,0,0,0,0
smourier,2023-03-31,,france,33803370,0,0,0,0,0,0,0,0,0
smourier,2023-04-03,,france,33803370,0,0,0,0,0,0,0,0,0
smourier,2023-04-04,,france,33803370,0,0,0,0,0,0,0,0,0
smourier,2023-04-05,98217421,france,33803370,1,0,0,0,0,0,0,0,0
smourier,2023-04-06,98378608,france,33803370,1,0,0,0,0,0,0,0,0
snototter,2023-03-28,,austria,,0,0,0,0,0,0,0,0,0
snototter,2023-03-29,,austria,,0,0,0,0,0,0,0,0,0
snototter,2023-03-30,,austria,,0,0,0,0,0,0,0,0,0
snototter,2023-03-31,,austria,,0,0,0,0,0,0,0,0,0
snototter,2023-04-03,,austria,,0,0,0,0,0,0,0,0,0
snototter,2023-04-04,,austria,,0,0,0,0,0,0,0,0,0
snototter,2023-04-05,98201771,austria,,1,0,0,0,0,0,0,0,0
snototter,2023-04-06,,austria,,0,0,0,0,0,0,0,0,0
solverat,2023-03-28,,austria,5484669,0,0,0,0,0,0,0,0,0
solverat,2023-03-29,,austria,5484669,0,0,0,0,0,0,0,0,0
solverat,2023-03-30,,austria,5484669,0,0,0,0,0,0,0,0,0
solverat,2023-03-31,97618094,austria,5484669,1,0,0,0,0,0,0,0,0
solverat,2023-04-03,97825781,austria,5484669,1,0,0,0,0,0,0,0,0
solverat,2023-04-04,,austria,5484669,0,0,0,0,0,0,0,0,0
solverat,2023-04-05,,austria,5484669,0,0,0,0,0,0,0,0,0
solverat,2023-04-06,,austria,5484669,0,0,0,0,0,0,0,0,0
soulcramer,2023-03-28,,france,47970343,0,0,0,0,0,0,0,0,0
soulcramer,2023-03-29,,france,47970343,0,0,0,0,0,0,0,0,0
soulcramer,2023-03-30,,france,47970343,0,0,0,0,0,0,0,0,0
soulcramer,2023-03-31,,france,47970343,0,0,0,0,0,0,0,0,0
soulcramer,2023-04-03,,france,47970343,0,0,0,0,0,0,0,0,0
soulcramer,2023-04-04,,france,47970343,0,0,0,0,0,0,0,0,0
soulcramer,2023-04-05,98167637,france,47970343,1,0,0,0,0,0,0,0,0
soulcramer,2023-04-06,,france,47970343,0,0,0,0,0,0,0,0,0
soulsource,2023-03-28,,austria,,0,0,0,0,0,0,0,0,0
soulsource,2023-03-29,,austria,,0,0,0,0,0,0,0,0,0
soulsource,2023-03-30,,austria,,0,0,0,0,0,0,0,0,0
soulsource,2023-03-31,,austria,,0,0,0,0,0,0,0,0,0
soulsource,2023-04-03,97804717,austria,,1,0,0,0,0,0,0,0,0
soulsource,2023-04-04,,austria,,0,0,0,0,0,0,0,0,0
soulsource,2023-04-05,,austria,,0,0,0,0,0,0,0,0,0
soulsource,2023-04-06,,austria,,0,0,0,0,0,0,0,0,0
spasutto,2023-03-28,,france,,0,0,0,0,0,0,0,0,0
spasutto,2023-03-29,,france,,0,0,0,0,0,0,0,0,0
spasutto,2023-03-30,,france,,0,0,0,0,0,0,0,0,0
spasutto,2023-03-31,97628955,france,,1,0,0,0,0,0,0,0,0
spasutto,2023-04-03,,france,,0,0,0,0,0,0,0,0,0
spasutto,2023-04-04,,france,,0,0,0,0,0,0,0,0,0
spasutto,2023-04-05,,france,,0,0,0,0,0,0,0,0,0
spasutto,2023-04-06,,france,,0,0,0,0,0,0,0,0,0
spiffre,2023-03-28,,france,,0,0,0,0,0,0,0,0,0
spiffre,2023-03-29,,france,,0,0,0,0,0,0,0,0,0
spiffre,2023-03-30,,france,,0,0,0,0,0,0,0,0,0
spiffre,2023-03-31,,france,,0,0,0,0,0,0,0,0,0
spiffre,2023-04-03,,france,,0,0,0,0,0,0,0,0,0
spiffre,2023-04-04,,france,,0,0,0,0,0,0,0,0,0
spiffre,2023-04-05,,france,,0,0,0,0,0,0,0,0,0
spiffre,2023-04-06,98428723,france,,1,0,0,0,0,0,0,0,0
spotlessmind1975,2023-03-28,,italy,,0,1,0,0,0,0,0,0,0
spotlessmind1975,2023-03-29,,italy,,0,0,1,0,0,0,0,0,0
spotlessmind1975,2023-03-30,,italy,,0,0,0,1,0,0,0,0,0
spotlessmind1975,2023-03-31,,italy,,0,0,0,0,1,0,0,0,0
spotlessmind1975,2023-04-03,,italy,,0,0,0,0,0,1,0,0,0
spotlessmind1975,2023-04-04,,italy,,0,0,0,0,0,0,1,0,0
spotlessmind1975,2023-04-05,,italy,,0,0,0,0,0,0,0,1,0
spotlessmind1975,2023-04-06,98464140,italy,,1,0,0,0,0,0,0,0,1
sreichl,2023-03-28,,austria,3911278,0,0,0,0,0,0,0,0,0
sreichl,2023-03-29,,austria,3911278,0,0,0,0,0,0,0,0,0
sreichl,2023-03-30,,austria,3911278,0,0,0,0,0,0,0,0,0
sreichl,2023-03-31,,austria,3911278,0,0,0,0,0,0,0,0,0
sreichl,2023-04-03,,austria,3911278,0,0,0,0,0,0,0,0,0
sreichl,2023-04-04,,austria,3911278,0,0,0,0,0,0,0,0,0
sreichl,2023-04-05,,austria,3911278,0,0,0,0,0,0,0,0,0
sreichl,2023-04-06,98419572,austria,3911278,1,0,0,0,0,0,0,0,0
srnfr,2023-03-28,,france,,0,0,0,0,0,0,0,0,0
srnfr,2023-03-29,97290060,france,,1,0,0,0,0,0,0,0,0
srnfr,2023-03-30,,france,,0,0,0,0,0,0,0,0,0
srnfr,2023-03-31,,france,,0,0,0,0,0,0,0,0,0
srnfr,2023-04-03,97821312,france,,1,0,0,0,0,0,0,0,0
srnfr,2023-04-04,,france,,0,0,0,0,0,0,0,0,0
srnfr,2023-04-05,,france,,0,0,0,0,0,0,0,0,0
srnfr,2023-04-06,,france,,0,0,0,0,0,0,0,0,0
stefanstaffler,2023-03-28,,austria,,0,0,0,0,0,0,0,0,0
stefanstaffler,2023-03-29,,austria,,0,0,0,0,0,0,0,0,0
stefanstaffler,2023-03-30,,austria,,0,0,0,0,0,0,0,0,0
stefanstaffler,2023-03-31,97608835,austria,,1,0,0,0,0,0,0,0,0
stefanstaffler,2023-04-03,,austria,,0,0,0,0,0,0,0,0,0
stefanstaffler,2023-04-04,,austria,,0,0,0,0,0,0,0,0,0
stefanstaffler,2023-04-05,,austria,,0,0,0,0,0,0,0,0,0
stefanstaffler,2023-04-06,,austria,,0,0,0,0,0,0,0,0,0
stephane-caron,2023-03-28,,france,125454036,0,0,0,0,0,0,0,0,0
stephane-caron,2023-03-29,97345788,france,125454036,1,0,0,0,0,0,0,0,0
stephane-caron,2023-03-30,,france,125454036,0,0,0,0,0,0,0,0,0
stephane-caron,2023-03-31,,france,125454036,0,0,0,0,0,0,0,0,0
stephane-caron,2023-04-03,,france,125454036,0,0,0,0,0,0,0,0,0
stephane-caron,2023-04-04,,france,125454036,0,0,0,0,0,0,0,0,0
stephane-caron,2023-04-05,98209376,france,100861845,1,0,0,0,0,0,0,0,0
stephane-caron,2023-04-06,,france,125454036,0,0,0,0,0,0,0,0,0
steveoro,2023-03-28,,italy,,0,1,0,0,0,0,0,0,0
steveoro,2023-03-29,,italy,,0,0,1,0,0,0,0,0,0
steveoro,2023-03-30,,italy,,0,0,0,1,0,0,0,0,0
steveoro,2023-03-31,,italy,,0,0,0,0,1,0,0,0,0
steveoro,2023-04-03,97876193,italy,,1,0,0,0,0,1,0,0,0
steveoro,2023-04-04,,italy,,0,0,0,0,0,0,1,0,0
steveoro,2023-04-05,,italy,,0,0,0,0,0,0,0,1,0
steveoro,2023-04-06,,italy,,0,0,0,0,0,0,0,0,1
stockiNail,2023-03-28,,italy,11522533,0,1,0,0,0,0,0,0,0
stockiNail,2023-03-29,,italy,11522533,0,0,1,0,0,0,0,0,0
stockiNail,2023-03-30,,italy,11522533,0,0,0,1,0,0,0,0,0
stockiNail,2023-03-31,,italy,11522533,0,0,0,0,1,0,0,0,0
stockiNail,2023-04-03,97829217,italy,11522533,1,0,0,0,0,1,0,0,0
stockiNail,2023-04-04,,italy,11522533,0,0,0,0,0,0,1,0,0
stockiNail,2023-04-05,,italy,11522533,0,0,0,0,0,0,0,1,0
stockiNail,2023-04-06,,italy,11522533,0,0,0,0,0,0,0,0,1
stoefln,2023-03-28,,austria,,0,0,0,0,0,0,0,0,0
stoefln,2023-03-29,,austria,,0,0,0,0,0,0,0,0,0
stoefln,2023-03-30,,austria,,0,0,0,0,0,0,0,0,0
stoefln,2023-03-31,97676648,austria,,1,0,0,0,0,0,0,0,0
stoefln,2023-04-03,,austria,,0,0,0,0,0,0,0,0,0
stoefln,2023-04-04,,austria,,0,0,0,0,0,0,0,0,0
stoefln,2023-04-05,,austria,,0,0,0,0,0,0,0,0,0
stoefln,2023-04-06,98338584,austria,,1,0,0,0,0,0,0,0,0
stonehage,2023-03-28,,austria,,0,0,0,0,0,0,0,0,0
stonehage,2023-03-29,,austria,,0,0,0,0,0,0,0,0,0
stonehage,2023-03-30,,austria,,0,0,0,0,0,0,0,0,0
stonehage,2023-03-31,97658927,austria,,1,0,0,0,0,0,0,0,0
stonehage,2023-04-03,,austria,,0,0,0,0,0,0,0,0,0
stonehage,2023-04-04,,austria,,0,0,0,0,0,0,0,0,0
stonehage,2023-04-05,,austria,,0,0,0,0,0,0,0,0,0
stonehage,2023-04-06,,austria,,0,0,0,0,0,0,0,0,0
submarcos,2023-03-28,97165855,france,24561820,1,0,0,0,0,0,0,0,0
submarcos,2023-03-29,,france,24561820,0,0,0,0,0,0,0,0,0
submarcos,2023-03-30,,france,24561820,0,0,0,0,0,0,0,0,0
submarcos,2023-03-31,97648464,france,24561820,1,0,0,0,0,0,0,0,0
submarcos,2023-04-03,97844556,france,24561820,1,0,0,0,0,0,0,0,0
submarcos,2023-04-04,98058662,france,24561820,1,0,0,0,0,0,0,0,0
submarcos,2023-04-05,,france,24561820,0,0,0,0,0,0,0,0,0
submarcos,2023-04-06,98434427,france,24561820,1,0,0,0,0,0,0,0,0
sucsessyan,2023-03-28,,italy,81620138,0,1,0,0,0,0,0,0,0
sucsessyan,2023-03-29,,italy,81620138,0,0,1,0,0,0,0,0,0
sucsessyan,2023-03-30,,italy,81620138,0,0,0,1,0,0,0,0,0
sucsessyan,2023-03-31,,italy,81620138,0,0,0,0,1,0,0,0,0
sucsessyan,2023-04-03,,italy,81620138,0,0,0,0,0,1,0,0,0
sucsessyan,2023-04-04,,italy,81620138,0,0,0,0,0,0,1,0,0
sucsessyan,2023-04-05,98232829,italy,81620138,1,0,0,0,0,0,0,1,0
sucsessyan,2023-04-06,98454131,italy,81620138,1,0,0,0,0,0,0,0,1
sudo200,2023-03-28,,austria,,0,0,0,0,0,0,0,0,0
sudo200,2023-03-29,,austria,,0,0,0,0,0,0,0,0,0
sudo200,2023-03-30,,austria,,0,0,0,0,0,0,0,0,0
sudo200,2023-03-31,,austria,,0,0,0,0,0,0,0,0,0
sudo200,2023-04-03,97902251,austria,,1,0,0,0,0,0,0,0,0
sudo200,2023-04-04,,austria,,0,0,0,0,0,0,0,0,0
sudo200,2023-04-05,,austria,,0,0,0,0,0,0,0,0,0
sudo200,2023-04-06,,austria,,0,0,0,0,0,0,0,0,0
sunix,2023-03-28,,france,55484366,0,0,0,0,0,0,0,0,0
sunix,2023-03-29,,france,55484366,0,0,0,0,0,0,0,0,0
sunix,2023-03-30,,france,55484366,0,0,0,0,0,0,0,0,0
sunix,2023-03-31,,france,55484366,0,0,0,0,0,0,0,0,0
sunix,2023-04-03,97840652,france,55484366,1,0,0,0,0,0,0,0,0
sunix,2023-04-04,,france,55484366,0,0,0,0,0,0,0,0,0
sunix,2023-04-05,,france,55484366,0,0,0,0,0,0,0,0,0
sunix,2023-04-06,,france,55484366,0,0,0,0,0,0,0,0,0
swallez,2023-03-28,,france,6764390,0,0,0,0,0,0,0,0,0
swallez,2023-03-29,,france,6764390,0,0,0,0,0,0,0,0,0
swallez,2023-03-30,,france,6764390,0,0,0,0,0,0,0,0,0
swallez,2023-03-31,,france,6764390,0,0,0,0,0,0,0,0,0
swallez,2023-04-03,,france,6764390,0,0,0,0,0,0,0,0,0
swallez,2023-04-04,,france,6764390,0,0,0,0,0,0,0,0,0
swallez,2023-04-05,,france,6764390,0,0,0,0,0,0,0,0,0
swallez,2023-04-06,98446387,france,6764390,1,0,0,0,0,0,0,0,0
swoog,2023-03-28,,france,57722992,0,0,0,0,0,0,0,0,0
swoog,2023-03-29,,france,57722992,0,0,0,0,0,0,0,0,0
swoog,2023-03-30,97491985,france,57722992,1,0,0,0,0,0,0,0,0
swoog,2023-03-31,,france,57722992,0,0,0,0,0,0,0,0,0
swoog,2023-04-03,,france,57722992,0,0,0,0,0,0,0,0,0
swoog,2023-04-04,,france,57722992,0,0,0,0,0,0,0,0,0
swoog,2023-04-05,,france,57722992,0,0,0,0,0,0,0,0,0
swoog,2023-04-06,,france,57722992,0,0,0,0,0,0,0,0,0
sylvainbx,2023-03-28,,france,1333282,0,0,0,0,0,0,0,0,0
sylvainbx,2023-03-29,,france,1333282,0,0,0,0,0,0,0,0,0
sylvainbx,2023-03-30,,france,1333282,0,0,0,0,0,0,0,0,0
sylvainbx,2023-03-31,,france,1333282,0,0,0,0,0,0,0,0,0
sylvainbx,2023-04-03,97853853,france,1333282,1,0,0,0,0,0,0,0,0
sylvainbx,2023-04-04,,france,1333282,0,0,0,0,0,0,0,0,0
sylvainbx,2023-04-05,98163150,france,1333282,1,0,0,0,0,0,0,0,0
sylvainbx,2023-04-06,,france,1333282,0,0,0,0,0,0,0,0,0
sylvaingaudan,2023-03-28,,france,20204404,0,0,0,0,0,0,0,0,0
sylvaingaudan,2023-03-29,,france,20204404,0,0,0,0,0,0,0,0,0
sylvaingaudan,2023-03-30,,france,20204404,0,0,0,0,0,0,0,0,0
sylvaingaudan,2023-03-31,,france,20204404,0,0,0,0,0,0,0,0,0
sylvaingaudan,2023-04-03,,france,20204404,0,0,0,0,0,0,0,0,0
sylvaingaudan,2023-04-04,,france,20204404,0,0,0,0,0,0,0,0,0
sylvaingaudan,2023-04-05,98194993,france,20204404,1,0,0,0,0,0,0,0,0
sylvaingaudan,2023-04-06,,france,20204404,0,0,0,0,0,0,0,0,0
synthe102,2023-03-28,97195431,france,,1,0,0,0,0,0,0,0,0
synthe102,2023-03-29,,france,,0,0,0,0,0,0,0,0,0
synthe102,2023-03-30,,france,,0,0,0,0,0,0,0,0,0
synthe102,2023-03-31,,france,,0,0,0,0,0,0,0,0,0
synthe102,2023-04-03,,france,,0,0,0,0,0,0,0,0,0
synthe102,2023-04-04,,france,,0,0,0,0,0,0,0,0,0
synthe102,2023-04-05,,france,,0,0,0,0,0,0,0,0,0
synthe102,2023-04-06,,france,,0,0,0,0,0,0,0,0,0
syswis,2023-03-28,,italy,,0,1,0,0,0,0,0,0,0
syswis,2023-03-29,,italy,,0,0,1,0,0,0,0,0,0
syswis,2023-03-30,,italy,,0,0,0,1,0,0,0,0,0
syswis,2023-03-31,,italy,,0,0,0,0,1,0,0,0,0
syswis,2023-04-03,,italy,,0,0,0,0,0,1,0,0,0
syswis,2023-04-04,,italy,,0,0,0,0,0,0,1,0,0
syswis,2023-04-05,98126285,italy,,1,0,0,0,0,0,0,1,0
syswis,2023-04-06,98477438,italy,,1,0,0,0,0,0,0,0,1
taratatach,2023-03-28,,france,7690525,0,0,0,0,0,0,0,0,0
taratatach,2023-03-29,97330194,france,7690525,1,0,0,0,0,0,0,0,0
taratatach,2023-03-30,,france,7690525,0,0,0,0,0,0,0,0,0
taratatach,2023-03-31,,france,7690525,0,0,0,0,0,0,0,0,0
taratatach,2023-04-03,,france,7690525,0,0,0,0,0,0,0,0,0
taratatach,2023-04-04,,france,7690525,0,0,0,0,0,0,0,0,0
taratatach,2023-04-05,98182729,france,7690525,1,0,0,0,0,0,0,0,0
taratatach,2023-04-06,,france,7690525,0,0,0,0,0,0,0,0,0
tbuatois,2023-03-28,,france,3299148,0,0,0,0,0,0,0,0,0
tbuatois,2023-03-29,97307180,france,3299148,1,0,0,0,0,0,0,0,0
tbuatois,2023-03-30,,france,3299148,0,0,0,0,0,0,0,0,0
tbuatois,2023-03-31,,france,3299148,0,0,0,0,0,0,0,0,0
tbuatois,2023-04-03,,france,3299148,0,0,0,0,0,0,0,0,0
tbuatois,2023-04-04,,france,3299148,0,0,0,0,0,0,0,0,0
tbuatois,2023-04-05,,france,3299148,0,0,0,0,0,0,0,0,0
tbuatois,2023-04-06,,france,3299148,0,0,0,0,0,0,0,0,0
tcapelle,2023-03-28,,france,,0,0,0,0,0,0,0,0,0
tcapelle,2023-03-29,,france,,0,0,0,0,0,0,0,0,0
tcapelle,2023-03-30,,france,,0,0,0,0,0,0,0,0,0
tcapelle,2023-03-31,,france,,0,0,0,0,0,0,0,0,0
tcapelle,2023-04-03,,france,,0,0,0,0,0,0,0,0,0
tcapelle,2023-04-04,,france,,0,0,0,0,0,0,0,0,0
tcapelle,2023-04-05,98214790,france,,1,0,0,0,0,0,0,0,0
tcapelle,2023-04-06,,france,,0,0,0,0,0,0,0,0,0
tchoutri,2023-03-28,,france,93836762,0,0,0,0,0,0,0,0,0
tchoutri,2023-03-29,,france,93836762,0,0,0,0,0,0,0,0,0
tchoutri,2023-03-30,,france,93836762,0,0,0,0,0,0,0,0,0
tchoutri,2023-03-31,,france,93836762,0,0,0,0,0,0,0,0,0
tchoutri,2023-04-03,,france,93836762,0,0,0,0,0,0,0,0,0
tchoutri,2023-04-04,98081361,france,93836762,1,0,0,0,0,0,0,0,0
tchoutri,2023-04-05,,france,93836762,0,0,0,0,0,0,0,0,0
tchoutri,2023-04-06,,france,93836762,0,0,0,0,0,0,0,0,0
tesonep,2023-03-28,,france,1838382,0,0,0,0,0,0,0,0,0
tesonep,2023-03-29,,france,1838382,0,0,0,0,0,0,0,0,0
tesonep,2023-03-30,97438030,france,1838382,1,0,0,0,0,0,0,0,0
tesonep,2023-03-31,,france,1838382,0,0,0,0,0,0,0,0,0
tesonep,2023-04-03,,france,1838382,0,0,0,0,0,0,0,0,0
tesonep,2023-04-04,,france,1838382,0,0,0,0,0,0,0,0,0
tesonep,2023-04-05,,france,1838382,0,0,0,0,0,0,0,0,0
tesonep,2023-04-06,,france,1838382,0,0,0,0,0,0,0,0,0
tgoelles,2023-03-28,,austria,51322126,0,0,0,0,0,0,0,0,0
tgoelles,2023-03-29,,austria,51322126,0,0,0,0,0,0,0,0,0
tgoelles,2023-03-30,97441370,austria,51322126,1,0,0,0,0,0,0,0,0
tgoelles,2023-03-31,,austria,51322126,0,0,0,0,0,0,0,0,0
tgoelles,2023-04-03,,austria,51322126,0,0,0,0,0,0,0,0,0
tgoelles,2023-04-04,,austria,51322126,0,0,0,0,0,0,0,0,0
tgoelles,2023-04-05,,austria,51322126,0,0,0,0,0,0,0,0,0
tgoelles,2023-04-06,,austria,51322126,0,0,0,0,0,0,0,0,0
the2ne,2023-03-28,97142001,france,77115171,1,0,0,0,0,0,0,0,0
the2ne,2023-03-29,,france,77115171,0,0,0,0,0,0,0,0,0
the2ne,2023-03-30,,france,77115171,0,0,0,0,0,0,0,0,0
the2ne,2023-03-31,,france,77115171,0,0,0,0,0,0,0,0,0
the2ne,2023-04-03,,france,77115171,0,0,0,0,0,0,0,0,0
the2ne,2023-04-04,,france,77115171,0,0,0,0,0,0,0,0,0
the2ne,2023-04-05,,france,77115171,0,0,0,0,0,0,0,0,0
the2ne,2023-04-06,,france,77115171,0,0,0,0,0,0,0,0,0
theirish81,2023-03-28,,italy,,0,1,0,0,0,0,0,0,0
theirish81,2023-03-29,,italy,,0,0,1,0,0,0,0,0,0
theirish81,2023-03-30,97450416,italy,,1,0,0,1,0,0,0,0,0
theirish81,2023-03-31,,italy,,0,0,0,0,1,0,0,0,0
theirish81,2023-04-03,,italy,,0,0,0,0,0,1,0,0,0
theirish81,2023-04-04,,italy,,0,0,0,0,0,0,1,0,0
theirish81,2023-04-05,98218050,italy,,1,0,0,0,0,0,0,1,0
theirish81,2023-04-06,,italy,,0,0,0,0,0,0,0,0,1
theludovyc,2023-03-28,,france,52993376,0,0,0,0,0,0,0,0,0
theludovyc,2023-03-29,,france,52993376,0,0,0,0,0,0,0,0,0
theludovyc,2023-03-30,,france,52993376,0,0,0,0,0,0,0,0,0
theludovyc,2023-03-31,,france,52993376,0,0,0,0,0,0,0,0,0
theludovyc,2023-04-03,,france,52993376,0,0,0,0,0,0,0,0,0
theludovyc,2023-04-04,,france,52993376,0,0,0,0,0,0,0,0,0
theludovyc,2023-04-05,98158499,france,52993376,1,0,0,0,0,0,0,0,0
theludovyc,2023-04-06,,france,52993376,0,0,0,0,0,0,0,0,0
therealmarius,2023-03-28,,france,,0,0,0,0,0,0,0,0,0
therealmarius,2023-03-29,,france,,0,0,0,0,0,0,0,0,0
therealmarius,2023-03-30,,france,,0,0,0,0,0,0,0,0,0
therealmarius,2023-03-31,,france,,0,0,0,0,0,0,0,0,0
therealmarius,2023-04-03,,france,,0,0,0,0,0,0,0,0,0
therealmarius,2023-04-04,,france,,0,0,0,0,0,0,0,0,0
therealmarius,2023-04-05,98170668,france,,1,0,0,0,0,0,0,0,0
therealmarius,2023-04-06,,france,,0,0,0,0,0,0,0,0,0
thespino,2023-03-28,97246794,italy,,1,1,0,0,0,0,0,0,0
thespino,2023-03-29,,italy,,0,0,1,0,0,0,0,0,0
thespino,2023-03-30,,italy,,0,0,0,1,0,0,0,0,0
thespino,2023-03-31,,italy,,0,0,0,0,1,0,0,0,0
thespino,2023-04-03,,italy,,0,0,0,0,0,1,0,0,0
thespino,2023-04-04,,italy,,0,0,0,0,0,0,1,0,0
thespino,2023-04-05,,italy,,0,0,0,0,0,0,0,1,0
thespino,2023-04-06,,italy,,0,0,0,0,0,0,0,0,1
thet,2023-03-28,,austria,2392399,0,0,0,0,0,0,0,0,0
thet,2023-03-29,,austria,2392399,0,0,0,0,0,0,0,0,0
thet,2023-03-30,,austria,2392399,0,0,0,0,0,0,0,0,0
thet,2023-03-31,,austria,2392399,0,0,0,0,0,0,0,0,0
thet,2023-04-03,97830946,austria,2392399,1,0,0,0,0,0,0,0,0
thet,2023-04-04,,austria,2392399,0,0,0,0,0,0,0,0,0
thet,2023-04-05,,austria,2392399,0,0,0,0,0,0,0,0,0
thet,2023-04-06,,austria,2392399,0,0,0,0,0,0,0,0,0
thibo73800,2023-03-28,,france,76028239,0,0,0,0,0,0,0,0,0
thibo73800,2023-03-29,,france,76028239,0,0,0,0,0,0,0,0,0
thibo73800,2023-03-30,,france,76028239,0,0,0,0,0,0,0,0,0
thibo73800,2023-03-31,,france,76028239,0,0,0,0,0,0,0,0,0
thibo73800,2023-04-03,,france,76028239,0,0,0,0,0,0,0,0,0
thibo73800,2023-04-04,,france,76028239,0,0,0,0,0,0,0,0,0
thibo73800,2023-04-05,,france,76028239,0,0,0,0,0,0,0,0,0
thibo73800,2023-04-06,98422043,france,76028239,1,0,0,0,0,0,0,0,0
thomasferrandiz,2023-03-28,,france,9343010,0,0,0,0,0,0,0,0,0
thomasferrandiz,2023-03-29,,france,9343010,0,0,0,0,0,0,0,0,0
thomasferrandiz,2023-03-30,97476918,france,9343010,1,0,0,0,0,0,0,0,0
thomasferrandiz,2023-03-31,,france,9343010,0,0,0,0,0,0,0,0,0
thomasferrandiz,2023-04-03,,france,9343010,0,0,0,0,0,0,0,0,0
thomasferrandiz,2023-04-04,,france,9343010,0,0,0,0,0,0,0,0,0
thomasferrandiz,2023-04-05,,france,9343010,0,0,0,0,0,0,0,0,0
thomasferrandiz,2023-04-06,,france,9343010,0,0,0,0,0,0,0,0,0
thomaspoignant,2023-03-28,,france,,0,0,0,0,0,0,0,0,0
thomaspoignant,2023-03-29,,france,,0,0,0,0,0,0,0,0,0
thomaspoignant,2023-03-30,,france,,0,0,0,0,0,0,0,0,0
thomaspoignant,2023-03-31,,france,,0,0,0,0,0,0,0,0,0
thomaspoignant,2023-04-03,,france,,0,0,0,0,0,0,0,0,0
thomaspoignant,2023-04-04,,france,,0,0,0,0,0,0,0,0,0
thomaspoignant,2023-04-05,98207108,france,,1,0,0,0,0,0,0,0,0
thomaspoignant,2023-04-06,,france,,0,0,0,0,0,0,0,0,0
thoomasbro,2023-03-28,,france,20193330,0,0,0,0,0,0,0,0,0
thoomasbro,2023-03-29,,france,20193330,0,0,0,0,0,0,0,0,0
thoomasbro,2023-03-30,,france,20193330,0,0,0,0,0,0,0,0,0
thoomasbro,2023-03-31,97618422,france,20193330,1,0,0,0,0,0,0,0,0
thoomasbro,2023-04-03,,france,20193330,0,0,0,0,0,0,0,0,0
thoomasbro,2023-04-04,,france,20193330,0,0,0,0,0,0,0,0,0
thoomasbro,2023-04-05,,france,20193330,0,0,0,0,0,0,0,0,0
thoomasbro,2023-04-06,,france,20193330,0,0,0,0,0,0,0,0,0
timetravelthree,2023-03-28,,italy,,0,1,0,0,0,0,0,0,0
timetravelthree,2023-03-29,97396322,italy,,1,0,1,0,0,0,0,0,0
timetravelthree,2023-03-30,,italy,,0,0,0,1,0,0,0,0,0
timetravelthree,2023-03-31,,italy,,0,0,0,0,1,0,0,0,0
timetravelthree,2023-04-03,,italy,,0,0,0,0,0,1,0,0,0
timetravelthree,2023-04-04,,italy,,0,0,0,0,0,0,1,0,0
timetravelthree,2023-04-05,,italy,,0,0,0,0,0,0,0,1,0
timetravelthree,2023-04-06,,italy,,0,0,0,0,0,0,0,0,1
tiramiseb,2023-03-28,,france,,0,0,0,0,0,0,0,0,0
tiramiseb,2023-03-29,,france,,0,0,0,0,0,0,0,0,0
tiramiseb,2023-03-30,,france,,0,0,0,0,0,0,0,0,0
tiramiseb,2023-03-31,,france,,0,0,0,0,0,0,0,0,0
tiramiseb,2023-04-03,,france,,0,0,0,0,0,0,0,0,0
tiramiseb,2023-04-04,98091218,france,,1,0,0,0,0,0,0,0,0
tiramiseb,2023-04-05,,france,,0,0,0,0,0,0,0,0,0
tiramiseb,2023-04-06,,france,,0,0,0,0,0,0,0,0,0
tkjwa,2023-03-28,,france,66574264,0,0,0,0,0,0,0,0,0
tkjwa,2023-03-29,,france,66574264,0,0,0,0,0,0,0,0,0
tkjwa,2023-03-30,97496524,france,66574264,1,0,0,0,0,0,0,0,0
tkjwa,2023-03-31,97622903,france,66574264,1,0,0,0,0,0,0,0,0
tkjwa,2023-04-03,97845210,france,66574264,1,0,0,0,0,0,0,0,0
tkjwa,2023-04-04,,france,66574264,0,0,0,0,0,0,0,0,0
tkjwa,2023-04-05,,france,66574264,0,0,0,0,0,0,0,0,0
tkjwa,2023-04-06,,france,66574264,0,0,0,0,0,0,0,0,0
tmatis,2023-03-28,,france,,0,0,0,0,0,0,0,0,0
tmatis,2023-03-29,97324988,france,,1,0,0,0,0,0,0,0,0
tmatis,2023-03-30,,france,,0,0,0,0,0,0,0,0,0
tmatis,2023-03-31,,france,,0,0,0,0,0,0,0,0,0
tmatis,2023-04-03,,france,,0,0,0,0,0,0,0,0,0
tmatis,2023-04-04,,france,,0,0,0,0,0,0,0,0,0
tmatis,2023-04-05,98220884,france,,1,0,0,0,0,0,0,0,0
tmatis,2023-04-06,,france,,0,0,0,0,0,0,0,0,0
tommag,2023-03-28,,france,,0,0,0,0,0,0,0,0,0
tommag,2023-03-29,,france,,0,0,0,0,0,0,0,0,0
tommag,2023-03-30,,france,,0,0,0,0,0,0,0,0,0
tommag,2023-03-31,,france,,0,0,0,0,0,0,0,0,0
tommag,2023-04-03,,france,,0,0,0,0,0,0,0,0,0
tommag,2023-04-04,,france,,0,0,0,0,0,0,0,0,0
tommag,2023-04-05,,france,,0,0,0,0,0,0,0,0,0
tommag,2023-04-06,98327250,france,,1,0,0,0,0,0,0,0,0
tommasocarraro,2023-03-28,97168807,italy,40815422,1,1,0,0,0,0,0,0,0
tommasocarraro,2023-03-29,,italy,40815422,0,0,1,0,0,0,0,0,0
tommasocarraro,2023-03-30,,italy,40815422,0,0,0,1,0,0,0,0,0
tommasocarraro,2023-03-31,,italy,40815422,0,0,0,0,1,0,0,0,0
tommasocarraro,2023-04-03,,italy,40815422,0,0,0,0,0,1,0,0,0
tommasocarraro,2023-04-04,,italy,40815422,0,0,0,0,0,0,1,0,0
tommasocarraro,2023-04-05,,italy,40815422,0,0,0,0,0,0,0,1,0
tommasocarraro,2023-04-06,,italy,40815422,0,0,0,0,0,0,0,0,1
tongtwist,2023-03-28,,france,,0,0,0,0,0,0,0,0,0
tongtwist,2023-03-29,,france,,0,0,0,0,0,0,0,0,0
tongtwist,2023-03-30,,france,,0,0,0,0,0,0,0,0,0
tongtwist,2023-03-31,,france,,0,0,0,0,0,0,0,0,0
tongtwist,2023-04-03,,france,,0,0,0,0,0,0,0,0,0
tongtwist,2023-04-04,,france,,0,0,0,0,0,0,0,0,0
tongtwist,2023-04-05,98161379,france,,1,0,0,0,0,0,0,0,0
tongtwist,2023-04-06,,france,,0,0,0,0,0,0,0,0,0
tonton-pixel,2023-03-28,97117389,france,,1,0,0,0,0,0,0,0,0
tonton-pixel,2023-03-29,97276161,france,,1,0,0,0,0,0,0,0,0
tonton-pixel,2023-03-30,97503669,france,,1,0,0,0,0,0,0,0,0
tonton-pixel,2023-03-31,,france,,0,0,0,0,0,0,0,0,0
tonton-pixel,2023-04-03,97876598,france,,1,0,0,0,0,0,0,0,0
tonton-pixel,2023-04-04,,france,,0,0,0,0,0,0,0,0,0
tonton-pixel,2023-04-05,,france,,0,0,0,0,0,0,0,0,0
tonton-pixel,2023-04-06,,france,,0,0,0,0,0,0,0,0,0
toomone,2023-03-28,,france,,0,0,0,0,0,0,0,0,0
toomone,2023-03-29,,france,,0,0,0,0,0,0,0,0,0
toomone,2023-03-30,,france,,0,0,0,0,0,0,0,0,0
toomone,2023-03-31,97649448,france,,1,0,0,0,0,0,0,0,0
toomone,2023-04-03,,france,,0,0,0,0,0,0,0,0,0
toomone,2023-04-04,,france,,0,0,0,0,0,0,0,0,0
toomone,2023-04-05,,france,,0,0,0,0,0,0,0,0,0
toomone,2023-04-06,,france,,0,0,0,0,0,0,0,0,0
torchiaf,2023-03-28,,italy,9343010,0,1,0,0,0,0,0,0,0
torchiaf,2023-03-29,,italy,9343010,0,0,1,0,0,0,0,0,0
torchiaf,2023-03-30,,italy,9343010,0,0,0,1,0,0,0,0,0
torchiaf,2023-03-31,,italy,9343010,0,0,0,0,1,0,0,0,0
torchiaf,2023-04-03,,italy,9343010,0,0,0,0,0,1,0,0,0
torchiaf,2023-04-04,,italy,9343010,0,0,0,0,0,0,1,0,0
torchiaf,2023-04-05,98205280,italy,9343010,1,0,0,0,0,0,0,1,0
torchiaf,2023-04-06,,italy,9343010,0,0,0,0,0,0,0,0,1
totogaming3,2023-03-28,,france,,0,0,0,0,0,0,0,0,0
totogaming3,2023-03-29,,france,,0,0,0,0,0,0,0,0,0
totogaming3,2023-03-30,,france,,0,0,0,0,0,0,0,0,0
totogaming3,2023-03-31,,france,,0,0,0,0,0,0,0,0,0
totogaming3,2023-04-03,,france,,0,0,0,0,0,0,0,0,0
totogaming3,2023-04-04,,france,,0,0,0,0,0,0,0,0,0
totogaming3,2023-04-05,,france,,0,0,0,0,0,0,0,0,0
totogaming3,2023-04-06,98420954,france,,1,0,0,0,0,0,0,0,0
tpayen,2023-03-28,97167233,france,10559275,1,0,0,0,0,0,0,0,0
tpayen,2023-03-29,97316721,france,10559275,1,0,0,0,0,0,0,0,0
tpayen,2023-03-30,,france,10559275,0,0,0,0,0,0,0,0,0
tpayen,2023-03-31,,france,10559275,0,0,0,0,0,0,0,0,0
tpayen,2023-04-03,,france,10559275,0,0,0,0,0,0,0,0,0
tpayen,2023-04-04,98001260,france,10559275,1,0,0,0,0,0,0,0,0
tpayen,2023-04-05,98192343,france,10559275,1,0,0,0,0,0,0,0,0
tpayen,2023-04-06,98336947,france,10559275,1,0,0,0,0,0,0,0,0
tprrt,2023-03-28,,france,14154771,0,0,0,0,0,0,0,0,0
tprrt,2023-03-29,,france,14154771,0,0,0,0,0,0,0,0,0
tprrt,2023-03-30,,france,14154771,0,0,0,0,0,0,0,0,0
tprrt,2023-03-31,,france,14154771,0,0,0,0,0,0,0,0,0
tprrt,2023-04-03,,france,14154771,0,0,0,0,0,0,0,0,0
tprrt,2023-04-04,,france,14154771,0,0,0,0,0,0,0,0,0
tprrt,2023-04-05,97169909,france,14154771,1,0,0,0,0,0,0,0,0
tprrt,2023-04-06,,france,14154771,0,0,0,0,0,0,0,0,0
traversaro,2023-03-28,,italy,1587191,0,1,0,0,0,0,0,0,0
traversaro,2023-03-29,,italy,1587191,0,0,1,0,0,0,0,0,0
traversaro,2023-03-30,,italy,1587191,0,0,0,1,0,0,0,0,0
traversaro,2023-03-31,97635338,italy,1587191,1,0,0,0,1,0,0,0,0
traversaro,2023-04-03,,italy,1587191,0,0,0,0,0,1,0,0,0
traversaro,2023-04-04,,italy,1587191,0,0,0,0,0,0,1,0,0
traversaro,2023-04-05,,italy,1587191,0,0,0,0,0,0,0,1,0
traversaro,2023-04-06,98435015,italy,1587191,1,0,0,0,0,0,0,0,1
ttntm,2023-03-28,,austria,,0,0,0,0,0,0,0,0,0
ttntm,2023-03-29,,austria,,0,0,0,0,0,0,0,0,0
ttntm,2023-03-30,,austria,,0,0,0,0,0,0,0,0,0
ttntm,2023-03-31,,austria,,0,0,0,0,0,0,0,0,0
ttntm,2023-04-03,,austria,,0,0,0,0,0,0,0,0,0
ttntm,2023-04-04,,austria,,0,0,0,0,0,0,0,0,0
ttntm,2023-04-05,98163244,austria,,1,0,0,0,0,0,0,0,0
ttntm,2023-04-06,,austria,,0,0,0,0,0,0,0,0,0
tzhf,2023-03-28,,france,,0,0,0,0,0,0,0,0,0
tzhf,2023-03-29,,france,,0,0,0,0,0,0,0,0,0
tzhf,2023-03-30,,france,,0,0,0,0,0,0,0,0,0
tzhf,2023-03-31,97570968,france,,1,0,0,0,0,0,0,0,0
tzhf,2023-04-03,,france,,0,0,0,0,0,0,0,0,0
tzhf,2023-04-04,,france,,0,0,0,0,0,0,0,0,0
tzhf,2023-04-05,,france,,0,0,0,0,0,0,0,0,0
tzhf,2023-04-06,,france,,0,0,0,0,0,0,0,0,0
uatisdeproblem,2023-03-28,,italy,87067258,0,1,0,0,0,0,0,0,0
uatisdeproblem,2023-03-29,,italy,87067258,0,0,1,0,0,0,0,0,0
uatisdeproblem,2023-03-30,,italy,87067258,0,0,0,1,0,0,0,0,0
uatisdeproblem,2023-03-31,97632885,italy,87067258,1,0,0,0,1,0,0,0,0
uatisdeproblem,2023-04-03,,italy,87067258,0,0,0,0,0,1,0,0,0
uatisdeproblem,2023-04-04,,italy,87067258,0,0,0,0,0,0,1,0,0
uatisdeproblem,2023-04-05,,italy,87067258,0,0,0,0,0,0,0,1,0
uatisdeproblem,2023-04-06,,italy,87067258,0,0,0,0,0,0,0,0,1
ugomeguerditchian,2023-03-28,,france,,0,0,0,0,0,0,0,0,0
ugomeguerditchian,2023-03-29,,france,,0,0,0,0,0,0,0,0,0
ugomeguerditchian,2023-03-30,,france,,0,0,0,0,0,0,0,0,0
ugomeguerditchian,2023-03-31,,france,,0,0,0,0,0,0,0,0,0
ugomeguerditchian,2023-04-03,97916260,france,,1,0,0,0,0,0,0,0,0
ugomeguerditchian,2023-04-04,,france,,0,0,0,0,0,0,0,0,0
ugomeguerditchian,2023-04-05,,france,,0,0,0,0,0,0,0,0,0
ugomeguerditchian,2023-04-06,,france,,0,0,0,0,0,0,0,0,0
uicms,2023-03-28,,france,,0,0,0,0,0,0,0,0,0
uicms,2023-03-29,,france,,0,0,0,0,0,0,0,0,0
uicms,2023-03-30,,france,,0,0,0,0,0,0,0,0,0
uicms,2023-03-31,,france,,0,0,0,0,0,0,0,0,0
uicms,2023-04-03,,france,,0,0,0,0,0,0,0,0,0
uicms,2023-04-04,,france,,0,0,0,0,0,0,0,0,0
uicms,2023-04-05,98226039,france,,1,0,0,0,0,0,0,0,0
uicms,2023-04-06,98461368,france,,1,0,0,0,0,0,0,0,0
un-pogaz,2023-03-28,,france,,0,0,0,0,0,0,0,0,0
un-pogaz,2023-03-29,97341480,france,,1,0,0,0,0,0,0,0,0
un-pogaz,2023-03-30,,france,,0,0,0,0,0,0,0,0,0
un-pogaz,2023-03-31,,france,,0,0,0,0,0,0,0,0,0
un-pogaz,2023-04-03,,france,,0,0,0,0,0,0,0,0,0
un-pogaz,2023-04-04,,france,,0,0,0,0,0,0,0,0,0
un-pogaz,2023-04-05,98195822,france,,1,0,0,0,0,0,0,0,0
un-pogaz,2023-04-06,,france,,0,0,0,0,0,0,0,0,0
undefinedfr,2023-03-28,97243241,france,,1,0,0,0,0,0,0,0,0
undefinedfr,2023-03-29,,france,,0,0,0,0,0,0,0,0,0
undefinedfr,2023-03-30,,france,,0,0,0,0,0,0,0,0,0
undefinedfr,2023-03-31,,france,,0,0,0,0,0,0,0,0,0
undefinedfr,2023-04-03,,france,,0,0,0,0,0,0,0,0,0
undefinedfr,2023-04-04,,france,,0,0,0,0,0,0,0,0,0
undefinedfr,2023-04-05,,france,,0,0,0,0,0,0,0,0,0
undefinedfr,2023-04-06,,france,,0,0,0,0,0,0,0,0,0
underbek,2023-03-28,,france,,0,0,0,0,0,0,0,0,0
underbek,2023-03-29,97337653,france,,1,0,0,0,0,0,0,0,0
underbek,2023-03-30,,france,,0,0,0,0,0,0,0,0,0
underbek,2023-03-31,,france,,0,0,0,0,0,0,0,0,0
underbek,2023-04-03,97832952,france,,1,0,0,0,0,0,0,0,0
underbek,2023-04-04,,france,,0,0,0,0,0,0,0,0,0
underbek,2023-04-05,,france,,0,0,0,0,0,0,0,0,0
underbek,2023-04-06,,france,,0,0,0,0,0,0,0,0,0
valeriano-manassero,2023-03-28,,italy,38647316,0,1,0,0,0,0,0,0,0
valeriano-manassero,2023-03-29,,italy,38647316,0,0,1,0,0,0,0,0,0
valeriano-manassero,2023-03-30,97545445,italy,38647316,1,0,0,1,0,0,0,0,0
valeriano-manassero,2023-03-31,,italy,38647316,0,0,0,0,1,0,0,0,0
valeriano-manassero,2023-04-03,,italy,38647316,0,0,0,0,0,1,0,0,0
valeriano-manassero,2023-04-04,97986861,italy,38647316,1,0,0,0,0,0,1,0,0
valeriano-manassero,2023-04-05,,italy,38647316,0,0,0,0,0,0,0,1,0
valeriano-manassero,2023-04-06,,italy,38647316,0,0,0,0,0,0,0,0,1
valfur03,2023-03-28,,france,116308226,0,0,0,0,0,0,0,0,0
valfur03,2023-03-29,,france,116308226,0,0,0,0,0,0,0,0,0
valfur03,2023-03-30,97521418,france,116308226,1,0,0,0,0,0,0,0,0
valfur03,2023-03-31,,france,116308226,0,0,0,0,0,0,0,0,0
valfur03,2023-04-03,,france,116308226,0,0,0,0,0,0,0,0,0
valfur03,2023-04-04,,france,116308226,0,0,0,0,0,0,0,0,0
valfur03,2023-04-05,,france,116308226,0,0,0,0,0,0,0,0,0
valfur03,2023-04-06,,france,116308226,0,0,0,0,0,0,0,0,0
vbouchet31,2023-03-28,,france,514789,0,0,0,0,0,0,0,0,0
vbouchet31,2023-03-29,97283328,france,514789,1,0,0,0,0,0,0,0,0
vbouchet31,2023-03-30,,france,514789,0,0,0,0,0,0,0,0,0
vbouchet31,2023-03-31,,france,514789,0,0,0,0,0,0,0,0,0
vbouchet31,2023-04-03,,france,514789,0,0,0,0,0,0,0,0,0
vbouchet31,2023-04-04,,france,514789,0,0,0,0,0,0,0,0,0
vbouchet31,2023-04-05,,france,514789,0,0,0,0,0,0,0,0,0
vbouchet31,2023-04-06,,france,514789,0,0,0,0,0,0,0,0,0
vcarluer,2023-03-28,97156894,france,9283409,1,0,0,0,0,0,0,0,0
vcarluer,2023-03-29,,france,9283409,0,0,0,0,0,0,0,0,0
vcarluer,2023-03-30,,france,9283409,0,0,0,0,0,0,0,0,0
vcarluer,2023-03-31,,france,9283409,0,0,0,0,0,0,0,0,0
vcarluer,2023-04-03,,france,9283409,0,0,0,0,0,0,0,0,0
vcarluer,2023-04-04,,france,9283409,0,0,0,0,0,0,0,0,0
vcarluer,2023-04-05,,france,9283409,0,0,0,0,0,0,0,0,0
vcarluer,2023-04-06,,france,9283409,0,0,0,0,0,0,0,0,0
veeso,2023-03-28,,italy,,0,1,0,0,0,0,0,0,0
veeso,2023-03-29,,italy,,0,0,1,0,0,0,0,0,0
veeso,2023-03-30,,italy,,0,0,0,1,0,0,0,0,0
veeso,2023-03-31,,italy,,0,0,0,0,1,0,0,0,0
veeso,2023-04-03,97810220,italy,,1,0,0,0,0,1,0,0,0
veeso,2023-04-04,,italy,,0,0,0,0,0,0,1,0,0
veeso,2023-04-05,,italy,,0,0,0,0,0,0,0,1,0
veeso,2023-04-06,,italy,,0,0,0,0,0,0,0,0,1
victorduclos,2023-03-28,,france,73768334,0,0,0,0,0,0,0,0,0
victorduclos,2023-03-29,,france,73768334,0,0,0,0,0,0,0,0,0
victorduclos,2023-03-30,,france,73768334,0,0,0,0,0,0,0,0,0
victorduclos,2023-03-31,,france,73768334,0,0,0,0,0,0,0,0,0
victorduclos,2023-04-03,97864990,france,73768334,1,0,0,0,0,0,0,0,0
victorduclos,2023-04-04,,france,73768334,0,0,0,0,0,0,0,0,0
victorduclos,2023-04-05,,france,73768334,0,0,0,0,0,0,0,0,0
victorduclos,2023-04-06,,france,73768334,0,0,0,0,0,0,0,0,0
victorleduc,2023-03-28,,france,,0,0,0,0,0,0,0,0,0
victorleduc,2023-03-29,,france,,0,0,0,0,0,0,0,0,0
victorleduc,2023-03-30,,france,,0,0,0,0,0,0,0,0,0
victorleduc,2023-03-31,,france,,0,0,0,0,0,0,0,0,0
victorleduc,2023-04-03,,france,,0,0,0,0,0,0,0,0,0
victorleduc,2023-04-04,,france,,0,0,0,0,0,0,0,0,0
victorleduc,2023-04-05,98268055,france,,1,0,0,0,0,0,0,0,0
victorleduc,2023-04-06,,france,,0,0,0,0,0,0,0,0,0
vidalvasconcelos,2023-03-28,,france,,0,0,0,0,0,0,0,0,0
vidalvasconcelos,2023-03-29,,france,,0,0,0,0,0,0,0,0,0
vidalvasconcelos,2023-03-30,,france,,0,0,0,0,0,0,0,0,0
vidalvasconcelos,2023-03-31,,france,,0,0,0,0,0,0,0,0,0
vidalvasconcelos,2023-04-03,,france,,0,0,0,0,0,0,0,0,0
vidalvasconcelos,2023-04-04,,france,,0,0,0,0,0,0,0,0,0
vidalvasconcelos,2023-04-05,,france,,0,0,0,0,0,0,0,0,0
vidalvasconcelos,2023-04-06,98342373,france,,1,0,0,0,0,0,0,0,0
vigji,2023-03-28,,italy,25010485,0,1,0,0,0,0,0,0,0
vigji,2023-03-29,97400647,italy,25010485,1,0,1,0,0,0,0,0,0
vigji,2023-03-30,,italy,25010485,0,0,0,1,0,0,0,0,0
vigji,2023-03-31,,italy,25010485,0,0,0,0,1,0,0,0,0
vigji,2023-04-03,,italy,25010485,0,0,0,0,0,1,0,0,0
vigji,2023-04-04,,italy,25010485,0,0,0,0,0,0,1,0,0
vigji,2023-04-05,,italy,25010485,0,0,0,0,0,0,0,1,0
vigji,2023-04-06,,italy,25010485,0,0,0,0,0,0,0,0,1
vince-exe,2023-03-28,,italy,,0,1,0,0,0,0,0,0,0
vince-exe,2023-03-29,,italy,,0,0,1,0,0,0,0,0,0
vince-exe,2023-03-30,97565639,italy,,1,0,0,1,0,0,0,0,0
vince-exe,2023-03-31,,italy,,0,0,0,0,1,0,0,0,0
vince-exe,2023-04-03,,italy,,0,0,0,0,0,1,0,0,0
vince-exe,2023-04-04,,italy,,0,0,0,0,0,0,1,0,0
vince-exe,2023-04-05,,italy,,0,0,0,0,0,0,0,1,0
vince-exe,2023-04-06,,italy,,0,0,0,0,0,0,0,0,1
vince62s,2023-03-28,97140414,france,23035727,1,0,0,0,0,0,0,0,0
vince62s,2023-03-29,,france,23035727,0,0,0,0,0,0,0,0,0
vince62s,2023-03-30,97513684,france,23035727,1,0,0,0,0,0,0,0,0
vince62s,2023-03-31,,france,23035727,0,0,0,0,0,0,0,0,0
vince62s,2023-04-03,,france,23035727,0,0,0,0,0,0,0,0,0
vince62s,2023-04-04,,france,23035727,0,0,0,0,0,0,0,0,0
vince62s,2023-04-05,,france,23035727,0,0,0,0,0,0,0,0,0
vince62s,2023-04-06,,france,23035727,0,0,0,0,0,0,0,0,0
vincentchalamon,2023-03-28,,france,1161198,0,0,0,0,0,0,0,0,0
vincentchalamon,2023-03-29,97296497,france,1161198,1,0,0,0,0,0,0,0,0
vincentchalamon,2023-03-30,,france,1161198,0,0,0,0,0,0,0,0,0
vincentchalamon,2023-03-31,,france,1161198,0,0,0,0,0,0,0,0,0
vincentchalamon,2023-04-03,,france,1161198,0,0,0,0,0,0,0,0,0
vincentchalamon,2023-04-04,,france,1161198,0,0,0,0,0,0,0,0,0
vincentchalamon,2023-04-05,,france,1161198,0,0,0,0,0,0,0,0,0
vincentchalamon,2023-04-06,,france,1161198,0,0,0,0,0,0,0,0,0
vincenzopalazzo,2023-03-28,,italy,67849355,0,1,0,0,0,0,0,0,0
vincenzopalazzo,2023-03-29,97354389,italy,67849355,1,0,1,0,0,0,0,0,0
vincenzopalazzo,2023-03-30,,italy,67849355,0,0,0,1,0,0,0,0,0
vincenzopalazzo,2023-03-31,97619518,italy,85163546,1,0,0,0,1,0,0,0,0
vincenzopalazzo,2023-04-03,,italy,67849355,0,0,0,0,0,1,0,0,0
vincenzopalazzo,2023-04-04,98029174,italy,103357103,1,0,0,0,0,0,1,0,0
vincenzopalazzo,2023-04-05,,italy,67849355,0,0,0,0,0,0,0,1,0
vincenzopalazzo,2023-04-06,,italy,67849355,0,0,0,0,0,0,0,0,1
vsasyan-ignf,2023-03-28,,france,104556727,0,0,0,0,0,0,0,0,0
vsasyan-ignf,2023-03-29,,france,104556727,0,0,0,0,0,0,0,0,0
vsasyan-ignf,2023-03-30,,france,104556727,0,0,0,0,0,0,0,0,0
vsasyan-ignf,2023-03-31,97625634,france,104556727,1,0,0,0,0,0,0,0,0
vsasyan-ignf,2023-04-03,,france,104556727,0,0,0,0,0,0,0,0,0
vsasyan-ignf,2023-04-04,,france,104556727,0,0,0,0,0,0,0,0,0
vsasyan-ignf,2023-04-05,,france,104556727,0,0,0,0,0,0,0,0,0
vsasyan-ignf,2023-04-06,,france,104556727,0,0,0,0,0,0,0,0,0
vtavernier,2023-03-28,,france,,0,0,0,0,0,0,0,0,0
vtavernier,2023-03-29,,france,,0,0,0,0,0,0,0,0,0
vtavernier,2023-03-30,,france,,0,0,0,0,0,0,0,0,0
vtavernier,2023-03-31,,france,,0,0,0,0,0,0,0,0,0
vtavernier,2023-04-03,97880725,france,,1,0,0,0,0,0,0,0,0
vtavernier,2023-04-04,98072731,france,,1,0,0,0,0,0,0,0,0
vtavernier,2023-04-05,,france,,0,0,0,0,0,0,0,0,0
vtavernier,2023-04-06,,france,,0,0,0,0,0,0,0,0,0
vtintillier,2023-03-28,,france,,0,0,0,0,0,0,0,0,0
vtintillier,2023-03-29,,france,,0,0,0,0,0,0,0,0,0
vtintillier,2023-03-30,,france,,0,0,0,0,0,0,0,0,0
vtintillier,2023-03-31,,france,,0,0,0,0,0,0,0,0,0
vtintillier,2023-04-03,,france,,0,0,0,0,0,0,0,0,0
vtintillier,2023-04-04,,france,,0,0,0,0,0,0,0,0,0
vtintillier,2023-04-05,,france,,0,0,0,0,0,0,0,0,0
vtintillier,2023-04-06,98371553,france,,1,0,0,0,0,0,0,0,0
vtourraine,2023-03-28,,france,,0,0,0,0,0,0,0,0,0
vtourraine,2023-03-29,,france,,0,0,0,0,0,0,0,0,0
vtourraine,2023-03-30,,france,,0,0,0,0,0,0,0,0,0
vtourraine,2023-03-31,,france,,0,0,0,0,0,0,0,0,0
vtourraine,2023-04-03,,france,,0,0,0,0,0,0,0,0,0
vtourraine,2023-04-04,98053007,france,,1,0,0,0,0,0,0,0,0
vtourraine,2023-04-05,,france,,0,0,0,0,0,0,0,0,0
vtourraine,2023-04-06,98309930,france,,1,0,0,0,0,0,0,0,0
vuillaut,2023-03-28,,france,,0,0,0,0,0,0,0,0,0
vuillaut,2023-03-29,97363281,france,,1,0,0,0,0,0,0,0,0
vuillaut,2023-03-30,97528561,france,,1,0,0,0,0,0,0,0,0
vuillaut,2023-03-31,,france,,0,0,0,0,0,0,0,0,0
vuillaut,2023-04-03,,france,,0,0,0,0,0,0,0,0,0
vuillaut,2023-04-04,,france,,0,0,0,0,0,0,0,0,0
vuillaut,2023-04-05,,france,,0,0,0,0,0,0,0,0,0
vuillaut,2023-04-06,,france,,0,0,0,0,0,0,0,0,0
vxav,2023-03-28,,france,,0,0,0,0,0,0,0,0,0
vxav,2023-03-29,,france,,0,0,0,0,0,0,0,0,0
vxav,2023-03-30,,france,,0,0,0,0,0,0,0,0,0
vxav,2023-03-31,,france,,0,0,0,0,0,0,0,0,0
vxav,2023-04-03,97805923,france,,1,0,0,0,0,0,0,0,0
vxav,2023-04-04,,france,,0,0,0,0,0,0,0,0,0
vxav,2023-04-05,,france,,0,0,0,0,0,0,0,0,0
vxav,2023-04-06,,france,,0,0,0,0,0,0,0,0,0
vzwingma,2023-03-28,,france,,0,0,0,0,0,0,0,0,0
vzwingma,2023-03-29,,france,,0,0,0,0,0,0,0,0,0
vzwingma,2023-03-30,,france,,0,0,0,0,0,0,0,0,0
vzwingma,2023-03-31,,france,,0,0,0,0,0,0,0,0,0
vzwingma,2023-04-03,97842833,france,,1,0,0,0,0,0,0,0,0
vzwingma,2023-04-04,,france,,0,0,0,0,0,0,0,0,0
vzwingma,2023-04-05,,france,,0,0,0,0,0,0,0,0,0
vzwingma,2023-04-06,,france,,0,0,0,0,0,0,0,0,0
wakemebot,2023-03-28,,france,43346262,0,0,0,0,0,0,0,0,0
wakemebot,2023-03-29,,france,43346262,0,0,0,0,0,0,0,0,0
wakemebot,2023-03-30,,france,43346262,0,0,0,0,0,0,0,0,0
wakemebot,2023-03-31,,france,43346262,0,0,0,0,0,0,0,0,0
wakemebot,2023-04-03,,france,43346262,0,0,0,0,0,0,0,0,0
wakemebot,2023-04-04,,france,43346262,0,0,0,0,0,0,0,0,0
wakemebot,2023-04-05,98201938,france,43346262,1,0,0,0,0,0,0,0,0
wakemebot,2023-04-06,,france,43346262,0,0,0,0,0,0,0,0,0
wangjiejacques,2023-03-28,,france,1754602,0,0,0,0,0,0,0,0,0
wangjiejacques,2023-03-29,,france,1754602,0,0,0,0,0,0,0,0,0
wangjiejacques,2023-03-30,,france,1754602,0,0,0,0,0,0,0,0,0
wangjiejacques,2023-03-31,,france,1754602,0,0,0,0,0,0,0,0,0
wangjiejacques,2023-04-03,,france,1754602,0,0,0,0,0,0,0,0,0
wangjiejacques,2023-04-04,,france,1754602,0,0,0,0,0,0,0,0,0
wangjiejacques,2023-04-05,,france,1754602,0,0,0,0,0,0,0,0,0
wangjiejacques,2023-04-06,98338696,france,1754602,1,0,0,0,0,0,0,0,0
warquys,2023-03-28,,france,85193995,0,0,0,0,0,0,0,0,0
warquys,2023-03-29,,france,85193995,0,0,0,0,0,0,0,0,0
warquys,2023-03-30,,france,85193995,0,0,0,0,0,0,0,0,0
warquys,2023-03-31,,france,85193995,0,0,0,0,0,0,0,0,0
warquys,2023-04-03,,france,85193995,0,0,0,0,0,0,0,0,0
warquys,2023-04-04,,france,85193995,0,0,0,0,0,0,0,0,0
warquys,2023-04-05,,france,85193995,0,0,0,0,0,0,0,0,0
warquys,2023-04-06,98378737,france,85193995,1,0,0,0,0,0,0,0,0
wearemetabolism,2023-03-28,,france,,0,0,0,0,0,0,0,0,0
wearemetabolism,2023-03-29,,france,,0,0,0,0,0,0,0,0,0
wearemetabolism,2023-03-30,,france,,0,0,0,0,0,0,0,0,0
wearemetabolism,2023-03-31,,france,,0,0,0,0,0,0,0,0,0
wearemetabolism,2023-04-03,,france,,0,0,0,0,0,0,0,0,0
wearemetabolism,2023-04-04,,france,,0,0,0,0,0,0,0,0,0
wearemetabolism,2023-04-05,98162667,france,,1,0,0,0,0,0,0,0,0
wearemetabolism,2023-04-06,,france,,0,0,0,0,0,0,0,0,0
webchills,2023-03-28,,austria,18315119,0,0,0,0,0,0,0,0,0
webchills,2023-03-29,,austria,18315119,0,0,0,0,0,0,0,0,0
webchills,2023-03-30,,austria,18315119,0,0,0,0,0,0,0,0,0
webchills,2023-03-31,,austria,18315119,0,0,0,0,0,0,0,0,0
webchills,2023-04-03,,austria,18315119,0,0,0,0,0,0,0,0,0
webchills,2023-04-04,,austria,18315119,0,0,0,0,0,0,0,0,0
webchills,2023-04-05,98229213,austria,18315119,1,0,0,0,0,0,0,0,0
webchills,2023-04-06,,austria,18315119,0,0,0,0,0,0,0,0,0
webeweb,2023-03-28,97192725,france,,1,0,0,0,0,0,0,0,0
webeweb,2023-03-29,97281917,france,,1,0,0,0,0,0,0,0,0
webeweb,2023-03-30,97453257,france,,1,0,0,0,0,0,0,0,0
webeweb,2023-03-31,,france,,0,0,0,0,0,0,0,0,0
webeweb,2023-04-03,,france,,0,0,0,0,0,0,0,0,0
webeweb,2023-04-04,,france,,0,0,0,0,0,0,0,0,0
webeweb,2023-04-05,98217119,france,,1,0,0,0,0,0,0,0,0
webeweb,2023-04-06,98342500,france,,1,0,0,0,0,0,0,0,0
wekouri,2023-03-28,,italy,119043247,0,1,0,0,0,0,0,0,0
wekouri,2023-03-29,,italy,119043247,0,0,1,0,0,0,0,0,0
wekouri,2023-03-30,,italy,119043247,0,0,0,1,0,0,0,0,0
wekouri,2023-03-31,97636482,italy,119043247,1,0,0,0,1,0,0,0,0
wekouri,2023-04-03,97821036,italy,119043247,1,0,0,0,0,1,0,0,0
wekouri,2023-04-04,,italy,119043247,0,0,0,0,0,0,1,0,0
wekouri,2023-04-05,,italy,119043247,0,0,0,0,0,0,0,1,0
wekouri,2023-04-06,,italy,119043247,0,0,0,0,0,0,0,0,1
willdurand,2023-03-28,,france,131524,0,0,0,0,0,0,0,0,0
willdurand,2023-03-29,97289257,france,131524,1,0,0,0,0,0,0,0,0
willdurand,2023-03-30,,france,131524,0,0,0,0,0,0,0,0,0
willdurand,2023-03-31,,france,131524,0,0,0,0,0,0,0,0,0
willdurand,2023-04-03,,france,131524,0,0,0,0,0,0,0,0,0
willdurand,2023-04-04,,france,131524,0,0,0,0,0,0,0,0,0
willdurand,2023-04-05,,france,131524,0,0,0,0,0,0,0,0,0
willdurand,2023-04-06,,france,131524,0,0,0,0,0,0,0,0,0
willybrauner,2023-03-28,,france,,0,0,0,0,0,0,0,0,0
willybrauner,2023-03-29,,france,,0,0,0,0,0,0,0,0,0
willybrauner,2023-03-30,,france,,0,0,0,0,0,0,0,0,0
willybrauner,2023-03-31,97680915,france,,1,0,0,0,0,0,0,0,0
willybrauner,2023-04-03,,france,,0,0,0,0,0,0,0,0,0
willybrauner,2023-04-04,,france,,0,0,0,0,0,0,0,0,0
willybrauner,2023-04-05,,france,,0,0,0,0,0,0,0,0,0
willybrauner,2023-04-06,,france,,0,0,0,0,0,0,0,0,0
windischb,2023-03-28,,austria,83159949,0,0,0,0,0,0,0,0,0
windischb,2023-03-29,,austria,83159949,0,0,0,0,0,0,0,0,0
windischb,2023-03-30,97534163,austria,83159949,1,0,0,0,0,0,0,0,0
windischb,2023-03-31,,austria,83159949,0,0,0,0,0,0,0,0,0
windischb,2023-04-03,,austria,83159949,0,0,0,0,0,0,0,0,0
windischb,2023-04-04,,austria,83159949,0,0,0,0,0,0,0,0,0
windischb,2023-04-05,,austria,83159949,0,0,0,0,0,0,0,0,0
windischb,2023-04-06,,austria,83159949,0,0,0,0,0,0,0,0,0
wolfgang-desalvador,2023-03-28,,italy,,0,1,0,0,0,0,0,0,0
wolfgang-desalvador,2023-03-29,,italy,,0,0,1,0,0,0,0,0,0
wolfgang-desalvador,2023-03-30,97559843,italy,,1,0,0,1,0,0,0,0,0
wolfgang-desalvador,2023-03-31,,italy,,0,0,0,0,1,0,0,0,0
wolfgang-desalvador,2023-04-03,,italy,,0,0,0,0,0,1,0,0,0
wolfgang-desalvador,2023-04-04,,italy,,0,0,0,0,0,0,1,0,0
wolfgang-desalvador,2023-04-05,,italy,,0,0,0,0,0,0,0,1,0
wolfgang-desalvador,2023-04-06,,italy,,0,0,0,0,0,0,0,0,1
wonder-image,2023-03-28,,italy,,0,1,0,0,0,0,0,0,0
wonder-image,2023-03-29,,italy,,0,0,1,0,0,0,0,0,0
wonder-image,2023-03-30,,italy,,0,0,0,1,0,0,0,0,0
wonder-image,2023-03-31,,italy,,0,0,0,0,1,0,0,0,0
wonder-image,2023-04-03,,italy,,0,0,0,0,0,1,0,0,0
wonder-image,2023-04-04,98097352,italy,,1,0,0,0,0,0,1,0,0
wonder-image,2023-04-05,,italy,,0,0,0,0,0,0,0,1,0
wonder-image,2023-04-06,,italy,,0,0,0,0,0,0,0,0,1
xavctn,2023-03-28,97242219,france,,1,0,0,0,0,0,0,0,0
xavctn,2023-03-29,,france,,0,0,0,0,0,0,0,0,0
xavctn,2023-03-30,,france,,0,0,0,0,0,0,0,0,0
xavctn,2023-03-31,,france,,0,0,0,0,0,0,0,0,0
xavctn,2023-04-03,,france,,0,0,0,0,0,0,0,0,0
xavctn,2023-04-04,,france,,0,0,0,0,0,0,0,0,0
xavctn,2023-04-05,98273127,france,,1,0,0,0,0,0,0,0,0
xavctn,2023-04-06,,france,,0,0,0,0,0,0,0,0,0
xavierfoucrier,2023-03-28,,france,9039853,0,0,0,0,0,0,0,0,0
xavierfoucrier,2023-03-29,,france,9039853,0,0,0,0,0,0,0,0,0
xavierfoucrier,2023-03-30,97500832,france,9039853,1,0,0,0,0,0,0,0,0
xavierfoucrier,2023-03-31,97700879,france,9039853,1,0,0,0,0,0,0,0,0
xavierfoucrier,2023-04-03,,france,9039853,0,0,0,0,0,0,0,0,0
xavierfoucrier,2023-04-04,,france,9039853,0,0,0,0,0,0,0,0,0
xavierfoucrier,2023-04-05,,france,9039853,0,0,0,0,0,0,0,0,0
xavierfoucrier,2023-04-06,,france,9039853,0,0,0,0,0,0,0,0,0
xavierlacot,2023-03-28,97209153,france,32635170,1,0,0,0,0,0,0,0,0
xavierlacot,2023-03-29,,france,32635170,0,0,0,0,0,0,0,0,0
xavierlacot,2023-03-30,,france,32635170,0,0,0,0,0,0,0,0,0
xavierlacot,2023-03-31,,france,32635170,0,0,0,0,0,0,0,0,0
xavierlacot,2023-04-03,,france,32635170,0,0,0,0,0,0,0,0,0
xavierlacot,2023-04-04,,france,32635170,0,0,0,0,0,0,0,0,0
xavierlacot,2023-04-05,,france,32635170,0,0,0,0,0,0,0,0,0
xavierlacot,2023-04-06,,france,32635170,0,0,0,0,0,0,0,0,0
xaviermarchegay,2023-03-28,,france,431216,0,0,0,0,0,0,0,0,0
xaviermarchegay,2023-03-29,,france,431216,0,0,0,0,0,0,0,0,0
xaviermarchegay,2023-03-30,97476267,france,431216,1,0,0,0,0,0,0,0,0
xaviermarchegay,2023-03-31,,france,431216,0,0,0,0,0,0,0,0,0
xaviermarchegay,2023-04-03,,france,431216,0,0,0,0,0,0,0,0,0
xaviermarchegay,2023-04-04,,france,431216,0,0,0,0,0,0,0,0,0
xaviermarchegay,2023-04-05,,france,431216,0,0,0,0,0,0,0,0,0
xaviermarchegay,2023-04-06,,france,431216,0,0,0,0,0,0,0,0,0
xgouchet,2023-03-28,,france,365230,0,0,0,0,0,0,0,0,0
xgouchet,2023-03-29,,france,365230,0,0,0,0,0,0,0,0,0
xgouchet,2023-03-30,,france,365230,0,0,0,0,0,0,0,0,0
xgouchet,2023-03-31,97601371,france,365230,1,0,0,0,0,0,0,0,0
xgouchet,2023-04-03,,france,365230,0,0,0,0,0,0,0,0,0
xgouchet,2023-04-04,,france,365230,0,0,0,0,0,0,0,0,0
xgouchet,2023-04-05,,france,365230,0,0,0,0,0,0,0,0,0
xgouchet,2023-04-06,,france,365230,0,0,0,0,0,0,0,0,0
xpouyat,2023-03-28,,france,6844498,0,0,0,0,0,0,0,0,0
xpouyat,2023-03-29,,france,6844498,0,0,0,0,0,0,0,0,0
xpouyat,2023-03-30,,france,6844498,0,0,0,0,0,0,0,0,0
xpouyat,2023-03-31,,france,6844498,0,0,0,0,0,0,0,0,0
xpouyat,2023-04-03,,france,6844498,0,0,0,0,0,0,0,0,0
xpouyat,2023-04-04,98040619,france,6844498,1,0,0,0,0,0,0,0,0
xpouyat,2023-04-05,,france,6844498,0,0,0,0,0,0,0,0,0
xpouyat,2023-04-06,,france,6844498,0,0,0,0,0,0,0,0,0
xtophe38,2023-03-28,,france,49485711,0,0,0,0,0,0,0,0,0
xtophe38,2023-03-29,,france,49485711,0,0,0,0,0,0,0,0,0
xtophe38,2023-03-30,,france,49485711,0,0,0,0,0,0,0,0,0
xtophe38,2023-03-31,,france,49485711,0,0,0,0,0,0,0,0,0
xtophe38,2023-04-03,97903287,france,49485711,1,0,0,0,0,0,0,0,0
xtophe38,2023-04-04,,france,49485711,0,0,0,0,0,0,0,0,0
xtophe38,2023-04-05,,france,49485711,0,0,0,0,0,0,0,0,0
xtophe38,2023-04-06,,france,49485711,0,0,0,0,0,0,0,0,0
xunleii,2023-03-28,,france,17847038,0,0,0,0,0,0,0,0,0
xunleii,2023-03-29,,france,17847038,0,0,0,0,0,0,0,0,0
xunleii,2023-03-30,97448892,france,17847038,1,0,0,0,0,0,0,0,0
xunleii,2023-03-31,,france,17847038,0,0,0,0,0,0,0,0,0
xunleii,2023-04-03,,france,17847038,0,0,0,0,0,0,0,0,0
xunleii,2023-04-04,,france,17847038,0,0,0,0,0,0,0,0,0
xunleii,2023-04-05,,france,17847038,0,0,0,0,0,0,0,0,0
xunleii,2023-04-06,,france,17847038,0,0,0,0,0,0,0,0,0
xxsimoxx,2023-03-28,,italy,,0,1,0,0,0,0,0,0,0
xxsimoxx,2023-03-29,97338422,italy,,1,0,1,0,0,0,0,0,0
xxsimoxx,2023-03-30,97448102,italy,,1,0,0,1,0,0,0,0,0
xxsimoxx,2023-03-31,,italy,,0,0,0,0,1,0,0,0,0
xxsimoxx,2023-04-03,,italy,,0,0,0,0,0,1,0,0,0
xxsimoxx,2023-04-04,,italy,,0,0,0,0,0,0,1,0,0
xxsimoxx,2023-04-05,,italy,,0,0,0,0,0,0,0,1,0
xxsimoxx,2023-04-06,98417528,italy,,1,0,0,0,0,0,0,0,1
yactouat,2023-03-28,,france,,0,0,0,0,0,0,0,0,0
yactouat,2023-03-29,97368467,france,,1,0,0,0,0,0,0,0,0
yactouat,2023-03-30,97515721,france,,1,0,0,0,0,0,0,0,0
yactouat,2023-03-31,,france,,0,0,0,0,0,0,0,0,0
yactouat,2023-04-03,97906527,france,,1,0,0,0,0,0,0,0,0
yactouat,2023-04-04,,france,,0,0,0,0,0,0,0,0,0
yactouat,2023-04-05,98241267,france,,1,0,0,0,0,0,0,0,0
yactouat,2023-04-06,,france,,0,0,0,0,0,0,0,0,0
yjugl,2023-03-28,,france,,0,0,0,0,0,0,0,0,0
yjugl,2023-03-29,97284934,france,,1,0,0,0,0,0,0,0,0
yjugl,2023-03-30,,france,,0,0,0,0,0,0,0,0,0
yjugl,2023-03-31,,france,,0,0,0,0,0,0,0,0,0
yjugl,2023-04-03,,france,,0,0,0,0,0,0,0,0,0
yjugl,2023-04-04,,france,,0,0,0,0,0,0,0,0,0
yjugl,2023-04-05,,france,,0,0,0,0,0,0,0,0,0
yjugl,2023-04-06,,france,,0,0,0,0,0,0,0,0,0
ynaessens,2023-03-28,,france,,0,0,0,0,0,0,0,0,0
ynaessens,2023-03-29,,france,,0,0,0,0,0,0,0,0,0
ynaessens,2023-03-30,,france,,0,0,0,0,0,0,0,0,0
ynaessens,2023-03-31,,france,,0,0,0,0,0,0,0,0,0
ynaessens,2023-04-03,97809212,france,,1,0,0,0,0,0,0,0,0
ynaessens,2023-04-04,,france,,0,0,0,0,0,0,0,0,0
ynaessens,2023-04-05,,france,,0,0,0,0,0,0,0,0,0
ynaessens,2023-04-06,,france,,0,0,0,0,0,0,0,0,0
younesaassila,2023-03-28,,france,,0,0,0,0,0,0,0,0,0
younesaassila,2023-03-29,,france,,0,0,0,0,0,0,0,0,0
younesaassila,2023-03-30,,france,,0,0,0,0,0,0,0,0,0
younesaassila,2023-03-31,,france,,0,0,0,0,0,0,0,0,0
younesaassila,2023-04-03,,france,,0,0,0,0,0,0,0,0,0
younesaassila,2023-04-04,,france,,0,0,0,0,0,0,0,0,0
younesaassila,2023-04-05,,france,,0,0,0,0,0,0,0,0,0
younesaassila,2023-04-06,98423603,france,,1,0,0,0,0,0,0,0,0
yphus,2023-03-28,,france,53057619,0,0,0,0,0,0,0,0,0
yphus,2023-03-29,97319379,france,53057619,1,0,0,0,0,0,0,0,0
yphus,2023-03-30,,france,53057619,0,0,0,0,0,0,0,0,0
yphus,2023-03-31,,france,53057619,0,0,0,0,0,0,0,0,0
yphus,2023-04-03,,france,53057619,0,0,0,0,0,0,0,0,0
yphus,2023-04-04,,france,53057619,0,0,0,0,0,0,0,0,0
yphus,2023-04-05,,france,53057619,0,0,0,0,0,0,0,0,0
yphus,2023-04-06,,france,53057619,0,0,0,0,0,0,0,0,0
ysbaddaden,2023-03-28,,france,1354872,0,0,0,0,0,0,0,0,0
ysbaddaden,2023-03-29,,france,1354872,0,0,0,0,0,0,0,0,0
ysbaddaden,2023-03-30,,france,1354872,0,0,0,0,0,0,0,0,0
ysbaddaden,2023-03-31,97686564,france,1354872,1,0,0,0,0,0,0,0,0
ysbaddaden,2023-04-03,,france,1354872,0,0,0,0,0,0,0,0,0
ysbaddaden,2023-04-04,,france,1354872,0,0,0,0,0,0,0,0,0
ysbaddaden,2023-04-05,,france,1354872,0,0,0,0,0,0,0,0,0
ysbaddaden,2023-04-06,,france,1354872,0,0,0,0,0,0,0,0,0
zAlwaysTheSun,2023-03-28,,france,,0,0,0,0,0,0,0,0,0
zAlwaysTheSun,2023-03-29,97340190,france,,1,0,0,0,0,0,0,0,0
zAlwaysTheSun,2023-03-30,,france,,0,0,0,0,0,0,0,0,0
zAlwaysTheSun,2023-03-31,,france,,0,0,0,0,0,0,0,0,0
zAlwaysTheSun,2023-04-03,,france,,0,0,0,0,0,0,0,0,0
zAlwaysTheSun,2023-04-04,,france,,0,0,0,0,0,0,0,0,0
zAlwaysTheSun,2023-04-05,,france,,0,0,0,0,0,0,0,0,0
zAlwaysTheSun,2023-04-06,,france,,0,0,0,0,0,0,0,0,0
zSavT,2023-03-28,,italy,,0,1,0,0,0,0,0,0,0
zSavT,2023-03-29,,italy,,0,0,1,0,0,0,0,0,0
zSavT,2023-03-30,,italy,,0,0,0,1,0,0,0,0,0
zSavT,2023-03-31,,italy,,0,0,0,0,1,0,0,0,0
zSavT,2023-04-03,,italy,,0,0,0,0,0,1,0,0,0
zSavT,2023-04-04,98023371,italy,,1,0,0,0,0,0,1,0,0
zSavT,2023-04-05,,italy,,0,0,0,0,0,0,0,1,0
zSavT,2023-04-06,,italy,,0,0,0,0,0,0,0,0,1
zack242,2023-03-28,97154132,france,,1,0,0,0,0,0,0,0,0
zack242,2023-03-29,,france,,0,0,0,0,0,0,0,0,0
zack242,2023-03-30,,france,,0,0,0,0,0,0,0,0,0
zack242,2023-03-31,,france,,0,0,0,0,0,0,0,0,0
zack242,2023-04-03,,france,,0,0,0,0,0,0,0,0,0
zack242,2023-04-04,,france,,0,0,0,0,0,0,0,0,0
zack242,2023-04-05,,france,,0,0,0,0,0,0,0,0,0
zack242,2023-04-06,,france,,0,0,0,0,0,0,0,0,0
zarelit,2023-03-28,,italy,,0,1,0,0,0,0,0,0,0
zarelit,2023-03-29,,italy,,0,0,1,0,0,0,0,0,0
zarelit,2023-03-30,,italy,,0,0,0,1,0,0,0,0,0
zarelit,2023-03-31,97649896,italy,,1,0,0,0,1,0,0,0,0
zarelit,2023-04-03,,italy,,0,0,0,0,0,1,0,0,0
zarelit,2023-04-04,,italy,,0,0,0,0,0,0,1,0,0
zarelit,2023-04-05,,italy,,0,0,0,0,0,0,0,1,0
zarelit,2023-04-06,,italy,,0,0,0,0,0,0,0,0,1
zatteo,2023-03-28,,france,7690525,0,0,0,0,0,0,0,0,0
zatteo,2023-03-29,,france,7690525,0,0,0,0,0,0,0,0,0
zatteo,2023-03-30,,france,7690525,0,0,0,0,0,0,0,0,0
zatteo,2023-03-31,,france,7690525,0,0,0,0,0,0,0,0,0
zatteo,2023-04-03,,france,7690525,0,0,0,0,0,0,0,0,0
zatteo,2023-04-04,97993102,france,7690525,1,0,0,0,0,0,0,0,0
zatteo,2023-04-05,,france,7690525,0,0,0,0,0,0,0,0,0
zatteo,2023-04-06,,france,7690525,0,0,0,0,0,0,0,0,0
zemoko,2023-03-28,,france,,0,0,0,0,0,0,0,0,0
zemoko,2023-03-29,,france,,0,0,0,0,0,0,0,0,0
zemoko,2023-03-30,97517558,france,,1,0,0,0,0,0,0,0,0
zemoko,2023-03-31,,france,,0,0,0,0,0,0,0,0,0
zemoko,2023-04-03,,france,,0,0,0,0,0,0,0,0,0
zemoko,2023-04-04,,france,,0,0,0,0,0,0,0,0,0
zemoko,2023-04-05,,france,,0,0,0,0,0,0,0,0,0
zemoko,2023-04-06,,france,,0,0,0,0,0,0,0,0,0
zepgram,2023-03-28,,france,,0,0,0,0,0,0,0,0,0
zepgram,2023-03-29,,france,,0,0,0,0,0,0,0,0,0
zepgram,2023-03-30,,france,,0,0,0,0,0,0,0,0,0
zepgram,2023-03-31,,france,,0,0,0,0,0,0,0,0,0
zepgram,2023-04-03,97816767,france,,1,0,0,0,0,0,0,0,0
zepgram,2023-04-04,,france,,0,0,0,0,0,0,0,0,0
zepgram,2023-04-05,,france,,0,0,0,0,0,0,0,0,0
zepgram,2023-04-06,,france,,0,0,0,0,0,0,0,0,0
zesinger,2023-03-28,,france,,0,0,0,0,0,0,0,0,0
zesinger,2023-03-29,,france,,0,0,0,0,0,0,0,0,0
zesinger,2023-03-30,97438362,france,,1,0,0,0,0,0,0,0,0
zesinger,2023-03-31,,france,,0,0,0,0,0,0,0,0,0
zesinger,2023-04-03,,france,,0,0,0,0,0,0,0,0,0
zesinger,2023-04-04,98067008,france,,1,0,0,0,0,0,0,0,0
zesinger,2023-04-05,98209800,france,,1,0,0,0,0,0,0,0,0
zesinger,2023-04-06,98437565,france,,1,0,0,0,0,0,0,0,0
zhanyinx,2023-03-28,,italy,,0,1,0,0,0,0,0,0,0
zhanyinx,2023-03-29,,italy,,0,0,1,0,0,0,0,0,0
zhanyinx,2023-03-30,,italy,,0,0,0,1,0,0,0,0,0
zhanyinx,2023-03-31,,italy,,0,0,0,0,1,0,0,0,0
zhanyinx,2023-04-03,,italy,,0,0,0,0,0,1,0,0,0
zhanyinx,2023-04-04,,italy,,0,0,0,0,0,0,1,0,0
zhanyinx,2023-04-05,,italy,,0,0,0,0,0,0,0,1,0
zhanyinx,2023-04-06,98445181,italy,,1,0,0,0,0,0,0,0,1
zibous,2023-03-28,,austria,,0,0,0,0,0,0,0,0,0
zibous,2023-03-29,,austria,,0,0,0,0,0,0,0,0,0
zibous,2023-03-30,,austria,,0,0,0,0,0,0,0,0,0
zibous,2023-03-31,,austria,,0,0,0,0,0,0,0,0,0
zibous,2023-04-03,,austria,,0,0,0,0,0,0,0,0,0
zibous,2023-04-04,,austria,,0,0,0,0,0,0,0,0,0
zibous,2023-04-05,,austria,,0,0,0,0,0,0,0,0,0
zibous,2023-04-06,98382426,austria,,1,0,0,0,0,0,0,0,0
ziomarco,2023-03-28,,italy,,0,1,0,0,0,0,0,0,0
ziomarco,2023-03-29,,italy,,0,0,1,0,0,0,0,0,0
ziomarco,2023-03-30,,italy,,0,0,0,1,0,0,0,0,0
ziomarco,2023-03-31,,italy,,0,0,0,0,1,0,0,0,0
ziomarco,2023-04-03,97912088,italy,,1,0,0,0,0,1,0,0,0
ziomarco,2023-04-04,98022965,italy,,1,0,0,0,0,0,1,0,0
ziomarco,2023-04-05,98246541,italy,,1,0,0,0,0,0,0,1,0
ziomarco,2023-04-06,,italy,,0,0,0,0,0,0,0,0,1
zozlak,2023-03-28,97132676,austria,14135705,1,0,0,0,0,0,0,0,0
zozlak,2023-03-29,97323042,austria,14135705,1,0,0,0,0,0,0,0,0
zozlak,2023-03-30,97474341,austria,14135705,1,0,0,0,0,0,0,0,0
zozlak,2023-03-31,,austria,14135705,0,0,0,0,0,0,0,0,0
zozlak,2023-04-03,,austria,14135705,0,0,0,0,0,0,0,0,0
zozlak,2023-04-04,98040392,austria,14135705,1,0,0,0,0,0,0,0,0
zozlak,2023-04-05,98196748,austria,14135705,1,0,0,0,0,0,0,0,0
zozlak,2023-04-06,,austria,14135705,0,0,0,0,0,0,0,0,0
