repo,country_commits,total_commits,country_ratio,repo_url
rust-lang/crates.io-index,287786,287802,0.9999444062237232,https://github.com/rust-lang/crates.io-index
NellixCo/nephio-edge1,19311,19311,1.0,https://github.com/NellixCo/nephio-edge1
NellixCo/nephio-edge2,17719,17719,1.0,https://github.com/NellixCo/nephio-edge2
NellixCo/nephio-region1,17634,17634,1.0,https://github.com/NellixCo/nephio-region1
Mirko-r/Mirko-r,16058,16399,0.9792060491493384,https://github.com/Mirko-r/Mirko-r
mia-platform/documentation,9198,10517,0.8745840068460587,https://github.com/mia-platform/documentation
DonRP/WitchHunter,9613,9613,1.0,https://github.com/DonRP/WitchHunter
maffo102/cgdata,7546,7546,1.0,https://github.com/maffo102/cgdata
Dopolavoro-Matematico/dopolavoro-matematico.github.io,7475,7475,1.0,https://github.com/Dopolavoro-Matematico/dopolavoro-matematico.github.io
pagopa/io-app,5374,7118,0.7549873559988761,https://github.com/pagopa/io-app
enrichman/enrichman.github.io,6734,6734,1.0,https://github.com/enrichman/enrichman.github.io
aangstrom/TB_Dev,5664,5664,1.0,https://github.com/aangstrom/TB_Dev
merkleID/torlist,5467,5467,1.0,https://github.com/merkleID/torlist
enbifa/Dati_Climatici,4873,4873,1.0,https://github.com/enbifa/Dati_Climatici
vito80ba/site-pagopa.gov.it,4271,4271,1.0,https://github.com/vito80ba/site-pagopa.gov.it
gem/oq-engine,3297,4258,0.7743071864725223,https://github.com/gem/oq-engine
fnzv/status,4110,4110,1.0,https://github.com/fnzv/status
Valerio-Cola/EthanStorage,3076,3076,1.0,https://github.com/Valerio-Cola/EthanStorage
openforis/sepal-doc,2541,2688,0.9453125,https://github.com/openforis/sepal-doc
DonRP/BigBrotherAS,2323,2323,1.0,https://github.com/DonRP/BigBrotherAS
crondaemon/wireshark,2305,2305,1.0,https://github.com/crondaemon/wireshark
italia/designers.italia.it,1830,2270,0.8061674008810573,https://github.com/italia/designers.italia.it
lies-exposed/lies.exposed,1611,1790,0.9,https://github.com/lies-exposed/lies.exposed
ggardin/uptime-monitor,1724,1724,1.0,https://github.com/ggardin/uptime-monitor
matecat/MateCat,1339,1590,0.8421383647798742,https://github.com/matecat/MateCat
sebastianomelita/ArduinoBareMetal,1589,1589,1.0,https://github.com/sebastianomelita/ArduinoBareMetal
pigreco/speedtest-parabola,1509,1509,1.0,https://github.com/pigreco/speedtest-parabola
DonRP/AFamilyVenture,1474,1474,1.0,https://github.com/DonRP/AFamilyVenture
universalbit-dev/gekko-m4,1442,1460,0.9876712328767124,https://github.com/universalbit-dev/gekko-m4
cagnulein/qdomyos-zwift,1430,1430,1.0,https://github.com/cagnulein/qdomyos-zwift
andrea-acampora/andrea-acampora,1387,1387,1.0,https://github.com/andrea-acampora/andrea-acampora
mbladel/hibernate-orm,1376,1382,0.9956584659913168,https://github.com/mbladel/hibernate-orm
jfet97/my-views-counter,1372,1372,1.0,https://github.com/jfet97/my-views-counter
somekindofwallflower/my-views-counter,1368,1368,1.0,https://github.com/somekindofwallflower/my-views-counter
cannavit/status-pages-monitoring,1366,1366,1.0,https://github.com/cannavit/status-pages-monitoring
mondrake/d8-unit,1365,1365,1.0,https://github.com/mondrake/d8-unit
bitpredator/empiretown,1304,1324,0.9848942598187312,https://github.com/bitpredator/empiretown
INGV/shakemap-input-eu,1305,1317,0.9908883826879272,https://github.com/INGV/shakemap-input-eu
CASPERg267/Uptime-page,1252,1252,1.0,https://github.com/CASPERg267/Uptime-page
pieroproietti/penguins-eggs,1208,1208,1.0,https://github.com/pieroproietti/penguins-eggs
m-i-n-a-r/birday,1201,1201,1.0,https://github.com/m-i-n-a-r/birday
cannavit/upptime,1183,1183,1.0,https://github.com/cannavit/upptime
gdassori/covid19_data,1168,1168,1.0,https://github.com/gdassori/covid19_data
TacoCompany/upptime,1159,1159,1.0,https://github.com/TacoCompany/upptime
Relism/ptero-status,1150,1150,1.0,https://github.com/Relism/ptero-status
mdallastella/fc-uptime,1146,1146,1.0,https://github.com/mdallastella/fc-uptime
LucaRosaldi/p1-uptime-robot,1142,1142,1.0,https://github.com/LucaRosaldi/p1-uptime-robot
MatteoGheza/status.matteogheza.it,1134,1134,1.0,https://github.com/MatteoGheza/status.matteogheza.it
Ansuel/openwrt,1106,1106,1.0,https://github.com/Ansuel/openwrt
pagopa/io-sign,827,1096,0.7545620437956204,https://github.com/pagopa/io-sign
matteobruni/tsparticles,867,1096,0.791058394160584,https://github.com/matteobruni/tsparticles
derogab/status,1056,1056,1.0,https://github.com/derogab/status
riccardoperra/codeimage,978,1037,0.9431051108968176,https://github.com/riccardoperra/codeimage
cheina97/liqo,966,1032,0.936046511627907,https://github.com/cheina97/liqo
ziglang/www.ziglang.org,811,1014,0.7998027613412229,https://github.com/ziglang/www.ziglang.org
gmazzini/log,1011,1011,1.0,https://github.com/gmazzini/log
danog/MadelineProto,951,1002,0.9491017964071856,https://github.com/danog/MadelineProto
jackdbd/uptime-monitors,993,993,1.0,https://github.com/jackdbd/uptime-monitors
gperon/mmyy_slackbuilds,984,984,1.0,https://github.com/gperon/mmyy_slackbuilds
Sergio0694/ComputeSharp,972,972,1.0,https://github.com/Sergio0694/ComputeSharp
sighupio/furyctl,872,944,0.923728813559322,https://github.com/sighupio/furyctl
OranBar/sc2-sensei,891,944,0.9438559322033898,https://github.com/OranBar/sc2-sensei
ivan-hc/AM-Application-Manager,944,944,1.0,https://github.com/ivan-hc/AM-Application-Manager
Loweredgames/Skyblock-Classic-Edition,928,928,1.0,https://github.com/Loweredgames/Skyblock-Classic-Edition
lspita/UniNotes,928,928,1.0,https://github.com/lspita/UniNotes
francosalvucci14/Appunti-II-anno,925,925,1.0,https://github.com/francosalvucci14/Appunti-II-anno
spotlessmind1975/ugbasic,922,922,1.0,https://github.com/spotlessmind1975/ugbasic
seeu-inspace/easyg,901,901,1.0,https://github.com/seeu-inspace/easyg
ooni/probe-cli,882,897,0.9832775919732442,https://github.com/ooni/probe-cli
filariow/primaza,885,890,0.99438202247191,https://github.com/filariow/primaza
buildwiththeta/buildwiththeta,780,888,0.8783783783783784,https://github.com/buildwiththeta/buildwiththeta
gremo/symfony-sail,837,884,0.9468325791855204,https://github.com/gremo/symfony-sail
albnavarro/mobbu,871,871,1.0,https://github.com/albnavarro/mobbu
enricotomasi/GeeksforGeeks_problems,871,871,1.0,https://github.com/enricotomasi/GeeksforGeeks_problems
alvr-org/ALVR,701,867,0.8085351787773933,https://github.com/alvr-org/ALVR
locriandev/aos-cd-jobs,849,850,0.9988235294117648,https://github.com/locriandev/aos-cd-jobs
TseTmc-com/ebgosite,841,841,1.0,https://github.com/TseTmc-com/ebgosite
LangStream/langstream,696,834,0.8345323741007195,https://github.com/LangStream/langstream
robertavaltorta/robertavaltorta.github.io,831,831,1.0,https://github.com/robertavaltorta/robertavaltorta.github.io
alemuntoni/vclib,820,820,1.0,https://github.com/alemuntoni/vclib
Gabboxl/ClassevivaPCTO,803,814,0.9864864864864864,https://github.com/Gabboxl/ClassevivaPCTO
MatteoH2O1999/build-and-install-python,695,810,0.8580246913580247,https://github.com/MatteoH2O1999/build-and-install-python
alpha-unito/streamflow,754,789,0.9556400506970848,https://github.com/alpha-unito/streamflow
skyward-er/boardcore,645,783,0.8237547892720306,https://github.com/skyward-er/boardcore
skyward-er/obsw,753,776,0.970360824742268,https://github.com/skyward-er/obsw
Sebo-the-tramp/GithubPixelArt,769,769,1.0,https://github.com/Sebo-the-tramp/GithubPixelArt
antoniogweb/EcommerceMyAdmin,766,766,1.0,https://github.com/antoniogweb/EcommerceMyAdmin
JuliaGraphs/MultilayerGraphs.jl,593,753,0.7875166002656042,https://github.com/JuliaGraphs/MultilayerGraphs.jl
Insane96/IguanaTweaksReborn,745,745,1.0,https://github.com/Insane96/IguanaTweaksReborn
micro-lc/micro-lc,583,733,0.7953615279672579,https://github.com/micro-lc/micro-lc
LifeMC-Studios/LifeMC,562,716,0.7849162011173184,https://github.com/LifeMC-Studios/LifeMC
Dudo1985/Yet-Another-Stars-Rating,708,708,1.0,https://github.com/Dudo1985/Yet-Another-Stars-Rating
DonRP/BBAS,708,708,1.0,https://github.com/DonRP/BBAS
matteogiorgi/.udot,701,701,1.0,https://github.com/matteogiorgi/.udot
GyulyVGC/sniffnet,614,697,0.8809182209469153,https://github.com/GyulyVGC/sniffnet
Droptop-Four/test,695,695,1.0,https://github.com/Droptop-Four/test
kokoko3k/koko-aio-slang,690,690,1.0,https://github.com/kokoko3k/koko-aio-slang
xFrah/WICK-FINAL,689,689,1.0,https://github.com/xFrah/WICK-FINAL
formidablae/my_github_profile_views_counter,687,687,1.0,https://github.com/formidablae/my_github_profile_views_counter
girolamodaschio/upptime,674,674,1.0,https://github.com/girolamodaschio/upptime
spartacus04/jext-reborn,673,674,0.9985163204747776,https://github.com/spartacus04/jext-reborn
bancaditalia/black-it,673,673,1.0,https://github.com/bancaditalia/black-it
evacchi/wazero,643,673,0.9554234769687964,https://github.com/evacchi/wazero
rbonghi/jetson_stats,651,671,0.970193740685544,https://github.com/rbonghi/jetson_stats
LoryFr/loryfr.github.io,668,668,1.0,https://github.com/LoryFr/loryfr.github.io
zwave-js/zwave-js-ui,604,667,0.9055472263868066,https://github.com/zwave-js/zwave-js-ui
fundor333/fundor333-source,661,661,1.0,https://github.com/fundor333/fundor333-source
LocLix/StatusPage,648,648,1.0,https://github.com/LocLix/StatusPage
gamboz/wjs-profile-project,645,645,1.0,https://github.com/gamboz/wjs-profile-project
Andreagit97/libs,638,638,1.0,https://github.com/Andreagit97/libs
LuckeeDev/csl,507,636,0.7971698113207547,https://github.com/LuckeeDev/csl
robang74/redfishos,635,635,1.0,https://github.com/robang74/redfishos
Tiledesk/tiledesk-server,534,626,0.853035143769968,https://github.com/Tiledesk/tiledesk-server
WinterWind33/fish-and-plants,600,623,0.9630818619582664,https://github.com/WinterWind33/fish-and-plants
iamgio/OOP22-pixformer,466,616,0.7564935064935064,https://github.com/iamgio/OOP22-pixformer
dudexpress/dudexpress.github.io,616,616,1.0,https://github.com/dudexpress/dudexpress.github.io
mattdibi/kura,610,613,0.99510603588907,https://github.com/mattdibi/kura
bmanzari/release,605,605,1.0,https://github.com/bmanzari/release
UniBoDS4H/Image-Alignment,465,604,0.7698675496688742,https://github.com/UniBoDS4H/Image-Alignment
matteogiorgi/.minidot,602,602,1.0,https://github.com/matteogiorgi/.minidot
edoardottt/secfiles,597,597,1.0,https://github.com/edoardottt/secfiles
ccaudek/ds4psy_2023,595,595,1.0,https://github.com/ccaudek/ds4psy_2023
spring1843/karpenter,589,592,0.9949324324324323,https://github.com/spring1843/karpenter
universalbit-dev/iD,592,592,1.0,https://github.com/universalbit-dev/iD
your-digital-rights/yourdigitalrights.org,583,590,0.988135593220339,https://github.com/your-digital-rights/yourdigitalrights.org
DonRP/AmityPark,576,587,0.9812606473594548,https://github.com/DonRP/AmityPark
nicolo-ribaudo/babel,498,587,0.848381601362862,https://github.com/nicolo-ribaudo/babel
ami-iit/bipedal-locomotion-framework,480,585,0.8205128205128205,https://github.com/ami-iit/bipedal-locomotion-framework
Tortar/mesa,563,572,0.9842657342657344,https://github.com/Tortar/mesa
mdesalvo/RDFSharp.Semantics.Extensions,567,567,1.0,https://github.com/mdesalvo/RDFSharp.Semantics.Extensions
Zextras/carbonio-mails-ui,437,565,0.7734513274336283,https://github.com/Zextras/carbonio-mails-ui
fit-project/fit,474,562,0.8434163701067615,https://github.com/fit-project/fit
binghe/HOL,562,562,1.0,https://github.com/binghe/HOL
cthiebaud/ciaccona,557,557,1.0,https://github.com/cthiebaud/ciaccona
ctrlmaniac/minigest,552,552,1.0,https://github.com/ctrlmaniac/minigest
FedericoBruzzone/master-courses,552,552,1.0,https://github.com/FedericoBruzzone/master-courses
Gabboxl/gtfs-osm-import,540,551,0.9800362976406534,https://github.com/Gabboxl/gtfs-osm-import
DragonMinded/libdragon,464,547,0.8482632541133455,https://github.com/DragonMinded/libdragon
sighupio/fury-distribution,538,544,0.9889705882352942,https://github.com/sighupio/fury-distribution
dej611/kibana,456,543,0.8397790055248618,https://github.com/dej611/kibana
olich97/olich97,540,542,0.996309963099631,https://github.com/olich97/olich97
valeriosetti/mbedtls,530,541,0.9796672828096118,https://github.com/valeriosetti/mbedtls
f-corvaro/42.common_core,540,540,1.0,https://github.com/f-corvaro/42.common_core
Cyofanni/high-school-cs-class,540,540,1.0,https://github.com/Cyofanni/high-school-cs-class
bluenviron/mediamtx,519,535,0.9700934579439252,https://github.com/bluenviron/mediamtx
immobiliare/backstage-plugin-ldap-auth,417,534,0.7808988764044944,https://github.com/immobiliare/backstage-plugin-ldap-auth
lorumic/lxd-ui,505,533,0.947467166979362,https://github.com/lorumic/lxd-ui
fax4ever/infinispan,529,532,0.9943609022556392,https://github.com/fax4ever/infinispan
csdavide/pinpoint,529,529,1.0,https://github.com/csdavide/pinpoint
robang74/isar,528,528,1.0,https://github.com/robang74/isar
lorenzoRosin/embeddedFSS,523,523,1.0,https://github.com/lorenzoRosin/embeddedFSS
apache/syncope,499,523,0.9541108986615678,https://github.com/apache/syncope
nightwnvol/amico_gh_actions,521,521,1.0,https://github.com/nightwnvol/amico_gh_actions
ofanan/FIAT,517,517,1.0,https://github.com/ofanan/FIAT
Kidel/BG3_Artificer,452,516,0.875968992248062,https://github.com/Kidel/BG3_Artificer
Strumenta/kolasu,515,515,1.0,https://github.com/Strumenta/kolasu
ADVRHumanoids/awesome_leg,497,514,0.9669260700389104,https://github.com/ADVRHumanoids/awesome_leg
traversaro/staged-recipes,510,513,0.9941520467836256,https://github.com/traversaro/staged-recipes
alexfoglia1/axel,512,512,1.0,https://github.com/alexfoglia1/axel
Indisparte/CineMates,506,512,0.98828125,https://github.com/Indisparte/CineMates
egalli64/jex,508,508,1.0,https://github.com/egalli64/jex
salvatore-campagna/elasticsearch,485,504,0.9623015873015872,https://github.com/salvatore-campagna/elasticsearch
nicolabaesso/Nirvana-Website,419,504,0.8313492063492064,https://github.com/nicolabaesso/Nirvana-Website
nutgram/nutgram,458,504,0.9087301587301588,https://github.com/nutgram/nutgram
robotology/robots-configuration,499,502,0.99402390438247,https://github.com/robotology/robots-configuration
twinlogix/mondrian-framework,469,502,0.9342629482071712,https://github.com/twinlogix/mondrian-framework
KuryGabriele/echo-project,492,501,0.9820359281437124,https://github.com/KuryGabriele/echo-project
immobiliare/backstage-plugin-gitlab,380,501,0.7584830339321357,https://github.com/immobiliare/backstage-plugin-gitlab
rmottola/Arctic-Fox,500,500,1.0,https://github.com/rmottola/Arctic-Fox
perillo/zig,494,499,0.9899799599198396,https://github.com/perillo/zig
globaleaks/GlobaLeaks,458,498,0.9196787148594378,https://github.com/globaleaks/GlobaLeaks
skypjack/entt,497,497,1.0,https://github.com/skypjack/entt
TetaBuilder/teta_widgets,407,496,0.8205645161290323,https://github.com/TetaBuilder/teta_widgets
12rambau/sepal_ui,487,493,0.9878296146044624,https://github.com/12rambau/sepal_ui
pieroproietti/penguins-wardrobe,493,493,1.0,https://github.com/pieroproietti/penguins-wardrobe
adpmdrones/combox-fc,491,491,1.0,https://github.com/adpmdrones/combox-fc
GatherPress/gatherpress,490,491,0.9979633401221996,https://github.com/GatherPress/gatherpress
Cipulot/qmk_firmware,488,488,1.0,https://github.com/Cipulot/qmk_firmware
tncrazvan/catpaw-dev-tools,487,487,1.0,https://github.com/tncrazvan/catpaw-dev-tools
didoda/manager,466,484,0.962809917355372,https://github.com/didoda/manager
tracking-exposed/trex,436,484,0.9008264462809916,https://github.com/tracking-exposed/trex
vitodtagliente/AwesomeEngine,478,484,0.987603305785124,https://github.com/vitodtagliente/AwesomeEngine
logix-software/webSite,482,484,0.9958677685950412,https://github.com/logix-software/webSite
diowa/ruby3-rails7-bootstrap-heroku,439,483,0.9089026915113873,https://github.com/diowa/ruby3-rails7-bootstrap-heroku
Athena-OS/athena-repository,483,483,1.0,https://github.com/Athena-OS/athena-repository
rasky/libdragon,479,482,0.9937759336099584,https://github.com/rasky/libdragon
alalazo/spack,455,482,0.9439834024896264,https://github.com/alalazo/spack
khobatha/bahmni-app-dhis2-integration,446,482,0.925311203319502,https://github.com/khobatha/bahmni-app-dhis2-integration
Droptop-Four/GlobalData,470,481,0.9771309771309772,https://github.com/Droptop-Four/GlobalData
rejetto/hfs,478,478,1.0,https://github.com/rejetto/hfs
ilgrosso/syncope,478,478,1.0,https://github.com/ilgrosso/syncope
valeriosofi/nebullvm,477,478,0.997907949790795,https://github.com/valeriosofi/nebullvm
enrico-usai/aws-parallelcluster-cookbook,473,477,0.9916142557651992,https://github.com/enrico-usai/aws-parallelcluster-cookbook
NNPDF/pineko,405,477,0.8490566037735849,https://github.com/NNPDF/pineko
sofia-calgaro/legend-data-monitor,370,477,0.7756813417190775,https://github.com/sofia-calgaro/legend-data-monitor
DIncalciLab/dincalcilab-lowfrac-variant-benchmark,477,477,1.0,https://github.com/DIncalciLab/dincalcilab-lowfrac-variant-benchmark
josura/c2c-sepia,476,476,1.0,https://github.com/josura/c2c-sepia
ittagnelli/SARP,374,472,0.7923728813559322,https://github.com/ittagnelli/SARP
FedericoMungari/SemanticDrivenOrchestrator,471,471,1.0,https://github.com/FedericoMungari/SemanticDrivenOrchestrator
davidebolo1993/davidebolo1993,471,471,1.0,https://github.com/davidebolo1993/davidebolo1993
wolf4ood/DataSpaceConnector,471,471,1.0,https://github.com/wolf4ood/DataSpaceConnector
fusillicode/xddmod,448,470,0.9531914893617022,https://github.com/fusillicode/xddmod
atelier-saulx/selva,374,469,0.7974413646055437,https://github.com/atelier-saulx/selva
aws-samples/cdk-aws-iotfleetwise,466,466,1.0,https://github.com/aws-samples/cdk-aws-iotfleetwise
dainok/netdoc,464,464,1.0,https://github.com/dainok/netdoc
Willy-JL/F95Checker,464,464,1.0,https://github.com/Willy-JL/F95Checker
kikkomep/life_monitor,453,461,0.982646420824295,https://github.com/kikkomep/life_monitor
alejoe91/spikeinterface,434,461,0.9414316702819956,https://github.com/alejoe91/spikeinterface
CrescenzoRegaLF/liferay-portal,458,458,1.0,https://github.com/CrescenzoRegaLF/liferay-portal
ffxivita/XIVITAGuide,349,458,0.7620087336244541,https://github.com/ffxivita/XIVITAGuide
SKA-INAF/sclassifier,456,458,0.9956331877729258,https://github.com/SKA-INAF/sclassifier
pieroproietti/penguins-blog,444,458,0.9694323144104804,https://github.com/pieroproietti/penguins-blog
SebaUbuntu/android_packages_apps_Aperture,449,456,0.9846491228070176,https://github.com/SebaUbuntu/android_packages_apps_Aperture
lspita/lspita.github.io,456,456,1.0,https://github.com/lspita/lspita.github.io
giacomogroppi/writernote-qt,456,456,1.0,https://github.com/giacomogroppi/writernote-qt
lab51org/gazie,454,454,1.0,https://github.com/lab51org/gazie
giuliobenetti/buildroot,452,452,1.0,https://github.com/giuliobenetti/buildroot
vigna/webgraph-rs,444,451,0.984478935698448,https://github.com/vigna/webgraph-rs
punesemu/puNES,450,450,1.0,https://github.com/punesemu/puNES
Athena-OS/athena-iso,445,450,0.9888888888888888,https://github.com/Athena-OS/athena-iso
ilmanzo/os-autoinst-distri-opensuse,383,448,0.8549107142857143,https://github.com/ilmanzo/os-autoinst-distri-opensuse
mcallegari/qlcplus-docs,447,447,1.0,https://github.com/mcallegari/qlcplus-docs
sighupio/gatekeeper-policy-manager,347,446,0.7780269058295964,https://github.com/sighupio/gatekeeper-policy-manager
MamaNyoSquad/mamanyosquad.github.io,423,445,0.950561797752809,https://github.com/MamaNyoSquad/mamanyosquad.github.io
diowa/icare,339,444,0.7635135135135135,https://github.com/diowa/icare
JuliaDynamics/ABM_Framework_Comparisons,430,443,0.9706546275395034,https://github.com/JuliaDynamics/ABM_Framework_Comparisons
lfoscari/bitcoin2webgraph,442,442,1.0,https://github.com/lfoscari/bitcoin2webgraph
Mickeon/godot,439,439,1.0,https://github.com/Mickeon/godot
PedrelliLuca/ScalarField,438,438,1.0,https://github.com/PedrelliLuca/ScalarField
icub-tech-iit/cad-mechanics-public,438,438,1.0,https://github.com/icub-tech-iit/cad-mechanics-public
TheSilvered/nest,437,437,1.0,https://github.com/TheSilvered/nest
MatteoH2O1999/MatteoH2O1999.github.io,333,436,0.7637614678899083,https://github.com/MatteoH2O1999/MatteoH2O1999.github.io
NonQueueingMatt/Aurora.3,431,435,0.9908045977011494,https://github.com/NonQueueingMatt/Aurora.3
D3vil0p3r/blackarch,406,433,0.9376443418013856,https://github.com/D3vil0p3r/blackarch
chumpblocckami/vedalken_count,433,433,1.0,https://github.com/chumpblocckami/vedalken_count
fcattafesta/FlashSim-Electrons,432,432,1.0,https://github.com/fcattafesta/FlashSim-Electrons
89luca89/distrobox,430,430,1.0,https://github.com/89luca89/distrobox
MakinDay/reactivedrop_translations,417,428,0.9742990654205608,https://github.com/MakinDay/reactivedrop_translations
ugol/jr,426,428,0.9953271028037384,https://github.com/ugol/jr
Lamer87/Space_Engineers_DLC_unlocker,427,427,1.0,https://github.com/Lamer87/Space_Engineers_DLC_unlocker
ismir2023/ismir2023.github.io,417,427,0.9765807962529274,https://github.com/ismir2023/ismir2023.github.io
HeDo88TH/ODMSemantic3D,414,425,0.9741176470588236,https://github.com/HeDo88TH/ODMSemantic3D
acoshirabbit/acoshirabbit.github.io,425,425,1.0,https://github.com/acoshirabbit/acoshirabbit.github.io
Scavix/mydigitalgarden,425,425,1.0,https://github.com/Scavix/mydigitalgarden
openforis/sepal,423,424,0.9976415094339622,https://github.com/openforis/sepal
Velitch/gabrielavelitch,424,424,1.0,https://github.com/Velitch/gabrielavelitch
mateonunez/website,382,418,0.9138755980861244,https://github.com/mateonunez/website
miroslavpejic85/mirotalksfu,418,418,1.0,https://github.com/miroslavpejic85/mirotalksfu
Roma-JS/roma-js-on-astro,401,417,0.9616306954436452,https://github.com/Roma-JS/roma-js-on-astro
diowa/ruby3-rails6-bootstrap-heroku,374,416,0.8990384615384616,https://github.com/diowa/ruby3-rails6-bootstrap-heroku
JetBrains/jewel,393,413,0.9515738498789348,https://github.com/JetBrains/jewel
UniprJRC/DSconMATLAB,406,410,0.9902439024390244,https://github.com/UniprJRC/DSconMATLAB
lballabio/QuantLib,393,406,0.9679802955665024,https://github.com/lballabio/QuantLib
kennethbunker/kennethbunker.github.io,404,404,1.0,https://github.com/kennethbunker/kennethbunker.github.io
AnacletoLAB/ensmallen,400,400,1.0,https://github.com/AnacletoLAB/ensmallen
MarcoAntolini/Memed,300,400,0.75,https://github.com/MarcoAntolini/Memed
wolf4ood/tractusx-edc,399,399,1.0,https://github.com/wolf4ood/tractusx-edc
olivierfriard/BORIS,397,397,1.0,https://github.com/olivierfriard/BORIS
matteo-cristino/Zenroom,395,397,0.9949622166246852,https://github.com/matteo-cristino/Zenroom
BlinkingEmotions/Fanfare,396,396,1.0,https://github.com/BlinkingEmotions/Fanfare
bopen/c3s-eqc-toolbox-template,393,393,1.0,https://github.com/bopen/c3s-eqc-toolbox-template
sebadima/www.robotdazero.it-doks,393,393,1.0,https://github.com/sebadima/www.robotdazero.it-doks
dynamicflying/preview,393,393,1.0,https://github.com/dynamicflying/preview
fp-ts/core,302,393,0.7684478371501272,https://github.com/fp-ts/core
CristianCosci/my_LeetCode,392,392,1.0,https://github.com/CristianCosci/my_LeetCode
universalbit-dev/universalbit-dev,390,390,1.0,https://github.com/universalbit-dev/universalbit-dev
Umb40k/JenkinsDEVSF,390,390,1.0,https://github.com/Umb40k/JenkinsDEVSF
Portable-Linux-Apps/Portable-Linux-Apps.github.io,387,387,1.0,https://github.com/Portable-Linux-Apps/Portable-Linux-Apps.github.io
fundor333/fundor333.github.io,382,387,0.9870801033591732,https://github.com/fundor333/fundor333.github.io
pnp/m365-partner-showcase,387,387,1.0,https://github.com/pnp/m365-partner-showcase
AlessioZanga/causal-hub,386,386,1.0,https://github.com/AlessioZanga/causal-hub
juristr/nx,378,384,0.984375,https://github.com/juristr/nx
SimoxG7/simoxbadpc,384,384,1.0,https://github.com/SimoxG7/simoxbadpc
gui-dos/DiaBLE,383,383,1.0,https://github.com/gui-dos/DiaBLE
tbenr/teku,372,383,0.9712793733681462,https://github.com/tbenr/teku
mdesalvo/RDFSharp.Semantics,382,382,1.0,https://github.com/mdesalvo/RDFSharp.Semantics
forart/HyMPS,381,381,1.0,https://github.com/forart/HyMPS
Yami-no-karuro/Vector,380,380,1.0,https://github.com/Yami-no-karuro/Vector
ARPA-SIMC/PRAGA,285,379,0.7519788918205804,https://github.com/ARPA-SIMC/PRAGA
coccoinomane/web3cli,379,379,1.0,https://github.com/coccoinomane/web3cli
lucianoambrosini/Ambrosinus-Toolkit,378,378,1.0,https://github.com/lucianoambrosini/Ambrosinus-Toolkit
maxdevblock/covid-19-website,375,375,1.0,https://github.com/maxdevblock/covid-19-website
12rambau/pydata-sphinx-theme,344,374,0.9197860962566844,https://github.com/12rambau/pydata-sphinx-theme
dulvui/dulvui.github.io,374,374,1.0,https://github.com/dulvui/dulvui.github.io
gmazzini/display,373,373,1.0,https://github.com/gmazzini/display
GammaTauAI/opentau,297,373,0.7962466487935657,https://github.com/GammaTauAI/opentau
Roma-JS/roma-js.github.io,371,372,0.9973118279569892,https://github.com/Roma-JS/roma-js.github.io
marcoramilli/PhishingKitTracker,372,372,1.0,https://github.com/marcoramilli/PhishingKitTracker
miroslavpejic85/mirotalk,372,372,1.0,https://github.com/miroslavpejic85/mirotalk
giorio94/cilium,371,371,1.0,https://github.com/giorio94/cilium
laraxot/theme_adminlte,325,371,0.876010781671159,https://github.com/laraxot/theme_adminlte
robang74/git-functions,369,369,1.0,https://github.com/robang74/git-functions
CescoP81/GalileiOstiglia,368,368,1.0,https://github.com/CescoP81/GalileiOstiglia
ncounter/open-build-service,345,368,0.9375,https://github.com/ncounter/open-build-service
gremo/test-repository,366,366,1.0,https://github.com/gremo/test-repository
RIP-Comm/clementine,330,365,0.9041095890410958,https://github.com/RIP-Comm/clementine
CastagnaIT/inputstream.adaptive,365,365,1.0,https://github.com/CastagnaIT/inputstream.adaptive
aleppax/outdoorPMstation,327,365,0.8958904109589041,https://github.com/aleppax/outdoorPMstation
anpicci/Stat,365,365,1.0,https://github.com/anpicci/Stat
m1ch3al/flipper-zero-rogue-master-firmware,365,365,1.0,https://github.com/m1ch3al/flipper-zero-rogue-master-firmware
Neosperience/backpack,365,365,1.0,https://github.com/Neosperience/backpack
SimoneMoreWare/ASD,364,364,1.0,https://github.com/SimoneMoreWare/ASD
magobaol/alfred-phil,345,362,0.9530386740331492,https://github.com/magobaol/alfred-phil
mfrancisc/toolchain-e2e,339,362,0.93646408839779,https://github.com/mfrancisc/toolchain-e2e
sdangelo/brickworks,362,362,1.0,https://github.com/sdangelo/brickworks
webinadvance/valsecchi_castello,362,362,1.0,https://github.com/webinadvance/valsecchi_castello
mrtj/cookiecutter-panorama,362,362,1.0,https://github.com/mrtj/cookiecutter-panorama
mateonunez/artchitect,284,361,0.7867036011080333,https://github.com/mateonunez/artchitect
mr-manuel/venus-os_dbus-serialbattery,361,361,1.0,https://github.com/mr-manuel/venus-os_dbus-serialbattery
carminecoppola/Algoritmi-e-Strutture-Dati,360,360,1.0,https://github.com/carminecoppola/Algoritmi-e-Strutture-Dati
emarock/my-squash-data,360,360,1.0,https://github.com/emarock/my-squash-data
aler9/rtsp-simple-server,347,360,0.9638888888888888,https://github.com/aler9/rtsp-simple-server
obdasystems/grapholscape,294,359,0.8189415041782729,https://github.com/obdasystems/grapholscape
UniprJRC/FSDA,301,359,0.8384401114206128,https://github.com/UniprJRC/FSDA
VAuthenticator/vauthenticator,356,359,0.9916434540389972,https://github.com/VAuthenticator/vauthenticator
robotology/robotology-superbuild,314,359,0.8746518105849582,https://github.com/robotology/robotology-superbuild
ncvescera/provaactions,355,358,0.9916201117318436,https://github.com/ncvescera/provaactions
drakkan/sftpgo,353,357,0.988795518207283,https://github.com/drakkan/sftpgo
Zircon-Finance/zircon-interface,350,357,0.9803921568627452,https://github.com/Zircon-Finance/zircon-interface
mondrake/drudbal,356,356,1.0,https://github.com/mondrake/drudbal
ptkdev-boilerplate/svelte-electron-boilerplate,356,356,1.0,https://github.com/ptkdev-boilerplate/svelte-electron-boilerplate
manfredi/os-autoinst-distri-opensuse,318,354,0.8983050847457628,https://github.com/manfredi/os-autoinst-distri-opensuse
TokenRevolution/genesis,354,354,1.0,https://github.com/TokenRevolution/genesis
fp-ts/schema,281,352,0.7982954545454546,https://github.com/fp-ts/schema
ADVRHumanoids/ROSEndEffector,288,352,0.8181818181818182,https://github.com/ADVRHumanoids/ROSEndEffector
mozilla/stab-crashes,351,351,1.0,https://github.com/mozilla/stab-crashes
davide-f/pypsa-earth,326,351,0.9287749287749288,https://github.com/davide-f/pypsa-earth
pagopa/pagopa-ecommerce-transactions-scheduler-service,290,351,0.8262108262108262,https://github.com/pagopa/pagopa-ecommerce-transactions-scheduler-service
AleardoKandiah/Java-flappy,351,351,1.0,https://github.com/AleardoKandiah/Java-flappy
LukeIsHereToDevelop/Services-Status,350,350,1.0,https://github.com/LukeIsHereToDevelop/Services-Status
ptkdev-boilerplate/svelte-spa-boilerplate,350,350,1.0,https://github.com/ptkdev-boilerplate/svelte-spa-boilerplate
rokokos97/the-fast-company,350,350,1.0,https://github.com/rokokos97/the-fast-company
novialriptide/pygame_geometry,281,349,0.8051575931232091,https://github.com/novialriptide/pygame_geometry
DonRP/BM,349,349,1.0,https://github.com/DonRP/BM
VKChiuselli/SaxiOnlineMultiplayer,347,347,1.0,https://github.com/VKChiuselli/SaxiOnlineMultiplayer
K-Society/KSociety.Base,347,347,1.0,https://github.com/K-Society/KSociety.Base
14wual/VKManager,347,347,1.0,https://github.com/14wual/VKManager
dedo1911/dedo1911,346,346,1.0,https://github.com/dedo1911/dedo1911
alessandrozito98/alessandrozito98,346,346,1.0,https://github.com/alessandrozito98/alessandrozito98
cscarpitta/frr,345,345,1.0,https://github.com/cscarpitta/frr
davidonzo/Threat-Intel,345,345,1.0,https://github.com/davidonzo/Threat-Intel
noi-techpark/bdp-commons,327,345,0.9478260869565216,https://github.com/noi-techpark/bdp-commons
agiudiceandrea/QGIS,343,343,1.0,https://github.com/agiudiceandrea/QGIS
bluenviron/gortsplib,336,343,0.979591836734694,https://github.com/bluenviron/gortsplib
mfrancisc/host-operator,324,342,0.9473684210526316,https://github.com/mfrancisc/host-operator
gabriel524/meetup,340,340,1.0,https://github.com/gabriel524/meetup
OntoUML/ontouml-json2graph,327,338,0.9674556213017752,https://github.com/OntoUML/ontouml-json2graph
rust-lang/rust-repos,333,335,0.9940298507462688,https://github.com/rust-lang/rust-repos
LorenzoBianconi/ovn,335,335,1.0,https://github.com/LorenzoBianconi/ovn
antares-sql/antares,286,334,0.8562874251497006,https://github.com/antares-sql/antares
ecmwf-projects/cacholote,334,334,1.0,https://github.com/ecmwf-projects/cacholote
IZSAM-StatGIS/ReportPSA,334,334,1.0,https://github.com/IZSAM-StatGIS/ReportPSA
dede1751/carp,332,332,1.0,https://github.com/dede1751/carp
Gabboxl/FluentWeather,321,330,0.9727272727272728,https://github.com/Gabboxl/FluentWeather
alessiodl/GeoCetusData,330,330,1.0,https://github.com/alessiodl/GeoCetusData
ivanhofer/typesafe-i18n,304,330,0.9212121212121211,https://github.com/ivanhofer/typesafe-i18n
JonnyBanana/PDF_Scroll_ASCII_Crasher,330,330,1.0,https://github.com/JonnyBanana/PDF_Scroll_ASCII_Crasher
tncrazvan/catpaw-core,329,329,1.0,https://github.com/tncrazvan/catpaw-core
laraxot/bashscripts,321,328,0.9786585365853658,https://github.com/laraxot/bashscripts
wnluke/pymeasure,273,326,0.8374233128834356,https://github.com/wnluke/pymeasure
dark-vex/infra-cd,326,326,1.0,https://github.com/dark-vex/infra-cd
DRincs-Productions/drincs-website,281,326,0.8619631901840491,https://github.com/DRincs-Productions/drincs-website
datastax/starlight-for-kafka,294,326,0.901840490797546,https://github.com/datastax/starlight-for-kafka
CarloLucibello/GraphNeuralNetworks.jl,325,326,0.9969325153374232,https://github.com/CarloLucibello/GraphNeuralNetworks.jl
sasadangelo/code4projects,326,326,1.0,https://github.com/sasadangelo/code4projects
danog/MadelineProtoDocs,325,325,1.0,https://github.com/danog/MadelineProtoDocs
workgroupengineering/Avalonia,250,324,0.7716049382716049,https://github.com/workgroupengineering/Avalonia
kennethrrosen/debian-hardener,324,324,1.0,https://github.com/kennethrrosen/debian-hardener
mercury501/Silent-Hill-2-Enhancements,307,323,0.9504643962848296,https://github.com/mercury501/Silent-Hill-2-Enhancements
micro-lc/middleware,273,323,0.8452012383900929,https://github.com/micro-lc/middleware
peiva-git/SDM_project,322,322,1.0,https://github.com/peiva-git/SDM_project
Insane96/SurvivalReimagined,321,321,1.0,https://github.com/Insane96/SurvivalReimagined
tresquintos/tresquintos.github.io,321,321,1.0,https://github.com/tresquintos/tresquintos.github.io
Tale152/snake-plus-plus-godot,321,321,1.0,https://github.com/Tale152/snake-plus-plus-godot
torchiaf/dashboard,311,321,0.968847352024922,https://github.com/torchiaf/dashboard
carlocorradini/reCluster,289,321,0.9003115264797508,https://github.com/carlocorradini/reCluster
bcgalvin/cdk-kinesis-firehose-athena,320,320,1.0,https://github.com/bcgalvin/cdk-kinesis-firehose-athena
pepstock-org/Charba,245,320,0.765625,https://github.com/pepstock-org/Charba
FrancescoXX/free-Web3-resources,255,320,0.796875,https://github.com/FrancescoXX/free-Web3-resources
rabbitmq/rabbitmq-stream-dotnet-client,257,320,0.803125,https://github.com/rabbitmq/rabbitmq-stream-dotnet-client
robang74/isar-nvidia-debian,319,319,1.0,https://github.com/robang74/isar-nvidia-debian
Stickerifier/Stickerify,298,319,0.9341692789968652,https://github.com/Stickerifier/Stickerify
arturscheiner/dgb-hello-world-v1,319,319,1.0,https://github.com/arturscheiner/dgb-hello-world-v1
musicollator/ciaccona,319,319,1.0,https://github.com/musicollator/ciaccona
ptkdev/aboutmeinfo-telegram-bot,319,319,1.0,https://github.com/ptkdev/aboutmeinfo-telegram-bot
ermanno/aws-parallelcluster-cookbook,317,317,1.0,https://github.com/ermanno/aws-parallelcluster-cookbook
giuliobenetti/linux-imxrt,316,316,1.0,https://github.com/giuliobenetti/linux-imxrt
andrea-prina/deliveboo,245,316,0.7753164556962026,https://github.com/andrea-prina/deliveboo
tiraboschi/hyperconverged-cluster-operator,302,315,0.9587301587301588,https://github.com/tiraboschi/hyperconverged-cluster-operator
Tkd-Alex/tkd-alex,314,314,1.0,https://github.com/Tkd-Alex/tkd-alex
m-marini/wheellyj,313,313,1.0,https://github.com/m-marini/wheellyj
joshuachp/astarte-device-sdk-rust,312,312,1.0,https://github.com/joshuachp/astarte-device-sdk-rust
fedddddd/h2-mod,309,310,0.9967741935483873,https://github.com/fedddddd/h2-mod
mathsolutions/opencart,310,310,1.0,https://github.com/mathsolutions/opencart
mparati31/Tirocinio,310,310,1.0,https://github.com/mparati31/Tirocinio
GeoB99/reactos,309,309,1.0,https://github.com/GeoB99/reactos
andreax79/airflow-code-editor,308,308,1.0,https://github.com/andreax79/airflow-code-editor
MatteoPologruto/arduino-cli,307,308,0.9967532467532468,https://github.com/MatteoPologruto/arduino-cli
M4tteoP/coraza,275,307,0.8957654723127035,https://github.com/M4tteoP/coraza
joshuachp/nixos-config,306,306,1.0,https://github.com/joshuachp/nixos-config
madiele/vod2pod-rss,264,306,0.8627450980392157,https://github.com/madiele/vod2pod-rss
digant73/BIGTREETECH-TouchScreenFirmware,304,306,0.9934640522875816,https://github.com/digant73/BIGTREETECH-TouchScreenFirmware
kevinm6/nvim,304,304,1.0,https://github.com/kevinm6/nvim
Matteo-Nigro/notepad2,304,304,1.0,https://github.com/Matteo-Nigro/notepad2
fabriziobagala/fabriziobagala.github.io,304,304,1.0,https://github.com/fabriziobagala/fabriziobagala.github.io
Raspirus/docs,263,304,0.8651315789473685,https://github.com/Raspirus/docs
ornato-t/GTTTools,303,303,1.0,https://github.com/ornato-t/GTTTools
wilmer88/lafam,301,301,1.0,https://github.com/wilmer88/lafam
martinotecco/pc-remotecontrol-telegrambot,301,301,1.0,https://github.com/martinotecco/pc-remotecontrol-telegrambot
MaouLegna/llorr-website,301,301,1.0,https://github.com/MaouLegna/llorr-website
meetecho/janus-gateway,264,300,0.88,https://github.com/meetecho/janus-gateway
tristantarrant/infinispan,294,300,0.98,https://github.com/tristantarrant/infinispan
andreazammarchi3/PPS-22-scalopoly,238,299,0.7959866220735786,https://github.com/andreazammarchi3/PPS-22-scalopoly
bdanzi/trackingvertexing,299,299,1.0,https://github.com/bdanzi/trackingvertexing
universalbit-dev/CityGenerator,281,296,0.9493243243243245,https://github.com/universalbit-dev/CityGenerator
OpenRTX/OpenRTX,286,294,0.9727891156462584,https://github.com/OpenRTX/OpenRTX
CarloMicieli/trenako,294,294,1.0,https://github.com/CarloMicieli/trenako
fedepaol/metallb,290,294,0.9863945578231292,https://github.com/fedepaol/metallb
DRincs-Productions/Renpygame,293,294,0.9965986394557824,https://github.com/DRincs-Productions/Renpygame
bsorrentino/PlantUML4iPad,294,294,1.0,https://github.com/bsorrentino/PlantUML4iPad
msillano/tuyaDAEMON,293,293,1.0,https://github.com/msillano/tuyaDAEMON
lstocchi/podman-desktop,290,292,0.9931506849315068,https://github.com/lstocchi/podman-desktop
robotology/assistive-rehab,235,291,0.8075601374570447,https://github.com/robotology/assistive-rehab
KevinBatdorf/code-block-pro,289,290,0.996551724137931,https://github.com/KevinBatdorf/code-block-pro
webion-hub/goly,290,290,1.0,https://github.com/webion-hub/goly
masayume/vmcode,289,289,1.0,https://github.com/masayume/vmcode
andijcr/redpanda,288,288,1.0,https://github.com/andijcr/redpanda
rospino74/Quizlet-Bypass,221,287,0.7700348432055749,https://github.com/rospino74/Quizlet-Bypass
adisandro/MMINT,285,286,0.9965034965034965,https://github.com/adisandro/MMINT
vincenzopalazzo/lightning,277,285,0.9719298245614036,https://github.com/vincenzopalazzo/lightning
sblantipodi/firefly_luciferin,265,285,0.9298245614035088,https://github.com/sblantipodi/firefly_luciferin
maboglia/CorsoJava,285,285,1.0,https://github.com/maboglia/CorsoJava
acerv/runltp-ng,283,283,1.0,https://github.com/acerv/runltp-ng
carlocamilloni/multi-eGO,283,283,1.0,https://github.com/carlocamilloni/multi-eGO
smartiniOnGitHub/v,283,283,1.0,https://github.com/smartiniOnGitHub/v
rikyoz/bit7z,283,283,1.0,https://github.com/rikyoz/bit7z
Alexthw46/Ars-Elemental,283,283,1.0,https://github.com/Alexthw46/Ars-Elemental
curzel-it/pet-therapy,278,282,0.9858156028368794,https://github.com/curzel-it/pet-therapy
lucabaldini/ixpeobssim,213,282,0.7553191489361702,https://github.com/lucabaldini/ixpeobssim
riccardolopresti/proj-bdoctor7,233,282,0.8262411347517731,https://github.com/riccardolopresti/proj-bdoctor7
icaroland/cli-installer,280,280,1.0,https://github.com/icaroland/cli-installer
bf2fc6cc711aee1a0c2a/cos-fleet-catalog-camel,211,279,0.7562724014336918,https://github.com/bf2fc6cc711aee1a0c2a/cos-fleet-catalog-camel
italia/design-drupal-theme,278,279,0.996415770609319,https://github.com/italia/design-drupal-theme
marco-ippolito/node,279,279,1.0,https://github.com/marco-ippolito/node
egalli64/scala-playground,278,278,1.0,https://github.com/egalli64/scala-playground
fmarco76/pki,278,278,1.0,https://github.com/fmarco76/pki
pytgcalls/ntgcalls,276,278,0.9928057553956836,https://github.com/pytgcalls/ntgcalls
Exein-io/pulsar,268,278,0.9640287769784172,https://github.com/Exein-io/pulsar
aciceri/nixfleet,277,277,1.0,https://github.com/aciceri/nixfleet
gozus19p/time-score,276,276,1.0,https://github.com/gozus19p/time-score
mmr-driverless/mmr_core,210,276,0.7608695652173914,https://github.com/mmr-driverless/mmr_core
dulvui/ball2box,276,276,1.0,https://github.com/dulvui/ball2box
SindriaInc/XPipe,264,276,0.9565217391304348,https://github.com/SindriaInc/XPipe
frank1789/hexapod_ws,276,276,1.0,https://github.com/frank1789/hexapod_ws
ErJump/laravel-deliveboo,261,276,0.9456521739130436,https://github.com/ErJump/laravel-deliveboo
brucellino/packer-templates,250,276,0.9057971014492754,https://github.com/brucellino/packer-templates
madpilot78/freebsd-ports,275,275,1.0,https://github.com/madpilot78/freebsd-ports
alessandropanzieri/garbatella-elegant-apartment.com,275,275,1.0,https://github.com/alessandropanzieri/garbatella-elegant-apartment.com
albertus82/simple-jdbc-filestore,275,275,1.0,https://github.com/albertus82/simple-jdbc-filestore
orestbida/cookieconsent,275,275,1.0,https://github.com/orestbida/cookieconsent
immobiliare/dats,231,275,0.84,https://github.com/immobiliare/dats
flavio2018/lte,275,275,1.0,https://github.com/flavio2018/lte
cassanof/npm-follower,274,274,1.0,https://github.com/cassanof/npm-follower
Exiled-Team/Exiled-EA,250,273,0.9157509157509156,https://github.com/Exiled-Team/Exiled-EA
pchila/elastic-agent,273,273,1.0,https://github.com/pchila/elastic-agent
ctlcltd/e2-sat-editor,273,273,1.0,https://github.com/ctlcltd/e2-sat-editor
MarcoIeni/rust-workspace-example,211,273,0.7728937728937729,https://github.com/MarcoIeni/rust-workspace-example
MatteoIorio11/ghapp-deployer-aws,273,273,1.0,https://github.com/MatteoIorio11/ghapp-deployer-aws
Nicelocal/psalm,272,272,1.0,https://github.com/Nicelocal/psalm
addsac/PegasoDigitalStudio,271,271,1.0,https://github.com/addsac/PegasoDigitalStudio
mia-platform/miactl,234,270,0.8666666666666667,https://github.com/mia-platform/miactl
enrperes/obsidianVault,270,270,1.0,https://github.com/enrperes/obsidianVault
archer-65/nix-dotfiles,270,270,1.0,https://github.com/archer-65/nix-dotfiles
sblendorio/petscii-bbs,269,269,1.0,https://github.com/sblendorio/petscii-bbs
lumon2004/lumon2004,269,269,1.0,https://github.com/lumon2004/lumon2004
bernardolanza93/MAPPER_AGRI_MULTICAM,269,269,1.0,https://github.com/bernardolanza93/MAPPER_AGRI_MULTICAM
crisostomi/gladia-website,266,269,0.9888475836431226,https://github.com/crisostomi/gladia-website
manups4e/ScaleformUI,229,268,0.8544776119402985,https://github.com/manups4e/ScaleformUI
ptkdev/quizquickanswer-telegram-game-bot,268,268,1.0,https://github.com/ptkdev/quizquickanswer-telegram-game-bot
martapanc/martacodes.it,239,268,0.8917910447761194,https://github.com/martapanc/martacodes.it
vtorre90/dega-final,262,268,0.9776119402985076,https://github.com/vtorre90/dega-final
LyraSearch/lyra,219,268,0.8171641791044776,https://github.com/LyraSearch/lyra
rohankhan97/RISCV-FiveStage,268,268,1.0,https://github.com/rohankhan97/RISCV-FiveStage
stefanovic80/analyticGeometry,267,267,1.0,https://github.com/stefanovic80/analyticGeometry
robotology/yarp,266,266,1.0,https://github.com/robotology/yarp
yesamer/kie-tools,265,266,0.9962406015037594,https://github.com/yesamer/kie-tools
matteo-magni/tanzu-application-platform-reference-service-packages,242,265,0.9132075471698112,https://github.com/matteo-magni/tanzu-application-platform-reference-service-packages
Misterlinux/GitBook-experience,265,265,1.0,https://github.com/Misterlinux/GitBook-experience
ph04/algebra,265,265,1.0,https://github.com/ph04/algebra
xTalAlex/talale-astro,265,265,1.0,https://github.com/xTalAlex/talale-astro
LucaMalavolta/PyORBIT,264,264,1.0,https://github.com/LucaMalavolta/PyORBIT
pagopa/pagopa-editorial-components,216,264,0.8181818181818182,https://github.com/pagopa/pagopa-editorial-components
AlessioDP/Parties,264,264,1.0,https://github.com/AlessioDP/Parties
somotechsrl/Datalogger-v4-dist-armv7l,263,263,1.0,https://github.com/somotechsrl/Datalogger-v4-dist-armv7l
ppatierno/strimzi-kafka-bridge,263,263,1.0,https://github.com/ppatierno/strimzi-kafka-bridge
vigna/epserde-rs,262,263,0.9961977186311788,https://github.com/vigna/epserde-rs
jumping2000/ha-packages,262,262,1.0,https://github.com/jumping2000/ha-packages
MrTriad/CTIUptimeTest,262,262,1.0,https://github.com/MrTriad/CTIUptimeTest
robang74/yamui,261,261,1.0,https://github.com/robang74/yamui
Carta-Canta/Website,196,261,0.7509578544061303,https://github.com/Carta-Canta/Website
lorenzoRosin/embeddedFSP,261,261,1.0,https://github.com/lorenzoRosin/embeddedFSP
SamueleFacenda/obsidian,261,261,1.0,https://github.com/SamueleFacenda/obsidian
n3d1117/chatgpt-telegram-bot,261,261,1.0,https://github.com/n3d1117/chatgpt-telegram-bot
davidesalerno/kogito-serverless-operator,257,260,0.9884615384615384,https://github.com/davidesalerno/kogito-serverless-operator
michelececcacci/HOMER,260,260,1.0,https://github.com/michelececcacci/HOMER
guizzo/top-github-users,260,260,1.0,https://github.com/guizzo/top-github-users
SignorPipo/labyroots,260,260,1.0,https://github.com/SignorPipo/labyroots
mq1/ice-launcher,260,260,1.0,https://github.com/mq1/ice-launcher
PykaAlexandro/My-Dplyr-Handbook,260,260,1.0,https://github.com/PykaAlexandro/My-Dplyr-Handbook
diericx/climbing_notebook,260,260,1.0,https://github.com/diericx/climbing_notebook
MoneyStats/Angular-MoneyStats-Application,259,259,1.0,https://github.com/MoneyStats/Angular-MoneyStats-Application
vtfrc/vittoriofaraco,258,258,1.0,https://github.com/vtfrc/vittoriofaraco
rcantini/research-blog,258,258,1.0,https://github.com/rcantini/research-blog
deivshon/dotfiles,257,257,1.0,https://github.com/deivshon/dotfiles
Reiryoku-Technologies/Mida,257,257,1.0,https://github.com/Reiryoku-Technologies/Mida
sinansonmez/mattermost-webapp,225,256,0.87890625,https://github.com/sinansonmez/mattermost-webapp
leo-tasso/OOP22-mtsk-game,235,255,0.9215686274509804,https://github.com/leo-tasso/OOP22-mtsk-game
Okazakee/mcserver-lazymc-docker,255,255,1.0,https://github.com/Okazakee/mcserver-lazymc-docker
pagopa/rtd-ms-enrolled-payment-instrument,223,254,0.8779527559055118,https://github.com/pagopa/rtd-ms-enrolled-payment-instrument
alemuntoni/meshlab,231,254,0.9094488188976378,https://github.com/alemuntoni/meshlab
danilocampanhari21/appfoodfullstack,254,254,1.0,https://github.com/danilocampanhari21/appfoodfullstack
Evo-Learning-project/sai_evo_backend,254,254,1.0,https://github.com/Evo-Learning-project/sai_evo_backend
GyulyVGC/GyulyVGC.github.io,248,254,0.9763779527559056,https://github.com/GyulyVGC/GyulyVGC.github.io
miticollo/scacco-matto,253,253,1.0,https://github.com/miticollo/scacco-matto
Diegomangasco/Vision-Language-AML,245,253,0.9683794466403162,https://github.com/Diegomangasco/Vision-Language-AML
flashboss/alfresco-tests-parent,252,252,1.0,https://github.com/flashboss/alfresco-tests-parent
midej4/alx-low_level_programming,252,252,1.0,https://github.com/midej4/alx-low_level_programming
urbeETH/ETHRome-2023,192,252,0.7619047619047619,https://github.com/urbeETH/ETHRome-2023
lugi0/ods-ci,247,251,0.9840637450199204,https://github.com/lugi0/ods-ci
bettellam/QGIS,250,250,1.0,https://github.com/bettellam/QGIS
anakin87/haystack,240,249,0.963855421686747,https://github.com/anakin87/haystack
Athena-OS/athena-repository-dev,249,249,1.0,https://github.com/Athena-OS/athena-repository-dev
steghy/juno,249,249,1.0,https://github.com/steghy/juno
Xoaib007/FilmooR,248,248,1.0,https://github.com/Xoaib007/FilmooR
mdesalvo/RDFSharp,248,248,1.0,https://github.com/mdesalvo/RDFSharp
Evo-Learning-project/sai_evo_frontend,248,248,1.0,https://github.com/Evo-Learning-project/sai_evo_frontend
webion-hub/whub,247,248,0.995967741935484,https://github.com/webion-hub/whub
JonnyBanana/Bananas_Flipper,248,248,1.0,https://github.com/JonnyBanana/Bananas_Flipper
Galaxarum/KabisBft,248,248,1.0,https://github.com/Galaxarum/KabisBft
diginsight/smartcache,227,248,0.9153225806451613,https://github.com/diginsight/smartcache
carmelopalumbo/boolbnb-team1,206,247,0.8340080971659919,https://github.com/carmelopalumbo/boolbnb-team1
tidalwave-it/solidblue3j-src,246,246,1.0,https://github.com/tidalwave-it/solidblue3j-src
buffer/thug,245,245,1.0,https://github.com/buffer/thug
tommasorigon/datamining,245,245,1.0,https://github.com/tommasorigon/datamining
emanuele-em/mitmproxy_rs,196,245,0.8,https://github.com/emanuele-em/mitmproxy_rs
Athena-OS/athena-docs,217,244,0.889344262295082,https://github.com/Athena-OS/athena-docs
carlocorradini/type-graphql,208,244,0.8524590163934426,https://github.com/carlocorradini/type-graphql
Zextras/tech-doc,241,244,0.9877049180327868,https://github.com/Zextras/tech-doc
ncbroberg/starter-academic,193,244,0.7909836065573771,https://github.com/ncbroberg/starter-academic
mqttjs/MQTT.js,240,244,0.9836065573770492,https://github.com/mqttjs/MQTT.js
lspita/ColumbusTrips,184,243,0.757201646090535,https://github.com/lspita/ColumbusTrips
RiccardoColella/Fake-Repo,243,243,1.0,https://github.com/RiccardoColella/Fake-Repo
josura/HCI,243,243,1.0,https://github.com/josura/HCI
MDeLuise/kapua,186,242,0.768595041322314,https://github.com/MDeLuise/kapua
black-sat/black,240,242,0.9917355371900828,https://github.com/black-sat/black
Evan-Roberts-808/LeetCode,241,241,1.0,https://github.com/Evan-Roberts-808/LeetCode
SirTakobi/l10n-italy,240,241,0.995850622406639,https://github.com/SirTakobi/l10n-italy
jakbtg/AI-lab,241,241,1.0,https://github.com/jakbtg/AI-lab
aciceri/emacs,241,241,1.0,https://github.com/aciceri/emacs
ooni/data,240,240,1.0,https://github.com/ooni/data
allegroai/clearml-helm-charts,239,240,0.9958333333333332,https://github.com/allegroai/clearml-helm-charts
Telemaco019/nebullvm,240,240,1.0,https://github.com/Telemaco019/nebullvm
lburgazzoli/camel-go,215,240,0.8958333333333334,https://github.com/lburgazzoli/camel-go
torchiaf/rancher-desktop,224,240,0.9333333333333332,https://github.com/torchiaf/rancher-desktop
locriandev/ocp-build-data,240,240,1.0,https://github.com/locriandev/ocp-build-data
streambinder/spotitube,239,239,1.0,https://github.com/streambinder/spotitube
HorizenLabs/moria,239,239,1.0,https://github.com/HorizenLabs/moria
sisinflab/Ducho,199,239,0.8326359832635983,https://github.com/sisinflab/Ducho
francescopatane96/eNERVE,239,239,1.0,https://github.com/francescopatane96/eNERVE
Fabio930/argos3-kilobot,238,238,1.0,https://github.com/Fabio930/argos3-kilobot
fantonangeli/kie-tools,234,238,0.9831932773109244,https://github.com/fantonangeli/kie-tools
burningion/dance-catch-dance-catch,237,237,1.0,https://github.com/burningion/dance-catch-dance-catch
laraxot/module_extrafield,221,237,0.9324894514767932,https://github.com/laraxot/module_extrafield
commercelayer/commercelayer-sdk,187,237,0.7890295358649789,https://github.com/commercelayer/commercelayer-sdk
adisandro/adisandro.github.io,237,237,1.0,https://github.com/adisandro/adisandro.github.io
puntoclassic/menu-frontend-angular,237,237,1.0,https://github.com/puntoclassic/menu-frontend-angular
Mokamint-chain/mokamint,237,237,1.0,https://github.com/Mokamint-chain/mokamint
toomuchdesign/openapi-ts-json-schema,198,237,0.8354430379746836,https://github.com/toomuchdesign/openapi-ts-json-schema
johnno1962/HotReloading,236,236,1.0,https://github.com/johnno1962/HotReloading
m-lab/msak,233,236,0.9872881355932204,https://github.com/m-lab/msak
mattiadido95/textualSearchEngine,236,236,1.0,https://github.com/mattiadido95/textualSearchEngine
bopen/c3s-eqc-automatic-quality-control,236,236,1.0,https://github.com/bopen/c3s-eqc-automatic-quality-control
Vitalii-Mamchur/pet-project,181,236,0.7669491525423728,https://github.com/Vitalii-Mamchur/pet-project
antolonappan/antolonappan,235,235,1.0,https://github.com/antolonappan/antolonappan
Schrodinger-Hat/osday-2023,235,235,1.0,https://github.com/Schrodinger-Hat/osday-2023
Borruso/l10n-italy,221,235,0.9404255319148936,https://github.com/Borruso/l10n-italy
LIonWeb-org/lioncore-java,231,234,0.9871794871794872,https://github.com/LIonWeb-org/lioncore-java
andywar65/dj-hx-patterns,231,234,0.9871794871794872,https://github.com/andywar65/dj-hx-patterns
dvesperini/terraform-provider-ibm,201,234,0.8589743589743589,https://github.com/dvesperini/terraform-provider-ibm
Exyss/university-notes,234,234,1.0,https://github.com/Exyss/university-notes
tamarapennacchio/Esame,233,233,1.0,https://github.com/tamarapennacchio/Esame
spring1843/go-dsa,233,233,1.0,https://github.com/spring1843/go-dsa
cameyo42/newLISP-Note,233,233,1.0,https://github.com/cameyo42/newLISP-Note
ermanno/aws-parallelcluster,233,233,1.0,https://github.com/ermanno/aws-parallelcluster
lferra/my-digital-garden,233,233,1.0,https://github.com/lferra/my-digital-garden
bcgalvin/cdk8s-metaflow,232,232,1.0,https://github.com/bcgalvin/cdk8s-metaflow
CodingLady22/Dailies,232,232,1.0,https://github.com/CodingLady22/Dailies
ptkdev-boilerplate/node-cli-boilerplate,232,232,1.0,https://github.com/ptkdev-boilerplate/node-cli-boilerplate
pagopa/cms-pn-infra,230,231,0.9956709956709956,https://github.com/pagopa/cms-pn-infra
fforchino/vectorx,231,231,1.0,https://github.com/fforchino/vectorx
TheMule71/l10n-italy,229,231,0.9913419913419912,https://github.com/TheMule71/l10n-italy
aler9/gortsplib,230,230,1.0,https://github.com/aler9/gortsplib
SimoxG7/leetcode-solutions,230,230,1.0,https://github.com/SimoxG7/leetcode-solutions
CommunityToolkit/dotnet,230,230,1.0,https://github.com/CommunityToolkit/dotnet
JervNorsk/stellar-rebirth,230,230,1.0,https://github.com/JervNorsk/stellar-rebirth
LeonardoAgasso/Ohnomirna,229,230,0.9956521739130436,https://github.com/LeonardoAgasso/Ohnomirna
sisinflab/Graph-Pipeline-Evaluation,229,230,0.9956521739130436,https://github.com/sisinflab/Graph-Pipeline-Evaluation
consiglionazionaledellericerche/jscontact-tools,230,230,1.0,https://github.com/consiglionazionaledellericerche/jscontact-tools
tdlight-team/tdlight-java-natives,230,230,1.0,https://github.com/tdlight-team/tdlight-java-natives
PayThePizzo/Predictive-Analysis-Notes,229,229,1.0,https://github.com/PayThePizzo/Predictive-Analysis-Notes
marcellorinaldo/kura,219,227,0.9647577092511012,https://github.com/marcellorinaldo/kura
di-unipi-socc/socc-website,227,227,1.0,https://github.com/di-unipi-socc/socc-website
ElijahIgodo/biamara,227,227,1.0,https://github.com/ElijahIgodo/biamara
ImAndresito/ImAndresito.github.io,227,227,1.0,https://github.com/ImAndresito/ImAndresito.github.io
drakkar1969/pacview,227,227,1.0,https://github.com/drakkar1969/pacview
pichillilorenzo/flutter_inappwebview,196,227,0.8634361233480177,https://github.com/pichillilorenzo/flutter_inappwebview
andeha/Twinbeam,226,226,1.0,https://github.com/andeha/Twinbeam
Manu098vm/Tera-Finder,226,226,1.0,https://github.com/Manu098vm/Tera-Finder
giocaizzi/pysurfline,206,226,0.911504424778761,https://github.com/giocaizzi/pysurfline
albnavarro/neovim-config,225,225,1.0,https://github.com/albnavarro/neovim-config
smartinello1/sf-lwc,225,225,1.0,https://github.com/smartinello1/sf-lwc
FrancescoCeruti/linux-show-player,225,225,1.0,https://github.com/FrancescoCeruti/linux-show-player
leonardoarcari/dcapal,202,225,0.8977777777777778,https://github.com/leonardoarcari/dcapal
walshthomas/walshthomasdotcom,224,224,1.0,https://github.com/walshthomas/walshthomasdotcom
mfvitale/debezium,213,224,0.9508928571428572,https://github.com/mfvitale/debezium
followynne/serilog-ui,222,224,0.9910714285714286,https://github.com/followynne/serilog-ui
m-marini/railways,224,224,1.0,https://github.com/m-marini/railways
NethServer/nethsecurity-ui,218,224,0.9732142857142856,https://github.com/NethServer/nethsecurity-ui
ClueLang/Clue,220,224,0.9821428571428572,https://github.com/ClueLang/Clue
itzpr3d4t0r/pygame-ce,220,223,0.9865470852017936,https://github.com/itzpr3d4t0r/pygame-ce
vendure-ecommerce/storefront-qwik-starter,216,223,0.968609865470852,https://github.com/vendure-ecommerce/storefront-qwik-starter
paganellif/renovate-bot,223,223,1.0,https://github.com/paganellif/renovate-bot
qweeze/rstream,214,222,0.963963963963964,https://github.com/qweeze/rstream
Salv997/upwork-site-adl,222,222,1.0,https://github.com/Salv997/upwork-site-adl
empiricompany/openmage,198,222,0.8918918918918919,https://github.com/empiricompany/openmage
mcallegari/qlcplus,222,222,1.0,https://github.com/mcallegari/qlcplus
maxcohen31/Codewars-Solutions,222,222,1.0,https://github.com/maxcohen31/Codewars-Solutions
opendatamesh-initiative/odm-specification-dpdescriptor,221,222,0.9954954954954957,https://github.com/opendatamesh-initiative/odm-specification-dpdescriptor
open-cobralibero/enigma2-8.3,222,222,1.0,https://github.com/open-cobralibero/enigma2-8.3
LeddaZ/android_device_xiaomi_curtana,222,222,1.0,https://github.com/LeddaZ/android_device_xiaomi_curtana
status-im/keycard-pro,222,222,1.0,https://github.com/status-im/keycard-pro
marcodefelice/budget-tracker,220,221,0.995475113122172,https://github.com/marcodefelice/budget-tracker
samdsk/daily_leetcode,221,221,1.0,https://github.com/samdsk/daily_leetcode
keadex/keadex,221,221,1.0,https://github.com/keadex/keadex
Michelinu/WarPrinter,221,221,1.0,https://github.com/Michelinu/WarPrinter
rcardin/rockthejvm.github.io,221,221,1.0,https://github.com/rcardin/rockthejvm.github.io
cometd/cometd,188,221,0.8506787330316742,https://github.com/cometd/cometd
alessiocameroni/RevoMusicPlayer,220,220,1.0,https://github.com/alessiocameroni/RevoMusicPlayer
fabriziosestito/rhai_rustler,198,220,0.9,https://github.com/fabriziosestito/rhai_rustler
stefantalpalaru/gentoo-overlay,220,220,1.0,https://github.com/stefantalpalaru/gentoo-overlay
MRColorR/money4band,218,220,0.990909090909091,https://github.com/MRColorR/money4band
Alexthw46/Ars-Nouveau,203,220,0.9227272727272728,https://github.com/Alexthw46/Ars-Nouveau
commercionetwork/almerico,209,220,0.95,https://github.com/commercionetwork/almerico
K-Society/KSociety.Log,220,220,1.0,https://github.com/K-Society/KSociety.Log
alaindet/pandivia,220,220,1.0,https://github.com/alaindet/pandivia
0xdonva/Uni,220,220,1.0,https://github.com/0xdonva/Uni
Mathorga/rughai,220,220,1.0,https://github.com/Mathorga/rughai
jeanslack/Videomass,220,220,1.0,https://github.com/jeanslack/Videomass
simonegiancola09/simonegiancola09.github.io,219,220,0.9954545454545456,https://github.com/simonegiancola09/simonegiancola09.github.io
SGT-Bots/SGT-Bots-Website,219,219,1.0,https://github.com/SGT-Bots/SGT-Bots-Website
madiele/VoDToPodcastRSS,183,219,0.8356164383561644,https://github.com/madiele/VoDToPodcastRSS
quaeris-tv/base_dev01,218,218,1.0,https://github.com/quaeris-tv/base_dev01
vigna/sux-rs,213,218,0.9770642201834864,https://github.com/vigna/sux-rs
Swordfish90/Lemuroid,218,218,1.0,https://github.com/Swordfish90/Lemuroid
ICTP/RegCM,201,217,0.9262672811059908,https://github.com/ICTP/RegCM
componhead/kickstart.nvim,217,217,1.0,https://github.com/componhead/kickstart.nvim
gsilano/gsilano.github.io,217,217,1.0,https://github.com/gsilano/gsilano.github.io
ExpediaGroup/bull,214,216,0.9907407407407408,https://github.com/ExpediaGroup/bull
gnuton/asuswrt-merlin.ng,216,216,1.0,https://github.com/gnuton/asuswrt-merlin.ng
CodeKaito/Java,216,216,1.0,https://github.com/CodeKaito/Java
andywar65/djupkeep,216,216,1.0,https://github.com/andywar65/djupkeep
kikkomep/lifemonitor-web,216,216,1.0,https://github.com/kikkomep/lifemonitor-web
sebastianomelita/time-tick-scheduler,215,215,1.0,https://github.com/sebastianomelita/time-tick-scheduler
gladzeka/TcpServer,215,215,1.0,https://github.com/gladzeka/TcpServer
FoxWorn3365/Cloud,215,215,1.0,https://github.com/FoxWorn3365/Cloud
pagopa/mil-functions,215,215,1.0,https://github.com/pagopa/mil-functions
MP281X/blixter,215,215,1.0,https://github.com/MP281X/blixter
entando-samples/agenda-bundle-templates,174,215,0.8093023255813954,https://github.com/entando-samples/agenda-bundle-templates
antoniopelusi/antoniopelusi.com,214,214,1.0,https://github.com/antoniopelusi/antoniopelusi.com
Ishikawa7/Ishikawa7,214,214,1.0,https://github.com/Ishikawa7/Ishikawa7
iisgiua/giuaschool-docs,214,214,1.0,https://github.com/iisgiua/giuaschool-docs
NamelessHero987/namelesshero987.github.io,214,214,1.0,https://github.com/NamelessHero987/namelesshero987.github.io
ultron3/miapp,214,214,1.0,https://github.com/ultron3/miapp
enrico-usai/aws-parallelcluster,208,214,0.97196261682243,https://github.com/enrico-usai/aws-parallelcluster
Lucksi/Mr.Holmes,213,213,1.0,https://github.com/Lucksi/Mr.Holmes
seeu-inspace/web3-security-notes,213,213,1.0,https://github.com/seeu-inspace/web3-security-notes
Smjert/osquery,213,213,1.0,https://github.com/Smjert/osquery
LorenzoSciandra/FilesForMyObsidian,213,213,1.0,https://github.com/LorenzoSciandra/FilesForMyObsidian
pietrobelloni/pietrobelloni.github.io,213,213,1.0,https://github.com/pietrobelloni/pietrobelloni.github.io
ace0000789/2277143-device-36,213,213,1.0,https://github.com/ace0000789/2277143-device-36
Ghelm99/EdiProject,203,213,0.9530516431924884,https://github.com/Ghelm99/EdiProject
opencitations/api,188,213,0.8826291079812206,https://github.com/opencitations/api
MarcoCellini/MarcoCellini,212,212,1.0,https://github.com/MarcoCellini/MarcoCellini
iqnite/ScratchAddons,180,212,0.8490566037735849,https://github.com/iqnite/ScratchAddons
965311532/965311532,212,212,1.0,https://github.com/965311532/965311532
Eclectic-Qbit/eq_website,210,212,0.9905660377358492,https://github.com/Eclectic-Qbit/eq_website
vivo75/ebuilds,212,212,1.0,https://github.com/vivo75/ebuilds
Abelarm/solcore5,212,212,1.0,https://github.com/Abelarm/solcore5
lucAmbr0/GreenStore,212,212,1.0,https://github.com/lucAmbr0/GreenStore
CodingLady22/Food-management-app,212,212,1.0,https://github.com/CodingLady22/Food-management-app
tur-learning/CIS1051-python,167,211,0.7914691943127962,https://github.com/tur-learning/CIS1051-python
marcodefelice/budget-tracker_v2,211,211,1.0,https://github.com/marcodefelice/budget-tracker_v2
SwitchAxe/Rewind,211,211,1.0,https://github.com/SwitchAxe/Rewind
Stefanomarton/DotFiles,210,210,1.0,https://github.com/Stefanomarton/DotFiles
ArgonLang/Argon,210,210,1.0,https://github.com/ArgonLang/Argon
diegobersanetti/trackerslist,210,210,1.0,https://github.com/diegobersanetti/trackerslist
goto-eof/dev_board_api_rust,210,210,1.0,https://github.com/goto-eof/dev_board_api_rust
mirko-pagliai/me-cms,210,210,1.0,https://github.com/mirko-pagliai/me-cms
Retr0100/ProjectVirgil,200,209,0.9569377990430622,https://github.com/Retr0100/ProjectVirgil
giocoal/giocoal,209,209,1.0,https://github.com/giocoal/giocoal
multi-ego/multi-eGO,196,209,0.937799043062201,https://github.com/multi-ego/multi-eGO
Vanilla-OS/website,204,209,0.9760765550239234,https://github.com/Vanilla-OS/website
R1ck77/advent-of-code-2022,209,209,1.0,https://github.com/R1ck77/advent-of-code-2022
toto-castaldi/advent-of-code,208,208,1.0,https://github.com/toto-castaldi/advent-of-code
zeroincombenze/tools,208,208,1.0,https://github.com/zeroincombenze/tools
davidevignozzi/threejs-journey,208,208,1.0,https://github.com/davidevignozzi/threejs-journey
CarloLucibello/Tsunami.jl,207,207,1.0,https://github.com/CarloLucibello/Tsunami.jl
MattTrudu/RFI_BL,207,207,1.0,https://github.com/MattTrudu/RFI_BL
cplcode/cplcode.github.io,207,207,1.0,https://github.com/cplcode/cplcode.github.io
pagopa/pn-progression-sensor,182,207,0.8792270531400966,https://github.com/pagopa/pn-progression-sensor
G3Kappa/Ergo,207,207,1.0,https://github.com/G3Kappa/Ergo
MassimoPetracca/OpenSees,207,207,1.0,https://github.com/MassimoPetracca/OpenSees
gsarrco/MuoVErsi,206,206,1.0,https://github.com/gsarrco/MuoVErsi
Risorse-Associazione-Culturale/risorse-associazione-culturale.github.io,194,206,0.941747572815534,https://github.com/Risorse-Associazione-Culturale/risorse-associazione-culturale.github.io
eduardodangelo/background-color-changer,206,206,1.0,https://github.com/eduardodangelo/background-color-changer
Fab-Ver/ProgettoWeb,206,206,1.0,https://github.com/Fab-Ver/ProgettoWeb
JustWhit3/osmanip,168,206,0.8155339805825242,https://github.com/JustWhit3/osmanip
xtendui/xtendui,189,206,0.9174757281553398,https://github.com/xtendui/xtendui
Spezialissimo/DB23-caesena,165,206,0.8009708737864077,https://github.com/Spezialissimo/DB23-caesena
iisgiua/giuaschool,205,205,1.0,https://github.com/iisgiua/giuaschool
TesiMannaMattia/Script-tesi,205,205,1.0,https://github.com/TesiMannaMattia/Script-tesi
Absidaa/home-workout,205,205,1.0,https://github.com/Absidaa/home-workout
javanile/mush,205,205,1.0,https://github.com/javanile/mush
Baio1977/OC-Little-Translated,205,205,1.0,https://github.com/Baio1977/OC-Little-Translated
oponyx/Marlin,191,204,0.9362745098039216,https://github.com/oponyx/Marlin
giampaolo/psutil,203,203,1.0,https://github.com/giampaolo/psutil
danieleteti/delphimvcframework,189,203,0.9310344827586208,https://github.com/danieleteti/delphimvcframework
ilteoood/sesamo-backend,177,203,0.8719211822660099,https://github.com/ilteoood/sesamo-backend
dippi9845/roddit,202,202,1.0,https://github.com/dippi9845/roddit
fmselab/ct-tools,202,202,1.0,https://github.com/fmselab/ct-tools
tommasobattisti/thePPPPconspiracy,152,202,0.7524752475247525,https://github.com/tommasobattisti/thePPPPconspiracy
archiviofontiorali/voice-landscape,202,202,1.0,https://github.com/archiviofontiorali/voice-landscape
goto-eof/octoscraper,202,202,1.0,https://github.com/goto-eof/octoscraper
portalgas/neo.portalgas,199,201,0.9900497512437813,https://github.com/portalgas/neo.portalgas
MicheleVitulli/Armando2-Vino,201,201,1.0,https://github.com/MicheleVitulli/Armando2-Vino
kiegroup/drools-ansible-rulebook-integration,181,201,0.900497512437811,https://github.com/kiegroup/drools-ansible-rulebook-integration
mrgian/felix,201,201,1.0,https://github.com/mrgian/felix
hyperaudio/hyperaudio-lite-editor,200,200,1.0,https://github.com/hyperaudio/hyperaudio-lite-editor
rust-lang/staging.crates.io-index,200,200,1.0,https://github.com/rust-lang/staging.crates.io-index
Prisoner-s-Dilemma/BarsBehindBars,200,200,1.0,https://github.com/Prisoner-s-Dilemma/BarsBehindBars
hiepph/dotfiles,199,199,1.0,https://github.com/hiepph/dotfiles
Parrazyte/winds,199,199,1.0,https://github.com/Parrazyte/winds
robpap96/Boolbnb_Backoffice,175,199,0.8793969849246231,https://github.com/robpap96/Boolbnb_Backoffice
gioboa/qwik,187,199,0.9396984924623116,https://github.com/gioboa/qwik
brusdev/activemq-artemis-operator,186,199,0.9346733668341708,https://github.com/brusdev/activemq-artemis-operator
jackdbd/personal-website,199,199,1.0,https://github.com/jackdbd/personal-website
Engineering-Research-and-Development/fiware-orion-pyspark-connector,196,198,0.98989898989899,https://github.com/Engineering-Research-and-Development/fiware-orion-pyspark-connector
italia/app-valutazione-modelli-docs,194,198,0.9797979797979798,https://github.com/italia/app-valutazione-modelli-docs
loresuso/falcoctl,198,198,1.0,https://github.com/loresuso/falcoctl
fabiobrz/intersmash,198,198,1.0,https://github.com/fabiobrz/intersmash
fmount/glance-operator,184,198,0.9292929292929292,https://github.com/fmount/glance-operator
AndPatr/awesome_utils,198,198,1.0,https://github.com/AndPatr/awesome_utils
icub-tech-iit/ergocub-software,159,198,0.803030303030303,https://github.com/icub-tech-iit/ergocub-software
robotology/icub-main,197,197,1.0,https://github.com/robotology/icub-main
FrancescoLuzzi/TerminalSetup,197,197,1.0,https://github.com/FrancescoLuzzi/TerminalSetup
webarkit/jsartoolkitNFT,184,197,0.934010152284264,https://github.com/webarkit/jsartoolkitNFT
Bellisario/musicale,158,197,0.8020304568527918,https://github.com/Bellisario/musicale
TrueLayer/truelayer-java,149,197,0.7563451776649747,https://github.com/TrueLayer/truelayer-java
agusdmb/nvim,197,197,1.0,https://github.com/agusdmb/nvim
gmeoli/Ecole42,197,197,1.0,https://github.com/gmeoli/Ecole42
go-skynet/go-llama.cpp,194,197,0.9847715736040608,https://github.com/go-skynet/go-llama.cpp
edoardottt/csprecon,177,197,0.8984771573604061,https://github.com/edoardottt/csprecon
fabioformosa/quartz-manager,196,196,1.0,https://github.com/fabioformosa/quartz-manager
carellafrancesca/fs0223-Francesca-Carella,196,196,1.0,https://github.com/carellafrancesca/fs0223-Francesca-Carella
pierDipi/eventing,195,195,1.0,https://github.com/pierDipi/eventing
rozzilla/platformatic,195,195,1.0,https://github.com/rozzilla/platformatic
manuelcattelan/.dotfiles,195,195,1.0,https://github.com/manuelcattelan/.dotfiles
alaindet/learn-go,195,195,1.0,https://github.com/alaindet/learn-go
gciavarrini/parodos,194,195,0.9948717948717948,https://github.com/gciavarrini/parodos
Scavix/Scavix.github.io,195,195,1.0,https://github.com/Scavix/Scavix.github.io
twoojoo/node-smart-queues,195,195,1.0,https://github.com/twoojoo/node-smart-queues
VicidominiLab/VicidominiLab.github.io,148,195,0.7589743589743589,https://github.com/VicidominiLab/VicidominiLab.github.io
Croway/camel,193,194,0.9948453608247424,https://github.com/Croway/camel
volkerdoerr/gmd,149,194,0.7680412371134021,https://github.com/volkerdoerr/gmd
Brahmware/ims-website,194,194,1.0,https://github.com/Brahmware/ims-website
marco-acorte/antispam-it,194,194,1.0,https://github.com/marco-acorte/antispam-it
SwagSpaad/Swag-Appunti,193,193,1.0,https://github.com/SwagSpaad/Swag-Appunti
jotadagostin/katiadagostin,193,193,1.0,https://github.com/jotadagostin/katiadagostin
SteRiccio/my-arena-mobile,193,193,1.0,https://github.com/SteRiccio/my-arena-mobile
LBOrganizationWorkArea/ardupilot,193,193,1.0,https://github.com/LBOrganizationWorkArea/ardupilot
opencitations/index,193,193,1.0,https://github.com/opencitations/index
ferama/pigdns,193,193,1.0,https://github.com/ferama/pigdns
dawitanelay/Ensuring-Quality-Releases,192,192,1.0,https://github.com/dawitanelay/Ensuring-Quality-Releases
stamane-it/website,192,192,1.0,https://github.com/stamane-it/website
ItsVixano/android_vendor_extra,192,192,1.0,https://github.com/ItsVixano/android_vendor_extra
brberis/fullscope-python-django-resto-app,192,192,1.0,https://github.com/brberis/fullscope-python-django-resto-app
fra98/liqo,184,192,0.9583333333333334,https://github.com/fra98/liqo
autenticami/autenticami,191,191,1.0,https://github.com/autenticami/autenticami
jebaram/Openshift,191,191,1.0,https://github.com/jebaram/Openshift
Ta-no-kami/phalanx-bot,170,191,0.8900523560209425,https://github.com/Ta-no-kami/phalanx-bot
jakbtg/TLN,191,191,1.0,https://github.com/jakbtg/TLN
contactlab/contactsnag,150,191,0.7853403141361257,https://github.com/contactlab/contactsnag
SebaUbuntu/android_packages_apps_Glimpse,153,191,0.8010471204188482,https://github.com/SebaUbuntu/android_packages_apps_Glimpse
MattDavid99/Airbnb-Backend-Proj,191,191,1.0,https://github.com/MattDavid99/Airbnb-Backend-Proj
Vanilla-OS/os,177,191,0.9267015706806284,https://github.com/Vanilla-OS/os
CrisGhinghi/S2I-JS-Advanced,190,190,1.0,https://github.com/CrisGhinghi/S2I-JS-Advanced
popcornell/espnet,161,190,0.8473684210526315,https://github.com/popcornell/espnet
midej4/alx-higher_level_programming,190,190,1.0,https://github.com/midej4/alx-higher_level_programming
arturscheiner/simple-viacep-weather-integration,190,190,1.0,https://github.com/arturscheiner/simple-viacep-weather-integration
EMalagoli92/CvT-TensorFlow,190,190,1.0,https://github.com/EMalagoli92/CvT-TensorFlow
FilippoVissani/CityTwin-report,155,190,0.8157894736842105,https://github.com/FilippoVissani/CityTwin-report
davidevignozzi/room-portfolio,190,190,1.0,https://github.com/davidevignozzi/room-portfolio
mmtlab/ABHORIZON_PC_VISION,190,190,1.0,https://github.com/mmtlab/ABHORIZON_PC_VISION
xFrah/ACSAI-obsidian,190,190,1.0,https://github.com/xFrah/ACSAI-obsidian
yukkop/vpn-telegram-bot,187,190,0.9842105263157894,https://github.com/yukkop/vpn-telegram-bot
elpaso/QGIS,185,189,0.9788359788359788,https://github.com/elpaso/QGIS
sohailabbas11/react,189,189,1.0,https://github.com/sohailabbas11/react
agab0110/rank-up-frontend,144,189,0.7619047619047619,https://github.com/agab0110/rank-up-frontend
trottomv/dotme,165,189,0.873015873015873,https://github.com/trottomv/dotme
66Bunz/Droptop-Four.github.io,188,189,0.9947089947089948,https://github.com/66Bunz/Droptop-Four.github.io
CastagnaIT/plugin.video.netflix,189,189,1.0,https://github.com/CastagnaIT/plugin.video.netflix
kubealex/event-driven-automation,189,189,1.0,https://github.com/kubealex/event-driven-automation
Spectrum5/bool-bnb-frontend,147,189,0.7777777777777778,https://github.com/Spectrum5/bool-bnb-frontend
petretiandrea/home-assistant-tapo-p100,174,188,0.925531914893617,https://github.com/petretiandrea/home-assistant-tapo-p100
cascade-gmbh/cascade-public-monorepo,188,188,1.0,https://github.com/cascade-gmbh/cascade-public-monorepo
testalorenzo/climate_repository,177,188,0.9414893617021276,https://github.com/testalorenzo/climate_repository
luigibonati/mlcvs,150,188,0.7978723404255319,https://github.com/luigibonati/mlcvs
johnno1962/InjectionIII,188,188,1.0,https://github.com/johnno1962/InjectionIII
francescocorsello/react-module-exercises,187,187,1.0,https://github.com/francescocorsello/react-module-exercises
bamless/home-sweet-home,187,187,1.0,https://github.com/bamless/home-sweet-home
Dreaming-Codes/discord-source,184,187,0.983957219251337,https://github.com/Dreaming-Codes/discord-source
luftmensch-luftmensch/Nixos,187,187,1.0,https://github.com/luftmensch-luftmensch/Nixos
diantonioandrea/CLIbrary,187,187,1.0,https://github.com/diantonioandrea/CLIbrary
Ridanisaurus/EmendatusEnigmatica,183,187,0.9786096256684492,https://github.com/Ridanisaurus/EmendatusEnigmatica
MrSinho/shengine,187,187,1.0,https://github.com/MrSinho/shengine
coffee-tools/coffee,186,186,1.0,https://github.com/coffee-tools/coffee
pietrooliva/pietrooliva.github.io,186,186,1.0,https://github.com/pietrooliva/pietrooliva.github.io
mia-platform/distribution,166,186,0.8924731182795699,https://github.com/mia-platform/distribution
francescovolpe/Cyber-Security-Notes,186,186,1.0,https://github.com/francescovolpe/Cyber-Security-Notes
alessio-romano/sfoffo-pentesting-notes,186,186,1.0,https://github.com/alessio-romano/sfoffo-pentesting-notes
emanuelediluzio/frappe_whatsapp,186,186,1.0,https://github.com/emanuelediluzio/frappe_whatsapp
giuliobenetti/u-boot-imxrt,185,185,1.0,https://github.com/giuliobenetti/u-boot-imxrt
lolgab/snunit,185,185,1.0,https://github.com/lolgab/snunit
melix99/telegrand,175,185,0.945945945945946,https://github.com/melix99/telegrand
TheBossMagnus/winget-pkgs,185,185,1.0,https://github.com/TheBossMagnus/winget-pkgs
Amatofrancesco99/master-thesis,185,185,1.0,https://github.com/Amatofrancesco99/master-thesis
yukitakahashi1/yukitakahashi1.github.io,185,185,1.0,https://github.com/yukitakahashi1/yukitakahashi1.github.io
Typing-Monkeys/social-network-link-prediction,164,184,0.8913043478260869,https://github.com/Typing-Monkeys/social-network-link-prediction
cacioman/cacioman.github.io,184,184,1.0,https://github.com/cacioman/cacioman.github.io
vbreeze8192/Brasil-championship-multipage,184,184,1.0,https://github.com/vbreeze8192/Brasil-championship-multipage
RistoAle97/ContinualNAT,184,184,1.0,https://github.com/RistoAle97/ContinualNAT
NicholasPilotto/RickAndMortyIOSApp,183,183,1.0,https://github.com/NicholasPilotto/RickAndMortyIOSApp
moio/scalability-tests,183,183,1.0,https://github.com/moio/scalability-tests
leonardoLavagna/leonardoLavagna,183,183,1.0,https://github.com/leonardoLavagna/leonardoLavagna
contactlab/appy,147,183,0.8032786885245902,https://github.com/contactlab/appy
ManyDesigns/Portofino,183,183,1.0,https://github.com/ManyDesigns/Portofino
Alessandro-Salerno/Weball,183,183,1.0,https://github.com/Alessandro-Salerno/Weball
madbob/GASdottoNG,183,183,1.0,https://github.com/madbob/GASdottoNG
MacPapo/UniManual,170,183,0.9289617486338798,https://github.com/MacPapo/UniManual
BurningTreeC/tiddlywiki-codemirror-6,183,183,1.0,https://github.com/BurningTreeC/tiddlywiki-codemirror-6
MasterCruelty/robbot,183,183,1.0,https://github.com/MasterCruelty/robbot
neulabscom/neulabs-cdk-constructs,176,182,0.967032967032967,https://github.com/neulabscom/neulabs-cdk-constructs
nicolaiarocci/nicolaiarocci.com,182,182,1.0,https://github.com/nicolaiarocci/nicolaiarocci.com
dulvui/futsal-manager,182,182,1.0,https://github.com/dulvui/futsal-manager
diowa/ruby2-rails5-bootstrap-heroku,165,182,0.9065934065934066,https://github.com/diowa/ruby2-rails5-bootstrap-heroku
lburgazzoli/bf2-cos-fleetshard-go,158,182,0.8681318681318682,https://github.com/lburgazzoli/bf2-cos-fleetshard-go
albertojacini/pint-platform,182,182,1.0,https://github.com/albertojacini/pint-platform
agab0110/rankup_project,156,182,0.8571428571428571,https://github.com/agab0110/rankup_project
yougnoli/Youtube,181,181,1.0,https://github.com/yougnoli/Youtube
OwlGramDev/OwlGram,178,181,0.9834254143646408,https://github.com/OwlGramDev/OwlGram
SimoneMoreWare/object-oriented-programming-,181,181,1.0,https://github.com/SimoneMoreWare/object-oriented-programming-
EMalagoli92/GCViT-TensorFlow,181,181,1.0,https://github.com/EMalagoli92/GCViT-TensorFlow
ferama/crauti,174,181,0.9613259668508288,https://github.com/ferama/crauti
laraxot/base_ticket,181,181,1.0,https://github.com/laraxot/base_ticket
it-landfill/Green-Ferret-Server,181,181,1.0,https://github.com/it-landfill/Green-Ferret-Server
wonder-image/app,181,181,1.0,https://github.com/wonder-image/app
alexdelprete/ha-abb-powerone-pvi-sunspec,181,181,1.0,https://github.com/alexdelprete/ha-abb-powerone-pvi-sunspec
RiccardoCalvi/fs0722b-Riccardo-Calvi,181,181,1.0,https://github.com/RiccardoCalvi/fs0722b-Riccardo-Calvi
ClouDesire/java-api-client,165,180,0.9166666666666666,https://github.com/ClouDesire/java-api-client
SalaniLeo/Flake,180,180,1.0,https://github.com/SalaniLeo/Flake
AndreaZero/Corner-Zero,180,180,1.0,https://github.com/AndreaZero/Corner-Zero
Stell0/nethvoice,170,180,0.9444444444444444,https://github.com/Stell0/nethvoice
mlocati/docker-php-extension-installer,151,180,0.8388888888888889,https://github.com/mlocati/docker-php-extension-installer
anhelus/pcs,164,180,0.9111111111111112,https://github.com/anhelus/pcs
luigiselmi/luigiselmi.github.io,180,180,1.0,https://github.com/luigiselmi/luigiselmi.github.io
hifly81/kafka-examples,180,180,1.0,https://github.com/hifly81/kafka-examples
agromagna/agromagna.github.io,156,180,0.8666666666666667,https://github.com/agromagna/agromagna.github.io
Khalevindmitriy/uishop,179,179,1.0,https://github.com/Khalevindmitriy/uishop
Dreaming-Codes/nuxt-event-scheduler,179,179,1.0,https://github.com/Dreaming-Codes/nuxt-event-scheduler
edoardottt/favirecon,156,179,0.8715083798882681,https://github.com/edoardottt/favirecon
GES-ppravatto/GES-comp-echem,153,179,0.8547486033519553,https://github.com/GES-ppravatto/GES-comp-echem
vinbacco/backoffice,172,179,0.9608938547486032,https://github.com/vinbacco/backoffice
zAiro12/AdventOfCode,179,179,1.0,https://github.com/zAiro12/AdventOfCode
ultron3/peso_famiglia,179,179,1.0,https://github.com/ultron3/peso_famiglia
laraxot/module_media,139,179,0.776536312849162,https://github.com/laraxot/module_media
timothyrusso/news-explorer-frontend,178,178,1.0,https://github.com/timothyrusso/news-explorer-frontend
voltumna-linux/meta-voltumna,178,178,1.0,https://github.com/voltumna-linux/meta-voltumna
AlessioGiacobbe/PogBoy,178,178,1.0,https://github.com/AlessioGiacobbe/PogBoy
aldotele/globon,178,178,1.0,https://github.com/aldotele/globon
randaz81/yarp,178,178,1.0,https://github.com/randaz81/yarp
italiaremote/awesome-italia-remote,178,178,1.0,https://github.com/italiaremote/awesome-italia-remote
il-Grigio/HACK4AIV,149,178,0.8370786516853933,https://github.com/il-Grigio/HACK4AIV
KL-B0/godot-builder,178,178,1.0,https://github.com/KL-B0/godot-builder
ptkdev/sveltekit-electron-adapter,178,178,1.0,https://github.com/ptkdev/sveltekit-electron-adapter
franci1710/rnn_sys_ident,178,178,1.0,https://github.com/franci1710/rnn_sys_ident
mq1/icy-launcher,178,178,1.0,https://github.com/mq1/icy-launcher
LorenzoBonanni/RobotArena,178,178,1.0,https://github.com/LorenzoBonanni/RobotArena
Kais3rP/react-text2speech,177,177,1.0,https://github.com/Kais3rP/react-text2speech
nicolaiarocci/nicolaiarocci.github.io,177,177,1.0,https://github.com/nicolaiarocci/nicolaiarocci.github.io
VincenzoMarcovecchio/portfolio-v2,167,177,0.943502824858757,https://github.com/VincenzoMarcovecchio/portfolio-v2
giuliobenetti/harfbuzz,177,177,1.0,https://github.com/giuliobenetti/harfbuzz
tassiLuca/code-plagiarism-detector,177,177,1.0,https://github.com/tassiLuca/code-plagiarism-detector
Sopuruchi-Kate/alx-low_level_programming,177,177,1.0,https://github.com/Sopuruchi-Kate/alx-low_level_programming
alessiomodonesi/web-app,153,177,0.864406779661017,https://github.com/alessiomodonesi/web-app
skyward-er/matlab-simulator,160,177,0.903954802259887,https://github.com/skyward-er/matlab-simulator
SuPaRuC/task_offloading,143,177,0.807909604519774,https://github.com/SuPaRuC/task_offloading
farmaceutica-younger/www.farmaceuticayounger.science,147,177,0.8305084745762712,https://github.com/farmaceutica-younger/www.farmaceuticayounger.science
ccaudek/ds4psy,176,176,1.0,https://github.com/ccaudek/ds4psy
gab-palmeri/aml-geolocalization,154,176,0.875,https://github.com/gab-palmeri/aml-geolocalization
pagopa/io-react-native-wallet,154,176,0.875,https://github.com/pagopa/io-react-native-wallet
ZioPao/The-Only-Cure-But-Better,176,176,1.0,https://github.com/ZioPao/The-Only-Cure-But-Better
pagopa/github-actions-template,136,176,0.7727272727272727,https://github.com/pagopa/github-actions-template
bloxster/erigon-doc,176,176,1.0,https://github.com/bloxster/erigon-doc
OmniaGit/odooplm,176,176,1.0,https://github.com/OmniaGit/odooplm
Athena-OS/package-source,176,176,1.0,https://github.com/Athena-OS/package-source
jfmarkan/final-project-backend,143,176,0.8125,https://github.com/jfmarkan/final-project-backend
simonecorsi/declarative-markdown,161,176,0.9147727272727272,https://github.com/simonecorsi/declarative-markdown
danielinux/wolfBoot,162,176,0.9204545454545454,https://github.com/danielinux/wolfBoot
Typing-Monkeys/AppuntiUniversita,170,176,0.9659090909090908,https://github.com/Typing-Monkeys/AppuntiUniversita
NicoNex/tau,176,176,1.0,https://github.com/NicoNex/tau
danielpeintner/thingweb.node-wot,175,175,1.0,https://github.com/danielpeintner/thingweb.node-wot
Gabri432/java-unimi,175,175,1.0,https://github.com/Gabri432/java-unimi
MatteoH2O1999/github-actions-jest-reporter,154,175,0.88,https://github.com/MatteoH2O1999/github-actions-jest-reporter
vigna/dsi-bitstream-rs,174,175,0.9942857142857144,https://github.com/vigna/dsi-bitstream-rs
simonecorsi/decorate-request-response,170,175,0.9714285714285714,https://github.com/simonecorsi/decorate-request-response
FiloSanza/univers-it,175,175,1.0,https://github.com/FiloSanza/univers-it
ecmwf-projects/cads-ui-library,164,174,0.942528735632184,https://github.com/ecmwf-projects/cads-ui-library
qasemii/imle-annotator,174,174,1.0,https://github.com/qasemii/imle-annotator
just-hms/jim,174,174,1.0,https://github.com/just-hms/jim
sensoworks/docs,172,174,0.9885057471264368,https://github.com/sensoworks/docs
andywar65/djeocad,174,174,1.0,https://github.com/andywar65/djeocad
elastic/elasticsearch-php,133,174,0.764367816091954,https://github.com/elastic/elasticsearch-php
89luca89/devpod,173,174,0.9942528735632185,https://github.com/89luca89/devpod
AIDA-HQ/AIDApp,166,173,0.9595375722543352,https://github.com/AIDA-HQ/AIDApp
michmattera/star-wars-quiz,173,173,1.0,https://github.com/michmattera/star-wars-quiz
fabgio/openhab-addons,173,173,1.0,https://github.com/fabgio/openhab-addons
SEMANTiCS-org/semantics-org.github.io,173,173,1.0,https://github.com/SEMANTiCS-org/semantics-org.github.io
M4tteoP/coraza-proxy-wasm,165,173,0.953757225433526,https://github.com/M4tteoP/coraza-proxy-wasm
abigagli/ModbusCrawler,173,173,1.0,https://github.com/abigagli/ModbusCrawler
grafana/xk6-output-prometheus-remote,148,173,0.8554913294797688,https://github.com/grafana/xk6-output-prometheus-remote
frafol/CleanStaffChat,173,173,1.0,https://github.com/frafol/CleanStaffChat
fblabs/hamlet-mod-sancon,173,173,1.0,https://github.com/fblabs/hamlet-mod-sancon
fcuzzocrea/android_device_samsung_universal990-common,173,173,1.0,https://github.com/fcuzzocrea/android_device_samsung_universal990-common
ElDavoo/ElDavoo,172,172,1.0,https://github.com/ElDavoo/ElDavoo
francescopellegrini/netrunner,167,172,0.9709302325581396,https://github.com/francescopellegrini/netrunner
tidalwave-it/thesefoolishthings-src,172,172,1.0,https://github.com/tidalwave-it/thesefoolishthings-src
erikyo/cf7-antispam,172,172,1.0,https://github.com/erikyo/cf7-antispam
zeroincombenze/l10n-italy,172,172,1.0,https://github.com/zeroincombenze/l10n-italy
DevManfre/InstagramAPI,172,172,1.0,https://github.com/DevManfre/InstagramAPI
fmount/manila-operator,172,172,1.0,https://github.com/fmount/manila-operator
nicoloboschi/pulsar,169,172,0.9825581395348836,https://github.com/nicoloboschi/pulsar
karafede/mobility_app,171,171,1.0,https://github.com/karafede/mobility_app
AndreiDiaconu97/zmk-config,171,171,1.0,https://github.com/AndreiDiaconu97/zmk-config
dslab-uniud/teaching,171,171,1.0,https://github.com/dslab-uniud/teaching
asmeta/asmeta,143,171,0.8362573099415205,https://github.com/asmeta/asmeta
polito/students-app,152,171,0.8888888888888888,https://github.com/polito/students-app
momonastia/nextjs-restaurant,171,171,1.0,https://github.com/momonastia/nextjs-restaurant
rbino/edgehog,171,171,1.0,https://github.com/rbino/edgehog
zwap-in/zwap_design_system,171,171,1.0,https://github.com/zwap-in/zwap_design_system
HangMan-The-Game/website,171,171,1.0,https://github.com/HangMan-The-Game/website
albnavarro/mob-project,166,170,0.976470588235294,https://github.com/albnavarro/mob-project
astrid-net/astrid-net.github.io,170,170,1.0,https://github.com/astrid-net/astrid-net.github.io
g-battaglia/kerykeion,170,170,1.0,https://github.com/g-battaglia/kerykeion
giulianopz/newscanoe,170,170,1.0,https://github.com/giulianopz/newscanoe
damianoravalico/LLMGIpy,170,170,1.0,https://github.com/damianoravalico/LLMGIpy
Aerendir/phpstorm-settings,170,170,1.0,https://github.com/Aerendir/phpstorm-settings
sofiraponi/2D_Vicsek_Model,170,170,1.0,https://github.com/sofiraponi/2D_Vicsek_Model
Scxredx/paint-github-subscription-acd86,170,170,1.0,https://github.com/Scxredx/paint-github-subscription-acd86
enricorox/USTAR,170,170,1.0,https://github.com/enricorox/USTAR
track-dima/Track,170,170,1.0,https://github.com/track-dima/Track
BigoLuca/brick-breaker,145,169,0.8579881656804734,https://github.com/BigoLuca/brick-breaker
lucacalcaterra/kube-home,140,169,0.8284023668639053,https://github.com/lucacalcaterra/kube-home
AntonioVispi/Fancy_Augmentation_for_Classification,169,169,1.0,https://github.com/AntonioVispi/Fancy_Augmentation_for_Classification
FranzRome/Nightmare-Tower-Defence,136,169,0.8047337278106509,https://github.com/FranzRome/Nightmare-Tower-Defence
alessiotucci/FdF_42,169,169,1.0,https://github.com/alessiotucci/FdF_42
Telemaco019/nebulnetes,169,169,1.0,https://github.com/Telemaco019/nebulnetes
tuxerrante/kapparmor,153,169,0.9053254437869822,https://github.com/tuxerrante/kapparmor
dunzolo/riverniviano,168,168,1.0,https://github.com/dunzolo/riverniviano
tofuengine/tofu,168,168,1.0,https://github.com/tofuengine/tofu
lorenzovngl/FoodExpirationDates,159,168,0.9464285714285714,https://github.com/lorenzovngl/FoodExpirationDates
speckandtech/speckandtech.github.io,137,168,0.8154761904761905,https://github.com/speckandtech/speckandtech.github.io
simonecorsi/gh-star-fetch,137,168,0.8154761904761905,https://github.com/simonecorsi/gh-star-fetch
profmancusoa/profmancusoa.github.io,168,168,1.0,https://github.com/profmancusoa/profmancusoa.github.io
mattiaverga/bodhi,163,168,0.9702380952380952,https://github.com/mattiaverga/bodhi
aknijn/phantastic-galaxy,168,168,1.0,https://github.com/aknijn/phantastic-galaxy
iamgio/pikt,168,168,1.0,https://github.com/iamgio/pikt
metarhia/metacom,157,168,0.9345238095238096,https://github.com/metarhia/metacom
GeorgeJuarez660/EncyEmail,168,168,1.0,https://github.com/GeorgeJuarez660/EncyEmail
giovannipacelli2/news,167,167,1.0,https://github.com/giovannipacelli2/news
FoxWorn3365/pp2p,150,167,0.8982035928143712,https://github.com/FoxWorn3365/pp2p
vlT-vl/nxget,167,167,1.0,https://github.com/vlT-vl/nxget
GiuNeroniDEV/SolidityContracts,167,167,1.0,https://github.com/GiuNeroniDEV/SolidityContracts
guido57/EBAZ4205_SDR_spectrum,167,167,1.0,https://github.com/guido57/EBAZ4205_SDR_spectrum
danielefundaro/Virgo,167,167,1.0,https://github.com/danielefundaro/Virgo
michmattera/newline-alebrije,166,166,1.0,https://github.com/michmattera/newline-alebrije
openforis/collect,156,166,0.9397590361445785,https://github.com/openforis/collect
JTaz31/Jtaz31,153,166,0.9216867469879518,https://github.com/JTaz31/Jtaz31
now4real/forbidden-words,152,166,0.9156626506024096,https://github.com/now4real/forbidden-words
carlocorradini/graphql-auth-directive,145,166,0.8734939759036144,https://github.com/carlocorradini/graphql-auth-directive
immobiliare/radix3,144,166,0.8674698795180723,https://github.com/immobiliare/radix3
robisim74/qwik-speak,166,166,1.0,https://github.com/robisim74/qwik-speak
MicroK-OS/microk-kernel,166,166,1.0,https://github.com/MicroK-OS/microk-kernel
MoneyStats/MoneyStats-Service-Application,166,166,1.0,https://github.com/MoneyStats/MoneyStats-Service-Application
filippoferri/persboard,166,166,1.0,https://github.com/filippoferri/persboard
FilippoMutta/microk,165,165,1.0,https://github.com/FilippoMutta/microk
danog/psalm,163,165,0.987878787878788,https://github.com/danog/psalm
tagliala/caxlsx,163,165,0.987878787878788,https://github.com/tagliala/caxlsx
michmattera/HerBody,165,165,1.0,https://github.com/michmattera/HerBody
dulvui/sn4ke,165,165,1.0,https://github.com/dulvui/sn4ke
diantonioandrea/misura,165,165,1.0,https://github.com/diantonioandrea/misura
LeonardoTrapani/tell-me,165,165,1.0,https://github.com/LeonardoTrapani/tell-me
Nelexiad/Esercizi-Develhope,165,165,1.0,https://github.com/Nelexiad/Esercizi-Develhope
datocms/new-website,158,165,0.9575757575757576,https://github.com/datocms/new-website
mgiorgi13/brain_tumor_classifier,165,165,1.0,https://github.com/mgiorgi13/brain_tumor_classifier
hotbrightsunshine/chat,128,164,0.7804878048780488,https://github.com/hotbrightsunshine/chat
vincenzopalazzo/heartwood,151,164,0.9207317073170732,https://github.com/vincenzopalazzo/heartwood
twoojoo/WinRx,164,164,1.0,https://github.com/twoojoo/WinRx
danielenapo/AI_unibo,164,164,1.0,https://github.com/danielenapo/AI_unibo
robotology/idyntree,141,164,0.8597560975609756,https://github.com/robotology/idyntree
pinellolab/CRISPRme,139,164,0.8475609756097561,https://github.com/pinellolab/CRISPRme
Pantagrueliste/Amanuensis,164,164,1.0,https://github.com/Pantagrueliste/Amanuensis
paganellif/angular-tracing,164,164,1.0,https://github.com/paganellif/angular-tracing
sifis-home/sifis-generate,148,164,0.902439024390244,https://github.com/sifis-home/sifis-generate
fd-col/fd-col.github.io,164,164,1.0,https://github.com/fd-col/fd-col.github.io
simonefesta/University,164,164,1.0,https://github.com/simonefesta/University
choco-cupcake/GoodBoi,164,164,1.0,https://github.com/choco-cupcake/GoodBoi
massimoaria/bibliometrix,163,163,1.0,https://github.com/massimoaria/bibliometrix
andremann/SKG-IF,142,163,0.8711656441717791,https://github.com/andremann/SKG-IF
diegobersanetti/yt-dlp,163,163,1.0,https://github.com/diegobersanetti/yt-dlp
lynxnb/skyline,163,163,1.0,https://github.com/lynxnb/skyline
timothyrusso/crwn-clothing,163,163,1.0,https://github.com/timothyrusso/crwn-clothing
Dosclic98/MQTT_MMS_Medium,163,163,1.0,https://github.com/Dosclic98/MQTT_MMS_Medium
Atari2/ARLib,163,163,1.0,https://github.com/Atari2/ARLib
dominion-dev/dominion-ecs-java,163,163,1.0,https://github.com/dominion-dev/dominion-ecs-java
PayThePizzo/DataStrutucures-Algorithms,163,163,1.0,https://github.com/PayThePizzo/DataStrutucures-Algorithms
mika-sims/CouchFinder,163,163,1.0,https://github.com/mika-sims/CouchFinder
AleardoKandiah/amazon-2.0,163,163,1.0,https://github.com/AleardoKandiah/amazon-2.0
Tale152/master-thesis,162,162,1.0,https://github.com/Tale152/master-thesis
lppedd/idea-pomsky,162,162,1.0,https://github.com/lppedd/idea-pomsky
ptkdev-boilerplate/node-module-boilerplate,162,162,1.0,https://github.com/ptkdev-boilerplate/node-module-boilerplate
Shadypio/RentalCar_v2.0,162,162,1.0,https://github.com/Shadypio/RentalCar_v2.0
Princic-1837592/advent_of_code,162,162,1.0,https://github.com/Princic-1837592/advent_of_code
shape2textevaluation/shape2textevaluation.github.io,162,162,1.0,https://github.com/shape2textevaluation/shape2textevaluation.github.io
livingsilver94/backee,162,162,1.0,https://github.com/livingsilver94/backee
ducciorocchini/imageRy,161,161,1.0,https://github.com/ducciorocchini/imageRy
santurini/santurini,161,161,1.0,https://github.com/santurini/santurini
EdoardoTosin/ZooMeeting-Redirector,161,161,1.0,https://github.com/EdoardoTosin/ZooMeeting-Redirector
akkesm/dotfiles,139,161,0.8633540372670807,https://github.com/akkesm/dotfiles
Onnwen/Garamante-Website,161,161,1.0,https://github.com/Onnwen/Garamante-Website
Fedrosauro/Quoridor,140,161,0.8695652173913043,https://github.com/Fedrosauro/Quoridor
NuclearInstruments/SCISDK,133,161,0.8260869565217391,https://github.com/NuclearInstruments/SCISDK
crystalct/MagicDesk2,161,161,1.0,https://github.com/crystalct/MagicDesk2
murar8/biblion-api,154,161,0.9565217391304348,https://github.com/murar8/biblion-api
gputignano/CryptoTradingBot,161,161,1.0,https://github.com/gputignano/CryptoTradingBot
DavidePosillipo/develhope_2023_team2,123,161,0.7639751552795031,https://github.com/DavidePosillipo/develhope_2023_team2
PlasmaStark/plasmastark.github.io,161,161,1.0,https://github.com/PlasmaStark/plasmastark.github.io
monokee-stage/stage-unitn-meneghin,161,161,1.0,https://github.com/monokee-stage/stage-unitn-meneghin
giordamaug/BIOMAT2022,161,161,1.0,https://github.com/giordamaug/BIOMAT2022
Technaissance/Technaissance,157,160,0.98125,https://github.com/Technaissance/Technaissance
srebughini/ASALI,160,160,1.0,https://github.com/srebughini/ASALI
lucapug/mlops-zoomcamp,160,160,1.0,https://github.com/lucapug/mlops-zoomcamp
HeracleLab/HeracleLab.github.io,160,160,1.0,https://github.com/HeracleLab/HeracleLab.github.io
fmazzant/TinyCsv,160,160,1.0,https://github.com/fmazzant/TinyCsv
amarildolikmeta/oac-explore,136,160,0.85,https://github.com/amarildolikmeta/oac-explore
mtrevisan/VenetanSpellChecker,160,160,1.0,https://github.com/mtrevisan/VenetanSpellChecker
vincenzobucciero/ASD,160,160,1.0,https://github.com/vincenzobucciero/ASD
AI-Planning/pddl,138,160,0.8625,https://github.com/AI-Planning/pddl
pierDipi/eventing-kafka-broker,154,160,0.9625,https://github.com/pierDipi/eventing-kafka-broker
VinceHpa/status-page,160,160,1.0,https://github.com/VinceHpa/status-page
Matteo-Nigro/Notepad3,160,160,1.0,https://github.com/Matteo-Nigro/Notepad3
marco-siino/DA-BT,160,160,1.0,https://github.com/marco-siino/DA-BT
ZiggyCreatures/FusionCache,160,160,1.0,https://github.com/ZiggyCreatures/FusionCache
acerv/os-autoinst-distri-opensuse,160,160,1.0,https://github.com/acerv/os-autoinst-distri-opensuse
goto-eof/micro-jobs-server,160,160,1.0,https://github.com/goto-eof/micro-jobs-server
matteospanio/spam-analyzer,142,159,0.8930817610062893,https://github.com/matteospanio/spam-analyzer
frengor/UltimateAdvancementAPI,149,159,0.9371069182389936,https://github.com/frengor/UltimateAdvancementAPI
Gabritorre/uni,159,159,1.0,https://github.com/Gabritorre/uni
peppeconti/space-voyage,159,159,1.0,https://github.com/peppeconti/space-voyage
ppatierno/strimzi-kafka-operator,157,158,0.9936708860759492,https://github.com/ppatierno/strimzi-kafka-operator
MDeLuise/plant-it,158,158,1.0,https://github.com/MDeLuise/plant-it
marcobaro1991/tickets_alert,158,158,1.0,https://github.com/marcobaro1991/tickets_alert
carnivuth/scripts,158,158,1.0,https://github.com/carnivuth/scripts
Vaccarini-Lorenzo/iCalObsidianSync,158,158,1.0,https://github.com/Vaccarini-Lorenzo/iCalObsidianSync
erikyo/wp-feature-notifications,146,158,0.9240506329113924,https://github.com/erikyo/wp-feature-notifications
sql-bi/Bravo,130,158,0.8227848101265823,https://github.com/sql-bi/Bravo
Tmcg2/mk64,131,158,0.8291139240506329,https://github.com/Tmcg2/mk64
ptkdev/sveltekit-cordova-adapter,158,158,1.0,https://github.com/ptkdev/sveltekit-cordova-adapter
emmett-framework/granian,155,158,0.981012658227848,https://github.com/emmett-framework/granian
mrizzi/windup,157,158,0.9936708860759492,https://github.com/mrizzi/windup
polimi-ispl/larsnet,158,158,1.0,https://github.com/polimi-ispl/larsnet
Abiresa/alx-low_level_programming,158,158,1.0,https://github.com/Abiresa/alx-low_level_programming
gabriel524/Portforlio_Site,157,157,1.0,https://github.com/gabriel524/Portforlio_Site
mind-overflow/HidekoBot,156,157,0.9936305732484076,https://github.com/mind-overflow/HidekoBot
jacopocarlini/check-github-action,139,157,0.8853503184713376,https://github.com/jacopocarlini/check-github-action
Totto16/oopetris,150,157,0.9554140127388536,https://github.com/Totto16/oopetris
gionnimontana/fanta-app-fe,157,157,1.0,https://github.com/gionnimontana/fanta-app-fe
MatteoGuadrini/clocking,157,157,1.0,https://github.com/MatteoGuadrini/clocking
offtherailz/MapStore2,154,156,0.9871794871794872,https://github.com/offtherailz/MapStore2
metarhia/impress,155,156,0.9935897435897436,https://github.com/metarhia/impress
mcaliman/mcaliman.github.io,156,156,1.0,https://github.com/mcaliman/mcaliman.github.io
Alessiotodaro/fs0722b-Alessio-Todaro,156,156,1.0,https://github.com/Alessiotodaro/fs0722b-Alessio-Todaro
matejbadin/QS2023,155,155,1.0,https://github.com/matejbadin/QS2023
Nukecraft5419/LifeMC,155,155,1.0,https://github.com/Nukecraft5419/LifeMC
iacopomasi/AI-ML-Unit-2,124,155,0.8,https://github.com/iacopomasi/AI-ML-Unit-2
Peco602/archive-to-images,147,155,0.9483870967741936,https://github.com/Peco602/archive-to-images
ace0000789/cat-energy-23,155,155,1.0,https://github.com/ace0000789/cat-energy-23
Elia-Renzoni/Algorithms_DataStructure,155,155,1.0,https://github.com/Elia-Renzoni/Algorithms_DataStructure
kaandesu/testrepo,155,155,1.0,https://github.com/kaandesu/testrepo
MhmudAlpurd/Vision_Feb2023,155,155,1.0,https://github.com/MhmudAlpurd/Vision_Feb2023
getformwork/formwork,133,155,0.8580645161290322,https://github.com/getformwork/formwork
mvenditto/gpt4all,155,155,1.0,https://github.com/mvenditto/gpt4all
universalbit-dev/CNC-Router,154,154,1.0,https://github.com/universalbit-dev/CNC-Router
babbubba/bs.Frmwrk,154,154,1.0,https://github.com/babbubba/bs.Frmwrk
deni2312/Telegram-Bot-Api-Cpp,154,154,1.0,https://github.com/deni2312/Telegram-Bot-Api-Cpp
lfoscari/webgraph,154,154,1.0,https://github.com/lfoscari/webgraph
alacuku/e2e-falco-tests,128,154,0.8311688311688312,https://github.com/alacuku/e2e-falco-tests
IU4ALH/IU4ALH,154,154,1.0,https://github.com/IU4ALH/IU4ALH
lorenzoRosin/embeddedCU,154,154,1.0,https://github.com/lorenzoRosin/embeddedCU
MDeLuise/ytsms,153,153,1.0,https://github.com/MDeLuise/ytsms
didoda/bedita,152,153,0.9934640522875816,https://github.com/didoda/bedita
TestLinkOpenSourceTRMS/testlink-code,153,153,1.0,https://github.com/TestLinkOpenSourceTRMS/testlink-code
DanieleGranata94/CloudCom2023,136,153,0.8888888888888888,https://github.com/DanieleGranata94/CloudCom2023
Gabri432/angular-personal-website,153,153,1.0,https://github.com/Gabri432/angular-personal-website
DiscoHub12/Loyality_Platform,125,153,0.8169934640522876,https://github.com/DiscoHub12/Loyality_Platform
fmselab/ctwedge,153,153,1.0,https://github.com/fmselab/ctwedge
YounesRabeh/University_Projects,152,152,1.0,https://github.com/YounesRabeh/University_Projects
Dino-996/Puliservicesrls,151,152,0.993421052631579,https://github.com/Dino-996/Puliservicesrls
mdantonio-c/highlander-dds,152,152,1.0,https://github.com/mdantonio-c/highlander-dds
ThomasConnolly/paul,152,152,1.0,https://github.com/ThomasConnolly/paul
nicofretti/ettore,123,152,0.8092105263157895,https://github.com/nicofretti/ettore
TeamFAG/ISS-WasteService,152,152,1.0,https://github.com/TeamFAG/ISS-WasteService
GiovanniRebaudo/GiovanniRebaudo.github.io,152,152,1.0,https://github.com/GiovanniRebaudo/GiovanniRebaudo.github.io
fcorbelli/zpaqfranz,152,152,1.0,https://github.com/fcorbelli/zpaqfranz
localstack/localstack-docker-extension,137,152,0.9013157894736842,https://github.com/localstack/localstack-docker-extension
Velitch/edilceleste,152,152,1.0,https://github.com/Velitch/edilceleste
pietroaragona/openshift-devspaces-spring-boot3,151,151,1.0,https://github.com/pietroaragona/openshift-devspaces-spring-boot3
Alberto97/OUILookup,120,151,0.7947019867549668,https://github.com/Alberto97/OUILookup
Readpato/schrodinger-hat-website,151,151,1.0,https://github.com/Readpato/schrodinger-hat-website
POWER-KI/GPT,151,151,1.0,https://github.com/POWER-KI/GPT
S0R3d/calendar,151,151,1.0,https://github.com/S0R3d/calendar
michelebastione/Advent-of-Code,151,151,1.0,https://github.com/michelebastione/Advent-of-Code
go-skynet/localai-website,140,151,0.9271523178807948,https://github.com/go-skynet/localai-website
gents83/wgpu,147,151,0.9735099337748344,https://github.com/gents83/wgpu
chelauk/lp-wgs,151,151,1.0,https://github.com/chelauk/lp-wgs
carlocamilloni/Structural-Bioinformatics,151,151,1.0,https://github.com/carlocamilloni/Structural-Bioinformatics
Bianca-LM/coolDown,150,150,1.0,https://github.com/Bianca-LM/coolDown
vsquicciarini/madys,150,150,1.0,https://github.com/vsquicciarini/madys
hificannella/hificannella.github.io,149,150,0.9933333333333332,https://github.com/hificannella/hificannella.github.io
giuseppe/crun,150,150,1.0,https://github.com/giuseppe/crun
ZigRazor/CXXGraph,142,150,0.9466666666666668,https://github.com/ZigRazor/CXXGraph
workgroupengineering/uno,118,150,0.7866666666666666,https://github.com/workgroupengineering/uno
somekindofwallflower/codecademy-learn-react-2022,150,150,1.0,https://github.com/somekindofwallflower/codecademy-learn-react-2022
0ri0nRo/Sistemi-Operativi1-Appunti,150,150,1.0,https://github.com/0ri0nRo/Sistemi-Operativi1-Appunti
clastix/kamaji,139,150,0.9266666666666666,https://github.com/clastix/kamaji
clobrano/machine-deletion-remediation,149,149,1.0,https://github.com/clobrano/machine-deletion-remediation
antirez/freakwan,149,149,1.0,https://github.com/antirez/freakwan
luca020400/android_packages_apps_Gallery,147,149,0.9865771812080536,https://github.com/luca020400/android_packages_apps_Gallery
RiccardoEvangelisti/IA,149,149,1.0,https://github.com/RiccardoEvangelisti/IA
ColomboFood/ColomboFood,149,149,1.0,https://github.com/ColomboFood/ColomboFood
fulvius31/Polyglot,114,149,0.7651006711409396,https://github.com/fulvius31/Polyglot
volcanicminds/volcanic-backend,130,149,0.87248322147651,https://github.com/volcanicminds/volcanic-backend
gcanti/fp-ts,149,149,1.0,https://github.com/gcanti/fp-ts
goto-eof/shariz,149,149,1.0,https://github.com/goto-eof/shariz
Tbaile/phonehome,128,149,0.8590604026845637,https://github.com/Tbaile/phonehome
antonio8101/Qr-menu,112,149,0.7516778523489933,https://github.com/antonio8101/Qr-menu
giuseppesalvi/website-screenshot-and-code-getter,149,149,1.0,https://github.com/giuseppesalvi/website-screenshot-and-code-getter
FilippoVissani/ci-test,114,148,0.7702702702702703,https://github.com/FilippoVissani/ci-test
indamutsa/advanced-query,148,148,1.0,https://github.com/indamutsa/advanced-query
unibz-core/Scior,148,148,1.0,https://github.com/unibz-core/Scior
midej4/alx-system_engineering-devops,148,148,1.0,https://github.com/midej4/alx-system_engineering-devops
Manu098vm/bcat_updates,148,148,1.0,https://github.com/Manu098vm/bcat_updates
massimoaria/tall,148,148,1.0,https://github.com/massimoaria/tall
zSavT/Healthy-Catering,145,148,0.9797297297297296,https://github.com/zSavT/Healthy-Catering
Tiledesk/tiledesk,145,148,0.9797297297297296,https://github.com/Tiledesk/tiledesk
alaimos/tRFexplorer,148,148,1.0,https://github.com/alaimos/tRFexplorer
grecosalvatore/grecosalvatore.github.io,148,148,1.0,https://github.com/grecosalvatore/grecosalvatore.github.io
tncrazvan/catpaw-web,148,148,1.0,https://github.com/tncrazvan/catpaw-web
Fushko/gummy,148,148,1.0,https://github.com/Fushko/gummy
cloudflare/stpyv8,148,148,1.0,https://github.com/cloudflare/stpyv8
Marco177171/cpp_module,148,148,1.0,https://github.com/Marco177171/cpp_module
Apocalixs-Nick/NewMyCar,147,147,1.0,https://github.com/Apocalixs-Nick/NewMyCar
mondrake/MediaProbe,147,147,1.0,https://github.com/mondrake/MediaProbe
murar8/axum_typed_multipart,119,147,0.8095238095238095,https://github.com/murar8/axum_typed_multipart
CodeKaito/Csharp,147,147,1.0,https://github.com/CodeKaito/Csharp
MakinDay/nmrih-localization-files,147,147,1.0,https://github.com/MakinDay/nmrih-localization-files
mirko-pagliai/me-tools,147,147,1.0,https://github.com/mirko-pagliai/me-tools
filippolauria/daloradius,147,147,1.0,https://github.com/filippolauria/daloradius
aleiepure/devtoolbox,147,147,1.0,https://github.com/aleiepure/devtoolbox
inceptium/InceptiumAppStore,147,147,1.0,https://github.com/inceptium/InceptiumAppStore
Matteo0099/SitoPersonale,147,147,1.0,https://github.com/Matteo0099/SitoPersonale
r4gtl/qmsproject,146,146,1.0,https://github.com/r4gtl/qmsproject
mdesantis/force-english-content,110,146,0.7534246575342466,https://github.com/mdesantis/force-english-content
Etherna/etherna-dapp,146,146,1.0,https://github.com/Etherna/etherna-dapp
rigazilla/infinispan,146,146,1.0,https://github.com/rigazilla/infinispan
Lamer87/Keyboard_ScanCodes_for_remapping,146,146,1.0,https://github.com/Lamer87/Keyboard_ScanCodes_for_remapping
merendamattia/MdP,146,146,1.0,https://github.com/merendamattia/MdP
Spong3ibob/BoolBNB_FrontOffice,119,146,0.815068493150685,https://github.com/Spong3ibob/BoolBNB_FrontOffice
marcominerva/ChatGptNet,146,146,1.0,https://github.com/marcominerva/ChatGptNet
mlocati/concrete5,146,146,1.0,https://github.com/mlocati/concrete5
ZioPao/mortar-mod,114,146,0.7808219178082192,https://github.com/ZioPao/mortar-mod
fmarco76/jss,146,146,1.0,https://github.com/fmarco76/jss
MarcoAntolini/Smart-Bridge-IOT,114,146,0.7808219178082192,https://github.com/MarcoAntolini/Smart-Bridge-IOT
massibone/Infinitesimal_Calculus,145,145,1.0,https://github.com/massibone/Infinitesimal_Calculus
mcarlett/TNB,139,145,0.9586206896551724,https://github.com/mcarlett/TNB
LucaCappelletti94/hyperloglog-rs,145,145,1.0,https://github.com/LucaCappelletti94/hyperloglog-rs
nebuly-ai/nos,141,145,0.9724137931034482,https://github.com/nebuly-ai/nos
silviazandoli/online-cv,145,145,1.0,https://github.com/silviazandoli/online-cv
evandroAlfieri/IFC4.3.x-development,139,145,0.9586206896551724,https://github.com/evandroAlfieri/IFC4.3.x-development
MichalAFerber/Michal-Ferber,145,145,1.0,https://github.com/MichalAFerber/Michal-Ferber
4ndrs/fullstack-open,145,145,1.0,https://github.com/4ndrs/fullstack-open
ale-ben/Minesweeper-3D,139,145,0.9586206896551724,https://github.com/ale-ben/Minesweeper-3D
ace0000789/kekstagram,145,145,1.0,https://github.com/ace0000789/kekstagram
Onnwen/MathRevealer-Web,145,145,1.0,https://github.com/Onnwen/MathRevealer-Web
goto-eof/dentist-plus-server,145,145,1.0,https://github.com/goto-eof/dentist-plus-server
Tiledesk/chat21-ionic,145,145,1.0,https://github.com/Tiledesk/chat21-ionic
chiaravece/Community_Detection_Python,144,144,1.0,https://github.com/chiaravece/Community_Detection_Python
NicolaTommasi8/eudbimport,144,144,1.0,https://github.com/NicolaTommasi8/eudbimport
pagopa/io-wallet,129,144,0.8958333333333334,https://github.com/pagopa/io-wallet
asmaataib/alx-low_level_programming,144,144,1.0,https://github.com/asmaataib/alx-low_level_programming
cristian-5/en-passant-twitch,144,144,1.0,https://github.com/cristian-5/en-passant-twitch
ripa001/42-Roma-Luiss,144,144,1.0,https://github.com/ripa001/42-Roma-Luiss
myasn1k/ransomwatch,144,144,1.0,https://github.com/myasn1k/ransomwatch
hisi-oss/android_device_huawei_hi6250-8-common,144,144,1.0,https://github.com/hisi-oss/android_device_huawei_hi6250-8-common
lucianofullstack/articles,144,144,1.0,https://github.com/lucianofullstack/articles
giuseppe/libpod,144,144,1.0,https://github.com/giuseppe/libpod
Peppe289/linux,144,144,1.0,https://github.com/Peppe289/linux
omar-polo/gmid,144,144,1.0,https://github.com/omar-polo/gmid
SimoneN64/Kaizen,144,144,1.0,https://github.com/SimoneN64/Kaizen
B--B/xiaomi_msm8996-common,144,144,1.0,https://github.com/B--B/xiaomi_msm8996-common
ARPA-SIMC/CRITERIA3D,141,144,0.9791666666666666,https://github.com/ARPA-SIMC/CRITERIA3D
antoninobajeli/antoninobajeli.github.io,144,144,1.0,https://github.com/antoninobajeli/antoninobajeli.github.io
damianoravalico/BookmarkHub,143,143,1.0,https://github.com/damianoravalico/BookmarkHub
paolocerto/x3cms,143,143,1.0,https://github.com/paolocerto/x3cms
robotology/icub-firmware-models,129,143,0.902097902097902,https://github.com/robotology/icub-firmware-models
bluenviron/mediacommon,142,143,0.993006993006993,https://github.com/bluenviron/mediacommon
Stef-00012/stef-00012.github.io,125,143,0.8741258741258742,https://github.com/Stef-00012/stef-00012.github.io
Simplify-X/Simply,115,143,0.8041958041958042,https://github.com/Simplify-X/Simply
metarete/sd_module_manager,134,143,0.9370629370629372,https://github.com/metarete/sd_module_manager
mariocandela/beelzebub,142,143,0.993006993006993,https://github.com/mariocandela/beelzebub
samdsk/lab-pwm,139,142,0.9788732394366196,https://github.com/samdsk/lab-pwm
tomdu3/CI-project-1,142,142,1.0,https://github.com/tomdu3/CI-project-1
eri-trabiccolo/lifterlms,128,142,0.9014084507042254,https://github.com/eri-trabiccolo/lifterlms
goto-eof/openhospital-core,125,142,0.8802816901408451,https://github.com/goto-eof/openhospital-core
gamagnolo/pac-demo,142,142,1.0,https://github.com/gamagnolo/pac-demo
jacomore/PIZur_imager,142,142,1.0,https://github.com/jacomore/PIZur_imager
alepez/lavagna,142,142,1.0,https://github.com/alepez/lavagna
TheJolly01/javaAcademy,142,142,1.0,https://github.com/TheJolly01/javaAcademy
Sopuruchi-Kate/alx-system_engineering-devops,142,142,1.0,https://github.com/Sopuruchi-Kate/alx-system_engineering-devops
miroslavpejic85/mirotalkc2c,141,141,1.0,https://github.com/miroslavpejic85/mirotalkc2c
stackOverflower92/FightingGame-UE5,141,141,1.0,https://github.com/stackOverflower92/FightingGame-UE5
simonecorsi/github-languages-colors,124,141,0.8794326241134752,https://github.com/simonecorsi/github-languages-colors
plumkewe/scuola,141,141,1.0,https://github.com/plumkewe/scuola
dafi/mylinks,141,141,1.0,https://github.com/dafi/mylinks
adospace/reactorui-maui,141,141,1.0,https://github.com/adospace/reactorui-maui
lguzzon-scratchbook/ai-commit,141,141,1.0,https://github.com/lguzzon-scratchbook/ai-commit
borntofrappe/borntofrappe,141,141,1.0,https://github.com/borntofrappe/borntofrappe
claudio-destro/SysCol,141,141,1.0,https://github.com/claudio-destro/SysCol
bioinformateachers/bioinformateachers.github.io,120,141,0.851063829787234,https://github.com/bioinformateachers/bioinformateachers.github.io
nico-iaco/grocery-fe,140,141,0.9929078014184396,https://github.com/nico-iaco/grocery-fe
Francesco215/Language_CA,141,141,1.0,https://github.com/Francesco215/Language_CA
datocms/js-rest-api-clients,141,141,1.0,https://github.com/datocms/js-rest-api-clients
amadvance/mtbbergamo,141,141,1.0,https://github.com/amadvance/mtbbergamo
CoppeliaRobotics/addOns,129,140,0.9214285714285714,https://github.com/CoppeliaRobotics/addOns
PoliTo-Rocket-Team/website-new,131,140,0.9357142857142856,https://github.com/PoliTo-Rocket-Team/website-new
koudounasalkis/koudounasalkis.github.io,140,140,1.0,https://github.com/koudounasalkis/koudounasalkis.github.io
bluenviron/gohlslib,139,140,0.9928571428571428,https://github.com/bluenviron/gohlslib
iamgiolaga/partitelle-bot,140,140,1.0,https://github.com/iamgiolaga/partitelle-bot
marcon21/bookeat,109,140,0.7785714285714286,https://github.com/marcon21/bookeat
MatteoIorio11/dummy-ghapp-deployer,139,140,0.9928571428571428,https://github.com/MatteoIorio11/dummy-ghapp-deployer
DonRP/AFV,140,140,1.0,https://github.com/DonRP/AFV
emanuelemaz/bancojs,140,140,1.0,https://github.com/emanuelemaz/bancojs
dulvui/magic-box,140,140,1.0,https://github.com/dulvui/magic-box
TexZK/cbytesparse,140,140,1.0,https://github.com/TexZK/cbytesparse
legend-exp/legend-data-monitor,127,140,0.9071428571428573,https://github.com/legend-exp/legend-data-monitor
Luca-Menghini/psicostat_template,139,139,1.0,https://github.com/Luca-Menghini/psicostat_template
jacopodonati/jacopodonati.github.io,124,139,0.8920863309352518,https://github.com/jacopodonati/jacopodonati.github.io
14wual/me,139,139,1.0,https://github.com/14wual/me
lorenzoliuzzo/scipp,139,139,1.0,https://github.com/lorenzoliuzzo/scipp
mfrancisc/member-operator,136,139,0.9784172661870504,https://github.com/mfrancisc/member-operator
heyanny2/Hexlet-course,139,139,1.0,https://github.com/heyanny2/Hexlet-course
FedericoTossani/osprey,139,139,1.0,https://github.com/FedericoTossani/osprey
monarch-initiative/embiggen,139,139,1.0,https://github.com/monarch-initiative/embiggen
simonecorsi/pm2-process-events,109,139,0.7841726618705036,https://github.com/simonecorsi/pm2-process-events
Flipper-XFW/Xtreme-Firmware,109,139,0.7841726618705036,https://github.com/Flipper-XFW/Xtreme-Firmware
TokenRevolution/genesisnew,138,139,0.9928057553956836,https://github.com/TokenRevolution/genesisnew
Harvester62/stable-diffusion-webui,139,139,1.0,https://github.com/Harvester62/stable-diffusion-webui
hermann0001/2D-rpg,107,139,0.7697841726618705,https://github.com/hermann0001/2D-rpg
Sergio0694/PolySharp,139,139,1.0,https://github.com/Sergio0694/PolySharp
andrei1058/BedWars1058,104,138,0.7536231884057971,https://github.com/andrei1058/BedWars1058
Leo-Campo/Dotfiles,138,138,1.0,https://github.com/Leo-Campo/Dotfiles
sigul/zmk-config,138,138,1.0,https://github.com/sigul/zmk-config
OceanoOS/Oceano,138,138,1.0,https://github.com/OceanoOS/Oceano
aogier/starlette-authlib,132,138,0.9565217391304348,https://github.com/aogier/starlette-authlib
kukkok3/catalyst-core-fork,129,138,0.9347826086956522,https://github.com/kukkok3/catalyst-core-fork
jumping2000/ha-templates,138,138,1.0,https://github.com/jumping2000/ha-templates
mithosk/funckly,138,138,1.0,https://github.com/mithosk/funckly
gcalsolaro/spring-cloud-config-props,138,138,1.0,https://github.com/gcalsolaro/spring-cloud-config-props
politicotechglobal/politicotechglobal.github.io,138,138,1.0,https://github.com/politicotechglobal/politicotechglobal.github.io
imeuro/cremona-artweek,138,138,1.0,https://github.com/imeuro/cremona-artweek
WOM-Platform/Registry,135,138,0.9782608695652174,https://github.com/WOM-Platform/Registry
Gabixel/Soundboard,137,137,1.0,https://github.com/Gabixel/Soundboard
axiom4/axiom4.net,134,137,0.978102189781022,https://github.com/axiom4/axiom4.net
AgID/peppol.agid.gov.it,134,137,0.978102189781022,https://github.com/AgID/peppol.agid.gov.it
Alessandroinfo/angular-boilerplate,137,137,1.0,https://github.com/Alessandroinfo/angular-boilerplate
Farfi55/RiskASP,131,137,0.9562043795620438,https://github.com/Farfi55/RiskASP
FrancescoCoding/Portfolio-web,137,137,1.0,https://github.com/FrancescoCoding/Portfolio-web
JordiM21/let-students,137,137,1.0,https://github.com/JordiM21/let-students
AndreiDiaconu97/zmk_ferris_sweep,137,137,1.0,https://github.com/AndreiDiaconu97/zmk_ferris_sweep
DianaBerte/MandarinApp-FE,137,137,1.0,https://github.com/DianaBerte/MandarinApp-FE
Xoaib007/Persian-Table,137,137,1.0,https://github.com/Xoaib007/Persian-Table
paolocarta/code-with-quarkus,137,137,1.0,https://github.com/paolocarta/code-with-quarkus
orchy-mfe/orchy-examples,134,137,0.978102189781022,https://github.com/orchy-mfe/orchy-examples
andre-cloud/Ensemble_Analyser,137,137,1.0,https://github.com/andre-cloud/Ensemble_Analyser
ivan-hc/AppMan,137,137,1.0,https://github.com/ivan-hc/AppMan
marcomese/ethCmdSPB02,137,137,1.0,https://github.com/marcomese/ethCmdSPB02
zaniluca/ping-4-gitlab,137,137,1.0,https://github.com/zaniluca/ping-4-gitlab
plumkewe/indie-app-santa,137,137,1.0,https://github.com/plumkewe/indie-app-santa
S1mplyD/AnimalHouse,108,136,0.7941176470588235,https://github.com/S1mplyD/AnimalHouse
giorgiabosello/google-maps-react-markers,117,136,0.8602941176470589,https://github.com/giorgiabosello/google-maps-react-markers
YoussifAmin/Object_Hardness_Classification,135,136,0.9926470588235294,https://github.com/YoussifAmin/Object_Hardness_Classification
GiacomoBorsellino/authgraphql,136,136,1.0,https://github.com/GiacomoBorsellino/authgraphql
bozzelliandrea/leetcode,136,136,1.0,https://github.com/bozzelliandrea/leetcode
Favo02/advent-of-code,136,136,1.0,https://github.com/Favo02/advent-of-code
GianmarcoRuffi/studio-pignataro,136,136,1.0,https://github.com/GianmarcoRuffi/studio-pignataro
GABRYCA/Algoritmi_scuola,123,136,0.9044117647058824,https://github.com/GABRYCA/Algoritmi_scuola
goto-eof/dentist-plus-client,136,136,1.0,https://github.com/goto-eof/dentist-plus-client
quasarframework/quasar-testing,108,136,0.7941176470588235,https://github.com/quasarframework/quasar-testing
GregValiant/Cura,136,136,1.0,https://github.com/GregValiant/Cura
LorenzoBianconi/net-next,135,135,1.0,https://github.com/LorenzoBianconi/net-next
Tiledesk/chat21-web-widget,135,135,1.0,https://github.com/Tiledesk/chat21-web-widget
Liturgical-Calendar/LiturgicalCalendarAPI,123,135,0.9111111111111112,https://github.com/Liturgical-Calendar/LiturgicalCalendarAPI
openSUSE/qemu,135,135,1.0,https://github.com/openSUSE/qemu
ministero-salute/it-fse-gtw-dispatcher,123,135,0.9111111111111112,https://github.com/ministero-salute/it-fse-gtw-dispatcher
stockiNail/chartjs-plugin-annotation,135,135,1.0,https://github.com/stockiNail/chartjs-plugin-annotation
matteobaccan/html2pop3,132,135,0.9777777777777776,https://github.com/matteobaccan/html2pop3
ateyapayo/movies-next,135,135,1.0,https://github.com/ateyapayo/movies-next
lexhide/xandra,135,135,1.0,https://github.com/lexhide/xandra
eliseomartelli/eliseomartelli.it,129,135,0.9555555555555556,https://github.com/eliseomartelli/eliseomartelli.it
BurningTreeC/tiddlywiki-multi-columns,135,135,1.0,https://github.com/BurningTreeC/tiddlywiki-multi-columns
pieroproietti/penguins-eggs-pkgbuilds,135,135,1.0,https://github.com/pieroproietti/penguins-eggs-pkgbuilds
International-Data-Spaces-Association/true-connector,135,135,1.0,https://github.com/International-Data-Spaces-Association/true-connector
albarbaro/e2e-tests,133,135,0.9851851851851852,https://github.com/albarbaro/e2e-tests
NicKoehler/rustdesk,133,135,0.9851851851851852,https://github.com/NicKoehler/rustdesk
chenlijun99/autoanki,135,135,1.0,https://github.com/chenlijun99/autoanki
Hotmoka/hotmoka,135,135,1.0,https://github.com/Hotmoka/hotmoka
mondrake/mysqli,135,135,1.0,https://github.com/mondrake/mysqli
Gazen27/LabManager,135,135,1.0,https://github.com/Gazen27/LabManager
LucaSpanedda/RITI-Room-Is-The-Interface,135,135,1.0,https://github.com/LucaSpanedda/RITI-Room-Is-The-Interface
HosameldinMohamed/neovim-config-files,135,135,1.0,https://github.com/HosameldinMohamed/neovim-config-files
swkwak/swkwak.github.io,135,135,1.0,https://github.com/swkwak/swkwak.github.io
dailydotdev/memetoberfest,133,134,0.9925373134328358,https://github.com/dailydotdev/memetoberfest
goto-eof/dev_board_ts_react,134,134,1.0,https://github.com/goto-eof/dev_board_ts_react
felichan98/iot-projectino,102,134,0.7611940298507462,https://github.com/felichan98/iot-projectino
manudelu/SCPG_Quadruped_Robot_Control,134,134,1.0,https://github.com/manudelu/SCPG_Quadruped_Robot_Control
wngfra/tac3d,134,134,1.0,https://github.com/wngfra/tac3d
somekindofwallflower/codecademy-learn-javascript,134,134,1.0,https://github.com/somekindofwallflower/codecademy-learn-javascript
ST-Apps/CS-ParallelRoadTool,134,134,1.0,https://github.com/ST-Apps/CS-ParallelRoadTool
GiovsTech/LinuxEFIMounter,134,134,1.0,https://github.com/GiovsTech/LinuxEFIMounter
texano00/urunner,134,134,1.0,https://github.com/texano00/urunner
2DGD-F0TH/2DGD_F0TH,134,134,1.0,https://github.com/2DGD-F0TH/2DGD_F0TH
fabiocaccamo/django-freeze,111,133,0.8345864661654135,https://github.com/fabiocaccamo/django-freeze
smlacava/score-level-fusion,133,133,1.0,https://github.com/smlacava/score-level-fusion
nvsibiya/alx-low_level_programming,133,133,1.0,https://github.com/nvsibiya/alx-low_level_programming
devgianlu/PretendYoureXyzzyAndroid,121,133,0.9097744360902256,https://github.com/devgianlu/PretendYoureXyzzyAndroid
valeriocost/ivy,100,133,0.7518796992481203,https://github.com/valeriocost/ivy
laanwj/cln4rust,133,133,1.0,https://github.com/laanwj/cln4rust
12rambau/pypackage,133,133,1.0,https://github.com/12rambau/pypackage
yuji-luigi/mantine-dashboard-typescript,133,133,1.0,https://github.com/yuji-luigi/mantine-dashboard-typescript
vige-vota/auth,133,133,1.0,https://github.com/vige-vota/auth
giocaizzi/py3Dinterpolations,124,133,0.9323308270676692,https://github.com/giocaizzi/py3Dinterpolations
sysadminjohn/linux-training,133,133,1.0,https://github.com/sysadminjohn/linux-training
davidenox/Appunti-II-Anno,133,133,1.0,https://github.com/davidenox/Appunti-II-Anno
pagopa/io-sign-automation,114,133,0.8571428571428571,https://github.com/pagopa/io-sign-automation
massimo-nocentini/Containers-Essentials,133,133,1.0,https://github.com/massimo-nocentini/Containers-Essentials
carnivuth/tecnologie_basi_dati,133,133,1.0,https://github.com/carnivuth/tecnologie_basi_dati
zextras/tech-doc,133,133,1.0,https://github.com/zextras/tech-doc
ProximoSrl/Jarvis.Framework,131,132,0.9924242424242424,https://github.com/ProximoSrl/Jarvis.Framework
ggalloro/secure-sw-delivery,132,132,1.0,https://github.com/ggalloro/secure-sw-delivery
rabbitmq/rabbitmq-stream-rust-client,127,132,0.9621212121212122,https://github.com/rabbitmq/rabbitmq-stream-rust-client
immobiliare/fastify-metrics,100,132,0.7575757575757576,https://github.com/immobiliare/fastify-metrics
massimostanzione/distributed-election,132,132,1.0,https://github.com/massimostanzione/distributed-election
misl6/kivy,130,132,0.9848484848484848,https://github.com/misl6/kivy
ericmedvet/2d-robot-evolution,132,132,1.0,https://github.com/ericmedvet/2d-robot-evolution
toto04/webeep-sync,103,132,0.7803030303030303,https://github.com/toto04/webeep-sync
JustWhit3/QUnfold,113,132,0.8560606060606061,https://github.com/JustWhit3/QUnfold
Farfi55/CookedUp,132,132,1.0,https://github.com/Farfi55/CookedUp
noi-techpark/bdp-elaborations,127,132,0.9621212121212122,https://github.com/noi-techpark/bdp-elaborations
BrodoDigitale/leetcode-solutions,132,132,1.0,https://github.com/BrodoDigitale/leetcode-solutions
SignorPipo/wle_locomotion,132,132,1.0,https://github.com/SignorPipo/wle_locomotion
yan-elena/agent-logging,132,132,1.0,https://github.com/yan-elena/agent-logging
fmselab/CIT_Benchmark_Generator,132,132,1.0,https://github.com/fmselab/CIT_Benchmark_Generator
AleardoKandiah/ChatGPT-discord-bot,132,132,1.0,https://github.com/AleardoKandiah/ChatGPT-discord-bot
danielamadori98/danielamadori98.github.io,132,132,1.0,https://github.com/danielamadori98/danielamadori98.github.io
ffromani/kubernetes,131,131,1.0,https://github.com/ffromani/kubernetes
Brahmware/IMS-Corp,131,131,1.0,https://github.com/Brahmware/IMS-Corp
usbarmory/tamago,131,131,1.0,https://github.com/usbarmory/tamago
fedepaol/frr-k8s,131,131,1.0,https://github.com/fedepaol/frr-k8s
tagliala/pundit-matchers,129,131,0.9847328244274808,https://github.com/tagliala/pundit-matchers
Andrea055/android_kernel_realme_sm8250,131,131,1.0,https://github.com/Andrea055/android_kernel_realme_sm8250
gtolomei/big-data-computing,131,131,1.0,https://github.com/gtolomei/big-data-computing
TheElixZammuto/Sunshine-1,103,131,0.7862595419847328,https://github.com/TheElixZammuto/Sunshine-1
Trorker/Catasto-in-PUC,131,131,1.0,https://github.com/Trorker/Catasto-in-PUC
qwikifiers/qwik-storefront-ui,127,131,0.9694656488549618,https://github.com/qwikifiers/qwik-storefront-ui
JustOptimize/return-ShowHiddenChannels,131,131,1.0,https://github.com/JustOptimize/return-ShowHiddenChannels
xrenegade100/ProjectSunshine,121,131,0.9236641221374046,https://github.com/xrenegade100/ProjectSunshine
blocknotes/tiny_admin,130,130,1.0,https://github.com/blocknotes/tiny_admin
csunibo/dynamik,121,130,0.9307692307692308,https://github.com/csunibo/dynamik
vcrini/tutorial,130,130,1.0,https://github.com/vcrini/tutorial
fbarachino/bubofamily,130,130,1.0,https://github.com/fbarachino/bubofamily
remorses/beskar,130,130,1.0,https://github.com/remorses/beskar
luigiselmi/machine_learning_notes,130,130,1.0,https://github.com/luigiselmi/machine_learning_notes
Zolletta/readings,130,130,1.0,https://github.com/Zolletta/readings
sighupio/fury-kubernetes-logging,123,130,0.946153846153846,https://github.com/sighupio/fury-kubernetes-logging
Angtrim/worker-stable_diffusion_v2,130,130,1.0,https://github.com/Angtrim/worker-stable_diffusion_v2
Skrypnyk81/dev-ops-prometheus,100,130,0.7692307692307693,https://github.com/Skrypnyk81/dev-ops-prometheus
peiva-git/basketball_detector,130,130,1.0,https://github.com/peiva-git/basketball_detector
tsparticles/utils,107,129,0.8294573643410853,https://github.com/tsparticles/utils
lucasimi/tda-mapper-python,129,129,1.0,https://github.com/lucasimi/tda-mapper-python
asmaataib/alx-system_engineering-devops,129,129,1.0,https://github.com/asmaataib/alx-system_engineering-devops
OrsolaMBorrini/dsORMA,129,129,1.0,https://github.com/OrsolaMBorrini/dsORMA
edoardottt/offensive-onos-apps,129,129,1.0,https://github.com/edoardottt/offensive-onos-apps
ooni/netem,125,129,0.9689922480620154,https://github.com/ooni/netem
el3um4s/strani-anelli-blog,129,129,1.0,https://github.com/el3um4s/strani-anelli-blog
weirdgyn/QVirtualPad,129,129,1.0,https://github.com/weirdgyn/QVirtualPad
B--B/Gemini-B--B-Kernel,129,129,1.0,https://github.com/B--B/Gemini-B--B-Kernel
dario-coscia/PINA,123,129,0.9534883720930232,https://github.com/dario-coscia/PINA
markov00/kibana,97,129,0.751937984496124,https://github.com/markov00/kibana
FoxWorn3365/SmallCode-docs,129,129,1.0,https://github.com/FoxWorn3365/SmallCode-docs
sissamedialab/wjs-profile-project,128,128,1.0,https://github.com/sissamedialab/wjs-profile-project
MindsHub/insigno_frontend,128,128,1.0,https://github.com/MindsHub/insigno_frontend
BennyExtreme/KBotExt,127,128,0.9921875,https://github.com/BennyExtreme/KBotExt
AleCandido/phd,128,128,1.0,https://github.com/AleCandido/phd
ltworf/typedload,128,128,1.0,https://github.com/ltworf/typedload
kaandesu/vue-paho-mqtt,109,128,0.8515625,https://github.com/kaandesu/vue-paho-mqtt
brusdev/activemq-artemis,128,128,1.0,https://github.com/brusdev/activemq-artemis
diramazioni/iotbroker,128,128,1.0,https://github.com/diramazioni/iotbroker
cassanof/bigcode-finetuning-harness,128,128,1.0,https://github.com/cassanof/bigcode-finetuning-harness
filipporomani/whatsapp,128,128,1.0,https://github.com/filipporomani/whatsapp
Crissal1995/automsr,121,128,0.9453125,https://github.com/Crissal1995/automsr
ANDRVV/SShell,128,128,1.0,https://github.com/ANDRVV/SShell
Insane96/EnhancedAI,128,128,1.0,https://github.com/Insane96/EnhancedAI
Liturgical-Calendar/LiturgicalCalendarFrontend,114,128,0.890625,https://github.com/Liturgical-Calendar/LiturgicalCalendarFrontend
dragonero2704/YinYue,128,128,1.0,https://github.com/dragonero2704/YinYue
ParzivalHack/T-DoS,127,128,0.9921875,https://github.com/ParzivalHack/T-DoS
ilariiiiia/knowurteacher,128,128,1.0,https://github.com/ilariiiiia/knowurteacher
JackMarelli/jackmarelli.github.io,128,128,1.0,https://github.com/JackMarelli/jackmarelli.github.io
teamdigitale/eurostat-datawizard,128,128,1.0,https://github.com/teamdigitale/eurostat-datawizard
Grufoony/Physics_Unibo,99,127,0.7795275590551181,https://github.com/Grufoony/Physics_Unibo
fforchino/vector-go-sdk,127,127,1.0,https://github.com/fforchino/vector-go-sdk
MicheleLucini/lasoffiata,125,127,0.984251968503937,https://github.com/MicheleLucini/lasoffiata
Grufoony/TrafficFlowDynamicsModel,125,127,0.984251968503937,https://github.com/Grufoony/TrafficFlowDynamicsModel
gmnr/.dotfiles,127,127,1.0,https://github.com/gmnr/.dotfiles
nico-m11/svapo_1,105,127,0.8267716535433071,https://github.com/nico-m11/svapo_1
beer-tech-group/beer-tech-group.github.io,122,127,0.9606299212598424,https://github.com/beer-tech-group/beer-tech-group.github.io
rdeioris/glTFRuntime,127,127,1.0,https://github.com/rdeioris/glTFRuntime
Engineering-Research-and-Development/circular-twain_industrial_data_platform,127,127,1.0,https://github.com/Engineering-Research-and-Development/circular-twain_industrial_data_platform
LorenzoBianconi/nfsd-next,127,127,1.0,https://github.com/LorenzoBianconi/nfsd-next
antirez/protoview,127,127,1.0,https://github.com/antirez/protoview
Sgambe33/Sgambe33,127,127,1.0,https://github.com/Sgambe33/Sgambe33
micmor-9/pds-netanalyzer,111,127,0.8740157480314961,https://github.com/micmor-9/pds-netanalyzer
davidevignozzi/threejs-mastery,127,127,1.0,https://github.com/davidevignozzi/threejs-mastery
joshuachp/neovim-config,126,126,1.0,https://github.com/joshuachp/neovim-config
da0p/daily-cpp,126,126,1.0,https://github.com/da0p/daily-cpp
danielefongo/microscope,125,126,0.992063492063492,https://github.com/danielefongo/microscope
stefantalpalaru/transmission-og,126,126,1.0,https://github.com/stefantalpalaru/transmission-og
BraindeadHermit/arkan,126,126,1.0,https://github.com/BraindeadHermit/arkan
mlivesu/cinolib,126,126,1.0,https://github.com/mlivesu/cinolib
csunibo/informabot,124,126,0.984126984126984,https://github.com/csunibo/informabot
AndreaTerenz/PyTablut,121,126,0.9603174603174603,https://github.com/AndreaTerenz/PyTablut
pepstock-org/Charba-Wiki,119,126,0.9444444444444444,https://github.com/pepstock-org/Charba-Wiki
chritchens/sophia,126,126,1.0,https://github.com/chritchens/sophia
Enactus-Trieste/android-app-borghi,123,126,0.9761904761904762,https://github.com/Enactus-Trieste/android-app-borghi
pagopa/corporate-site-fe,96,125,0.768,https://github.com/pagopa/corporate-site-fe
4ndrs/fullstack-open-exercises,125,125,1.0,https://github.com/4ndrs/fullstack-open-exercises
RobertoFalconi/MinimalAPIsTemplate,125,125,1.0,https://github.com/RobertoFalconi/MinimalAPIsTemplate
carnivuth/fondamenti_intelligenza_artificiale,125,125,1.0,https://github.com/carnivuth/fondamenti_intelligenza_artificiale
clastix/capsule,112,125,0.896,https://github.com/clastix/capsule
CescaNeri/ML-stocks-prediction,111,125,0.888,https://github.com/CescaNeri/ML-stocks-prediction
dginst/dginst.github.io,125,125,1.0,https://github.com/dginst/dginst.github.io
balzo-tech/PDFEasy-iOS,125,125,1.0,https://github.com/balzo-tech/PDFEasy-iOS
MBenincasa/java-excel-utils,125,125,1.0,https://github.com/MBenincasa/java-excel-utils
rye/advent-of-code,105,125,0.84,https://github.com/rye/advent-of-code
Allan-Nava/OvenMediaEngine-go-sdk,106,125,0.848,https://github.com/Allan-Nava/OvenMediaEngine-go-sdk
andreazammarchi3/KronosDB,125,125,1.0,https://github.com/andreazammarchi3/KronosDB
sisinflab-swot/cowl,125,125,1.0,https://github.com/sisinflab-swot/cowl
mamodev/managment_app,125,125,1.0,https://github.com/mamodev/managment_app
focacciomario/digital-gardening,125,125,1.0,https://github.com/focacciomario/digital-gardening
veeso/termscp,125,125,1.0,https://github.com/veeso/termscp
MrSinho/shvulkan,125,125,1.0,https://github.com/MrSinho/shvulkan
parafrezza/crazyflie-lib-python,104,125,0.832,https://github.com/parafrezza/crazyflie-lib-python
SuperBeppe98/Zhonya-s-Stats,124,124,1.0,https://github.com/SuperBeppe98/Zhonya-s-Stats
pierDipi/reconciler-test,124,124,1.0,https://github.com/pierDipi/reconciler-test
lab-archeologia-digitale/lad,124,124,1.0,https://github.com/lab-archeologia-digitale/lad
vornao/neural-network-from-scratch,121,124,0.9758064516129032,https://github.com/vornao/neural-network-from-scratch
ettoreciarcia/personal-website-hugo,124,124,1.0,https://github.com/ettoreciarcia/personal-website-hugo
giovannilamarmora/email-sender,124,124,1.0,https://github.com/giovannilamarmora/email-sender
Specy/genshin-music,124,124,1.0,https://github.com/Specy/genshin-music
simonecorsi/flaggy,121,124,0.9758064516129032,https://github.com/simonecorsi/flaggy
tgiachi/DarkStar,112,124,0.9032258064516128,https://github.com/tgiachi/DarkStar
alpenglow-io/io.alpenglow.artoo,124,124,1.0,https://github.com/alpenglow-io/io.alpenglow.artoo
dennybiasiolli/gestione-donatori,121,124,0.9758064516129032,https://github.com/dennybiasiolli/gestione-donatori
kivy/kivy,102,124,0.8225806451612904,https://github.com/kivy/kivy
edoardottt/offensive-onos,124,124,1.0,https://github.com/edoardottt/offensive-onos
giocaizzi/py3dinterpolations,113,124,0.9112903225806452,https://github.com/giocaizzi/py3dinterpolations
SignorPipo/enoughISenough,124,124,1.0,https://github.com/SignorPipo/enoughISenough
ilovelinux/open_edisu,116,124,0.935483870967742,https://github.com/ilovelinux/open_edisu
geirolz/app-toolkit,107,124,0.8629032258064516,https://github.com/geirolz/app-toolkit
corradomio/python_projects,124,124,1.0,https://github.com/corradomio/python_projects
joshuachp/edgehog-device-runtime,122,124,0.9838709677419356,https://github.com/joshuachp/edgehog-device-runtime
aquaino/24x1ora_frontend,124,124,1.0,https://github.com/aquaino/24x1ora_frontend
matteo-magni/asd,123,123,1.0,https://github.com/matteo-magni/asd
getsentry/sentry-elixir,105,123,0.8536585365853658,https://github.com/getsentry/sentry-elixir
gabrielepiaggesi/magna-be,123,123,1.0,https://github.com/gabrielepiaggesi/magna-be
thecoder93/storefront-qwik-boilerplate,123,123,1.0,https://github.com/thecoder93/storefront-qwik-boilerplate
ComparativeSystemsBiologyGroup/CSB.github.io,123,123,1.0,https://github.com/ComparativeSystemsBiologyGroup/CSB.github.io
mymage/management-system,121,123,0.983739837398374,https://github.com/mymage/management-system
GABRYCA/tales-sharing-website,123,123,1.0,https://github.com/GABRYCA/tales-sharing-website
pagopa/eng-azure-governance,111,123,0.902439024390244,https://github.com/pagopa/eng-azure-governance
bropat/eufy-security-client,123,123,1.0,https://github.com/bropat/eufy-security-client
Emiliano-Bucci/react-spring-carousel,123,123,1.0,https://github.com/Emiliano-Bucci/react-spring-carousel
pagopa/firma.io.italia.it,109,122,0.8934426229508197,https://github.com/pagopa/firma.io.italia.it
buurro/shell,122,122,1.0,https://github.com/buurro/shell
jymfony/jymfony,122,122,1.0,https://github.com/jymfony/jymfony
rssntn67/opennms-nutanix-plugin,122,122,1.0,https://github.com/rssntn67/opennms-nutanix-plugin
Allan-Nava/Hugo-TuttoCampo,117,122,0.9590163934426228,https://github.com/Allan-Nava/Hugo-TuttoCampo
Antonioflo13/indice-next,118,122,0.9672131147540984,https://github.com/Antonioflo13/indice-next
minkiele/minkiele.github.io,122,122,1.0,https://github.com/minkiele/minkiele.github.io
Nerwo/nerwo-contracts,122,122,1.0,https://github.com/Nerwo/nerwo-contracts
claret-srl/romantig_RAMP_ROSEAP,118,122,0.9672131147540984,https://github.com/claret-srl/romantig_RAMP_ROSEAP
matteobaccan/FantaSoccerAsta,118,122,0.9672131147540984,https://github.com/matteobaccan/FantaSoccerAsta
fforchino/wire-pod,121,122,0.9918032786885246,https://github.com/fforchino/wire-pod
RoccoDev/recordkeeper,122,122,1.0,https://github.com/RoccoDev/recordkeeper
Etto48/MokaccinoCPP,122,122,1.0,https://github.com/Etto48/MokaccinoCPP
tag2015/scummvm,120,122,0.9836065573770492,https://github.com/tag2015/scummvm
ftisiot/ftisiot-website,122,122,1.0,https://github.com/ftisiot/ftisiot-website
Elia-Renzoni/Go_Programming,122,122,1.0,https://github.com/Elia-Renzoni/Go_Programming
Slayx143/Slayx143,122,122,1.0,https://github.com/Slayx143/Slayx143
antlampas/GoGoGadget-OpenSimulator-Manager,122,122,1.0,https://github.com/antlampas/GoGoGadget-OpenSimulator-Manager
fexed/Notes,122,122,1.0,https://github.com/fexed/Notes
christiansassi/networking-2-project,100,121,0.8264462809917356,https://github.com/christiansassi/networking-2-project
Espher5/Master_Thesis,121,121,1.0,https://github.com/Espher5/Master_Thesis
lloc/Multisite-Language-Switcher,119,121,0.9834710743801652,https://github.com/lloc/Multisite-Language-Switcher
DRincs-Productions/daz-assert-clothes,121,121,1.0,https://github.com/DRincs-Productions/daz-assert-clothes
ivan-hc/ArchImage,121,121,1.0,https://github.com/ivan-hc/ArchImage
noaccOS/edgehog,121,121,1.0,https://github.com/noaccOS/edgehog
geobeyond/fastgeoapi,95,121,0.7851239669421488,https://github.com/geobeyond/fastgeoapi
DRincs-Productions/daz-assert-ABFD-all-in-one,115,121,0.950413223140496,https://github.com/DRincs-Productions/daz-assert-ABFD-all-in-one
kalwalt/webarkit-testing,121,121,1.0,https://github.com/kalwalt/webarkit-testing
Toghiri/toghiri.github.io,121,121,1.0,https://github.com/Toghiri/toghiri.github.io
mattermost/calls-recorder,112,121,0.9256198347107438,https://github.com/mattermost/calls-recorder
danielabrozzoni/bdk,114,121,0.9421487603305784,https://github.com/danielabrozzoni/bdk
MarkGotLasagna/basi,121,121,1.0,https://github.com/MarkGotLasagna/basi
Athena-OS/athena-base-docker,121,121,1.0,https://github.com/Athena-OS/athena-base-docker
coccoinomane/web3client,121,121,1.0,https://github.com/coccoinomane/web3client
simonecorsi/fine,118,121,0.975206611570248,https://github.com/simonecorsi/fine
francescovisconti/francescovisconti.github.io,120,120,1.0,https://github.com/francescovisconti/francescovisconti.github.io
matte-a/matte-a,120,120,1.0,https://github.com/matte-a/matte-a
italia/developers.italia.it-data,120,120,1.0,https://github.com/italia/developers.italia.it-data
Andreagit97/falco,120,120,1.0,https://github.com/Andreagit97/falco
Woolfrey/icub-bimanual,120,120,1.0,https://github.com/Woolfrey/icub-bimanual
ericmedvet/jgea,112,120,0.9333333333333332,https://github.com/ericmedvet/jgea
franci1710/A_star_algorithm,120,120,1.0,https://github.com/franci1710/A_star_algorithm
Mathorga/rug_py,120,120,1.0,https://github.com/Mathorga/rug_py
motomechatronics/amr_pallet_trucks,120,120,1.0,https://github.com/motomechatronics/amr_pallet_trucks
filariow/primaza-mvp,120,120,1.0,https://github.com/filariow/primaza-mvp
bernardoforcillo/naturalmente-tecnologici,119,120,0.9916666666666668,https://github.com/bernardoforcillo/naturalmente-tecnologici
minteeble/smart-contracts,120,120,1.0,https://github.com/minteeble/smart-contracts
NickOLeeney/data-science-projects,119,119,1.0,https://github.com/NickOLeeney/data-science-projects
mauroservienti/milestone.github.io,119,119,1.0,https://github.com/mauroservienti/milestone.github.io
simonebucci/easycharge,119,119,1.0,https://github.com/simonebucci/easycharge
benini/scid,119,119,1.0,https://github.com/benini/scid
ofanan/Distributed_SFC_migration,119,119,1.0,https://github.com/ofanan/Distributed_SFC_migration
mmoio/corporate-site-fe,119,119,1.0,https://github.com/mmoio/corporate-site-fe
GasbroNinja/fs0123-Gabriele-Cuscina,119,119,1.0,https://github.com/GasbroNinja/fs0123-Gabriele-Cuscina
federicoiosue/Omni-Notes,119,119,1.0,https://github.com/federicoiosue/Omni-Notes
DRincs-Productions/ABFD-assert,119,119,1.0,https://github.com/DRincs-Productions/ABFD-assert
RRino/sgrighe,119,119,1.0,https://github.com/RRino/sgrighe
AlbertoBarrago/openai-exp,119,119,1.0,https://github.com/AlbertoBarrago/openai-exp
niccolozanotti/my-obsidian-notes,116,119,0.9747899159663864,https://github.com/niccolozanotti/my-obsidian-notes
scara/moodle,119,119,1.0,https://github.com/scara/moodle
daniele-athome/immich,114,119,0.957983193277311,https://github.com/daniele-athome/immich
emanuele-em/man-in-the-middle-proxy,119,119,1.0,https://github.com/emanuele-em/man-in-the-middle-proxy
NicKoehler/achievements,119,119,1.0,https://github.com/NicKoehler/achievements
CYGNUS-RD/cygno,113,119,0.9495798319327732,https://github.com/CYGNUS-RD/cygno
victoroscuro/liferay-portal,119,119,1.0,https://github.com/victoroscuro/liferay-portal
trailofbits/osquery,104,119,0.8739495798319328,https://github.com/trailofbits/osquery
LeonardoTredese/ml4iot,91,119,0.7647058823529411,https://github.com/LeonardoTredese/ml4iot
universalbit-dev/armadillium-gridbot,119,119,1.0,https://github.com/universalbit-dev/armadillium-gridbot
strimzi/strimzi-kafka-bridge,114,119,0.957983193277311,https://github.com/strimzi/strimzi-kafka-bridge
c4mbr0nn3/podcats,119,119,1.0,https://github.com/c4mbr0nn3/podcats
open-cobralibero/enigma2-python3,118,118,1.0,https://github.com/open-cobralibero/enigma2-python3
franzageek/WinEFIMounter,118,118,1.0,https://github.com/franzageek/WinEFIMounter
fgaz/nixpkgs,113,118,0.9576271186440678,https://github.com/fgaz/nixpkgs
joe-pier/PersonalWebSiteV2,118,118,1.0,https://github.com/joe-pier/PersonalWebSiteV2
valeman100/valeman100.github.io,118,118,1.0,https://github.com/valeman100/valeman100.github.io
mijorus/smile,118,118,1.0,https://github.com/mijorus/smile
FabioBedin/QProMS_App,118,118,1.0,https://github.com/FabioBedin/QProMS_App
rbrtbnfgl/rke2,118,118,1.0,https://github.com/rbrtbnfgl/rke2
boris-behav-obs/boris-behav-obs.github.io,118,118,1.0,https://github.com/boris-behav-obs/boris-behav-obs.github.io
andreafra/piacere-model-checker,118,118,1.0,https://github.com/andreafra/piacere-model-checker
peteletroll/KSP-Perl,118,118,1.0,https://github.com/peteletroll/KSP-Perl
unibz-core/OntCatOWL,118,118,1.0,https://github.com/unibz-core/OntCatOWL
torakiki/pdfsam,117,117,1.0,https://github.com/torakiki/pdfsam
qismib/.github,111,117,0.9487179487179488,https://github.com/qismib/.github
mattermost/rtcd,106,117,0.905982905982906,https://github.com/mattermost/rtcd
coderynx/flownodes,117,117,1.0,https://github.com/coderynx/flownodes
sapienzastudentsnetwork/informatica,117,117,1.0,https://github.com/sapienzastudentsnetwork/informatica
fmount/cinder-operator,97,117,0.8290598290598291,https://github.com/fmount/cinder-operator
rob93c/Stickerify,115,117,0.9829059829059827,https://github.com/rob93c/Stickerify
zeroincombenze/zerobug-test,115,117,0.9829059829059827,https://github.com/zeroincombenze/zerobug-test
devExcale/acsai-obsidian,97,117,0.8290598290598291,https://github.com/devExcale/acsai-obsidian
Subito-it/SBTUITestTunnel,117,117,1.0,https://github.com/Subito-it/SBTUITestTunnel
franklupo/cv4pve-admin,117,117,1.0,https://github.com/franklupo/cv4pve-admin
chialab/rna,114,117,0.9743589743589745,https://github.com/chialab/rna
ruggi99/supabase,104,117,0.8888888888888888,https://github.com/ruggi99/supabase
icub-tech-iit/robot-snapshots,108,117,0.9230769230769232,https://github.com/icub-tech-iit/robot-snapshots
a70q-dev/android_device_samsung_a70q,117,117,1.0,https://github.com/a70q-dev/android_device_samsung_a70q
Seromedises/dot-paquitop,105,117,0.8974358974358975,https://github.com/Seromedises/dot-paquitop
Cipulot/vial-qmk,117,117,1.0,https://github.com/Cipulot/vial-qmk
Xoaib007/golazo.com,116,116,1.0,https://github.com/Xoaib007/golazo.com
moonyc/threejs,116,116,1.0,https://github.com/moonyc/threejs
danielefongo/dots,116,116,1.0,https://github.com/danielefongo/dots
ctasca/mage-bundle,116,116,1.0,https://github.com/ctasca/mage-bundle
meloalfa159/platform_device_xiaomi_courbet,116,116,1.0,https://github.com/meloalfa159/platform_device_xiaomi_courbet
martapanc/Advent-of-Code,116,116,1.0,https://github.com/martapanc/Advent-of-Code
gabrieletiboni/random-envs,116,116,1.0,https://github.com/gabrieletiboni/random-envs
Antonino0704/Paradise-bot,116,116,1.0,https://github.com/Antonino0704/Paradise-bot
assenzostefano/class-website,116,116,1.0,https://github.com/assenzostefano/class-website
guidograzioli/kubernetes.kubevirt,116,116,1.0,https://github.com/guidograzioli/kubernetes.kubevirt
ramai108/dmn_compliments_service,116,116,1.0,https://github.com/ramai108/dmn_compliments_service
Impesud/react-express-mysql,116,116,1.0,https://github.com/Impesud/react-express-mysql
SimoneMoreWare/Temi-d-esame-Apa,116,116,1.0,https://github.com/SimoneMoreWare/Temi-d-esame-Apa
Genocs/genocs-library,116,116,1.0,https://github.com/Genocs/genocs-library
GaetanoPiazzolla/tutorials,116,116,1.0,https://github.com/GaetanoPiazzolla/tutorials
epavanello/avatarify-ai.com,116,116,1.0,https://github.com/epavanello/avatarify-ai.com
StephenBuley/band-fingerings,116,116,1.0,https://github.com/StephenBuley/band-fingerings
KyotoResources/BetterSecurity,116,116,1.0,https://github.com/KyotoResources/BetterSecurity
silviamaggi/smd-com,103,116,0.8879310344827587,https://github.com/silviamaggi/smd-com
elax46/custom-brand-icons,116,116,1.0,https://github.com/elax46/custom-brand-icons
bfabio/designers.italia.it,113,116,0.9741379310344828,https://github.com/bfabio/designers.italia.it
Helias/Keira3,115,115,1.0,https://github.com/Helias/Keira3
ziotom78/instrumentdb,111,115,0.9652173913043478,https://github.com/ziotom78/instrumentdb
andreagavazzi/andreagavazzi.github.io,115,115,1.0,https://github.com/andreagavazzi/andreagavazzi.github.io
FedericoBruzzone/vim-config,115,115,1.0,https://github.com/FedericoBruzzone/vim-config
mijorus/gearlever,115,115,1.0,https://github.com/mijorus/gearlever
EddyTheCo/Common,115,115,1.0,https://github.com/EddyTheCo/Common
cirospat/newproject,114,115,0.991304347826087,https://github.com/cirospat/newproject
fabioriva/parkbot-dashboard,115,115,1.0,https://github.com/fabioriva/parkbot-dashboard
pagopa/mil-auth,115,115,1.0,https://github.com/pagopa/mil-auth
lucky-sideburn/KubeInvaders,115,115,1.0,https://github.com/lucky-sideburn/KubeInvaders
pavoljuhas/Cirq,109,115,0.9478260869565216,https://github.com/pavoljuhas/Cirq
ooni/2023-05-richer-input,115,115,1.0,https://github.com/ooni/2023-05-richer-input
fibreditoniocartonio/simpleXjs,115,115,1.0,https://github.com/fibreditoniocartonio/simpleXjs
valdo99/leets-api,109,115,0.9478260869565216,https://github.com/valdo99/leets-api
rahulhalderAERO/rahulhalderAERO.github.io,115,115,1.0,https://github.com/rahulhalderAERO/rahulhalderAERO.github.io
ericmedvet/slides,115,115,1.0,https://github.com/ericmedvet/slides
m-i-n-a-r/randomix,115,115,1.0,https://github.com/m-i-n-a-r/randomix
MatteoH2O1999/alphaPoke,89,115,0.7739130434782608,https://github.com/MatteoH2O1999/alphaPoke
jumping2000/notifier,115,115,1.0,https://github.com/jumping2000/notifier
juripaiusco/service-manager,114,114,1.0,https://github.com/juripaiusco/service-manager
DBinaghi/plugin-AdminTools,114,114,1.0,https://github.com/DBinaghi/plugin-AdminTools
Trifase/Emily,114,114,1.0,https://github.com/Trifase/Emily
terna/winners-losers,104,114,0.912280701754386,https://github.com/terna/winners-losers
infosmick/KAM,114,114,1.0,https://github.com/infosmick/KAM
MichalAFerber/Hendrick-Hickel,114,114,1.0,https://github.com/MichalAFerber/Hendrick-Hickel
VicidominiLab/BrightEyes-ISM,114,114,1.0,https://github.com/VicidominiLab/BrightEyes-ISM
Scavix/my-digital-garden,114,114,1.0,https://github.com/Scavix/my-digital-garden
Sebo-the-tramp/micromind,113,114,0.9912280701754386,https://github.com/Sebo-the-tramp/micromind
peppeconti/record-player,114,114,1.0,https://github.com/peppeconti/record-player
SignorPipo/wle_migration_to_1.0.0,114,114,1.0,https://github.com/SignorPipo/wle_migration_to_1.0.0
birg81/school-as-2022-23-tpsit-5x,109,114,0.956140350877193,https://github.com/birg81/school-as-2022-23-tpsit-5x
DaniAffCH/attention-video-super-resolution,114,114,1.0,https://github.com/DaniAffCH/attention-video-super-resolution
miscecut/WalletManager,114,114,1.0,https://github.com/miscecut/WalletManager
vpalmisano/webrtcperf,110,114,0.9649122807017544,https://github.com/vpalmisano/webrtcperf
ARuggi/CrowdPulse2.0,114,114,1.0,https://github.com/ARuggi/CrowdPulse2.0
elpaso/gdal,111,114,0.9736842105263158,https://github.com/elpaso/gdal
edoardottt/awesome-hacker-search-engines,114,114,1.0,https://github.com/edoardottt/awesome-hacker-search-engines
damianoravalico/SocialNetwork,114,114,1.0,https://github.com/damianoravalico/SocialNetwork
sakya/corechess,114,114,1.0,https://github.com/sakya/corechess
goto-eof/micro-jobs-client,114,114,1.0,https://github.com/goto-eof/micro-jobs-client
emanuele-f/PCAPdroid,113,113,1.0,https://github.com/emanuele-f/PCAPdroid
Fedrosauro/Prova_test,112,113,0.991150442477876,https://github.com/Fedrosauro/Prova_test
nderus/H-VAE,113,113,1.0,https://github.com/nderus/H-VAE
lballabio/QuantLib-SWIG,110,113,0.9734513274336284,https://github.com/lballabio/QuantLib-SWIG
FoxWorn3365/Shopkeepers,113,113,1.0,https://github.com/FoxWorn3365/Shopkeepers
M4SS-Code/nats.rs,112,113,0.991150442477876,https://github.com/M4SS-Code/nats.rs
xxsimoxx/ClassicPress-v2,104,113,0.9203539823008848,https://github.com/xxsimoxx/ClassicPress-v2
89luca89/devspace,113,113,1.0,https://github.com/89luca89/devspace
Gabri432/angular-gophysics.io,113,113,1.0,https://github.com/Gabri432/angular-gophysics.io
fenix-hub/kong-apikey-validator,113,113,1.0,https://github.com/fenix-hub/kong-apikey-validator
B--B/android_kernel_xiaomi_sdm710,113,113,1.0,https://github.com/B--B/android_kernel_xiaomi_sdm710
itaphyworkshop/itaphy2023,111,113,0.9823008849557522,https://github.com/itaphyworkshop/itaphy2023
Guldoman/lite-xl,112,113,0.991150442477876,https://github.com/Guldoman/lite-xl
c128lib/Reference,113,113,1.0,https://github.com/c128lib/Reference
pagopa/personal-data-vault-infra,113,113,1.0,https://github.com/pagopa/personal-data-vault-infra
ivanrava/piggy,113,113,1.0,https://github.com/ivanrava/piggy
marcodiiga/vcpkg,113,113,1.0,https://github.com/marcodiiga/vcpkg
foxhound87/mobx-react-form,113,113,1.0,https://github.com/foxhound87/mobx-react-form
romenti/romenti.github.io,112,112,1.0,https://github.com/romenti/romenti.github.io
massibone/Probability_and_Statistics,112,112,1.0,https://github.com/massibone/Probability_and_Statistics
michelececcacci/codeforces,112,112,1.0,https://github.com/michelececcacci/codeforces
mrc-tech/SLAP,112,112,1.0,https://github.com/mrc-tech/SLAP
peazip/PeaZip,112,112,1.0,https://github.com/peazip/PeaZip
LeonardoTrapani/utellme,112,112,1.0,https://github.com/LeonardoTrapani/utellme
TheDarkBug/uwufetch,112,112,1.0,https://github.com/TheDarkBug/uwufetch
Mathorga/RughaiArt,112,112,1.0,https://github.com/Mathorga/RughaiArt
ctrlmaniac/larapida,112,112,1.0,https://github.com/ctrlmaniac/larapida
gcarlino/dotfiles,112,112,1.0,https://github.com/gcarlino/dotfiles
carnivuth/big-tux-setup,112,112,1.0,https://github.com/carnivuth/big-tux-setup
OntoUML/ontouml-models,87,112,0.7767857142857143,https://github.com/OntoUML/ontouml-models
DesperateColleagues/AnimalAPP,100,112,0.8928571428571429,https://github.com/DesperateColleagues/AnimalAPP
TheBossMagnus/Quilt-Optimized,111,112,0.9910714285714286,https://github.com/TheBossMagnus/Quilt-Optimized
MaicolAntali/gson,112,112,1.0,https://github.com/MaicolAntali/gson
sinansonmez/mattermost,106,112,0.9464285714285714,https://github.com/sinansonmez/mattermost
davidepaci/trentovrsociety-website,106,112,0.9464285714285714,https://github.com/davidepaci/trentovrsociety-website
camptocamp/edi,102,112,0.9107142857142856,https://github.com/camptocamp/edi
ferama/pg,112,112,1.0,https://github.com/ferama/pg
mrFlick72/vauthenticator,112,112,1.0,https://github.com/mrFlick72/vauthenticator
Steffo99/patched-porobot,111,112,0.9910714285714286,https://github.com/Steffo99/patched-porobot
joedeluca/almightymachine,112,112,1.0,https://github.com/joedeluca/almightymachine
FedericoDiMarzo/torch_utils,112,112,1.0,https://github.com/FedericoDiMarzo/torch_utils
bancaditalia/secp256k1-frost,93,112,0.8303571428571429,https://github.com/bancaditalia/secp256k1-frost
paganellif/tesi-paganelli,111,111,1.0,https://github.com/paganellif/tesi-paganelli
MicheleCioccarelli/blob-dl,111,111,1.0,https://github.com/MicheleCioccarelli/blob-dl
tizianocitro/csa-connect,111,111,1.0,https://github.com/tizianocitro/csa-connect
ecmwf-projects/cads-processing-api-service,98,111,0.8828828828828829,https://github.com/ecmwf-projects/cads-processing-api-service
drake69/semseeker,92,111,0.8288288288288288,https://github.com/drake69/semseeker
ZiClaud/FightingGame,111,111,1.0,https://github.com/ZiClaud/FightingGame
mattiadido95/fakeSearchEngines,86,111,0.7747747747747747,https://github.com/mattiadido95/fakeSearchEngines
metavivo/p5,111,111,1.0,https://github.com/metavivo/p5
universalbit-dev/gekko-quasar-ui,111,111,1.0,https://github.com/universalbit-dev/gekko-quasar-ui
laraxot/theme_bsitalia,97,111,0.8738738738738738,https://github.com/laraxot/theme_bsitalia
sifis-home/Application-Manager,102,111,0.918918918918919,https://github.com/sifis-home/Application-Manager
mtrevisan/MapMatcher,111,111,1.0,https://github.com/mtrevisan/MapMatcher
andrebellu/MagnaTell,108,111,0.972972972972973,https://github.com/andrebellu/MagnaTell
MaxM33/pokedle,111,111,1.0,https://github.com/MaxM33/pokedle
Canna71/obsidian-sets,111,111,1.0,https://github.com/Canna71/obsidian-sets
simonexsala/gabbo-events-firebase,111,111,1.0,https://github.com/simonexsala/gabbo-events-firebase
brucellino/nomad-jobs,110,111,0.990990990990991,https://github.com/brucellino/nomad-jobs
Sandros94/nuxt-directus,111,111,1.0,https://github.com/Sandros94/nuxt-directus
massimo-nocentini/pharo-pango,111,111,1.0,https://github.com/massimo-nocentini/pharo-pango
CastagnaIT/xbmc,111,111,1.0,https://github.com/CastagnaIT/xbmc
ferama/rospo,98,111,0.8828828828828829,https://github.com/ferama/rospo
DomeT99/hide-pass,111,111,1.0,https://github.com/DomeT99/hide-pass
kettei-sproutty/alessiomarchi.dev,111,111,1.0,https://github.com/kettei-sproutty/alessiomarchi.dev
TRTNA/SphereMeshes,110,110,1.0,https://github.com/TRTNA/SphereMeshes
manuelkoso/board-games-meet-app,110,110,1.0,https://github.com/manuelkoso/board-games-meet-app
omarmoukawim/omarmoukawim.github.io,110,110,1.0,https://github.com/omarmoukawim/omarmoukawim.github.io
massimiliano-della-rovere/vimrc,110,110,1.0,https://github.com/massimiliano-della-rovere/vimrc
12rambau/ipyvuetify,102,110,0.9272727272727272,https://github.com/12rambau/ipyvuetify
krahabb/meross_lan,110,110,1.0,https://github.com/krahabb/meross_lan
mcatta/sleep,110,110,1.0,https://github.com/mcatta/sleep
antonio8101/fast-curious-laravel-apprunner,110,110,1.0,https://github.com/antonio8101/fast-curious-laravel-apprunner
fd-col/Playlist,110,110,1.0,https://github.com/fd-col/Playlist
pagopa/rtd-ms-exporter,106,110,0.9636363636363636,https://github.com/pagopa/rtd-ms-exporter
Kellfren/Udacity-Cloud-DevOps-Capstone-Project,110,110,1.0,https://github.com/Kellfren/Udacity-Cloud-DevOps-Capstone-Project
marco-svitol/quaestio-be,110,110,1.0,https://github.com/marco-svitol/quaestio-be
ralbertazzi/poetry,100,110,0.9090909090909092,https://github.com/ralbertazzi/poetry
Shadypio/RentalCar,110,110,1.0,https://github.com/Shadypio/RentalCar
tsparticles/react,92,110,0.8363636363636363,https://github.com/tsparticles/react
akmalsoliev/statsforecast,108,110,0.9818181818181818,https://github.com/akmalsoliev/statsforecast
simonebortolin/just-the-docs,109,110,0.990909090909091,https://github.com/simonebortolin/just-the-docs
Waterlilyrr/beautify,110,110,1.0,https://github.com/Waterlilyrr/beautify
sparkfabrik/android-build-action,110,110,1.0,https://github.com/sparkfabrik/android-build-action
giubacc/chatterbox,109,109,1.0,https://github.com/giubacc/chatterbox
enricocid/Music-Player-GO,109,109,1.0,https://github.com/enricocid/Music-Player-GO
marcominerva/SimpleAuthentication,109,109,1.0,https://github.com/marcominerva/SimpleAuthentication
giovannitorsello/CrmCom2,107,109,0.981651376146789,https://github.com/giovannitorsello/CrmCom2
aleganza/akuse,107,109,0.981651376146789,https://github.com/aleganza/akuse
NicholasPilotto/PoCCryptoTracker,109,109,1.0,https://github.com/NicholasPilotto/PoCCryptoTracker
SGT-Bots/SGT-Bots-Website-en,109,109,1.0,https://github.com/SGT-Bots/SGT-Bots-Website-en
Ircama/ATC_MiThermometer,109,109,1.0,https://github.com/Ircama/ATC_MiThermometer
prudiusDenys/back-end_monday,109,109,1.0,https://github.com/prudiusDenys/back-end_monday
bamless/event_horizon,109,109,1.0,https://github.com/bamless/event_horizon
goto-eof/openhospital-gui,106,109,0.9724770642201837,https://github.com/goto-eof/openhospital-gui
dginelli/world-news,109,109,1.0,https://github.com/dginelli/world-news
leonardobani/FabioFanfaniGioielli,109,109,1.0,https://github.com/leonardobani/FabioFanfaniGioielli
twoojoo/waffle,109,109,1.0,https://github.com/twoojoo/waffle
maniezzo/ODT,109,109,1.0,https://github.com/maniezzo/ODT
PowsUp/landing-page,95,109,0.8715596330275229,https://github.com/PowsUp/landing-page
statix-tiramisu-miatoll/android_frameworks_base,109,109,1.0,https://github.com/statix-tiramisu-miatoll/android_frameworks_base
polymerdao/relayer,109,109,1.0,https://github.com/polymerdao/relayer
nikitodos/nikitodos.github.io,109,109,1.0,https://github.com/nikitodos/nikitodos.github.io
msartore/Ares,109,109,1.0,https://github.com/msartore/Ares
DRincs-Productions/debug-and-template-VSCode-renpy,109,109,1.0,https://github.com/DRincs-Productions/debug-and-template-VSCode-renpy
mceck/clickup-kanbans-vscode,109,109,1.0,https://github.com/mceck/clickup-kanbans-vscode
Steriva/FEniCSx-tutorials,108,108,1.0,https://github.com/Steriva/FEniCSx-tutorials
tonysamperi/ngx-mat-timepicker,108,108,1.0,https://github.com/tonysamperi/ngx-mat-timepicker
mathsolutions/opencart-3,108,108,1.0,https://github.com/mathsolutions/opencart-3
alchemyplatform/create-web3-dapp,102,108,0.9444444444444444,https://github.com/alchemyplatform/create-web3-dapp
Airscripts/polyglot,108,108,1.0,https://github.com/Airscripts/polyglot
farfilli/SolidEdgeHousekeeper,108,108,1.0,https://github.com/farfilli/SolidEdgeHousekeeper
AntoRag/thesis,91,108,0.8425925925925926,https://github.com/AntoRag/thesis
kalwalt/webarkit-jsfeat-cpp,108,108,1.0,https://github.com/kalwalt/webarkit-jsfeat-cpp
rbino/tigerbeetlex,108,108,1.0,https://github.com/rbino/tigerbeetlex
jsdocs-io/web,86,108,0.7962962962962963,https://github.com/jsdocs-io/web
SandroMaglione/fpdart,108,108,1.0,https://github.com/SandroMaglione/fpdart
mattiamanzati/shardcake,108,108,1.0,https://github.com/mattiamanzati/shardcake
mlavacca/gateway-api,108,108,1.0,https://github.com/mlavacca/gateway-api
gab-palmeri/TagBot,108,108,1.0,https://github.com/gab-palmeri/TagBot
AndreaBe99/multimodal-interaction-project,94,108,0.8703703703703703,https://github.com/AndreaBe99/multimodal-interaction-project
Faless/godot,108,108,1.0,https://github.com/Faless/godot
maurovanetti/guidi-tu,107,108,0.9907407407407408,https://github.com/maurovanetti/guidi-tu
FedeDP/libmodule,108,108,1.0,https://github.com/FedeDP/libmodule
francescovolpe/SecurityResources,108,108,1.0,https://github.com/francescovolpe/SecurityResources
crisidev/dotfiles,108,108,1.0,https://github.com/crisidev/dotfiles
bedita/core,108,108,1.0,https://github.com/bedita/core
aliramazanov/ABB-HW,108,108,1.0,https://github.com/aliramazanov/ABB-HW
alexnardini/FLAM3_for_SideFX_Houdini,107,107,1.0,https://github.com/alexnardini/FLAM3_for_SideFX_Houdini
nuaazs/VAF_2,107,107,1.0,https://github.com/nuaazs/VAF_2
NF02/Appunti-universita,107,107,1.0,https://github.com/NF02/Appunti-universita
andrew-ld/LL-mtproto,107,107,1.0,https://github.com/andrew-ld/LL-mtproto
emanueledimarco/reconstruction,107,107,1.0,https://github.com/emanueledimarco/reconstruction
mattermost/calls-offloader,98,107,0.9158878504672896,https://github.com/mattermost/calls-offloader
mrizzi/windup-rulesets,106,107,0.9906542056074766,https://github.com/mrizzi/windup-rulesets
UberEpicZach/FlavourEventsExpanded,92,107,0.8598130841121495,https://github.com/UberEpicZach/FlavourEventsExpanded
paolo-05/scuola,107,107,1.0,https://github.com/paolo-05/scuola
taleeus/benthos-v2,107,107,1.0,https://github.com/taleeus/benthos-v2
Dax89/nvim-config,107,107,1.0,https://github.com/Dax89/nvim-config
numerunix/winget-pkgs,107,107,1.0,https://github.com/numerunix/winget-pkgs
minatore06/epic_drive,107,107,1.0,https://github.com/minatore06/epic_drive
EddyTheCo/Qpow-IOTA,107,107,1.0,https://github.com/EddyTheCo/Qpow-IOTA
trikko/serverino,107,107,1.0,https://github.com/trikko/serverino
andreadipaola/fs0123-Andrea-DiPaola,107,107,1.0,https://github.com/andreadipaola/fs0123-Andrea-DiPaola
guerraenrico/tempo,107,107,1.0,https://github.com/guerraenrico/tempo
frengor/rust-cc,107,107,1.0,https://github.com/frengor/rust-cc
VincenzoMuolo/Frontend-Mentor-Challenges,107,107,1.0,https://github.com/VincenzoMuolo/Frontend-Mentor-Challenges
giovi1998/Progetti-Frontend,107,107,1.0,https://github.com/giovi1998/Progetti-Frontend
amerkoleci/JoltPhysicsSharp,105,107,0.9813084112149532,https://github.com/amerkoleci/JoltPhysicsSharp
AndreaBarghigiani/profit-tracker,107,107,1.0,https://github.com/AndreaBarghigiani/profit-tracker
lburgazzoli/bf2-cos-fleetshard,105,107,0.9813084112149532,https://github.com/lburgazzoli/bf2-cos-fleetshard
sissa-data-science/DADApy,102,107,0.9532710280373832,https://github.com/sissa-data-science/DADApy
FabioViscuso/FabioViscuso,106,106,1.0,https://github.com/FabioViscuso/FabioViscuso
whitemech/Plan4Past,95,106,0.8962264150943396,https://github.com/whitemech/Plan4Past
ph04/algorithms,106,106,1.0,https://github.com/ph04/algorithms
Fantu/linux-blksnap,106,106,1.0,https://github.com/Fantu/linux-blksnap
Fuschi/mgnet,106,106,1.0,https://github.com/Fuschi/mgnet
AndyButland/UmbracoDocs,95,106,0.8962264150943396,https://github.com/AndyButland/UmbracoDocs
TannerAGraves/StructBioInfo,83,106,0.7830188679245284,https://github.com/TannerAGraves/StructBioInfo
ratioSolver/oRatio,106,106,1.0,https://github.com/ratioSolver/oRatio
fastify/website-next,90,106,0.8490566037735849,https://github.com/fastify/website-next
giobooo/giovannibrienzaftm,106,106,1.0,https://github.com/giobooo/giovannibrienzaftm
liguori/savings,106,106,1.0,https://github.com/liguori/savings
FoxWorn3365/WebsocketEvents,106,106,1.0,https://github.com/FoxWorn3365/WebsocketEvents
pagopa/aws-terraform-eks-template,106,106,1.0,https://github.com/pagopa/aws-terraform-eks-template
Balastrong/blog,106,106,1.0,https://github.com/Balastrong/blog
KikiDotPy/wrappy-learning,106,106,1.0,https://github.com/KikiDotPy/wrappy-learning
fullbl/hora,106,106,1.0,https://github.com/fullbl/hora
simone-lungarella/product-tracker,106,106,1.0,https://github.com/simone-lungarella/product-tracker
ggalloni/LiLit,101,106,0.9528301886792452,https://github.com/ggalloni/LiLit
RoysManfo/RMHub,106,106,1.0,https://github.com/RoysManfo/RMHub
lihuiling11/portfolio.github.io,106,106,1.0,https://github.com/lihuiling11/portfolio.github.io
marcosgopen/narayana,106,106,1.0,https://github.com/marcosgopen/narayana
momonastia/lascaux-academy,106,106,1.0,https://github.com/momonastia/lascaux-academy
dp1/QuizX,106,106,1.0,https://github.com/dp1/QuizX
nickciava98/nciavarella_custom,106,106,1.0,https://github.com/nickciava98/nciavarella_custom
CuriousCI/university,106,106,1.0,https://github.com/CuriousCI/university
RAD750/SatDump,105,106,0.9905660377358492,https://github.com/RAD750/SatDump
pbosetti/c-cnc23,106,106,1.0,https://github.com/pbosetti/c-cnc23
12rambau/pygadm,106,106,1.0,https://github.com/12rambau/pygadm
rapfamily4/YetAnotherFPSController,106,106,1.0,https://github.com/rapfamily4/YetAnotherFPSController
antonio-war/SwiftyGPT,106,106,1.0,https://github.com/antonio-war/SwiftyGPT
marzianegro/42-Cursus,106,106,1.0,https://github.com/marzianegro/42-Cursus
LoBrol/Python2-for-Ubuntu23.04,106,106,1.0,https://github.com/LoBrol/Python2-for-Ubuntu23.04
tomdu3/smiley-memories,106,106,1.0,https://github.com/tomdu3/smiley-memories
alacuku/falcoctl,105,105,1.0,https://github.com/alacuku/falcoctl
Gabboxl/PininOrario,92,105,0.8761904761904762,https://github.com/Gabboxl/PininOrario
Dax89/automaton.nvim,105,105,1.0,https://github.com/Dax89/automaton.nvim
LucaSamore/Social-Network,92,105,0.8761904761904762,https://github.com/LucaSamore/Social-Network
smazza98/Netflix-Project,87,105,0.8285714285714286,https://github.com/smazza98/Netflix-Project
ilteoood/native-federation-typescript,105,105,1.0,https://github.com/ilteoood/native-federation-typescript
rdentato/llama2.c,105,105,1.0,https://github.com/rdentato/llama2.c
marcoperinidev/java-aulab-course,105,105,1.0,https://github.com/marcoperinidev/java-aulab-course
donapieppo/almarusco,105,105,1.0,https://github.com/donapieppo/almarusco
lucat1/tagger,105,105,1.0,https://github.com/lucat1/tagger
ajeje989/playerxat,105,105,1.0,https://github.com/ajeje989/playerxat
albbus-stack/t4-app,105,105,1.0,https://github.com/albbus-stack/t4-app
AnacletoLAB/grape,105,105,1.0,https://github.com/AnacletoLAB/grape
aion-tech/l10n-italy,100,105,0.9523809523809524,https://github.com/aion-tech/l10n-italy
falker47/BattleShip-frontend,105,105,1.0,https://github.com/falker47/BattleShip-frontend
pagopa/opex-dashboard,103,105,0.9809523809523808,https://github.com/pagopa/opex-dashboard
DanielSc4/RewardLM,105,105,1.0,https://github.com/DanielSc4/RewardLM
Attilio-Di-Vicino/ThetaSport,97,105,0.923809523809524,https://github.com/Attilio-Di-Vicino/ThetaSport
AngeloFilaseta/Alchemist,89,105,0.8476190476190476,https://github.com/AngeloFilaseta/Alchemist
michmattera/vet-seed,105,105,1.0,https://github.com/michmattera/vet-seed
Steriva/steriva.github.io,105,105,1.0,https://github.com/Steriva/steriva.github.io
biagiolicari/FudBox,105,105,1.0,https://github.com/biagiolicari/FudBox
rnhmjoj/nixpkgs,105,105,1.0,https://github.com/rnhmjoj/nixpkgs
rokokos97/tricalc,105,105,1.0,https://github.com/rokokos97/tricalc
olibartfast/object-detection-inference,105,105,1.0,https://github.com/olibartfast/object-detection-inference
Richie314/moving-mass-simulator,105,105,1.0,https://github.com/Richie314/moving-mass-simulator
grebano/Smart_Home,105,105,1.0,https://github.com/grebano/Smart_Home
paolaguarasci/ssd-be,101,104,0.971153846153846,https://github.com/paolaguarasci/ssd-be
AppQuality/page-builder-poc,101,104,0.971153846153846,https://github.com/AppQuality/page-builder-poc
egalli64/jse,104,104,1.0,https://github.com/egalli64/jse
diantonioandrea/openBriefcase,104,104,1.0,https://github.com/diantonioandrea/openBriefcase
necst/gpjson,104,104,1.0,https://github.com/necst/gpjson
wredan/deep-learning-project,82,104,0.7884615384615384,https://github.com/wredan/deep-learning-project
demichie/elicipy,101,104,0.971153846153846,https://github.com/demichie/elicipy
theothermelissa/folio,104,104,1.0,https://github.com/theothermelissa/folio
EndBug/add-and-commit,80,104,0.7692307692307693,https://github.com/EndBug/add-and-commit
mssdvd/dotfiles,104,104,1.0,https://github.com/mssdvd/dotfiles
CYGNUS-RD/middleware,85,104,0.8173076923076923,https://github.com/CYGNUS-RD/middleware
BHianca/GRBKN,104,104,1.0,https://github.com/BHianca/GRBKN
padovagrandtour/padovagrandtour,81,104,0.7788461538461539,https://github.com/padovagrandtour/padovagrandtour
Christian-Silvestri/web,104,104,1.0,https://github.com/Christian-Silvestri/web
davide-giacomini/recurrent-visual-attention,104,104,1.0,https://github.com/davide-giacomini/recurrent-visual-attention
Vanilla-OS/ppa,104,104,1.0,https://github.com/Vanilla-OS/ppa
fabiocaccamo/utils.js,78,104,0.75,https://github.com/fabiocaccamo/utils.js
getsolus/package-management,86,104,0.8269230769230769,https://github.com/getsolus/package-management
kelvah/sandbox-ui,104,104,1.0,https://github.com/kelvah/sandbox-ui
EddyTheCo/Qb1t6,104,104,1.0,https://github.com/EddyTheCo/Qb1t6
rise-consulting/saxproject,100,104,0.9615384615384616,https://github.com/rise-consulting/saxproject
napo/calcolo_distanza_scuole_infanzia_centri_urbani,104,104,1.0,https://github.com/napo/calcolo_distanza_scuole_infanzia_centri_urbani
feDann/AutocorrelationCUDA,104,104,1.0,https://github.com/feDann/AutocorrelationCUDA
ScarpMarc/NMPDE_2022_CMS,102,104,0.9807692307692308,https://github.com/ScarpMarc/NMPDE_2022_CMS
buildingSMART/IFC4.x-IF,83,104,0.7980769230769231,https://github.com/buildingSMART/IFC4.x-IF
OB-UNISA/ch-system,102,104,0.9807692307692308,https://github.com/OB-UNISA/ch-system
skyward-er/miosix-kernel,102,104,0.9807692307692308,https://github.com/skyward-er/miosix-kernel
DiscoHub12/WebApp_Project,104,104,1.0,https://github.com/DiscoHub12/WebApp_Project
alantheandroid/sh-react-academy-sergio,103,104,0.9903846153846154,https://github.com/alantheandroid/sh-react-academy-sergio
nethesis/ns8-nethvoice-proxy,99,104,0.9519230769230768,https://github.com/nethesis/ns8-nethvoice-proxy
khobatha/bahmni_config092,99,104,0.9519230769230768,https://github.com/khobatha/bahmni_config092
traversaro/onnxruntime-feedstock,90,104,0.8653846153846154,https://github.com/traversaro/onnxruntime-feedstock
GROUND-Workshop/ground-workshop,104,104,1.0,https://github.com/GROUND-Workshop/ground-workshop
danog/MadelineProtoPhar,104,104,1.0,https://github.com/danog/MadelineProtoPhar
MattDavid99/Mate,104,104,1.0,https://github.com/MattDavid99/Mate
DiegoArcelli/Prompt-Tuning-NML,103,103,1.0,https://github.com/DiegoArcelli/Prompt-Tuning-NML
livingsilver94/zstdoubledee,103,103,1.0,https://github.com/livingsilver94/zstdoubledee
sbaldu/CLUEstering,102,103,0.9902912621359224,https://github.com/sbaldu/CLUEstering
napo/geospatial_course_unitn,103,103,1.0,https://github.com/napo/geospatial_course_unitn
lballabio/quantlib-wheels,103,103,1.0,https://github.com/lballabio/quantlib-wheels
ivanhofer/exceptionally,93,103,0.9029126213592232,https://github.com/ivanhofer/exceptionally
davosky/TrantorFoundation,103,103,1.0,https://github.com/davosky/TrantorFoundation
MarcelloCeresini/MusicGeneration,103,103,1.0,https://github.com/MarcelloCeresini/MusicGeneration
setsojs/setso,103,103,1.0,https://github.com/setsojs/setso
Dcapalbo/MERN-stack-website-pastry-shop,103,103,1.0,https://github.com/Dcapalbo/MERN-stack-website-pastry-shop
rickyanchores/rickyanchoresdev,103,103,1.0,https://github.com/rickyanchores/rickyanchoresdev
AssortedMine70/Informatica_Scuola,103,103,1.0,https://github.com/AssortedMine70/Informatica_Scuola
PascalDR/eudi-wallet-it-python,80,103,0.7766990291262136,https://github.com/PascalDR/eudi-wallet-it-python
ant9000/lora3a-boards,103,103,1.0,https://github.com/ant9000/lora3a-boards
saccarosium/dot,103,103,1.0,https://github.com/saccarosium/dot
michelececcacci/tilck,103,103,1.0,https://github.com/michelececcacci/tilck
PtrTella/Bricks-Breaker,103,103,1.0,https://github.com/PtrTella/Bricks-Breaker
Miccighel/MichaelSoprano,103,103,1.0,https://github.com/Miccighel/MichaelSoprano
frafol/CleanScreenShare,103,103,1.0,https://github.com/frafol/CleanScreenShare
NethServer/vue-tailwind-lib,103,103,1.0,https://github.com/NethServer/vue-tailwind-lib
Okazakee/okazakee-dev-website,103,103,1.0,https://github.com/Okazakee/okazakee-dev-website
BrunoEsposito2/brunoesposito2.github.io,102,102,1.0,https://github.com/BrunoEsposito2/brunoesposito2.github.io
Auties00/WhatsappWeb4j,102,102,1.0,https://github.com/Auties00/WhatsappWeb4j
giubacc/ceph,102,102,1.0,https://github.com/giubacc/ceph
giulioturrisi/Differential-Drive-Robot,102,102,1.0,https://github.com/giulioturrisi/Differential-Drive-Robot
arduino/ArduinoCore-mbed,79,102,0.7745098039215687,https://github.com/arduino/ArduinoCore-mbed
Team-Isaac-Polito/PicoLowLevel,78,102,0.7647058823529411,https://github.com/Team-Isaac-Polito/PicoLowLevel
ericmedvet/2dmrsim,102,102,1.0,https://github.com/ericmedvet/2dmrsim
fborriello/bull,102,102,1.0,https://github.com/fborriello/bull
etcd-io/jetcd,93,102,0.9117647058823528,https://github.com/etcd-io/jetcd
ilcors-dev/bachelor-thesis,102,102,1.0,https://github.com/ilcors-dev/bachelor-thesis
c128lib/chipset,88,102,0.8627450980392157,https://github.com/c128lib/chipset
riccardoperra/statebuilder,95,102,0.931372549019608,https://github.com/riccardoperra/statebuilder
JustWhit3/arsenalgear-cpp,88,102,0.8627450980392157,https://github.com/JustWhit3/arsenalgear-cpp
gioretikto/litos4,102,102,1.0,https://github.com/gioretikto/litos4
Bildcraft1/School-Exercises,102,102,1.0,https://github.com/Bildcraft1/School-Exercises
fabian57fabian/genvid-minimal,102,102,1.0,https://github.com/fabian57fabian/genvid-minimal
chenlijun99/dotfiles,102,102,1.0,https://github.com/chenlijun99/dotfiles
Xoaib007/MySQL-Notes,102,102,1.0,https://github.com/Xoaib007/MySQL-Notes
salem84/AspNetCore.VersionInfo,87,102,0.8529411764705882,https://github.com/salem84/AspNetCore.VersionInfo
flussodigitale/KLN,102,102,1.0,https://github.com/flussodigitale/KLN
sonormusiceditions/sonormusiceditions.com,98,102,0.9607843137254902,https://github.com/sonormusiceditions/sonormusiceditions.com
egalli64/pythonesque,102,102,1.0,https://github.com/egalli64/pythonesque
twoojoo/dotfiles,102,102,1.0,https://github.com/twoojoo/dotfiles
giuseppe/storage,100,102,0.9803921568627452,https://github.com/giuseppe/storage
vcrini/aws-utilities,102,102,1.0,https://github.com/vcrini/aws-utilities
matrix/hashcat,95,102,0.931372549019608,https://github.com/matrix/hashcat
padovagrandtour/padovagrandtour.github.io,102,102,1.0,https://github.com/padovagrandtour/padovagrandtour.github.io
Davide-sd/sympy-plot-backends,100,102,0.9803921568627452,https://github.com/Davide-sd/sympy-plot-backends
Progetto-Programmazione-22-23/Progetto,101,102,0.9901960784313726,https://github.com/Progetto-Programmazione-22-23/Progetto
StefanoPaparesta/Obsidian,102,102,1.0,https://github.com/StefanoPaparesta/Obsidian
sighupio/fury-eks-installer,100,102,0.9803921568627452,https://github.com/sighupio/fury-eks-installer
tteofili/trustyai-explainability,102,102,1.0,https://github.com/tteofili/trustyai-explainability
angleto/Whatsapp4j,102,102,1.0,https://github.com/angleto/Whatsapp4j
tonineri/tonineri.github.io,102,102,1.0,https://github.com/tonineri/tonineri.github.io
carlosrojasquiroz/EUIcodes,102,102,1.0,https://github.com/carlosrojasquiroz/EUIcodes
passiomatic/coldsweat,101,101,1.0,https://github.com/passiomatic/coldsweat
SimoneAncona/simply2d,101,101,1.0,https://github.com/SimoneAncona/simply2d
RobiCavalli/fs0722b-Roberta-Cavalli,101,101,1.0,https://github.com/RobiCavalli/fs0722b-Roberta-Cavalli
pybotgram/pybotgram,79,101,0.7821782178217822,https://github.com/pybotgram/pybotgram
sighupio/fury-ui,101,101,1.0,https://github.com/sighupio/fury-ui
iliaplatone/indi-3rdparty,101,101,1.0,https://github.com/iliaplatone/indi-3rdparty
AssocamScuolaCamerana/python_corso_base,97,101,0.9603960396039604,https://github.com/AssocamScuolaCamerana/python_corso_base
sgotti/agola,101,101,1.0,https://github.com/sgotti/agola
BenedettoSimone/SmartCity-Arduino,101,101,1.0,https://github.com/BenedettoSimone/SmartCity-Arduino
monteiz/shared-file-view,101,101,1.0,https://github.com/monteiz/shared-file-view
sinisimattia/tapi,82,101,0.8118811881188119,https://github.com/sinisimattia/tapi
Gius-8/COVID-19-JSON,101,101,1.0,https://github.com/Gius-8/COVID-19-JSON
MarcoTerzulli/Mobile_Prog_2021_File_Manager,101,101,1.0,https://github.com/MarcoTerzulli/Mobile_Prog_2021_File_Manager
tweag/crem,101,101,1.0,https://github.com/tweag/crem
chaotic-society/theoretica,101,101,1.0,https://github.com/chaotic-society/theoretica
mdefaux/normal,82,101,0.8118811881188119,https://github.com/mdefaux/normal
mdesalvo/OWLSharp,101,101,1.0,https://github.com/mdesalvo/OWLSharp
ministero-salute/it-fse-srv-query,85,101,0.8415841584158416,https://github.com/ministero-salute/it-fse-srv-query
OpenObservatory/openobservatory.github.io,101,101,1.0,https://github.com/OpenObservatory/openobservatory.github.io
owosrl/LaNotte24Ore,96,101,0.9504950495049505,https://github.com/owosrl/LaNotte24Ore
colamonico-chiarulli/smartbreak,96,101,0.9504950495049505,https://github.com/colamonico-chiarulli/smartbreak
aler9/mediamtx,100,101,0.99009900990099,https://github.com/aler9/mediamtx
Kurozora/kurozora-linux,96,101,0.9504950495049505,https://github.com/Kurozora/kurozora-linux
rustyrussell/lnprototest,98,101,0.9702970297029704,https://github.com/rustyrussell/lnprototest
TheZyon/fs0722a-Alfredo-Ingraldo,101,101,1.0,https://github.com/TheZyon/fs0722a-Alfredo-Ingraldo
CristianMusto/react-portfolio,100,100,1.0,https://github.com/CristianMusto/react-portfolio
killerbossoriginal/quaderno,100,100,1.0,https://github.com/killerbossoriginal/quaderno
pagopa/template-java-spring-microservice,100,100,1.0,https://github.com/pagopa/template-java-spring-microservice
metarhia/metautil,100,100,1.0,https://github.com/metarhia/metautil
emanuele6/jq-1,100,100,1.0,https://github.com/emanuele6/jq-1
hsp-iit/roft-samples,100,100,1.0,https://github.com/hsp-iit/roft-samples
ilmanzo/openQA,100,100,1.0,https://github.com/ilmanzo/openQA
bitpredator/bptdevelopment,98,100,0.98,https://github.com/bitpredator/bptdevelopment
VAuthenticator/vauthenticator-management-ui,97,100,0.97,https://github.com/VAuthenticator/vauthenticator-management-ui
MasterCruelty/C-Go-Algorithms,100,100,1.0,https://github.com/MasterCruelty/C-Go-Algorithms
EddyTheCo/Qclient-IOTA,100,100,1.0,https://github.com/EddyTheCo/Qclient-IOTA
ifad/chronomodel,100,100,1.0,https://github.com/ifad/chronomodel
robyquin/darktable,100,100,1.0,https://github.com/robyquin/darktable
SiriosDev/SwitchBot-API-Script-Caller,100,100,1.0,https://github.com/SiriosDev/SwitchBot-API-Script-Caller
BadBro00/Esame_Sistemi_Operativi,100,100,1.0,https://github.com/BadBro00/Esame_Sistemi_Operativi
luigibonati/mlcolvar,92,100,0.92,https://github.com/luigibonati/mlcolvar
brucellino/ansible-role-consul,93,100,0.93,https://github.com/brucellino/ansible-role-consul
fasenderos/bitify,93,100,0.93,https://github.com/fasenderos/bitify
TheTipo01/YADMB,100,100,1.0,https://github.com/TheTipo01/YADMB
Roberto2194/Roberto2194,100,100,1.0,https://github.com/Roberto2194/Roberto2194
ooni/ooni.github.io,100,100,1.0,https://github.com/ooni/ooni.github.io
gremo/devcontainers-features,100,100,1.0,https://github.com/gremo/devcontainers-features
demichie/IMEX_SfloW2D_v2,100,100,1.0,https://github.com/demichie/IMEX_SfloW2D_v2
marmic98/follettoPoint,100,100,1.0,https://github.com/marmic98/follettoPoint
pierfrancescomartinello/BigDataProject,78,100,0.78,https://github.com/pierfrancescomartinello/BigDataProject
DastLab/edbticdt2024,77,100,0.77,https://github.com/DastLab/edbticdt2024
AndreaCacioli/ProgettoTLN2023,100,100,1.0,https://github.com/AndreaCacioli/ProgettoTLN2023
clxdia/TasksManager-Project,100,100,1.0,https://github.com/clxdia/TasksManager-Project
dcappellin/dcappellin.github.io,100,100,1.0,https://github.com/dcappellin/dcappellin.github.io
thomasrobiglio/xgi,100,100,1.0,https://github.com/thomasrobiglio/xgi
rcardin/kactor,100,100,1.0,https://github.com/rcardin/kactor
aquacloud-dev/github-actions,83,100,0.83,https://github.com/aquacloud-dev/github-actions
dandpz/airbyte,83,99,0.8383838383838383,https://github.com/dandpz/airbyte
celerya-mm/cbgc_server,99,99,1.0,https://github.com/celerya-mm/cbgc_server
DavideBrex/DavideBrex.github.io,97,99,0.9797979797979798,https://github.com/DavideBrex/DavideBrex.github.io
lmzuccarelli/oc-mirror,85,99,0.8585858585858586,https://github.com/lmzuccarelli/oc-mirror
Peppe289/kernel_xiaomi_lavender,99,99,1.0,https://github.com/Peppe289/kernel_xiaomi_lavender
CarloLonghi/evolve-and-learn,99,99,1.0,https://github.com/CarloLonghi/evolve-and-learn
erodola/DLAI-s2-2023,88,99,0.8888888888888888,https://github.com/erodola/DLAI-s2-2023
anpicci/nanoAOD-tools,99,99,1.0,https://github.com/anpicci/nanoAOD-tools
francescocorsello/javascript-module-exercises,99,99,1.0,https://github.com/francescocorsello/javascript-module-exercises
Lymphatus/caesium-image-compressor,99,99,1.0,https://github.com/Lymphatus/caesium-image-compressor
JohnRDOrazio/SimpleAPI,99,99,1.0,https://github.com/JohnRDOrazio/SimpleAPI
vincenzopalazzo/rust,84,99,0.8484848484848485,https://github.com/vincenzopalazzo/rust
phoenixbf/aton,99,99,1.0,https://github.com/phoenixbf/aton
valeriano-manassero/helm-charts,80,99,0.8080808080808081,https://github.com/valeriano-manassero/helm-charts
alkampfergit/ai-playground,90,99,0.9090909090909092,https://github.com/alkampfergit/ai-playground
frappaaa/archive,99,99,1.0,https://github.com/frappaaa/archive
pagopa/io-pagopa-proxy,87,99,0.8787878787878788,https://github.com/pagopa/io-pagopa-proxy
PashaIanko/Kaggle.Spaceship-Titanic,99,99,1.0,https://github.com/PashaIanko/Kaggle.Spaceship-Titanic
guidone/node-red-contrib-chatbot,79,99,0.797979797979798,https://github.com/guidone/node-red-contrib-chatbot
Spectrum5/bool-bnb-backend,88,99,0.8888888888888888,https://github.com/Spectrum5/bool-bnb-backend
dcorrada/POWERSHELL,99,99,1.0,https://github.com/dcorrada/POWERSHELL
alessandrofoglia07/MyVibe-FE,99,99,1.0,https://github.com/alessandrofoglia07/MyVibe-FE
kekko3d/kekko3d,99,99,1.0,https://github.com/kekko3d/kekko3d
LeddaZ/revanced-repo,99,99,1.0,https://github.com/LeddaZ/revanced-repo
EstebanFlorence/minishell,99,99,1.0,https://github.com/EstebanFlorence/minishell
pagopa/pdv-tokenizer-infra,97,99,0.9797979797979798,https://github.com/pagopa/pdv-tokenizer-infra
luigisaetta/pytorch-on-oci,99,99,1.0,https://github.com/luigisaetta/pytorch-on-oci
PBrunot/rfid-arduino,99,99,1.0,https://github.com/PBrunot/rfid-arduino
tranchitella/mender-docs,97,99,0.9797979797979798,https://github.com/tranchitella/mender-docs
icub-tech-iit/cad-libraries,97,99,0.9797979797979798,https://github.com/icub-tech-iit/cad-libraries
Mattiamene1/mattiameneghin.tk,99,99,1.0,https://github.com/Mattiamene1/mattiameneghin.tk
kubealex/role_eda_controller_setup,99,99,1.0,https://github.com/kubealex/role_eda_controller_setup
m4dhouse/Wireguard-Vpn,99,99,1.0,https://github.com/m4dhouse/Wireguard-Vpn
datastax/venice,97,98,0.9897959183673468,https://github.com/datastax/venice
pygame-community/pygame-geometry,97,98,0.9897959183673468,https://github.com/pygame-community/pygame-geometry
numerunix/piccolinux,98,98,1.0,https://github.com/numerunix/piccolinux
LucaCraft89/C_Class1,98,98,1.0,https://github.com/LucaCraft89/C_Class1
JetBrains/package-search-api-models,74,98,0.7551020408163265,https://github.com/JetBrains/package-search-api-models
plumkewe/miei-codici,98,98,1.0,https://github.com/plumkewe/miei-codici
FedericoBruzzone/federicobruzzone.github.io,98,98,1.0,https://github.com/FedericoBruzzone/federicobruzzone.github.io
CristianDavideConte/universalSmoothScroll,98,98,1.0,https://github.com/CristianDavideConte/universalSmoothScroll
MatteoLanci/personalDashboard-fe,98,98,1.0,https://github.com/MatteoLanci/personalDashboard-fe
IntelligentSystemsLabUTV/flight_stack,98,98,1.0,https://github.com/IntelligentSystemsLabUTV/flight_stack
RazorEnhanced/RazorEnhanced,98,98,1.0,https://github.com/RazorEnhanced/RazorEnhanced
fgaravaglia/CLIArgumentsParser,98,98,1.0,https://github.com/fgaravaglia/CLIArgumentsParser
cekkr/keras-primesDistribution,98,98,1.0,https://github.com/cekkr/keras-primesDistribution
federico9292/eggboard,98,98,1.0,https://github.com/federico9292/eggboard
Entity378/Bone-Skewer-Grabber,98,98,1.0,https://github.com/Entity378/Bone-Skewer-Grabber
wilmer88/taco-stand,98,98,1.0,https://github.com/wilmer88/taco-stand
bancaditalia/itcoin-core,87,98,0.8877551020408163,https://github.com/bancaditalia/itcoin-core
Scott31393/linux,98,98,1.0,https://github.com/Scott31393/linux
PoliTo-Rocket-Team/website,98,98,1.0,https://github.com/PoliTo-Rocket-Team/website
matteotolloso/BioEmbedding,98,98,1.0,https://github.com/matteotolloso/BioEmbedding
eurotech/add-ons-automation,98,98,1.0,https://github.com/eurotech/add-ons-automation
alpha-unito/jupyter-workflow,84,97,0.865979381443299,https://github.com/alpha-unito/jupyter-workflow
musianisamuele/Analisi,97,97,1.0,https://github.com/musianisamuele/Analisi
sfilippone/psblas3,77,97,0.7938144329896907,https://github.com/sfilippone/psblas3
alpha-unito/streamflow-postgresql,85,97,0.8762886597938144,https://github.com/alpha-unito/streamflow-postgresql
fpischedda/unrefined,97,97,1.0,https://github.com/fpischedda/unrefined
GiovsTech/Website,97,97,1.0,https://github.com/GiovsTech/Website
francescopatane96/NERVE,95,97,0.979381443298969,https://github.com/francescopatane96/NERVE
ankurkohli007/Photogrammetry-and-3D-Model-Reconstruction_Virtual-Reality-for-Robotics,95,97,0.979381443298969,https://github.com/ankurkohli007/Photogrammetry-and-3D-Model-Reconstruction_Virtual-Reality-for-Robotics
Alfresco/alfresco-identity-service,91,97,0.9381443298969072,https://github.com/Alfresco/alfresco-identity-service
AndreaBe99/computer-vision-project,97,97,1.0,https://github.com/AndreaBe99/computer-vision-project
ankurkohli007/A2C-PPO-Reinforcement-Learning_Machine-Learning-for-Robotics-II,97,97,1.0,https://github.com/ankurkohli007/A2C-PPO-Reinforcement-Learning_Machine-Learning-for-Robotics-II
bocchilorenzo/AutoEuroVoc,97,97,1.0,https://github.com/bocchilorenzo/AutoEuroVoc
edoardottt/cariddi,97,97,1.0,https://github.com/edoardottt/cariddi
Onnwen/IlBlog-DarioDAngelo,97,97,1.0,https://github.com/Onnwen/IlBlog-DarioDAngelo
egregors/leetgo,97,97,1.0,https://github.com/egregors/leetgo
TemplatesHub/unibo-thesis-template-english,97,97,1.0,https://github.com/TemplatesHub/unibo-thesis-template-english
filariow/service-binding-operator,93,97,0.9587628865979382,https://github.com/filariow/service-binding-operator
ouitoulia/skenografia,93,97,0.9587628865979382,https://github.com/ouitoulia/skenografia
seve-andre/android-jetpack-compose-template,97,97,1.0,https://github.com/seve-andre/android-jetpack-compose-template
torydebra/AwesomeRoboticsConferencesAndSchoolsList,97,97,1.0,https://github.com/torydebra/AwesomeRoboticsConferencesAndSchoolsList
emanuele-em/infopoint-totem-slideshow,97,97,1.0,https://github.com/emanuele-em/infopoint-totem-slideshow
SiciliaHub/palermohub,97,97,1.0,https://github.com/SiciliaHub/palermohub
cristian-5/en-passant-discord,97,97,1.0,https://github.com/cristian-5/en-passant-discord
jexpe-apps/jexpe,97,97,1.0,https://github.com/jexpe-apps/jexpe
koraynilay/robo,94,97,0.9690721649484536,https://github.com/koraynilay/robo
TonioGela/haskell-book-reading-group-exercises,87,97,0.8969072164948454,https://github.com/TonioGela/haskell-book-reading-group-exercises
ivan-hc/ivan-hc,97,97,1.0,https://github.com/ivan-hc/ivan-hc
davidemitoli/DryIce,97,97,1.0,https://github.com/davidemitoli/DryIce
Specy/asm-editor,97,97,1.0,https://github.com/Specy/asm-editor
vincenzobucciero/Algorithm-Data-Structures,97,97,1.0,https://github.com/vincenzobucciero/Algorithm-Data-Structures
bardhprenkaj/bardh-prenkaj-resume,97,97,1.0,https://github.com/bardhprenkaj/bardh-prenkaj-resume
lbraglia/pylbmisc,81,96,0.84375,https://github.com/lbraglia/pylbmisc
MarcoIeni/release-plz-action,96,96,1.0,https://github.com/MarcoIeni/release-plz-action
DavidCavallaro/davidcavallaro.github.io,96,96,1.0,https://github.com/DavidCavallaro/davidcavallaro.github.io
HGX-Team/hypergraphx,87,96,0.90625,https://github.com/HGX-Team/hypergraphx
abocchieri/abocchieri.github.io,96,96,1.0,https://github.com/abocchieri/abocchieri.github.io
ckhmer1/node-red-contrib-alexa-virtual-smarthome,92,96,0.9583333333333334,https://github.com/ckhmer1/node-red-contrib-alexa-virtual-smarthome
Rob097/MyPortfolio-FE-React,96,96,1.0,https://github.com/Rob097/MyPortfolio-FE-React
Norby99/Unibo-Cesena,96,96,1.0,https://github.com/Norby99/Unibo-Cesena
sepal-contrib/se.plan,96,96,1.0,https://github.com/sepal-contrib/se.plan
kidist-amde/kidist-amde.github.io,96,96,1.0,https://github.com/kidist-amde/kidist-amde.github.io
MaxRondelli/Formula-1-Tyre-Strategy-Prediction,96,96,1.0,https://github.com/MaxRondelli/Formula-1-Tyre-Strategy-Prediction
flavoi/diventi,96,96,1.0,https://github.com/flavoi/diventi
giorgioGTelian/giorgioGTelian,96,96,1.0,https://github.com/giorgioGTelian/giorgioGTelian
eliadevito/com.prusa3d.PrusaSlicer,96,96,1.0,https://github.com/eliadevito/com.prusa3d.PrusaSlicer
ennioitaliano/obsidian-auto-glossary,96,96,1.0,https://github.com/ennioitaliano/obsidian-auto-glossary
NyarchLinux/NyarchLinux,96,96,1.0,https://github.com/NyarchLinux/NyarchLinux
Colonna17/Collision_Avoidance-Sapienza_Vision_and_Perception,74,96,0.7708333333333334,https://github.com/Colonna17/Collision_Avoidance-Sapienza_Vision_and_Perception
StefanoPisano/portfolio,96,96,1.0,https://github.com/StefanoPisano/portfolio
gtolomei/academic-kickstart,96,96,1.0,https://github.com/gtolomei/academic-kickstart
mkukiro/nori.io,95,96,0.9895833333333334,https://github.com/mkukiro/nori.io
cassanof/luau-ast-rs,96,96,1.0,https://github.com/cassanof/luau-ast-rs
mebeim/aoc,96,96,1.0,https://github.com/mebeim/aoc
bancaditalia/itcoin-fbft,73,96,0.7604166666666666,https://github.com/bancaditalia/itcoin-fbft
francescozanoni/fonti-web-storia-novarese,96,96,1.0,https://github.com/francescozanoni/fonti-web-storia-novarese
lorenzored98/lorenzored98.github.io,74,96,0.7708333333333334,https://github.com/lorenzored98/lorenzored98.github.io
workgroupengineering/AvaloniaVS,90,96,0.9375,https://github.com/workgroupengineering/AvaloniaVS
just-hms/tailword,90,96,0.9375,https://github.com/just-hms/tailword
madmace/ALFONSo_ICL8038,96,96,1.0,https://github.com/madmace/ALFONSo_ICL8038
psonnera/nightscout.github.io,75,96,0.78125,https://github.com/psonnera/nightscout.github.io
mauretto78/MateCat,96,96,1.0,https://github.com/mauretto78/MateCat
cinfa78/NSJS14,72,95,0.7578947368421053,https://github.com/cinfa78/NSJS14
20squares/blog,94,95,0.9894736842105264,https://github.com/20squares/blog
icub-tech-iit/creo2urdf,95,95,1.0,https://github.com/icub-tech-iit/creo2urdf
MarkGotLasagna/ingsoft,84,95,0.8842105263157894,https://github.com/MarkGotLasagna/ingsoft
MRColorR/onehundredten,95,95,1.0,https://github.com/MRColorR/onehundredten
marcodefelice/budget-tracker-BE-module,95,95,1.0,https://github.com/marcodefelice/budget-tracker-BE-module
mattiadido95/Haze-Fog-suppression,95,95,1.0,https://github.com/mattiadido95/Haze-Fog-suppression
pchoba/programmazione1,95,95,1.0,https://github.com/pchoba/programmazione1
joeyates/joeyates.github.io,95,95,1.0,https://github.com/joeyates/joeyates.github.io
RaspCard/RaspCard,91,95,0.9578947368421052,https://github.com/RaspCard/RaspCard
lucasimi/tda-mapper-java,95,95,1.0,https://github.com/lucasimi/tda-mapper-java
IncioMan/cosmos-activities-dashboard,95,95,1.0,https://github.com/IncioMan/cosmos-activities-dashboard
yithemes/yith-wonder,95,95,1.0,https://github.com/yithemes/yith-wonder
riccardoperra/codeui,86,95,0.9052631578947368,https://github.com/riccardoperra/codeui
ducktors/crane,91,95,0.9578947368421052,https://github.com/ducktors/crane
tonysamperi/ngx-popperjs,95,95,1.0,https://github.com/tonysamperi/ngx-popperjs
zera0mykerd/Mineset,95,95,1.0,https://github.com/zera0mykerd/Mineset
josedallatorre/expense-tracker,95,95,1.0,https://github.com/josedallatorre/expense-tracker
omar-polo/OpenSMTPD,95,95,1.0,https://github.com/omar-polo/OpenSMTPD
FedericoDiMarzo/torch_utilities,95,95,1.0,https://github.com/FedericoDiMarzo/torch_utilities
dgerosa/CV,95,95,1.0,https://github.com/dgerosa/CV
kichkiro/42,95,95,1.0,https://github.com/kichkiro/42
binghy/ETHDenver-Bootcamp-2022,95,95,1.0,https://github.com/binghy/ETHDenver-Bootcamp-2022
wesbluemarine/lapis,95,95,1.0,https://github.com/wesbluemarine/lapis
GrapesJS/grapesjs,95,95,1.0,https://github.com/GrapesJS/grapesjs
iz1kga/iMeshWiki,94,94,1.0,https://github.com/iz1kga/iMeshWiki
pytgcalls/docsdata,89,94,0.946808510638298,https://github.com/pytgcalls/docsdata
giova239/BattleShip,94,94,1.0,https://github.com/giova239/BattleShip
giovannimanetti11/perseowiki,94,94,1.0,https://github.com/giovannimanetti11/perseowiki
manjaro-archive/build-archives,94,94,1.0,https://github.com/manjaro-archive/build-archives
NicKoehler/brawlhalla_bot,94,94,1.0,https://github.com/NicKoehler/brawlhalla_bot
ruslanmv/ruslanmv.github.io,94,94,1.0,https://github.com/ruslanmv/ruslanmv.github.io
nico-iaco/grocery-be,94,94,1.0,https://github.com/nico-iaco/grocery-be
gisgeolab/ARPA_Weather_plugin,94,94,1.0,https://github.com/gisgeolab/ARPA_Weather_plugin
RaveTheN/GeoDataExtractor_frontend,94,94,1.0,https://github.com/RaveTheN/GeoDataExtractor_frontend
eugenioaloi/Accademy_ISCS,94,94,1.0,https://github.com/eugenioaloi/Accademy_ISCS
Magrid0/tldr,89,94,0.946808510638298,https://github.com/Magrid0/tldr
thebelovedmoon/thebelovedmoon,94,94,1.0,https://github.com/thebelovedmoon/thebelovedmoon
aferaudo/user_policy_server,94,94,1.0,https://github.com/aferaudo/user_policy_server
Tenacom/AaaLib,86,94,0.9148936170212766,https://github.com/Tenacom/AaaLib
edymil/LVKVisibility,94,94,1.0,https://github.com/edymil/LVKVisibility
PietroValente/pietrovalente,94,94,1.0,https://github.com/PietroValente/pietrovalente
Korazza/dotfiles,94,94,1.0,https://github.com/Korazza/dotfiles
gabelluardo/anime-dl,86,94,0.9148936170212766,https://github.com/gabelluardo/anime-dl
Alee08/Alee08.github.io,94,94,1.0,https://github.com/Alee08/Alee08.github.io
lrzpellegrini/avalanche,94,94,1.0,https://github.com/lrzpellegrini/avalanche
giulianbiolo/NewsFeedr,85,94,0.9042553191489362,https://github.com/giulianbiolo/NewsFeedr
gioretikto/gioretikto.github.io,94,94,1.0,https://github.com/gioretikto/gioretikto.github.io
giaruffo/tweb,94,94,1.0,https://github.com/giaruffo/tweb
rorystephenson/flutter_map,75,94,0.7978723404255319,https://github.com/rorystephenson/flutter_map
kanopo/dotfiles,94,94,1.0,https://github.com/kanopo/dotfiles
pos17/SASP_HWs,80,94,0.851063829787234,https://github.com/pos17/SASP_HWs
sashacorp/casa-di-max,94,94,1.0,https://github.com/sashacorp/casa-di-max
marcoigorr/PhysicsEngineD3D11,94,94,1.0,https://github.com/marcoigorr/PhysicsEngineD3D11
bitetechnology/bite,93,94,0.9893617021276596,https://github.com/bitetechnology/bite
silviolanza/god-save-the-food,73,94,0.776595744680851,https://github.com/silviolanza/god-save-the-food
SebaUbuntu/android_packages_apps_Jelly,94,94,1.0,https://github.com/SebaUbuntu/android_packages_apps_Jelly
aleganza/Plenty-Of-Armors,75,94,0.7978723404255319,https://github.com/aleganza/Plenty-Of-Armors
tomcucinotta/distwalk,82,94,0.8723404255319149,https://github.com/tomcucinotta/distwalk
michele98/ball_tracking_padel,94,94,1.0,https://github.com/michele98/ball_tracking_padel
teob97/PRMaps.jl,94,94,1.0,https://github.com/teob97/PRMaps.jl
andreazignoli/pyoxynet,94,94,1.0,https://github.com/andreazignoli/pyoxynet
antonioiuliano2/macros-snd,94,94,1.0,https://github.com/antonioiuliano2/macros-snd
vigji/python-cimec,94,94,1.0,https://github.com/vigji/python-cimec
rumorsflow/rumors,93,93,1.0,https://github.com/rumorsflow/rumors
Visivalab/visivalab-components,78,93,0.8387096774193549,https://github.com/Visivalab/visivalab-components
OpenDeltaE2/enigma2-r21,93,93,1.0,https://github.com/OpenDeltaE2/enigma2-r21
fly-lang/fly,93,93,1.0,https://github.com/fly-lang/fly
acerv/kirk,93,93,1.0,https://github.com/acerv/kirk
fusillicode/dotfiles,93,93,1.0,https://github.com/fusillicode/dotfiles
microrobotlab/active-brownian-particles,93,93,1.0,https://github.com/microrobotlab/active-brownian-particles
WalterNadalin/ParallelMatrixMultiplication,93,93,1.0,https://github.com/WalterNadalin/ParallelMatrixMultiplication
stefanoesposito/beatflowers-react,93,93,1.0,https://github.com/stefanoesposito/beatflowers-react
Sunlitt/SunKit,85,93,0.913978494623656,https://github.com/Sunlitt/SunKit
mongo-dart/mongo_dart,93,93,1.0,https://github.com/mongo-dart/mongo_dart
arkeane/smartmenu,85,93,0.913978494623656,https://github.com/arkeane/smartmenu
chrimitra/Fullstack-Gruppo-2,89,93,0.956989247311828,https://github.com/chrimitra/Fullstack-Gruppo-2
carminecoppola/DB_Birrificio,93,93,1.0,https://github.com/carminecoppola/DB_Birrificio
MikOfClassX/libgdx,93,93,1.0,https://github.com/MikOfClassX/libgdx
harlem88/astarte-message-hub,91,93,0.978494623655914,https://github.com/harlem88/astarte-message-hub
LucaBonfiglioli/nnviz,93,93,1.0,https://github.com/LucaBonfiglioli/nnviz
fanzoo-kernel-team/kernel,92,93,0.989247311827957,https://github.com/fanzoo-kernel-team/kernel
emirbalic/Motoranza,93,93,1.0,https://github.com/emirbalic/Motoranza
dulvui/pocket-broomball,93,93,1.0,https://github.com/dulvui/pocket-broomball
RazorEnhanced/razorenhanced.github.io,73,93,0.7849462365591398,https://github.com/RazorEnhanced/razorenhanced.github.io
rht/mesa-perf,73,93,0.7849462365591398,https://github.com/rht/mesa-perf
snuffop/doom-config,93,93,1.0,https://github.com/snuffop/doom-config
S-furi/uni-internship,93,93,1.0,https://github.com/S-furi/uni-internship
Rastark/vgamepref-datacoll,93,93,1.0,https://github.com/Rastark/vgamepref-datacoll
pokemoncentral/wiki-lua-modules,93,93,1.0,https://github.com/pokemoncentral/wiki-lua-modules
Interconnected-project/interconnected_node,83,93,0.8924731182795699,https://github.com/Interconnected-project/interconnected_node
kostola/package-operator,83,93,0.8924731182795699,https://github.com/kostola/package-operator
dadegi/FS0223,93,93,1.0,https://github.com/dadegi/FS0223
greatspn/SOURCES,72,93,0.7741935483870968,https://github.com/greatspn/SOURCES
momonastia/angular-book-shop,93,93,1.0,https://github.com/momonastia/angular-book-shop
gitgabrio/drools,92,93,0.989247311827957,https://github.com/gitgabrio/drools
edocipriano/basilisk-sandbox-ecipriano,93,93,1.0,https://github.com/edocipriano/basilisk-sandbox-ecipriano
mazzalab/fastqwiper,93,93,1.0,https://github.com/mazzalab/fastqwiper
moresdavidewayan/ABRUHP,92,93,0.989247311827957,https://github.com/moresdavidewayan/ABRUHP
mzucali/pyMinColab,93,93,1.0,https://github.com/mzucali/pyMinColab
gtumedei/gtumedei.github.io,70,93,0.7526881720430108,https://github.com/gtumedei/gtumedei.github.io
csunibo/metodi-logici-per-la-filosofia,93,93,1.0,https://github.com/csunibo/metodi-logici-per-la-filosofia
nicolasguarini/milechain,70,93,0.7526881720430108,https://github.com/nicolasguarini/milechain
marco0167/42_rep,93,93,1.0,https://github.com/marco0167/42_rep
maxcohen31/maxcohen31,92,92,1.0,https://github.com/maxcohen31/maxcohen31
easybyte-software/kongalib,92,92,1.0,https://github.com/easybyte-software/kongalib
antoniobisegna/ivy,92,92,1.0,https://github.com/antoniobisegna/ivy
tncrazvan/catpaw-web-starter,92,92,1.0,https://github.com/tncrazvan/catpaw-web-starter
ingro/spaceyard,92,92,1.0,https://github.com/ingro/spaceyard
pagopa/github-actions-infra-azure-poc,92,92,1.0,https://github.com/pagopa/github-actions-infra-azure-poc
Fupete/three-sessions-2023-senigallia,92,92,1.0,https://github.com/Fupete/three-sessions-2023-senigallia
Pucchosa/AdventOfCode2022,92,92,1.0,https://github.com/Pucchosa/AdventOfCode2022
simsax/cpp-lox,92,92,1.0,https://github.com/simsax/cpp-lox
Evan-Roberts-808/Bites-and-Brews,82,92,0.8913043478260869,https://github.com/Evan-Roberts-808/Bites-and-Brews
ramai108/OCA,92,92,1.0,https://github.com/ramai108/OCA
m-dadej/Mars.jl,92,92,1.0,https://github.com/m-dadej/Mars.jl
archetipo/ozon-env,92,92,1.0,https://github.com/archetipo/ozon-env
LetteraUnica/BriscolaBot,92,92,1.0,https://github.com/LetteraUnica/BriscolaBot
Backend-Developer-School-Tree/Corso-Java-Developer-2023-02,92,92,1.0,https://github.com/Backend-Developer-School-Tree/Corso-Java-Developer-2023-02
portalgas/site,92,92,1.0,https://github.com/portalgas/site
Lucos18/EasyCarNew,92,92,1.0,https://github.com/Lucos18/EasyCarNew
Steffo99/ld52,92,92,1.0,https://github.com/Steffo99/ld52
PokeAPI/pokeapi,90,92,0.9782608695652174,https://github.com/PokeAPI/pokeapi
example42/puppet-tp,92,92,1.0,https://github.com/example42/puppet-tp
Kuldyaev/briskmeal,92,92,1.0,https://github.com/Kuldyaev/briskmeal
akyrey/dotfiles,92,92,1.0,https://github.com/akyrey/dotfiles
FlavioOlivieri/Silent,92,92,1.0,https://github.com/FlavioOlivieri/Silent
ratioSolver/ratioGUI,92,92,1.0,https://github.com/ratioSolver/ratioGUI
oscarvgg/align-website,92,92,1.0,https://github.com/oscarvgg/align-website
emanuele6/trurl,92,92,1.0,https://github.com/emanuele6/trurl
joeyates/imap-backup,91,91,1.0,https://github.com/joeyates/imap-backup
bopen/c3s-430a-portal,91,91,1.0,https://github.com/bopen/c3s-430a-portal
DavidePicc/PaoProject,69,91,0.7582417582417582,https://github.com/DavidePicc/PaoProject
Fantu/blksnap,91,91,1.0,https://github.com/Fantu/blksnap
joshuachp/astarte-message-hub,91,91,1.0,https://github.com/joshuachp/astarte-message-hub
yuji-luigi/flatmate-webapp,91,91,1.0,https://github.com/yuji-luigi/flatmate-webapp
cascade-gmbh/cocor,91,91,1.0,https://github.com/cascade-gmbh/cocor
madiele/miryoku_zmk,91,91,1.0,https://github.com/madiele/miryoku_zmk
theFreeman96/inni-di-lode,91,91,1.0,https://github.com/theFreeman96/inni-di-lode
Allan-Nava/Haivision-go-sdk,90,91,0.989010989010989,https://github.com/Allan-Nava/Haivision-go-sdk
augustozanellato/ChameleonUltra,90,91,0.989010989010989,https://github.com/augustozanellato/ChameleonUltra
Pitasi/space,91,91,1.0,https://github.com/Pitasi/space
davidlastrucci/Trysil,91,91,1.0,https://github.com/davidlastrucci/Trysil
martapanc/personal-website-angular,91,91,1.0,https://github.com/martapanc/personal-website-angular
fluidos-project/WP3_Node,91,91,1.0,https://github.com/fluidos-project/WP3_Node
muraca/substrate,88,91,0.967032967032967,https://github.com/muraca/substrate
panicofr/django,74,91,0.8131868131868132,https://github.com/panicofr/django
getadaptly/adaptly,74,91,0.8131868131868132,https://github.com/getadaptly/adaptly
jjak0b/test_farm,91,91,1.0,https://github.com/jjak0b/test_farm
pagopa/io-react-native-jwt,89,91,0.978021978021978,https://github.com/pagopa/io-react-native-jwt
ludimus-tn/ludimus-tn.github.io,91,91,1.0,https://github.com/ludimus-tn/ludimus-tn.github.io
cosimochellini/aws-share-files,91,91,1.0,https://github.com/cosimochellini/aws-share-files
lorenzo677/Three-Body-Problem,72,91,0.7912087912087912,https://github.com/lorenzo677/Three-Body-Problem
Thunderbird93/proj-html-vuejs,91,91,1.0,https://github.com/Thunderbird93/proj-html-vuejs
diegobersanetti/python-telegram-bot,91,91,1.0,https://github.com/diegobersanetti/python-telegram-bot
statix-tiramisu-miatoll/android_vendor_statix,91,91,1.0,https://github.com/statix-tiramisu-miatoll/android_vendor_statix
SimoneGasperini/qiskit-symbolic,91,91,1.0,https://github.com/SimoneGasperini/qiskit-symbolic
Erfaniaa/fix-protocol,91,91,1.0,https://github.com/Erfaniaa/fix-protocol
AleOnta/CapstoneProject-Epicode,91,91,1.0,https://github.com/AleOnta/CapstoneProject-Epicode
tsparticles/cli,84,91,0.9230769230769232,https://github.com/tsparticles/cli
proofrock/sqliterg,91,91,1.0,https://github.com/proofrock/sqliterg
Alberto97/ArpavBTS,78,90,0.8666666666666667,https://github.com/Alberto97/ArpavBTS
pmarconcini/DB_MySql_Appunti,90,90,1.0,https://github.com/pmarconcini/DB_MySql_Appunti
velut/gridify.it,70,90,0.7777777777777778,https://github.com/velut/gridify.it
astarte-platform/astarte-device-sdk-rust,71,90,0.7888888888888889,https://github.com/astarte-platform/astarte-device-sdk-rust
arkemishub/arke-console,90,90,1.0,https://github.com/arkemishub/arke-console
brucellino/ansible-role-upgraded-octo-palm-tree,71,90,0.7888888888888889,https://github.com/brucellino/ansible-role-upgraded-octo-palm-tree
MatteoBax/lenovo-ideapad-15IML05-hackintosh,90,90,1.0,https://github.com/MatteoBax/lenovo-ideapad-15IML05-hackintosh
goto-eof/basic_brutus,90,90,1.0,https://github.com/goto-eof/basic_brutus
example42/tinydata,90,90,1.0,https://github.com/example42/tinydata
parinazt/parinazt.github.io,90,90,1.0,https://github.com/parinazt/parinazt.github.io
Fondazione-ASPHI/Nose-Drive,89,90,0.9888888888888888,https://github.com/Fondazione-ASPHI/Nose-Drive
mrizzi/guac,90,90,1.0,https://github.com/mrizzi/guac
FedericoBruzzone/dotfiles-vim-config,90,90,1.0,https://github.com/FedericoBruzzone/dotfiles-vim-config
DotNetCodeIT/Eventi,89,90,0.9888888888888888,https://github.com/DotNetCodeIT/Eventi
rbrtbnfgl/k3s,90,90,1.0,https://github.com/rbrtbnfgl/k3s
xDavide9/TurboBuy,90,90,1.0,https://github.com/xDavide9/TurboBuy
miroslavpejic85/mirotalkwebrtc,90,90,1.0,https://github.com/miroslavpejic85/mirotalkwebrtc
LucaCorvitto/RealFaces_w_StableDiffusion,90,90,1.0,https://github.com/LucaCorvitto/RealFaces_w_StableDiffusion
KhoiUna/icpc-practice,90,90,1.0,https://github.com/KhoiUna/icpc-practice
outwave-io/web-app-smart-contracts,80,90,0.8888888888888888,https://github.com/outwave-io/web-app-smart-contracts
antbucc/Edu,90,90,1.0,https://github.com/antbucc/Edu
micheleg/dash-to-dock,81,90,0.9,https://github.com/micheleg/dash-to-dock
RCasatta/bitcoind,90,90,1.0,https://github.com/RCasatta/bitcoind
matteo-Donofrio-unipi/Master_Degree_Thesis,90,90,1.0,https://github.com/matteo-Donofrio-unipi/Master_Degree_Thesis
matteobaccan/FolderCtl,87,90,0.9666666666666668,https://github.com/matteobaccan/FolderCtl
mattiaisgro/mattiaisgro.github.io,86,90,0.9555555555555556,https://github.com/mattiaisgro/mattiaisgro.github.io
Torfab/fabriziotornatore-frontend,90,90,1.0,https://github.com/Torfab/fabriziotornatore-frontend
vincenzopalazzo/kproc-macros,90,90,1.0,https://github.com/vincenzopalazzo/kproc-macros
Bitrey/vhf-e-superiori,90,90,1.0,https://github.com/Bitrey/vhf-e-superiori
fcalderan/nextjs-site-personal,90,90,1.0,https://github.com/fcalderan/nextjs-site-personal
lonelygunter/Smart-library-EMR,68,90,0.7555555555555555,https://github.com/lonelygunter/Smart-library-EMR
ignotochi/MerossApi,90,90,1.0,https://github.com/ignotochi/MerossApi
rosariomoscato/rosariomoscato.github.io,90,90,1.0,https://github.com/rosariomoscato/rosariomoscato.github.io
qasemii/UNIREX,90,90,1.0,https://github.com/qasemii/UNIREX
redtide/sfizz,90,90,1.0,https://github.com/redtide/sfizz
Faless/webrtc-native,90,90,1.0,https://github.com/Faless/webrtc-native
fp-ts/codec,86,89,0.9662921348314608,https://github.com/fp-ts/codec
LeonardoAgasso/OhnomiRNAs,89,89,1.0,https://github.com/LeonardoAgasso/OhnomiRNAs
FedericoValeri/DoneWithIt,89,89,1.0,https://github.com/FedericoValeri/DoneWithIt
ratioSolver/RiDDLe,89,89,1.0,https://github.com/ratioSolver/RiDDLe
prometherion/kamaji,89,89,1.0,https://github.com/prometherion/kamaji
dalcorso/thermo_pw,89,89,1.0,https://github.com/dalcorso/thermo_pw
joshua81/phonoteke,87,89,0.9775280898876404,https://github.com/joshua81/phonoteke
rcardin/functional-error-handling-in-kotlin,89,89,1.0,https://github.com/rcardin/functional-error-handling-in-kotlin
Mark-64/darktable,89,89,1.0,https://github.com/Mark-64/darktable
tizianocitro/climate-change,89,89,1.0,https://github.com/tizianocitro/climate-change
maranda/matrix-bifrost,89,89,1.0,https://github.com/maranda/matrix-bifrost
Password4j/password4j,89,89,1.0,https://github.com/Password4j/password4j
francescobondi02/celhoioClient,89,89,1.0,https://github.com/francescobondi02/celhoioClient
pagopa/pdv-user-registry-infra,85,89,0.9550561797752808,https://github.com/pagopa/pdv-user-registry-infra
petretiandrea/plugp100,84,89,0.9438202247191012,https://github.com/petretiandrea/plugp100
italia/developers-italia-api,84,89,0.9438202247191012,https://github.com/italia/developers-italia-api
alessiomodonesi/alessiomodonesi,89,89,1.0,https://github.com/alessiomodonesi/alessiomodonesi
imeuro/agenziaviaggiltc,89,89,1.0,https://github.com/imeuro/agenziaviaggiltc
AlbertoPavarin/Progetto-Panini,78,89,0.8764044943820225,https://github.com/AlbertoPavarin/Progetto-Panini
ministero-salute/it-fse-gtw-tools,74,89,0.8314606741573034,https://github.com/ministero-salute/it-fse-gtw-tools
vxbinaca/archive-env-NG,89,89,1.0,https://github.com/vxbinaca/archive-env-NG
Baio1977/Lenovo-ThinkPad-X1-Tablet-Gen3-Kabylake-r,89,89,1.0,https://github.com/Baio1977/Lenovo-ThinkPad-X1-Tablet-Gen3-Kabylake-r
damianoravalico/optimizing_automotive_inbound_logistics,83,89,0.9325842696629212,https://github.com/damianoravalico/optimizing_automotive_inbound_logistics
CrisGhinghi/CrisGhinghi.github.io,89,89,1.0,https://github.com/CrisGhinghi/CrisGhinghi.github.io
kubealex/gh-actions-test,88,89,0.9887640449438202,https://github.com/kubealex/gh-actions-test
defralcoding/cucumberx-dapp,89,89,1.0,https://github.com/defralcoding/cucumberx-dapp
clastix/charts,89,89,1.0,https://github.com/clastix/charts
robalb/my-website,89,89,1.0,https://github.com/robalb/my-website
tommasorigon/introR,89,89,1.0,https://github.com/tommasorigon/introR
pagopa/mil-infra,83,89,0.9325842696629212,https://github.com/pagopa/mil-infra
mijorus/RelaxingClock,89,89,1.0,https://github.com/mijorus/RelaxingClock
obdasystems/sparqling,89,89,1.0,https://github.com/obdasystems/sparqling
EmojSRL-Team/kitt4sme.live_emoj,89,89,1.0,https://github.com/EmojSRL-Team/kitt4sme.live_emoj
matteo65/zci65,89,89,1.0,https://github.com/matteo65/zci65
cristianandreon/Liquid,89,89,1.0,https://github.com/cristianandreon/Liquid
oponyx/Tasmota,89,89,1.0,https://github.com/oponyx/Tasmota
tncrazvan/catpaw-store,89,89,1.0,https://github.com/tncrazvan/catpaw-store
aaime/geoserver,79,89,0.8876404494382022,https://github.com/aaime/geoserver
peppeconti/simon-memory-game,89,89,1.0,https://github.com/peppeconti/simon-memory-game
SamuelePassiatore/SamuelePassiatore,88,88,1.0,https://github.com/SamuelePassiatore/SamuelePassiatore
Gss4C/Thesis,88,88,1.0,https://github.com/Gss4C/Thesis
gordongekko67/UtilitiesIB,88,88,1.0,https://github.com/gordongekko67/UtilitiesIB
GES-lbabetto/GES-comp-echem,70,88,0.7954545454545454,https://github.com/GES-lbabetto/GES-comp-echem
merendamattia/ASD,88,88,1.0,https://github.com/merendamattia/ASD
MasterCruelty/Operational-Research,88,88,1.0,https://github.com/MasterCruelty/Operational-Research
matteobaccan/PortTest,86,88,0.9772727272727272,https://github.com/matteobaccan/PortTest
Xoaib007/Techy-Blogs,88,88,1.0,https://github.com/Xoaib007/Techy-Blogs
ok4ib/ok4ib.github.io,88,88,1.0,https://github.com/ok4ib/ok4ib.github.io
CianciarusoCataldo/mobrix-ui,88,88,1.0,https://github.com/CianciarusoCataldo/mobrix-ui
lucacattan3o/lucacattan3o.github.io,88,88,1.0,https://github.com/lucacattan3o/lucacattan3o.github.io
701789262a/triangular,88,88,1.0,https://github.com/701789262a/triangular
emics/ham_radio_propagation,88,88,1.0,https://github.com/emics/ham_radio_propagation
lucat1/tempo-web,88,88,1.0,https://github.com/lucat1/tempo-web
Zabriskije/macOS-Icons,88,88,1.0,https://github.com/Zabriskije/macOS-Icons
tncrazvan/catpaw-examples,88,88,1.0,https://github.com/tncrazvan/catpaw-examples
martinroger/VXDash,80,88,0.9090909090909092,https://github.com/martinroger/VXDash
ValerioGc/ValerioGc,88,88,1.0,https://github.com/ValerioGc/ValerioGc
Supercaly/handmonitor,88,88,1.0,https://github.com/Supercaly/handmonitor
Francesco149/cubecalc-ui,88,88,1.0,https://github.com/Francesco149/cubecalc-ui
AndreaTerenz/IsoNameless,88,88,1.0,https://github.com/AndreaTerenz/IsoNameless
iberius96/SLR-Topic-Labeling,88,88,1.0,https://github.com/iberius96/SLR-Topic-Labeling
elyahk/TonWalletContest,66,88,0.75,https://github.com/elyahk/TonWalletContest
dasnoopy/git-check,88,88,1.0,https://github.com/dasnoopy/git-check
gacallea/gacallea.info,88,88,1.0,https://github.com/gacallea/gacallea.info
arduino/setup-protoc,85,88,0.9659090909090908,https://github.com/arduino/setup-protoc
zeeke/ovn-kubernetes-us,87,88,0.9886363636363636,https://github.com/zeeke/ovn-kubernetes-us
burn-research/OptiSMOKE_toolbox,88,88,1.0,https://github.com/burn-research/OptiSMOKE_toolbox
disi-unibo-nlp/disi-unibo-nlp.github.io,88,88,1.0,https://github.com/disi-unibo-nlp/disi-unibo-nlp.github.io
Exsus-Labs/retefagioli-market-backend,87,88,0.9886363636363636,https://github.com/Exsus-Labs/retefagioli-market-backend
blesaux/blesaux.github.io,88,88,1.0,https://github.com/blesaux/blesaux.github.io
quarkiverse/quarkus-zookeeper-client,78,87,0.896551724137931,https://github.com/quarkiverse/quarkus-zookeeper-client
contactlab/stylelint-config,75,87,0.8620689655172413,https://github.com/contactlab/stylelint-config
Auties00/ModernProtobuf,87,87,1.0,https://github.com/Auties00/ModernProtobuf
Tenacom/Louis,80,87,0.9195402298850576,https://github.com/Tenacom/Louis
EnricoMagliano/computational-intelligence,87,87,1.0,https://github.com/EnricoMagliano/computational-intelligence
Antonio-Cruciani/APXTBC,87,87,1.0,https://github.com/Antonio-Cruciani/APXTBC
AlessandroBagnoli/pleo-be-challenge,87,87,1.0,https://github.com/AlessandroBagnoli/pleo-be-challenge
Helm-AI-SA22/artificial-intelligence,74,87,0.8505747126436781,https://github.com/Helm-AI-SA22/artificial-intelligence
ansani/Shareaza,86,87,0.9885057471264368,https://github.com/ansani/Shareaza
somotechsrl/Datalogger-v4-pkg-armv7l,87,87,1.0,https://github.com/somotechsrl/Datalogger-v4-pkg-armv7l
gbarone42/push_swap,86,87,0.9885057471264368,https://github.com/gbarone42/push_swap
kdd-lab/LORE_sa,87,87,1.0,https://github.com/kdd-lab/LORE_sa
totarochristian/htmlcss-dropbox,87,87,1.0,https://github.com/totarochristian/htmlcss-dropbox
iggy890/CodeEdit,86,87,0.9885057471264368,https://github.com/iggy890/CodeEdit
velut/pic-to-grid,87,87,1.0,https://github.com/velut/pic-to-grid
marcofugaro/three.js,87,87,1.0,https://github.com/marcofugaro/three.js
OpenSMTPD/OpenSMTPD,80,87,0.9195402298850576,https://github.com/OpenSMTPD/OpenSMTPD
mcombi/my-quarkus-quick-start-config,87,87,1.0,https://github.com/mcombi/my-quarkus-quick-start-config
lorenzocrespan/BlueWoodchuck,70,87,0.8045977011494253,https://github.com/lorenzocrespan/BlueWoodchuck
FabioLolix/PKGBUILD-AUR_fix,87,87,1.0,https://github.com/FabioLolix/PKGBUILD-AUR_fix
CampominosiMarco/ItalianPhishingDetectionAdd-ons,87,87,1.0,https://github.com/CampominosiMarco/ItalianPhishingDetectionAdd-ons
Franchovy/playjam-2022,86,87,0.9885057471264368,https://github.com/Franchovy/playjam-2022
lpacit/learning-spring-boot,86,87,0.9885057471264368,https://github.com/lpacit/learning-spring-boot
FraBomba6/dl_assignment1,87,87,1.0,https://github.com/FraBomba6/dl_assignment1
silviotorre/helloworld,87,87,1.0,https://github.com/silviotorre/helloworld
eolivelli/kop,86,87,0.9885057471264368,https://github.com/eolivelli/kop
Steeoghr/easy-socket-event,87,87,1.0,https://github.com/Steeoghr/easy-socket-event
statix-tiramisu-miatoll/android_manifest,87,87,1.0,https://github.com/statix-tiramisu-miatoll/android_manifest
nicolgit/azure-firewall-mon,87,87,1.0,https://github.com/nicolgit/azure-firewall-mon
damianobacci/coach-rosalex,87,87,1.0,https://github.com/damianobacci/coach-rosalex
mbarbetti/calotron,87,87,1.0,https://github.com/mbarbetti/calotron
amticianelli/spark_xml_to_oracle,87,87,1.0,https://github.com/amticianelli/spark_xml_to_oracle
filippoerbisti/Roccolo-s-project,87,87,1.0,https://github.com/filippoerbisti/Roccolo-s-project
MarclabSoftware/raspberry-scripts,87,87,1.0,https://github.com/MarclabSoftware/raspberry-scripts
Auties00/Whatsapp4j,87,87,1.0,https://github.com/Auties00/Whatsapp4j
ftisiot/ftisiot.github.io,87,87,1.0,https://github.com/ftisiot/ftisiot.github.io
ahp-electronics/xc-gui,87,87,1.0,https://github.com/ahp-electronics/xc-gui
theMIDAgroup/GUI-Meningioma,87,87,1.0,https://github.com/theMIDAgroup/GUI-Meningioma
aronnebrivio/homeassistant-config,68,87,0.7816091954022989,https://github.com/aronnebrivio/homeassistant-config
yan-elena/agent-explanation,87,87,1.0,https://github.com/yan-elena/agent-explanation
r0s4dip3sar0/Guida-per-Tour-Bambini-Musei-Civici,75,87,0.8620689655172413,https://github.com/r0s4dip3sar0/Guida-per-Tour-Bambini-Musei-Civici
mariomare22/docker-pihole-unbound,85,87,0.9770114942528736,https://github.com/mariomare22/docker-pihole-unbound
zanonmark/Google-4-TbSync,87,87,1.0,https://github.com/zanonmark/Google-4-TbSync
Specy/s68k,87,87,1.0,https://github.com/Specy/s68k
MatteoM95/Default-of-Credit-Card-Clients-Dataset-Analisys,87,87,1.0,https://github.com/MatteoM95/Default-of-Credit-Card-Clients-Dataset-Analisys
defPyMe/naval_battle,87,87,1.0,https://github.com/defPyMe/naval_battle
lavallone/VISIOPE_project,87,87,1.0,https://github.com/lavallone/VISIOPE_project
nBernardi310805/pNicola.github.io,80,87,0.9195402298850576,https://github.com/nBernardi310805/pNicola.github.io
mat-xc/pygobject-stubs,87,87,1.0,https://github.com/mat-xc/pygobject-stubs
giatronchin/ObsidianVault-repo,87,87,1.0,https://github.com/giatronchin/ObsidianVault-repo
pagopa/mil-apis,87,87,1.0,https://github.com/pagopa/mil-apis
tncrazvan/catpaw-starter,87,87,1.0,https://github.com/tncrazvan/catpaw-starter
opendroid-Team/enigma2,72,87,0.8275862068965517,https://github.com/opendroid-Team/enigma2
Norby99/duplicate-image-finder,87,87,1.0,https://github.com/Norby99/duplicate-image-finder
FraForno/clearprop,87,87,1.0,https://github.com/FraForno/clearprop
MarshaGomez/Optimization-Matlab-Exams,87,87,1.0,https://github.com/MarshaGomez/Optimization-Matlab-Exams
marconicivitavecchia/the-school-of-athens-vr,81,87,0.9310344827586208,https://github.com/marconicivitavecchia/the-school-of-athens-vr
Dom-Mac/merge-to-earn,87,87,1.0,https://github.com/Dom-Mac/merge-to-earn
atomich26/Intouch,85,86,0.9883720930232558,https://github.com/atomich26/Intouch
mohammedsabri95/mohammedsabri95.github.io,86,86,1.0,https://github.com/mohammedsabri95/mohammedsabri95.github.io
opocaj92/t-recs,78,86,0.9069767441860463,https://github.com/opocaj92/t-recs
alessiocardelli/alessiocardelli,86,86,1.0,https://github.com/alessiocardelli/alessiocardelli
mariazuffova/jekyll-profile-site,86,86,1.0,https://github.com/mariazuffova/jekyll-profile-site
lorenzobunaj/eigenkit,86,86,1.0,https://github.com/lorenzobunaj/eigenkit
FabioViscuso/the-homebrew-bar,86,86,1.0,https://github.com/FabioViscuso/the-homebrew-bar
gamagnolo/food-app-config,86,86,1.0,https://github.com/gamagnolo/food-app-config
fundor333/dotfiles,85,86,0.9883720930232558,https://github.com/fundor333/dotfiles
MarshaGomez/Optimization-Methods-Matlab,86,86,1.0,https://github.com/MarshaGomez/Optimization-Methods-Matlab
lpinca/node,86,86,1.0,https://github.com/lpinca/node
Davide619/OS161_Project_gr12,86,86,1.0,https://github.com/Davide619/OS161_Project_gr12
goblindegook/goblindegook.com,83,86,0.9651162790697676,https://github.com/goblindegook/goblindegook.com
MyFreertosLab/my_mpu9250_thing,86,86,1.0,https://github.com/MyFreertosLab/my_mpu9250_thing
lorenzinigiovanni/logistics-robots,86,86,1.0,https://github.com/lorenzinigiovanni/logistics-robots
tassiLuca/pcd-2022-2023,86,86,1.0,https://github.com/tassiLuca/pcd-2022-2023
Vichingo455/MalwareDatabase,86,86,1.0,https://github.com/Vichingo455/MalwareDatabase
Open-EO/openeo-spring-driver,66,86,0.7674418604651163,https://github.com/Open-EO/openeo-spring-driver
carnivuth/Bimbe-di-Turing,66,86,0.7674418604651163,https://github.com/carnivuth/Bimbe-di-Turing
vbreeze8192/Brasil-championship,86,86,1.0,https://github.com/vbreeze8192/Brasil-championship
korosenpai/dotfiles,86,86,1.0,https://github.com/korosenpai/dotfiles
zixichen007115/zixichen007115.github.io,86,86,1.0,https://github.com/zixichen007115/zixichen007115.github.io
anhtuduong/UR5BlokVision,86,86,1.0,https://github.com/anhtuduong/UR5BlokVision
sneumann/xcms,66,86,0.7674418604651163,https://github.com/sneumann/xcms
JackTheSpades/SpriteToolSuperDelux,86,86,1.0,https://github.com/JackTheSpades/SpriteToolSuperDelux
petruz/petruz-cluster,86,86,1.0,https://github.com/petruz/petruz-cluster
cesare-montresor/TALightDesktop,86,86,1.0,https://github.com/cesare-montresor/TALightDesktop
Gianluca124/Gianluca124.github.io,86,86,1.0,https://github.com/Gianluca124/Gianluca124.github.io
appinfosapienza/so-un-bot,86,86,1.0,https://github.com/appinfosapienza/so-un-bot
luigi-cardone/Tua-car,86,86,1.0,https://github.com/luigi-cardone/Tua-car
Droptop-Four/Droptop-Four.github.io,86,86,1.0,https://github.com/Droptop-Four/Droptop-Four.github.io
MDeLuise/every-money,86,86,1.0,https://github.com/MDeLuise/every-money
gi-ga-dev/Capstone-Project--Digital-Marketplace-BE,85,85,1.0,https://github.com/gi-ga-dev/Capstone-Project--Digital-Marketplace-BE
Giovalentini/gsqsa_basket,85,85,1.0,https://github.com/Giovalentini/gsqsa_basket
giorgioGTelian/Java_course,85,85,1.0,https://github.com/giorgioGTelian/Java_course
loresuso/falco,85,85,1.0,https://github.com/loresuso/falco
MarsMDK/DyGyS,85,85,1.0,https://github.com/MarsMDK/DyGyS
ferrocene/rust,79,85,0.9294117647058824,https://github.com/ferrocene/rust
stenterello/ft_containers,85,85,1.0,https://github.com/stenterello/ft_containers
leobertolazzi/leobertolazzi.github.io,85,85,1.0,https://github.com/leobertolazzi/leobertolazzi.github.io
doci-git/React-Learning-Project,85,85,1.0,https://github.com/doci-git/React-Learning-Project
lucab/io-uring,85,85,1.0,https://github.com/lucab/io-uring
lorenzocorallo/TheTOLProject,85,85,1.0,https://github.com/lorenzocorallo/TheTOLProject
SimoneMoreWare/LeetCode,85,85,1.0,https://github.com/SimoneMoreWare/LeetCode
numerunix/CBriscola.Avalonia,85,85,1.0,https://github.com/numerunix/CBriscola.Avalonia
giuschil/epicode-data-analyst,85,85,1.0,https://github.com/giuschil/epicode-data-analyst
locriandev/art-bot,84,85,0.9882352941176472,https://github.com/locriandev/art-bot
lorenzobunaj/lorenzobunaj,85,85,1.0,https://github.com/lorenzobunaj/lorenzobunaj
matteopassaro/matteopassaro.github.io,85,85,1.0,https://github.com/matteopassaro/matteopassaro.github.io
AleardoKandiah/reddit-client,85,85,1.0,https://github.com/AleardoKandiah/reddit-client
denisenanni/devdenise-fe,81,85,0.9529411764705882,https://github.com/denisenanni/devdenise-fe
ccaudek/psicometria_2023,85,85,1.0,https://github.com/ccaudek/psicometria_2023
goldenmat/goldenmat.github.io,85,85,1.0,https://github.com/goldenmat/goldenmat.github.io
zera0mykerd/powacraft,85,85,1.0,https://github.com/zera0mykerd/powacraft
sbaldu/CXXGraph,85,85,1.0,https://github.com/sbaldu/CXXGraph
harry9656/tutorials,85,85,1.0,https://github.com/harry9656/tutorials
sentientmachin3/dotfiles,85,85,1.0,https://github.com/sentientmachin3/dotfiles
saccarosium/shell-velocity,85,85,1.0,https://github.com/saccarosium/shell-velocity
valebes/ppl,81,85,0.9529411764705882,https://github.com/valebes/ppl
devel0/knowledge,85,85,1.0,https://github.com/devel0/knowledge
andrea-salvalaggio/my-portfolio,85,85,1.0,https://github.com/andrea-salvalaggio/my-portfolio
spartacus04/progetto-erasmus,68,85,0.8,https://github.com/spartacus04/progetto-erasmus
ranieremenezes/magic-cta-pipe,85,85,1.0,https://github.com/ranieremenezes/magic-cta-pipe
wecodemore/wpstarter,85,85,1.0,https://github.com/wecodemore/wpstarter
Marco-Valle/LADISPE,85,85,1.0,https://github.com/Marco-Valle/LADISPE
pagopa/pagopa-ecommerce-transactions-functions,73,85,0.8588235294117647,https://github.com/pagopa/pagopa-ecommerce-transactions-functions
joedeluca/warmlylit,85,85,1.0,https://github.com/joedeluca/warmlylit
pagopa/pdnd-github-actions,68,85,0.8,https://github.com/pagopa/pdnd-github-actions
SHYFEM-model/shyfem,85,85,1.0,https://github.com/SHYFEM-model/shyfem
gmazzini/ik4lzh,84,84,1.0,https://github.com/gmazzini/ik4lzh
JimiIT92/MineWorld,84,84,1.0,https://github.com/JimiIT92/MineWorld
tdlight-team/tdlight-java,84,84,1.0,https://github.com/tdlight-team/tdlight-java
Corsinvest/cv4pve-admin,71,84,0.8452380952380952,https://github.com/Corsinvest/cv4pve-admin
ecmwf-projects/cookiecutter-conda-package,80,84,0.9523809523809524,https://github.com/ecmwf-projects/cookiecutter-conda-package
RiccardoGMoschetti/apirehab,84,84,1.0,https://github.com/RiccardoGMoschetti/apirehab
Dizz02/Fuzio-V2,84,84,1.0,https://github.com/Dizz02/Fuzio-V2
italia/design-comuni-docs,81,84,0.9642857142857144,https://github.com/italia/design-comuni-docs
timothyrusso/personal-awesome-list,84,84,1.0,https://github.com/timothyrusso/personal-awesome-list
illustrated-machine-learning/illustrated-machine-learning.github.io,74,84,0.8809523809523809,https://github.com/illustrated-machine-learning/illustrated-machine-learning.github.io
sidelux/LootBot,84,84,1.0,https://github.com/sidelux/LootBot
arturscheiner/dgb-gitsync,84,84,1.0,https://github.com/arturscheiner/dgb-gitsync
Alpaca4d/Alpaca4d,84,84,1.0,https://github.com/Alpaca4d/Alpaca4d
Totto16/wrapdb,84,84,1.0,https://github.com/Totto16/wrapdb
sudhir467/Cpp,84,84,1.0,https://github.com/sudhir467/Cpp
matteobaccan/billow,84,84,1.0,https://github.com/matteobaccan/billow
massibone/references_to_geometry,84,84,1.0,https://github.com/massibone/references_to_geometry
Fail-gh/Fedora-Setup-Script,84,84,1.0,https://github.com/Fail-gh/Fedora-Setup-Script
alessio-garibaldi/personal-portfolio,84,84,1.0,https://github.com/alessio-garibaldi/personal-portfolio
FilippoVissani/cargo-semantic-release-template,67,84,0.7976190476190477,https://github.com/FilippoVissani/cargo-semantic-release-template
arayabrain/space-engineers-ai-spaceship-generator,78,84,0.9285714285714286,https://github.com/arayabrain/space-engineers-ai-spaceship-generator
metarhia/Example,78,84,0.9285714285714286,https://github.com/metarhia/Example
corradomio/java_projects,84,84,1.0,https://github.com/corradomio/java_projects
mfaggin/O2Physics,82,84,0.9761904761904762,https://github.com/mfaggin/O2Physics
zRevenger/custom-league-client,82,84,0.9761904761904762,https://github.com/zRevenger/custom-league-client
noaccOS/astarte,84,84,1.0,https://github.com/noaccOS/astarte
tsparticles/gatsby-landing-page-starter,64,84,0.7619047619047619,https://github.com/tsparticles/gatsby-landing-page-starter
davidecampello/davcam-intellij-settings,84,84,1.0,https://github.com/davidecampello/davcam-intellij-settings
Amirhatamian/PY,84,84,1.0,https://github.com/Amirhatamian/PY
rbrtbnfgl/flannel,84,84,1.0,https://github.com/rbrtbnfgl/flannel
lucianomurr/angular-estrai.me,84,84,1.0,https://github.com/lucianomurr/angular-estrai.me
mockk/mockk,79,84,0.9404761904761904,https://github.com/mockk/mockk
kevin5806/KS-Debt,79,84,0.9404761904761904,https://github.com/kevin5806/KS-Debt
rbonghi/isaac_ros_base,76,84,0.9047619047619048,https://github.com/rbonghi/isaac_ros_base
usbarmory/tamago-example,84,84,1.0,https://github.com/usbarmory/tamago-example
pulse-loop/bluedroid,83,84,0.988095238095238,https://github.com/pulse-loop/bluedroid
Newesissrl/newesis-sample-frontend,84,84,1.0,https://github.com/Newesissrl/newesis-sample-frontend
danterolle/speedup-restaurant,84,84,1.0,https://github.com/danterolle/speedup-restaurant
librespot-org/librespot-java,84,84,1.0,https://github.com/librespot-org/librespot-java
albitheberto/albitheberto.github.io,66,84,0.7857142857142857,https://github.com/albitheberto/albitheberto.github.io
ZiClaud/Chess,83,83,1.0,https://github.com/ZiClaud/Chess
jotadagostin/space-tourism,83,83,1.0,https://github.com/jotadagostin/space-tourism
iliaplatone/OpenVLBI,83,83,1.0,https://github.com/iliaplatone/OpenVLBI
biblhertz/rds,83,83,1.0,https://github.com/biblhertz/rds
Andry0404/foodel,67,83,0.8072289156626506,https://github.com/Andry0404/foodel
ansible-middleware/instruqt,81,83,0.9759036144578314,https://github.com/ansible-middleware/instruqt
Git-Gate/web,83,83,1.0,https://github.com/Git-Gate/web
mariofusco/drools,83,83,1.0,https://github.com/mariofusco/drools
agile-lab-dev/lake-sharing,75,83,0.9036144578313252,https://github.com/agile-lab-dev/lake-sharing
cheshire-cat-ai/api-client-ts,66,83,0.7951807228915663,https://github.com/cheshire-cat-ai/api-client-ts
alessiocameroni/pixely-components,83,83,1.0,https://github.com/alessiocameroni/pixely-components
jymfony/compiler,83,83,1.0,https://github.com/jymfony/compiler
spacecowboy/NotePad,69,83,0.8313253012048193,https://github.com/spacecowboy/NotePad
hamzeh-khanpour/Analysis_Code_EpIC,83,83,1.0,https://github.com/hamzeh-khanpour/Analysis_Code_EpIC
alsoGAMER/Automail,83,83,1.0,https://github.com/alsoGAMER/Automail
mehrzadjafari/solvency_greece,83,83,1.0,https://github.com/mehrzadjafari/solvency_greece
adityaravi9034/Everyday_Data_Structure,83,83,1.0,https://github.com/adityaravi9034/Everyday_Data_Structure
dfsantamaria/SpringBootFastDeploy,83,83,1.0,https://github.com/dfsantamaria/SpringBootFastDeploy
alessiasimone/master-thesis,83,83,1.0,https://github.com/alessiasimone/master-thesis
presenta-software/Presenta-WWW,83,83,1.0,https://github.com/presenta-software/Presenta-WWW
AidaDSP/aidadsp-lv2,66,83,0.7951807228915663,https://github.com/AidaDSP/aidadsp-lv2
mcombi/my-quarkus-quick-start,67,83,0.8072289156626506,https://github.com/mcombi/my-quarkus-quick-start
AndreaMariani-AM/Docker,83,83,1.0,https://github.com/AndreaMariani-AM/Docker
tommaso-caputi/CryptoKeeper,83,83,1.0,https://github.com/tommaso-caputi/CryptoKeeper
simone-lungarella/surveyor-lab,83,83,1.0,https://github.com/simone-lungarella/surveyor-lab
gabrielecanepa/dotfiles,83,83,1.0,https://github.com/gabrielecanepa/dotfiles
benmola/benmola.github.io,83,83,1.0,https://github.com/benmola/benmola.github.io
render93/Blexin.BrownBagSession.PsRuleForAzure,83,83,1.0,https://github.com/render93/Blexin.BrownBagSession.PsRuleForAzure
ouitoulia/diagraphe,82,83,0.9879518072289156,https://github.com/ouitoulia/diagraphe
Majimbu98/UGTK,83,83,1.0,https://github.com/Majimbu98/UGTK
venerabaiamankyzy/laravel-deliveboo,64,83,0.7710843373493976,https://github.com/venerabaiamankyzy/laravel-deliveboo
22LucaGiannotta22/liferay-portal,83,83,1.0,https://github.com/22LucaGiannotta22/liferay-portal
airscripts/keepa,83,83,1.0,https://github.com/airscripts/keepa
antoniovalentini/la-pasta,64,83,0.7710843373493976,https://github.com/antoniovalentini/la-pasta
SalvatoreBarone/pyALS,83,83,1.0,https://github.com/SalvatoreBarone/pyALS
dulvui/condor,83,83,1.0,https://github.com/dulvui/condor
Zavy86/WikiDocs,83,83,1.0,https://github.com/Zavy86/WikiDocs
brucellino/ansible-role-vault-cluster,77,83,0.927710843373494,https://github.com/brucellino/ansible-role-vault-cluster
Kheeto/Unity-SCS,82,82,1.0,https://github.com/Kheeto/Unity-SCS
DoktorSAS/GSC,82,82,1.0,https://github.com/DoktorSAS/GSC
FilippoTesta/Epicode,82,82,1.0,https://github.com/FilippoTesta/Epicode
xEnVrE/hyperpcr,82,82,1.0,https://github.com/xEnVrE/hyperpcr
IvanVigor/Local-Fusion-Dynamic-Weighted-Ensemble,82,82,1.0,https://github.com/IvanVigor/Local-Fusion-Dynamic-Weighted-Ensemble
Shadhyb/fs0722b-Pietro-Rimoli,82,82,1.0,https://github.com/Shadhyb/fs0722b-Pietro-Rimoli
fabio-ivona/pest,80,82,0.975609756097561,https://github.com/fabio-ivona/pest
sskewer/Red-Cogs,82,82,1.0,https://github.com/sskewer/Red-Cogs
Typing-Monkeys/TeferiTheGathering,64,82,0.7804878048780488,https://github.com/Typing-Monkeys/TeferiTheGathering
mirko-pagliai/php-tools,82,82,1.0,https://github.com/mirko-pagliai/php-tools
PasqualeCapuano/build-week-1,64,82,0.7804878048780488,https://github.com/PasqualeCapuano/build-week-1
EdoWhite/GSF,82,82,1.0,https://github.com/EdoWhite/GSF
vaiainnovations/scripta,82,82,1.0,https://github.com/vaiainnovations/scripta
enricopiseddu/lendingPool,82,82,1.0,https://github.com/enricopiseddu/lendingPool
nicofirst1/CorpusCompass,82,82,1.0,https://github.com/nicofirst1/CorpusCompass
fedesecco/postural-exercises,82,82,1.0,https://github.com/fedesecco/postural-exercises
fasoxy-it/RepCount-MOBIDEV-Swift,82,82,1.0,https://github.com/fasoxy-it/RepCount-MOBIDEV-Swift
infinispan/dotnet-client,81,82,0.9878048780487804,https://github.com/infinispan/dotnet-client
Fra98/liqo,77,82,0.9390243902439024,https://github.com/Fra98/liqo
nic-obert/easy-vm,82,82,1.0,https://github.com/nic-obert/easy-vm
momonastia/esercitazioni-CB5,82,82,1.0,https://github.com/momonastia/esercitazioni-CB5
melastone/SimpLanPlus,82,82,1.0,https://github.com/melastone/SimpLanPlus
sedax90/FirJs,77,82,0.9390243902439024,https://github.com/sedax90/FirJs
isRoutine/kernel-visual-analysis,82,82,1.0,https://github.com/isRoutine/kernel-visual-analysis
manfromarce/Files,77,82,0.9390243902439024,https://github.com/manfromarce/Files
ErreZac/configs,82,82,1.0,https://github.com/ErreZac/configs
passiomatic/videobox,82,82,1.0,https://github.com/passiomatic/videobox
giotramu/stylelint-config,65,82,0.7926829268292683,https://github.com/giotramu/stylelint-config
FlavioPatti/ppg-masked-autoencoders,82,82,1.0,https://github.com/FlavioPatti/ppg-masked-autoencoders
commercelayer/drop-in.js,80,82,0.975609756097561,https://github.com/commercelayer/drop-in.js
eternauta109/incidentreportwebapp,82,82,1.0,https://github.com/eternauta109/incidentreportwebapp
CarlosTussi/websites,82,82,1.0,https://github.com/CarlosTussi/websites
ami-iit/ADAM,81,82,0.9878048780487804,https://github.com/ami-iit/ADAM
Nirmalkumar-007/VIRTUAL-REALITY-FOR-ROBOTICS-SPIDRONE,79,82,0.9634146341463414,https://github.com/Nirmalkumar-007/VIRTUAL-REALITY-FOR-ROBOTICS-SPIDRONE
Fedec96/skeleton-next,82,82,1.0,https://github.com/Fedec96/skeleton-next
geosolutions-it/geonode-importer,73,82,0.8902439024390244,https://github.com/geosolutions-it/geonode-importer
pedropaulofb/w3id.org,82,82,1.0,https://github.com/pedropaulofb/w3id.org
AndreaBe99/community-deception-thesis,82,82,1.0,https://github.com/AndreaBe99/community-deception-thesis
alkaest2002/mhsc-vue-workers,82,82,1.0,https://github.com/alkaest2002/mhsc-vue-workers
enriconardo/laravel-ecommerce-layer,82,82,1.0,https://github.com/enriconardo/laravel-ecommerce-layer
xiaomi-lisa-devs/android_kernel_qcom_sm8350,82,82,1.0,https://github.com/xiaomi-lisa-devs/android_kernel_qcom_sm8350
rmbq/Marlin,72,82,0.8780487804878049,https://github.com/rmbq/Marlin
Attilio-Di-Vicino/Calcolo-Parallelo,82,82,1.0,https://github.com/Attilio-Di-Vicino/Calcolo-Parallelo
EddyTheCo/NftMinter,82,82,1.0,https://github.com/EddyTheCo/NftMinter
giubacc/s3gw-charts,82,82,1.0,https://github.com/giubacc/s3gw-charts
Dralozzo/Minishell,62,82,0.7560975609756098,https://github.com/Dralozzo/Minishell
steveoro/goggles_main,82,82,1.0,https://github.com/steveoro/goggles_main
lirantal/daloradius,76,82,0.926829268292683,https://github.com/lirantal/daloradius
mfrancisc/toolchain-common,81,81,1.0,https://github.com/mfrancisc/toolchain-common
opencrmitalia-official/myddleware,81,81,1.0,https://github.com/opencrmitalia-official/myddleware
carnivuth/ingegneria_sistemi_software,81,81,1.0,https://github.com/carnivuth/ingegneria_sistemi_software
lucagioacchini/MLToolbox,81,81,1.0,https://github.com/lucagioacchini/MLToolbox
DenisPatras/PatrasDenis,81,81,1.0,https://github.com/DenisPatras/PatrasDenis
pepstock-org/Chart.js,81,81,1.0,https://github.com/pepstock-org/Chart.js
sebaubuntu-python/telegramma,77,81,0.9506172839506172,https://github.com/sebaubuntu-python/telegramma
Ale9633/Ale9633,81,81,1.0,https://github.com/Ale9633/Ale9633
elenacuoco/p4TSA,81,81,1.0,https://github.com/elenacuoco/p4TSA
lucabertiato/lucabertiato.github.io,81,81,1.0,https://github.com/lucabertiato/lucabertiato.github.io
sina-shafiezadeh/tools-instructions,81,81,1.0,https://github.com/sina-shafiezadeh/tools-instructions
sighupio/fury-kubernetes-networking,77,81,0.9506172839506172,https://github.com/sighupio/fury-kubernetes-networking
StefanoBelli/wolog,81,81,1.0,https://github.com/StefanoBelli/wolog
vitalegi/budget-fe-v2,69,81,0.8518518518518519,https://github.com/vitalegi/budget-fe-v2
francomano/PSA-GAN,81,81,1.0,https://github.com/francomano/PSA-GAN
KatharaFramework/Kathara-Labs,70,81,0.8641975308641975,https://github.com/KatharaFramework/Kathara-Labs
WalterNadalin/QuantumBatteries,79,81,0.9753086419753086,https://github.com/WalterNadalin/QuantumBatteries
marcogiu/myWebsite,81,81,1.0,https://github.com/marcogiu/myWebsite
Archetipo95/aov-2022-nuxt,66,81,0.8148148148148148,https://github.com/Archetipo95/aov-2022-nuxt
alenic/bcd2022,81,81,1.0,https://github.com/alenic/bcd2022
bosco-aosp/computational-genomics-platform,66,81,0.8148148148148148,https://github.com/bosco-aosp/computational-genomics-platform
Alfio010/notification-listener-android,81,81,1.0,https://github.com/Alfio010/notification-listener-android
paolaguarasci/winted-ms-web,81,81,1.0,https://github.com/paolaguarasci/winted-ms-web
luigiselmi/geoscience,81,81,1.0,https://github.com/luigiselmi/geoscience
merendamattia/CN,81,81,1.0,https://github.com/merendamattia/CN
kalwalt/artoolkitplus-ts,81,81,1.0,https://github.com/kalwalt/artoolkitplus-ts
GitMarco27/PyNumeca,73,81,0.9012345679012346,https://github.com/GitMarco27/PyNumeca
amirmashmool/amirmashmool.github.io,81,81,1.0,https://github.com/amirmashmool/amirmashmool.github.io
pagopa/io.italia.it,76,81,0.9382716049382716,https://github.com/pagopa/io.italia.it
michaelgrifalconi/os-autoinst-distri-opensuse,76,81,0.9382716049382716,https://github.com/michaelgrifalconi/os-autoinst-distri-opensuse
alikon/mysqlsparkline,81,81,1.0,https://github.com/alikon/mysqlsparkline
GabbedT/ISW_AA22-23,81,81,1.0,https://github.com/GabbedT/ISW_AA22-23
Pierfrancesco95/Portfolio,81,81,1.0,https://github.com/Pierfrancesco95/Portfolio
letscampwild/letscampwild.github.io,81,81,1.0,https://github.com/letscampwild/letscampwild.github.io
cla-cif/Cherry-Powdery-Mildew-Detector,81,81,1.0,https://github.com/cla-cif/Cherry-Powdery-Mildew-Detector
eagletrt/sw-fenice-evo-steering-wheel,78,81,0.9629629629629628,https://github.com/eagletrt/sw-fenice-evo-steering-wheel
carminecoppola/SmartCity,81,81,1.0,https://github.com/carminecoppola/SmartCity
giuliobenetti/nss,81,81,1.0,https://github.com/giuliobenetti/nss
antoniogweb/MvcMyLibrary,81,81,1.0,https://github.com/antoniogweb/MvcMyLibrary
livingsilver94/confrestorer,81,81,1.0,https://github.com/livingsilver94/confrestorer
nvsibiya/alx-system_engineering-devops,81,81,1.0,https://github.com/nvsibiya/alx-system_engineering-devops
Francesco601/Operating-System-Resources,81,81,1.0,https://github.com/Francesco601/Operating-System-Resources
defstudio/laravel-tools,81,81,1.0,https://github.com/defstudio/laravel-tools
sheikhsid/contact-management,81,81,1.0,https://github.com/sheikhsid/contact-management
beeptalk-app/beeptalk-widget,80,81,0.9876543209876544,https://github.com/beeptalk-app/beeptalk-widget
Abiresa/alx-system_engineering-devops,81,81,1.0,https://github.com/Abiresa/alx-system_engineering-devops
bitpredator/cfx-server-data,78,80,0.975,https://github.com/bitpredator/cfx-server-data
lucaswarwar/lucaswarwar.github.io,80,80,1.0,https://github.com/lucaswarwar/lucaswarwar.github.io
erikgurzau/emotional-songs,78,80,0.975,https://github.com/erikgurzau/emotional-songs
devua-git/salesteer-php-sdk,80,80,1.0,https://github.com/devua-git/salesteer-php-sdk
psonnera/NSDockVPS,80,80,1.0,https://github.com/psonnera/NSDockVPS
pesa1234/mwlwifi,80,80,1.0,https://github.com/pesa1234/mwlwifi
emaballarin/ebtorch,79,80,0.9875,https://github.com/emaballarin/ebtorch
isisbem/GreenStationMonitoring,79,80,0.9875,https://github.com/isisbem/GreenStationMonitoring
4skinSkywalker/Syllogimous-v3,80,80,1.0,https://github.com/4skinSkywalker/Syllogimous-v3
EddyTheCo/Qblock-IOTA,80,80,1.0,https://github.com/EddyTheCo/Qblock-IOTA
teozec/striptease,80,80,1.0,https://github.com/teozec/striptease
alessandra-casole/alessandra-casole.github.io,80,80,1.0,https://github.com/alessandra-casole/alessandra-casole.github.io
Elius94/console-gui-tools,80,80,1.0,https://github.com/Elius94/console-gui-tools
Trusted97/whitecat,80,80,1.0,https://github.com/Trusted97/whitecat
AntonioF00/DestinationWeather.MVC,80,80,1.0,https://github.com/AntonioF00/DestinationWeather.MVC
iamgio/animated,80,80,1.0,https://github.com/iamgio/animated
DominickVale/dotfiles,80,80,1.0,https://github.com/DominickVale/dotfiles
lucabnf/lucabnf.github.io,80,80,1.0,https://github.com/lucabnf/lucabnf.github.io
misl6/python-for-android,80,80,1.0,https://github.com/misl6/python-for-android
shivahanifi/online-visual-target-detection,80,80,1.0,https://github.com/shivahanifi/online-visual-target-detection
test-organization-token/repo1,80,80,1.0,https://github.com/test-organization-token/repo1
LeleDallas/skillsfolio,72,80,0.9,https://github.com/LeleDallas/skillsfolio
simonexsala/dotfiles,80,80,1.0,https://github.com/simonexsala/dotfiles
sensorario/engine,80,80,1.0,https://github.com/sensorario/engine
joshuachp/dockrs,80,80,1.0,https://github.com/joshuachp/dockrs
pagopa/mil-idp,68,80,0.85,https://github.com/pagopa/mil-idp
KhoiUna/packj-github-action,80,80,1.0,https://github.com/KhoiUna/packj-github-action
hivemq/hivemq-mqtt-client-dotnet,73,80,0.9125,https://github.com/hivemq/hivemq-mqtt-client-dotnet
hund-studio/wp-ts-react,80,80,1.0,https://github.com/hund-studio/wp-ts-react
lucat1/tempo-server,80,80,1.0,https://github.com/lucat1/tempo-server
Fabian-Rizzi/CapaciTechKids,79,80,0.9875,https://github.com/Fabian-Rizzi/CapaciTechKids
bortoz/zmk,80,80,1.0,https://github.com/bortoz/zmk
thehowl/gno,79,80,0.9875,https://github.com/thehowl/gno
tncrazvan/catpaw-raspberrypi,80,80,1.0,https://github.com/tncrazvan/catpaw-raspberrypi
lpacher/fphd,80,80,1.0,https://github.com/lpacher/fphd
tomdu3/books-for-life,80,80,1.0,https://github.com/tomdu3/books-for-life
xanscale/LocalhostToolkit,80,80,1.0,https://github.com/xanscale/LocalhostToolkit
devgianlu/DNSHero,79,80,0.9875,https://github.com/devgianlu/DNSHero
Allan-Nava/KafkaJS-WS,73,80,0.9125,https://github.com/Allan-Nava/KafkaJS-WS
Davide-sd/sphinx_panel_screenshot,80,80,1.0,https://github.com/Davide-sd/sphinx_panel_screenshot
FlavioPatti/Benchmark_hr_detection,80,80,1.0,https://github.com/FlavioPatti/Benchmark_hr_detection
drigoni/DynamicHead,80,80,1.0,https://github.com/drigoni/DynamicHead
saydigital/l10n-italy,80,80,1.0,https://github.com/saydigital/l10n-italy
JRL-CARI-CNR-UNIBS/replanning_strategies,80,80,1.0,https://github.com/JRL-CARI-CNR-UNIBS/replanning_strategies
MirtoBusico/apisix-website,79,80,0.9875,https://github.com/MirtoBusico/apisix-website
SirMore/Data-Visualization,80,80,1.0,https://github.com/SirMore/Data-Visualization
cavallium/CavalliumDBEngine,80,80,1.0,https://github.com/cavallium/CavalliumDBEngine
openforis/collect-mobile,80,80,1.0,https://github.com/openforis/collect-mobile
dnldsht/AJ-RNN,80,80,1.0,https://github.com/dnldsht/AJ-RNN
stefanodevenuto/poc-sniffer,64,80,0.8,https://github.com/stefanodevenuto/poc-sniffer
Alessandro-Zunino/Alessandro-Zunino.github.io,80,80,1.0,https://github.com/Alessandro-Zunino/Alessandro-Zunino.github.io
thiziriamezza/Earth-Magnetic-Field,80,80,1.0,https://github.com/thiziriamezza/Earth-Magnetic-Field
opencitations/website,80,80,1.0,https://github.com/opencitations/website
antolonappan/dell,76,80,0.95,https://github.com/antolonappan/dell
linna/framework,80,80,1.0,https://github.com/linna/framework
12rambau/pytest-copie,80,80,1.0,https://github.com/12rambau/pytest-copie
dtonon/gossip,80,80,1.0,https://github.com/dtonon/gossip
eclubpolimi/eclubpolimi.it,63,80,0.7875,https://github.com/eclubpolimi/eclubpolimi.it
sangoncalves/openset_domain_adaptation,80,80,1.0,https://github.com/sangoncalves/openset_domain_adaptation
boozec/dcariotti.me,79,79,1.0,https://github.com/boozec/dcariotti.me
go-skynet/llama-cli,71,79,0.8987341772151899,https://github.com/go-skynet/llama-cli
Bianca-LM/art-criticism-ontology,79,79,1.0,https://github.com/Bianca-LM/art-criticism-ontology
ontop/ontop-website,63,79,0.7974683544303798,https://github.com/ontop/ontop-website
rexpl/laravel-acl,79,79,1.0,https://github.com/rexpl/laravel-acl
StefanoPisano/gz-folio,79,79,1.0,https://github.com/StefanoPisano/gz-folio
alaindet/learn-angular,79,79,1.0,https://github.com/alaindet/learn-angular
cybermano/MarkupGoogleTranslate,79,79,1.0,https://github.com/cybermano/MarkupGoogleTranslate
andreacioni/weeklymenu-flutter,79,79,1.0,https://github.com/andreacioni/weeklymenu-flutter
Isla-lab/Isla-lab.github.io,79,79,1.0,https://github.com/Isla-lab/Isla-lab.github.io
MattiaArsendi/Presentation_mm_1,79,79,1.0,https://github.com/MattiaArsendi/Presentation_mm_1
StefanoVe/portfolio,79,79,1.0,https://github.com/StefanoVe/portfolio
ducktors/carretto,79,79,1.0,https://github.com/ducktors/carretto
olivierfriard/some_info,79,79,1.0,https://github.com/olivierfriard/some_info
celerya-mm/syd_erp,79,79,1.0,https://github.com/celerya-mm/syd_erp
sblendorio/Minitel-ESP32,78,79,0.9873417721518988,https://github.com/sblendorio/Minitel-ESP32
Samuele1818/portfolio,78,79,0.9873417721518988,https://github.com/Samuele1818/portfolio
mitechsrl/onit-cli,78,79,0.9873417721518988,https://github.com/mitechsrl/onit-cli
mchiapello/U14F_blog_2223,79,79,1.0,https://github.com/mchiapello/U14F_blog_2223
TheMurusTeam/Adsorb,79,79,1.0,https://github.com/TheMurusTeam/Adsorb
amaljom/amaljom,79,79,1.0,https://github.com/amaljom/amaljom
mfrancisc/api,77,79,0.9746835443037974,https://github.com/mfrancisc/api
gmagnotta/examples,79,79,1.0,https://github.com/gmagnotta/examples
SDavenia/Foundations_of_HPC_2022,79,79,1.0,https://github.com/SDavenia/Foundations_of_HPC_2022
sebastianbarzaghi/sebastianbarzaghi.github.io,79,79,1.0,https://github.com/sebastianbarzaghi/sebastianbarzaghi.github.io
lucasammarini/public-health-german-cancer,70,79,0.8860759493670886,https://github.com/lucasammarini/public-health-german-cancer
DRincs-Productions/daz-assert-ABFD,75,79,0.9493670886075948,https://github.com/DRincs-Productions/daz-assert-ABFD
Danysan1/unibo-ke-matching-ontologies,75,79,0.9493670886075948,https://github.com/Danysan1/unibo-ke-matching-ontologies
datocms/plugins-sdk,75,79,0.9493670886075948,https://github.com/datocms/plugins-sdk
Francesco-Fera/mun-magazine,79,79,1.0,https://github.com/Francesco-Fera/mun-magazine
m-marini/wheellino,79,79,1.0,https://github.com/m-marini/wheellino
ivan-hc/OBS-Studio-appimage,79,79,1.0,https://github.com/ivan-hc/OBS-Studio-appimage
CippoX/swift-syntax,79,79,1.0,https://github.com/CippoX/swift-syntax
VadimMalvone/VITAMIN,73,79,0.9240506329113924,https://github.com/VadimMalvone/VITAMIN
Balastrong/github-stats,62,79,0.7848101265822784,https://github.com/Balastrong/github-stats
lonardonifabio/AIHyperNews,79,79,1.0,https://github.com/lonardonifabio/AIHyperNews
tanis2000/binocle-player,79,79,1.0,https://github.com/tanis2000/binocle-player
fguerri/Enterprise-Scale-for-AVS,74,79,0.9367088607594936,https://github.com/fguerri/Enterprise-Scale-for-AVS
Davide-sd/sympy,74,79,0.9367088607594936,https://github.com/Davide-sd/sympy
NicolaIsotta/primefaces,74,79,0.9367088607594936,https://github.com/NicolaIsotta/primefaces
MarcoIeni/cargo-semver-checks,67,79,0.8481012658227848,https://github.com/MarcoIeni/cargo-semver-checks
pagopa/github-self-hosted-runner-poc-azure,79,79,1.0,https://github.com/pagopa/github-self-hosted-runner-poc-azure
AppQuality/tryber-react,73,79,0.9240506329113924,https://github.com/AppQuality/tryber-react
gionatamassibenincasa/as-22-23,79,79,1.0,https://github.com/gionatamassibenincasa/as-22-23
Dreaming-Codes/DiscordLoom,79,79,1.0,https://github.com/Dreaming-Codes/DiscordLoom
ph04/database,79,79,1.0,https://github.com/ph04/database
sighupio/fury-getting-started,62,79,0.7848101265822784,https://github.com/sighupio/fury-getting-started
Odex64/SFR,77,79,0.9746835443037974,https://github.com/Odex64/SFR
kofikodie/isolates,62,79,0.7848101265822784,https://github.com/kofikodie/isolates
dub-em/Election-Campaign-Application-Phase2,69,79,0.8734177215189873,https://github.com/dub-em/Election-Campaign-Application-Phase2
NicoloCavalli95horses/pego-website,78,78,1.0,https://github.com/NicoloCavalli95horses/pego-website
sherpya/nerwo-contracts,78,78,1.0,https://github.com/sherpya/nerwo-contracts
mattiapettene/PX4-mini-drone,78,78,1.0,https://github.com/mattiapettene/PX4-mini-drone
simleo/workflow-run-crate,76,78,0.9743589743589745,https://github.com/simleo/workflow-run-crate
KingJamesSong/KingJamesSong.github.io,78,78,1.0,https://github.com/KingJamesSong/KingJamesSong.github.io
EliGolam/proj-html-vuejs,78,78,1.0,https://github.com/EliGolam/proj-html-vuejs
marcelofinamorvieira/saas-starter,78,78,1.0,https://github.com/marcelofinamorvieira/saas-starter
numerunix/wxBriscola,78,78,1.0,https://github.com/numerunix/wxBriscola
AntonioBL/Qt5Binaries,78,78,1.0,https://github.com/AntonioBL/Qt5Binaries
MattiaCorradini/esercizi_4_superiore,78,78,1.0,https://github.com/MattiaCorradini/esercizi_4_superiore
rhacrsse/IOT-Forensics-Android-UI-Automation-Testing,78,78,1.0,https://github.com/rhacrsse/IOT-Forensics-Android-UI-Automation-Testing
PENGYAN777/SU2,67,78,0.8589743589743589,https://github.com/PENGYAN777/SU2
Marco-DG/Alpine-Linux-Desktop-Setup,78,78,1.0,https://github.com/Marco-DG/Alpine-Linux-Desktop-Setup
pagopa/selfcare-onboarding,78,78,1.0,https://github.com/pagopa/selfcare-onboarding
temptationisla/cordova-plugin-fcm-with-dependecy-updated,78,78,1.0,https://github.com/temptationisla/cordova-plugin-fcm-with-dependecy-updated
facile-it/paraunit,78,78,1.0,https://github.com/facile-it/paraunit
chrg127/gmplayer,78,78,1.0,https://github.com/chrg127/gmplayer
jimnezra/jimnezra.github.io,78,78,1.0,https://github.com/jimnezra/jimnezra.github.io
moio/fleet,78,78,1.0,https://github.com/moio/fleet
gap-packages/francy,71,78,0.9102564102564102,https://github.com/gap-packages/francy
reFraw/Ocular-Disease-Recognition,78,78,1.0,https://github.com/reFraw/Ocular-Disease-Recognition
lorenzoleonelli/scripting-python,78,78,1.0,https://github.com/lorenzoleonelli/scripting-python
Pasqat/matarresesrl-next,78,78,1.0,https://github.com/Pasqat/matarresesrl-next
borzacchiello/bhex,78,78,1.0,https://github.com/borzacchiello/bhex
fmount/openstack-operator,78,78,1.0,https://github.com/fmount/openstack-operator
develhope/android2_team1_meteoapp,71,78,0.9102564102564102,https://github.com/develhope/android2_team1_meteoapp
MaicolAntali/clashJ,62,78,0.7948717948717948,https://github.com/MaicolAntali/clashJ
fabriziobisi/DO288-apps,78,78,1.0,https://github.com/fabriziobisi/DO288-apps
kekko7072/lms,78,78,1.0,https://github.com/kekko7072/lms
filariow/primazactl,78,78,1.0,https://github.com/filariow/primazactl
veeso/opentapo-wearos,78,78,1.0,https://github.com/veeso/opentapo-wearos
jescriu/gp-data-service-linking-simplification,78,78,1.0,https://github.com/jescriu/gp-data-service-linking-simplification
nicodidonna/statistiche_API,78,78,1.0,https://github.com/nicodidonna/statistiche_API
chemelli74/aiovodafone,60,78,0.7692307692307693,https://github.com/chemelli74/aiovodafone
nickciava98/florence_custom,78,78,1.0,https://github.com/nickciava98/florence_custom
LucaSpanedda/RITI-Room-Is-The-Instrument,78,78,1.0,https://github.com/LucaSpanedda/RITI-Room-Is-The-Instrument
LumIT-Automation/api-f5,78,78,1.0,https://github.com/LumIT-Automation/api-f5
loresuso/plugins,68,78,0.8717948717948718,https://github.com/loresuso/plugins
jakbtg/ML-exercises,78,78,1.0,https://github.com/jakbtg/ML-exercises
urbanslug/junctions,78,78,1.0,https://github.com/urbanslug/junctions
AlexPagnotta/alexpagnotta.dev,78,78,1.0,https://github.com/AlexPagnotta/alexpagnotta.dev
danielefinocchiaro/carservice,78,78,1.0,https://github.com/danielefinocchiaro/carservice
ajaygunalan/ajaygunalan.github.io,78,78,1.0,https://github.com/ajaygunalan/ajaygunalan.github.io
marcominerva/TinyHelpers,78,78,1.0,https://github.com/marcominerva/TinyHelpers
eliax1996/python-quickstart-repo,77,77,1.0,https://github.com/eliax1996/python-quickstart-repo
EdoardoLaGreca/scrtp,77,77,1.0,https://github.com/EdoardoLaGreca/scrtp
tesla-consulting/ioc-list,77,77,1.0,https://github.com/tesla-consulting/ioc-list
Arm0ny/ForumProject,77,77,1.0,https://github.com/Arm0ny/ForumProject
lorenzrossi/AMD-ComicsFaces,77,77,1.0,https://github.com/lorenzrossi/AMD-ComicsFaces
spagnuolocarmine/programmazione-distribuita,77,77,1.0,https://github.com/spagnuolocarmine/programmazione-distribuita
Zavy86/Coordinator-Engine,77,77,1.0,https://github.com/Zavy86/Coordinator-Engine
EddyTheCo/qrCode,77,77,1.0,https://github.com/EddyTheCo/qrCode
Trorker/MyTools,77,77,1.0,https://github.com/Trorker/MyTools
giovannitorsello/hotspot_system,60,77,0.7792207792207793,https://github.com/giovannitorsello/hotspot_system
sighupio/fury-kubernetes-dr,65,77,0.8441558441558441,https://github.com/sighupio/fury-kubernetes-dr
Talpx1/Appunti,77,77,1.0,https://github.com/Talpx1/Appunti
pyrogram/pyrogram,77,77,1.0,https://github.com/pyrogram/pyrogram
webarkit/WebARKitLib,77,77,1.0,https://github.com/webarkit/WebARKitLib
VaiTon/openfoodfacts-upptime,77,77,1.0,https://github.com/VaiTon/openfoodfacts-upptime
mijorus/whisper,77,77,1.0,https://github.com/mijorus/whisper
gtoffoli/commons-textanalysis,77,77,1.0,https://github.com/gtoffoli/commons-textanalysis
dipa96/dipa96.github.io,77,77,1.0,https://github.com/dipa96/dipa96.github.io
antoniopelusi/KeyHolder-desktop,77,77,1.0,https://github.com/antoniopelusi/KeyHolder-desktop
Zeegomo/rust,77,77,1.0,https://github.com/Zeegomo/rust
aesuli/COVID-19-Italia,77,77,1.0,https://github.com/aesuli/COVID-19-Italia
14wual/pycryptools,77,77,1.0,https://github.com/14wual/pycryptools
ChristianIannella/MicroKeyboard,77,77,1.0,https://github.com/ChristianIannella/MicroKeyboard
fanolug/fortuna_luca,77,77,1.0,https://github.com/fanolug/fortuna_luca
stereolabs/zed-ros2-wrapper,77,77,1.0,https://github.com/stereolabs/zed-ros2-wrapper
arturscheiner/dgb-hello-world,77,77,1.0,https://github.com/arturscheiner/dgb-hello-world
20squares/20squares.github.io,74,77,0.961038961038961,https://github.com/20squares/20squares.github.io
WalterNadalin/ParallelJacobi,77,77,1.0,https://github.com/WalterNadalin/ParallelJacobi
DawsSangio/auto_oculus_touch,77,77,1.0,https://github.com/DawsSangio/auto_oculus_touch
tommasocalo/tommasocalo.github.io,77,77,1.0,https://github.com/tommasocalo/tommasocalo.github.io
SickMarco/42CPP,77,77,1.0,https://github.com/SickMarco/42CPP
nataliakzm/School42_Cursus,77,77,1.0,https://github.com/nataliakzm/School42_Cursus
totoLab/code-ingegneria-informatica,77,77,1.0,https://github.com/totoLab/code-ingegneria-informatica
Dudo1985/WPDocGen,77,77,1.0,https://github.com/Dudo1985/WPDocGen
SalaniLeo/SalaniLeo,77,77,1.0,https://github.com/SalaniLeo/SalaniLeo
fulminati/arduino-web-inject,77,77,1.0,https://github.com/fulminati/arduino-web-inject
COISPA/RDBqc,77,77,1.0,https://github.com/COISPA/RDBqc
rosdb/liferay-portal,77,77,1.0,https://github.com/rosdb/liferay-portal
GiulioRossetti/cdlib,73,77,0.948051948051948,https://github.com/GiulioRossetti/cdlib
TrekTribe/trektribe-django,77,77,1.0,https://github.com/TrekTribe/trektribe-django
pierDipi/eventing-istio,77,77,1.0,https://github.com/pierDipi/eventing-istio
TheElixZammuto/moonlight-xbox,77,77,1.0,https://github.com/TheElixZammuto/moonlight-xbox
cyrusbehr/tensorrt-cpp-api,77,77,1.0,https://github.com/cyrusbehr/tensorrt-cpp-api
alex-sandri/prove-orali-allievi-marescialli-gdf-2023,77,77,1.0,https://github.com/alex-sandri/prove-orali-allievi-marescialli-gdf-2023
kanopo/gcd,77,77,1.0,https://github.com/kanopo/gcd
Giada-collab/considerations,77,77,1.0,https://github.com/Giada-collab/considerations
giulioturrisi/Self-Balancing-Robot,77,77,1.0,https://github.com/giulioturrisi/Self-Balancing-Robot
crispybaconsrl/devops-team__reusable-workflows,64,77,0.8311688311688312,https://github.com/crispybaconsrl/devops-team__reusable-workflows
PSogeki/Monopoli,77,77,1.0,https://github.com/PSogeki/Monopoli
opon13/Water-potability-prediction-in-python,77,77,1.0,https://github.com/opon13/Water-potability-prediction-in-python
elsoft74/richiestedomiciliari,76,76,1.0,https://github.com/elsoft74/richiestedomiciliari
immobiliare/backstage,59,76,0.7763157894736842,https://github.com/immobiliare/backstage
lavallone/NUANS,76,76,1.0,https://github.com/lavallone/NUANS
Francesco601/Francesco601,76,76,1.0,https://github.com/Francesco601/Francesco601
fluca1978/fluca1978.github.io,76,76,1.0,https://github.com/fluca1978/fluca1978.github.io
flaprimo/blockchain-developer-bootcamp-final-project,76,76,1.0,https://github.com/flaprimo/blockchain-developer-bootcamp-final-project
lucasimi/vptree-java,76,76,1.0,https://github.com/lucasimi/vptree-java
fabr1z10/monkey,76,76,1.0,https://github.com/fabr1z10/monkey
desotech-it/desotech-3-tier-app,76,76,1.0,https://github.com/desotech-it/desotech-3-tier-app
WebEngineering-Univaq/WebEngineering-Univaq.github.io,76,76,1.0,https://github.com/WebEngineering-Univaq/WebEngineering-Univaq.github.io
brucellino/vaultatho.me,68,76,0.8947368421052632,https://github.com/brucellino/vaultatho.me
unitn-sml/recourse-fare,76,76,1.0,https://github.com/unitn-sml/recourse-fare
fbovo-2/website,75,76,0.986842105263158,https://github.com/fbovo-2/website
learnusd/learnusd.github.io,76,76,1.0,https://github.com/learnusd/learnusd.github.io
tdlight-team/tdlight-docs,76,76,1.0,https://github.com/tdlight-team/tdlight-docs
Insane96/MobsPropertiesRandomness,76,76,1.0,https://github.com/Insane96/MobsPropertiesRandomness
jandom-devel/JGMP,58,76,0.7631578947368421,https://github.com/jandom-devel/JGMP
EMalagoli92/PonderNet-TensorFlow,76,76,1.0,https://github.com/EMalagoli92/PonderNet-TensorFlow
twoojoo/nicli,76,76,1.0,https://github.com/twoojoo/nicli
mimmo96/Computational-Mathematics,60,76,0.7894736842105263,https://github.com/mimmo96/Computational-Mathematics
Effect-TS/language-service,58,76,0.7631578947368421,https://github.com/Effect-TS/language-service
EndBug/pages-preview,76,76,1.0,https://github.com/EndBug/pages-preview
NextWork123/device_xiaomi-sm8250-stable,76,76,1.0,https://github.com/NextWork123/device_xiaomi-sm8250-stable
Russlewisbo/ACUTEWEBSITE,76,76,1.0,https://github.com/Russlewisbo/ACUTEWEBSITE
giotramu/postcss-config,67,76,0.881578947368421,https://github.com/giotramu/postcss-config
filoconnesso/arducraft,76,76,1.0,https://github.com/filoconnesso/arducraft
caiosweet/notifier,76,76,1.0,https://github.com/caiosweet/notifier
fmazzone/Progetto_secure_cloud,67,76,0.881578947368421,https://github.com/fmazzone/Progetto_secure_cloud
14wual/14wual.github.io,76,76,1.0,https://github.com/14wual/14wual.github.io
francBara/DataStore,74,76,0.9736842105263158,https://github.com/francBara/DataStore
ratioSolver/PlExA,76,76,1.0,https://github.com/ratioSolver/PlExA
Morgana9569/CorsoPhpTss,76,76,1.0,https://github.com/Morgana9569/CorsoPhpTss
DavideBruni/SmartGreenHouse,59,76,0.7763157894736842,https://github.com/DavideBruni/SmartGreenHouse
nitramic/monitor,76,76,1.0,https://github.com/nitramic/monitor
cdf1982/cdf1982.github.io,76,76,1.0,https://github.com/cdf1982/cdf1982.github.io
MarcoAlessandroRiggio/ninja-bot,76,76,1.0,https://github.com/MarcoAlessandroRiggio/ninja-bot
Rudeus-Greyrat-00/yace,76,76,1.0,https://github.com/Rudeus-Greyrat-00/yace
thomascristofaro/thesis-client,65,76,0.8552631578947368,https://github.com/thomascristofaro/thesis-client
ValentinoUberti/rust-studies,76,76,1.0,https://github.com/ValentinoUberti/rust-studies
AngeloDamante/particle-ViT-segmentation,69,76,0.9078947368421052,https://github.com/AngeloDamante/particle-ViT-segmentation
polito-SE2-TEAM-20/softeng2-OfficeQueueManagementSystem,64,76,0.8421052631578947,https://github.com/polito-SE2-TEAM-20/softeng2-OfficeQueueManagementSystem
PaleAlex/Choosing,76,76,1.0,https://github.com/PaleAlex/Choosing
mattdibi/NMTest,76,76,1.0,https://github.com/mattdibi/NMTest
vigna/networkx,73,76,0.9605263157894736,https://github.com/vigna/networkx
vtramo/neural-networks-experiments-from-scratch,76,76,1.0,https://github.com/vtramo/neural-networks-experiments-from-scratch
ItsVixano/android_kernel_qcom_msm8953,76,76,1.0,https://github.com/ItsVixano/android_kernel_qcom_msm8953
andreacioni/kube-workload-restarter,72,76,0.9473684210526316,https://github.com/andreacioni/kube-workload-restarter
pagopa/pn-cn,63,76,0.8289473684210527,https://github.com/pagopa/pn-cn
pagopa/pagopa-poc-micronaut,65,76,0.8552631578947368,https://github.com/pagopa/pagopa-poc-micronaut
zino-hofmann/graphql-flutter,71,76,0.9342105263157896,https://github.com/zino-hofmann/graphql-flutter
Luni-4/burn,72,76,0.9473684210526316,https://github.com/Luni-4/burn
Data-Visualization-Final-Project/covid.github.io,76,76,1.0,https://github.com/Data-Visualization-Final-Project/covid.github.io
rfantoni/personal-page,76,76,1.0,https://github.com/rfantoni/personal-page
TheBossMagnus/Thunder,76,76,1.0,https://github.com/TheBossMagnus/Thunder
spartacus04/progetto-si,62,76,0.8157894736842105,https://github.com/spartacus04/progetto-si
fes300/ts-endpoint,62,76,0.8157894736842105,https://github.com/fes300/ts-endpoint
tncrazvan/catpaw-mysql,76,76,1.0,https://github.com/tncrazvan/catpaw-mysql
Brovarone/ALL-I,76,76,1.0,https://github.com/Brovarone/ALL-I
JacopoWolf/quadtree-over-media-rs,64,75,0.8533333333333334,https://github.com/JacopoWolf/quadtree-over-media-rs
LordAssalt/AML_PAtchCore_Test,75,75,1.0,https://github.com/LordAssalt/AML_PAtchCore_Test
DuckBot-Discord/duck-hideout-manager-bot,69,75,0.92,https://github.com/DuckBot-Discord/duck-hideout-manager-bot
tavanfran/Structures_ML,75,75,1.0,https://github.com/tavanfran/Structures_ML
avalentino/PyTables,75,75,1.0,https://github.com/avalentino/PyTables
ernstc/VisualStudioSolutionSecrets,75,75,1.0,https://github.com/ernstc/VisualStudioSolutionSecrets
draedr/docker-stacks,75,75,1.0,https://github.com/draedr/docker-stacks
ZiClaud/my_portfolio_react,75,75,1.0,https://github.com/ZiClaud/my_portfolio_react
heyteacher/fantacitorio,75,75,1.0,https://github.com/heyteacher/fantacitorio
datastax/pulsar-jms,75,75,1.0,https://github.com/datastax/pulsar-jms
alipanahi/sapevi,71,75,0.9466666666666668,https://github.com/alipanahi/sapevi
bitterlox/nvim.config,75,75,1.0,https://github.com/bitterlox/nvim.config
GabbedT/RV32-Apogeo,75,75,1.0,https://github.com/GabbedT/RV32-Apogeo
filchyboy/filchyboy.github.io,75,75,1.0,https://github.com/filchyboy/filchyboy.github.io
Typing-Monkeys/provaactions,75,75,1.0,https://github.com/Typing-Monkeys/provaactions
SemioDigital/qrman,75,75,1.0,https://github.com/SemioDigital/qrman
u-siri-ous/various-acsai,75,75,1.0,https://github.com/u-siri-ous/various-acsai
marcosena/marcosena,75,75,1.0,https://github.com/marcosena/marcosena
FriendsOfREDAXO/graphql,63,75,0.84,https://github.com/FriendsOfREDAXO/graphql
francosalvucci14/Acr0nim0_Blog,75,75,1.0,https://github.com/francosalvucci14/Acr0nim0_Blog
DRincs-Productions/NQTR-toolkit,75,75,1.0,https://github.com/DRincs-Productions/NQTR-toolkit
10Andrea10/master-thesis-project,75,75,1.0,https://github.com/10Andrea10/master-thesis-project
misl6/kivy-ios,75,75,1.0,https://github.com/misl6/kivy-ios
mari-albrici/fs0123-Marianna-Albrici,75,75,1.0,https://github.com/mari-albrici/fs0123-Marianna-Albrici
Werso1990/programming-basics,75,75,1.0,https://github.com/Werso1990/programming-basics
it-landfill/Green-Ferret-IoT,75,75,1.0,https://github.com/it-landfill/Green-Ferret-IoT
fabriziocominetti/fabriziocominetti.github.io,75,75,1.0,https://github.com/fabriziocominetti/fabriziocominetti.github.io
albertus82/earthquake-bulletin,75,75,1.0,https://github.com/albertus82/earthquake-bulletin
virtualb-cloud/app_api,73,75,0.9733333333333334,https://github.com/virtualb-cloud/app_api
fabioriva/parkbot-api,75,75,1.0,https://github.com/fabioriva/parkbot-api
elixir-gettext/gettext,57,75,0.76,https://github.com/elixir-gettext/gettext
bozzelliandrea/grokking-algorithms,75,75,1.0,https://github.com/bozzelliandrea/grokking-algorithms
javivilladamigo/euclidean-multijet,75,75,1.0,https://github.com/javivilladamigo/euclidean-multijet
redital/RaffoSberryBot,75,75,1.0,https://github.com/redital/RaffoSberryBot
ecmwf-projects/ogc-api-processes-fastapi,75,75,1.0,https://github.com/ecmwf-projects/ogc-api-processes-fastapi
Giorgiobientinesi/Dashboard,75,75,1.0,https://github.com/Giorgiobientinesi/Dashboard
mathsolutions/CodeIgniter4,75,75,1.0,https://github.com/mathsolutions/CodeIgniter4
moonyc/the-ugly-cat-pages,75,75,1.0,https://github.com/moonyc/the-ugly-cat-pages
adelloste/viewer-text-recognition,75,75,1.0,https://github.com/adelloste/viewer-text-recognition
massibone/Goniometry_trigonometry_Python,75,75,1.0,https://github.com/massibone/Goniometry_trigonometry_Python
iacobucci/express-aws,75,75,1.0,https://github.com/iacobucci/express-aws
mirchaemanuel/a80-cli,75,75,1.0,https://github.com/mirchaemanuel/a80-cli
pagopa/io-functions-sign,73,74,0.9864864864864864,https://github.com/pagopa/io-functions-sign
merendamattia/FdI,74,74,1.0,https://github.com/merendamattia/FdI
lucagrammer/VariantHunter,74,74,1.0,https://github.com/lucagrammer/VariantHunter
giulianbiolo/gbrt,74,74,1.0,https://github.com/giulianbiolo/gbrt
yuti-one/yuti-one.github.io,74,74,1.0,https://github.com/yuti-one/yuti-one.github.io
MDeLuise/tracky,74,74,1.0,https://github.com/MDeLuise/tracky
tgragnato/snowflake,74,74,1.0,https://github.com/tgragnato/snowflake
ContinualAI/avalanche-report,74,74,1.0,https://github.com/ContinualAI/avalanche-report
SSCHAcode/python-sscha,67,74,0.9054054054054054,https://github.com/SSCHAcode/python-sscha
EngMarchG/Leetcode_Solutions,74,74,1.0,https://github.com/EngMarchG/Leetcode_Solutions
gionnimontana/fanta-app-be,74,74,1.0,https://github.com/gionnimontana/fanta-app-be
totarochristian/vite-boolflix,74,74,1.0,https://github.com/totarochristian/vite-boolflix
alkampfergit/personal-blog,74,74,1.0,https://github.com/alkampfergit/personal-blog
ericmedvet/ericmedvet.github.io,74,74,1.0,https://github.com/ericmedvet/ericmedvet.github.io
ItsVixano/android_device_xiaomi_msm8953-common,74,74,1.0,https://github.com/ItsVixano/android_device_xiaomi_msm8953-common
bedita/api,74,74,1.0,https://github.com/bedita/api
Velitch/weather_dht,74,74,1.0,https://github.com/Velitch/weather_dht
LaRancion/larancion.github.io,74,74,1.0,https://github.com/LaRancion/larancion.github.io
alessiotucci/push_swap42,74,74,1.0,https://github.com/alessiotucci/push_swap42
matteotagliatti/bklst,74,74,1.0,https://github.com/matteotagliatti/bklst
CristianoVecchi/MikroKanon,74,74,1.0,https://github.com/CristianoVecchi/MikroKanon
DavyJonesLocker/client_side_validations,71,74,0.9594594594594594,https://github.com/DavyJonesLocker/client_side_validations
venerabaiamankyzy/vue-deliveboo-frontoffice,62,74,0.8378378378378378,https://github.com/venerabaiamankyzy/vue-deliveboo-frontoffice
AndPatr/moving_horizon_jnt_calib,74,74,1.0,https://github.com/AndPatr/moving_horizon_jnt_calib
BrodoDigitale/udemy-react-course-projects,74,74,1.0,https://github.com/BrodoDigitale/udemy-react-course-projects
Schrodinger-Hat/open-source-wrapped,73,74,0.9864864864864864,https://github.com/Schrodinger-Hat/open-source-wrapped
pagopa/notifichedigitali.pagopa.it,67,74,0.9054054054054054,https://github.com/pagopa/notifichedigitali.pagopa.it
NeVerTools/pyNeVer,58,74,0.7837837837837838,https://github.com/NeVerTools/pyNeVer
mokassino/InsecureShop,74,74,1.0,https://github.com/mokassino/InsecureShop
mmartamagna/OECD-Regional-Well-being-dataset,74,74,1.0,https://github.com/mmartamagna/OECD-Regional-Well-being-dataset
italia/design-ui-kit,64,74,0.8648648648648649,https://github.com/italia/design-ui-kit
Picred/brain-test-bot,57,74,0.7702702702702703,https://github.com/Picred/brain-test-bot
Insane96/InsaneLib,74,74,1.0,https://github.com/Insane96/InsaneLib
Airscripts/dotfiles,74,74,1.0,https://github.com/Airscripts/dotfiles
CrisGhinghi/S2I-React-Meditation,74,74,1.0,https://github.com/CrisGhinghi/S2I-React-Meditation
MOREnergylab/WEC-Sim,70,74,0.945945945945946,https://github.com/MOREnergylab/WEC-Sim
guglielmo-boi/eagletrt-recruiting-sw-telemetry-project1,74,74,1.0,https://github.com/guglielmo-boi/eagletrt-recruiting-sw-telemetry-project1
CarmineMascia/INGW,64,74,0.8648648648648649,https://github.com/CarmineMascia/INGW
barcaroli/QGA,74,74,1.0,https://github.com/barcaroli/QGA
Eomm/fastify-discord-bot-demo,63,74,0.8513513513513513,https://github.com/Eomm/fastify-discord-bot-demo
avs-sas/linux,74,74,1.0,https://github.com/avs-sas/linux
SilvestriStefano/SilvestriStefano.github.io,74,74,1.0,https://github.com/SilvestriStefano/SilvestriStefano.github.io
tagliala/activeadmin,66,74,0.8918918918918919,https://github.com/tagliala/activeadmin
ricfio/platformatic,74,74,1.0,https://github.com/ricfio/platformatic
jose-10000/Snyk_docker_image_scan,74,74,1.0,https://github.com/jose-10000/Snyk_docker_image_scan
jouleffect/jouleffect.github.io,74,74,1.0,https://github.com/jouleffect/jouleffect.github.io
Ansuel/packages,74,74,1.0,https://github.com/Ansuel/packages
Amirhatamian/Programming-Project,73,73,1.0,https://github.com/Amirhatamian/Programming-Project
grnsmn/sabaoth-ct-docs,73,73,1.0,https://github.com/grnsmn/sabaoth-ct-docs
bolla99/datavis-project,63,73,0.863013698630137,https://github.com/bolla99/datavis-project
twoojoo/rofi-scripts,73,73,1.0,https://github.com/twoojoo/rofi-scripts
opendatasicilia/tansignari-md,60,73,0.821917808219178,https://github.com/opendatasicilia/tansignari-md
lcfd/NaryaVim,73,73,1.0,https://github.com/lcfd/NaryaVim
tangtang95/chip-8-emu,73,73,1.0,https://github.com/tangtang95/chip-8-emu
eugeniaring/topic-modeling-reviews,73,73,1.0,https://github.com/eugeniaring/topic-modeling-reviews
sponticelli/VectorVanguard,73,73,1.0,https://github.com/sponticelli/VectorVanguard
vclemenzi/rice,73,73,1.0,https://github.com/vclemenzi/rice
Insane96/ProgressiveBosses,73,73,1.0,https://github.com/Insane96/ProgressiveBosses
pieroproietti/penguins-eggs-ppa,73,73,1.0,https://github.com/pieroproietti/penguins-eggs-ppa
P0rc0D10/website-reizy.eu,73,73,1.0,https://github.com/P0rc0D10/website-reizy.eu
guidograzioli/amq,73,73,1.0,https://github.com/guidograzioli/amq
EvaristeGalois11/instancio,73,73,1.0,https://github.com/EvaristeGalois11/instancio
open-cobralibero/enigma2-py3,73,73,1.0,https://github.com/open-cobralibero/enigma2-py3
snuffop/Nvim,73,73,1.0,https://github.com/snuffop/Nvim
walterefrancesca/walterefrancesca.github.io,73,73,1.0,https://github.com/walterefrancesca/walterefrancesca.github.io
TdP-prove-finali/GhigoMattia,73,73,1.0,https://github.com/TdP-prove-finali/GhigoMattia
IvanoBilenchi/ulib,73,73,1.0,https://github.com/IvanoBilenchi/ulib
kriasoft/relay-starter-kit,73,73,1.0,https://github.com/kriasoft/relay-starter-kit
matteosacchetto/rpi-headless-setup-helper,56,73,0.7671232876712328,https://github.com/matteosacchetto/rpi-headless-setup-helper
Picred/appunti-e-codici,73,73,1.0,https://github.com/Picred/appunti-e-codici
alessandro25pa/programming-basics,73,73,1.0,https://github.com/alessandro25pa/programming-basics
juancarracedo7/ta-te-ti,73,73,1.0,https://github.com/juancarracedo7/ta-te-ti
Raf91/dev_crossWGCNA,73,73,1.0,https://github.com/Raf91/dev_crossWGCNA
LordRadai/MorphemeConnect,73,73,1.0,https://github.com/LordRadai/MorphemeConnect
verlok/blog-11ty,73,73,1.0,https://github.com/verlok/blog-11ty
eclipse/thingweb.node-wot,72,73,0.9863013698630136,https://github.com/eclipse/thingweb.node-wot
amerkoleci/alimer,72,73,0.9863013698630136,https://github.com/amerkoleci/alimer
piopy/solexiv,73,73,1.0,https://github.com/piopy/solexiv
whosjorge23/Flutter-Snippets,72,73,0.9863013698630136,https://github.com/whosjorge23/Flutter-Snippets
NextWork123/ArmCord,73,73,1.0,https://github.com/NextWork123/ArmCord
berto-dev/linux-arch-installation-flow,73,73,1.0,https://github.com/berto-dev/linux-arch-installation-flow
nikitodos/UniPV_Physics_Lab_3,73,73,1.0,https://github.com/nikitodos/UniPV_Physics_Lab_3
mkszepp/liquid-fire,73,73,1.0,https://github.com/mkszepp/liquid-fire
bardhprenkaj/HANSEL,73,73,1.0,https://github.com/bardhprenkaj/HANSEL
fsalva/farm,73,73,1.0,https://github.com/fsalva/farm
GiacomoMeloni/todo_farm_stack,73,73,1.0,https://github.com/GiacomoMeloni/todo_farm_stack
BoraArseven/github-ci-example,73,73,1.0,https://github.com/BoraArseven/github-ci-example
darioTecchia/no-more-ugly-faces,73,73,1.0,https://github.com/darioTecchia/no-more-ugly-faces
noaccOS/Pet-Store,73,73,1.0,https://github.com/noaccOS/Pet-Store
DuckBot-Discord/DuckBot,64,73,0.8767123287671232,https://github.com/DuckBot-Discord/DuckBot
lucky-sideburn/kubeinvaders,73,73,1.0,https://github.com/lucky-sideburn/kubeinvaders
Hidan0/dotfiles,73,73,1.0,https://github.com/Hidan0/dotfiles
StudentiUniMi/website,73,73,1.0,https://github.com/StudentiUniMi/website
fabian57fabian/prototypical-networks-few-shot-learning,73,73,1.0,https://github.com/fabian57fabian/prototypical-networks-few-shot-learning
yeshwanthguru/q-robot-Thesis-Introductory,73,73,1.0,https://github.com/yeshwanthguru/q-robot-Thesis-Introductory
napo/dbsnosmcompare,73,73,1.0,https://github.com/napo/dbsnosmcompare
EndBug/label-sync,57,73,0.7808219178082192,https://github.com/EndBug/label-sync
RBerga06/python-utils,67,73,0.9178082191780822,https://github.com/RBerga06/python-utils
niccolo-fato/university_notes,73,73,1.0,https://github.com/niccolo-fato/university_notes
olivierfriard/raspberry_video-recording_coordinator,73,73,1.0,https://github.com/olivierfriard/raspberry_video-recording_coordinator
Francesco149/flake,73,73,1.0,https://github.com/Francesco149/flake
Domecosma/Wedding,73,73,1.0,https://github.com/Domecosma/Wedding
aogier/chachacha,58,72,0.8055555555555556,https://github.com/aogier/chachacha
lolgab/mill,57,72,0.7916666666666666,https://github.com/lolgab/mill
TorioCrema/DB-Music,72,72,1.0,https://github.com/TorioCrema/DB-Music
Plarpoon/NixOS,72,72,1.0,https://github.com/Plarpoon/NixOS
leonardoserra/html-css-spotifyweb,72,72,1.0,https://github.com/leonardoserra/html-css-spotifyweb
RegestaItalia/trm-core,72,72,1.0,https://github.com/RegestaItalia/trm-core
josealejandro2928/discovery-arch-model,72,72,1.0,https://github.com/josealejandro2928/discovery-arch-model
Flickerdox/ACC-Setups-and-MoTeC,72,72,1.0,https://github.com/Flickerdox/ACC-Setups-and-MoTeC
MicroK-OS/microk,72,72,1.0,https://github.com/MicroK-OS/microk
metarhia/metasql,72,72,1.0,https://github.com/metarhia/metasql
robang74/tinycore-editor,72,72,1.0,https://github.com/robang74/tinycore-editor
DannyAntonelli/Let-Me-Code,54,72,0.75,https://github.com/DannyAntonelli/Let-Me-Code
crs4/cassandra-dali-plugin,63,72,0.875,https://github.com/crs4/cassandra-dali-plugin
kivy/python-for-android,60,72,0.8333333333333334,https://github.com/kivy/python-for-android
Ks89/air-conditioner,72,72,1.0,https://github.com/Ks89/air-conditioner
domenicolubrano/BP,69,72,0.9583333333333334,https://github.com/domenicolubrano/BP
Lucchetto/BitHelper,72,72,1.0,https://github.com/Lucchetto/BitHelper
fasenderos/node,69,72,0.9583333333333334,https://github.com/fasenderos/node
SeSaLabUnisa/ISSSE-2023,72,72,1.0,https://github.com/SeSaLabUnisa/ISSSE-2023
ApreaMarco/uml-java-doclet,72,72,1.0,https://github.com/ApreaMarco/uml-java-doclet
KevinBatdorf/unsplash-block-plugin,72,72,1.0,https://github.com/KevinBatdorf/unsplash-block-plugin
teta-so/theta_models,72,72,1.0,https://github.com/teta-so/theta_models
mkukiro/squish,72,72,1.0,https://github.com/mkukiro/squish
DotHack88/Anime,72,72,1.0,https://github.com/DotHack88/Anime
TheDarkBug/DotFiles,72,72,1.0,https://github.com/TheDarkBug/DotFiles
traversaro/casadi-feedstock,67,72,0.9305555555555556,https://github.com/traversaro/casadi-feedstock
emosca-cnr/scMuffin,56,72,0.7777777777777778,https://github.com/emosca-cnr/scMuffin
GiovsTech/links.gianstech.it,72,72,1.0,https://github.com/GiovsTech/links.gianstech.it
Fil88/Fil88.github.io,72,72,1.0,https://github.com/Fil88/Fil88.github.io
open-roboe/backend,61,72,0.8472222222222222,https://github.com/open-roboe/backend
Davoleo/uni,72,72,1.0,https://github.com/Davoleo/uni
fedpre/sleepoutside_team_5,61,72,0.8472222222222222,https://github.com/fedpre/sleepoutside_team_5
Guray00/tutoring,72,72,1.0,https://github.com/Guray00/tutoring
fabiolune/logic-engine,65,72,0.9027777777777778,https://github.com/fabiolune/logic-engine
erikyo/modul-r,72,72,1.0,https://github.com/erikyo/modul-r
eclipse-thingweb/node-wot,65,72,0.9027777777777778,https://github.com/eclipse-thingweb/node-wot
stefanodvx/pyanimeclick,72,72,1.0,https://github.com/stefanodvx/pyanimeclick
eugeniaring/anomaly_detection_ecg_part2,72,72,1.0,https://github.com/eugeniaring/anomaly_detection_ecg_part2
Hypnootize/m0rehud,72,72,1.0,https://github.com/Hypnootize/m0rehud
loresuso/libs,67,72,0.9305555555555556,https://github.com/loresuso/libs
manudelu/ResearchTrackI_Assignment2,72,72,1.0,https://github.com/manudelu/ResearchTrackI_Assignment2
GioviQ/blazorboilerplate,67,72,0.9305555555555556,https://github.com/GioviQ/blazorboilerplate
epavanello/cheatgpt.app,72,72,1.0,https://github.com/epavanello/cheatgpt.app
sparkfabrik/terraform-google-gcp-cloud-native-drupal-resources,66,72,0.9166666666666666,https://github.com/sparkfabrik/terraform-google-gcp-cloud-native-drupal-resources
T1xx1/DoneByDate,72,72,1.0,https://github.com/T1xx1/DoneByDate
giiks131/avitoTestiOS_Shapovalov,72,72,1.0,https://github.com/giiks131/avitoTestiOS_Shapovalov
davidetacchini/overbot,72,72,1.0,https://github.com/davidetacchini/overbot
pierre1590/Portfolio-Piero,72,72,1.0,https://github.com/pierre1590/Portfolio-Piero
MoneyStats/MSS-MoneyStats-Service,72,72,1.0,https://github.com/MoneyStats/MSS-MoneyStats-Service
voltumna-linux/ccd,72,72,1.0,https://github.com/voltumna-linux/ccd
spring1843/karpenter-core,72,72,1.0,https://github.com/spring1843/karpenter-core
mauro-midolo/homeassistant_electrolux_status,72,72,1.0,https://github.com/mauro-midolo/homeassistant_electrolux_status
jacopoM28/CompOmics_Tutorship,72,72,1.0,https://github.com/jacopoM28/CompOmics_Tutorship
ctorres80/fdo-imagebuilder,72,72,1.0,https://github.com/ctorres80/fdo-imagebuilder
scipioni/livenet,61,72,0.8472222222222222,https://github.com/scipioni/livenet
vincenzopalazzo/cln4go,71,71,1.0,https://github.com/vincenzopalazzo/cln4go
niccoloraspa/osmosis,70,71,0.9859154929577464,https://github.com/niccoloraspa/osmosis
alessiomodonesi/C-Exercises,71,71,1.0,https://github.com/alessiomodonesi/C-Exercises
gtolomei/operating-systems,71,71,1.0,https://github.com/gtolomei/operating-systems
TheMurusTeam/PromptToImage,71,71,1.0,https://github.com/TheMurusTeam/PromptToImage
sivieri/advent-of-code-2022,71,71,1.0,https://github.com/sivieri/advent-of-code-2022
LukeSavefrogs/jython21-backport,71,71,1.0,https://github.com/LukeSavefrogs/jython21-backport
MP-MC/Minecraft-Plugin-Template,71,71,1.0,https://github.com/MP-MC/Minecraft-Plugin-Template
edornd/argdantic,55,71,0.7746478873239436,https://github.com/edornd/argdantic
silexclouds/AnomalyDetection,71,71,1.0,https://github.com/silexclouds/AnomalyDetection
yaapu/FrskyTelemetryScript,71,71,1.0,https://github.com/yaapu/FrskyTelemetryScript
mateonunez/fastify-orama,60,71,0.8450704225352113,https://github.com/mateonunez/fastify-orama
giiks131/SlimApp,54,71,0.7605633802816901,https://github.com/giiks131/SlimApp
napolitanodst/Apprenticeship-log,71,71,1.0,https://github.com/napolitanodst/Apprenticeship-log
NimbleSolutionsITA/bds,71,71,1.0,https://github.com/NimbleSolutionsITA/bds
sakya/cbzcreator,71,71,1.0,https://github.com/sakya/cbzcreator
Psk-Ita/microG-GApps,71,71,1.0,https://github.com/Psk-Ita/microG-GApps
densitydesign/wlm-backend,67,71,0.943661971830986,https://github.com/densitydesign/wlm-backend
brucellino/ansible-role-nomad,67,71,0.943661971830986,https://github.com/brucellino/ansible-role-nomad
marcoscattolin/gruppotavola,71,71,1.0,https://github.com/marcoscattolin/gruppotavola
Uberts94/MapReduce_Exams_and_Exercises,71,71,1.0,https://github.com/Uberts94/MapReduce_Exams_and_Exercises
Simonetta98/fs0722a-Simona-Tudisco,71,71,1.0,https://github.com/Simonetta98/fs0722a-Simona-Tudisco
BigoLuca/myWebsite,71,71,1.0,https://github.com/BigoLuca/myWebsite
silvicardo/exchanges-transactions,71,71,1.0,https://github.com/silvicardo/exchanges-transactions
Polygonz3D/polygonz3d.github.io,71,71,1.0,https://github.com/Polygonz3D/polygonz3d.github.io
arkemishub/form,64,71,0.9014084507042254,https://github.com/arkemishub/form
EvilcorpTech/evilcode,71,71,1.0,https://github.com/EvilcorpTech/evilcode
sisinflab/RoGER,69,71,0.971830985915493,https://github.com/sisinflab/RoGER
vitodtagliente/vdtgraphics,71,71,1.0,https://github.com/vitodtagliente/vdtgraphics
JustWhit3/ptc-print,59,71,0.8309859154929577,https://github.com/JustWhit3/ptc-print
GiacomoPorpiglia/CNN-from-scratch,71,71,1.0,https://github.com/GiacomoPorpiglia/CNN-from-scratch
ric-sar/ric-sar.github.io,71,71,1.0,https://github.com/ric-sar/ric-sar.github.io
AntonioConsilvio/robots-configuration,71,71,1.0,https://github.com/AntonioConsilvio/robots-configuration
Difelice-e/easyzoom-landing,64,71,0.9014084507042254,https://github.com/Difelice-e/easyzoom-landing
giuliobilli01/PVP-SassoCartaForbici,71,71,1.0,https://github.com/giuliobilli01/PVP-SassoCartaForbici
arkemishub/arke,65,71,0.9154929577464788,https://github.com/arkemishub/arke
atupone/bzflag,69,71,0.971830985915493,https://github.com/atupone/bzflag
ZolloFrancesco/Pregaverso,58,71,0.8169014084507042,https://github.com/ZolloFrancesco/Pregaverso
Lombardini22/LEMS,65,71,0.9154929577464788,https://github.com/Lombardini22/LEMS
gatto/ds-network-analysis,63,71,0.8873239436619719,https://github.com/gatto/ds-network-analysis
ESA-PhiLab/PyRawS,71,71,1.0,https://github.com/ESA-PhiLab/PyRawS
Julian-Alps/rifugiokugy.com,65,71,0.9154929577464788,https://github.com/Julian-Alps/rifugiokugy.com
Peppe289/builder-linux,71,71,1.0,https://github.com/Peppe289/builder-linux
peppeconti/numerology,71,71,1.0,https://github.com/peppeconti/numerology
brusdev/downstream-updater,71,71,1.0,https://github.com/brusdev/downstream-updater
antolonappan/pycachera,69,71,0.971830985915493,https://github.com/antolonappan/pycachera
ilmangusta/University_stuff,71,71,1.0,https://github.com/ilmangusta/University_stuff
TexZK/bytesparse,71,71,1.0,https://github.com/TexZK/bytesparse
andreacioni/flutter,68,71,0.9577464788732394,https://github.com/andreacioni/flutter
chemelli74/core,67,70,0.9571428571428572,https://github.com/chemelli74/core
robotology/icub-models,70,70,1.0,https://github.com/robotology/icub-models
vMxster/C_CODING,70,70,1.0,https://github.com/vMxster/C_CODING
camptocamp/connector-interfaces,70,70,1.0,https://github.com/camptocamp/connector-interfaces
GiovanniCaiazzo01/Elastic-Team-OpenAI---Powered-Text-Generator-Challenge,70,70,1.0,https://github.com/GiovanniCaiazzo01/Elastic-Team-OpenAI---Powered-Text-Generator-Challenge
quokkamail/quokka,68,70,0.9714285714285714,https://github.com/quokkamail/quokka
michelerusti/l10n-italy,69,70,0.9857142857142858,https://github.com/michelerusti/l10n-italy
jacksalici/jacksalici.com,70,70,1.0,https://github.com/jacksalici/jacksalici.com
Kheeto/Unity-FPS,70,70,1.0,https://github.com/Kheeto/Unity-FPS
senzanome75/prompt-expander,70,70,1.0,https://github.com/senzanome75/prompt-expander
skaman/chronicle7,70,70,1.0,https://github.com/skaman/chronicle7
Diamantino-Op/EternalMagicForge,70,70,1.0,https://github.com/Diamantino-Op/EternalMagicForge
ruggi99/PurpleExercise,62,70,0.8857142857142857,https://github.com/ruggi99/PurpleExercise
virtualb-cloud/app_allianz_api,70,70,1.0,https://github.com/virtualb-cloud/app_allianz_api
cavallium/data-generator,70,70,1.0,https://github.com/cavallium/data-generator
zetareticoli/fi,67,70,0.9571428571428572,https://github.com/zetareticoli/fi
Alberto97/homebrew-puro-test,58,70,0.8285714285714286,https://github.com/Alberto97/homebrew-puro-test
LaRancion/blog,70,70,1.0,https://github.com/LaRancion/blog
EndBug/version-check,54,70,0.7714285714285715,https://github.com/EndBug/version-check
mrFlick72/spring-cloud-kubernetes-demo,70,70,1.0,https://github.com/mrFlick72/spring-cloud-kubernetes-demo
Ciarcia92/epicode_frontend,70,70,1.0,https://github.com/Ciarcia92/epicode_frontend
unitn-ASA/Deliveroo.js,70,70,1.0,https://github.com/unitn-ASA/Deliveroo.js
sohailabbas11/RemoteLine-Landing,70,70,1.0,https://github.com/sohailabbas11/RemoteLine-Landing
Laaouatni/myCode,70,70,1.0,https://github.com/Laaouatni/myCode
bitpredator/bpt_doorlock,54,70,0.7714285714285715,https://github.com/bitpredator/bpt_doorlock
mnfro/noc-scraper,54,70,0.7714285714285715,https://github.com/mnfro/noc-scraper
EnricoPittini/ml4cv-project,65,70,0.9285714285714286,https://github.com/EnricoPittini/ml4cv-project
NicholasPilotto/PoCTodoAppSwiftUI,70,70,1.0,https://github.com/NicholasPilotto/PoCTodoAppSwiftUI
simone-arcari/Scorbot,70,70,1.0,https://github.com/simone-arcari/Scorbot
lollerfirst/cuda-TSP-opt2,70,70,1.0,https://github.com/lollerfirst/cuda-TSP-opt2
Onnwen/Gestionale-IAT,61,70,0.8714285714285714,https://github.com/Onnwen/Gestionale-IAT
emilianobovetti/bobprints,70,70,1.0,https://github.com/emilianobovetti/bobprints
chelauk/nf-core-mutectplatypus,70,70,1.0,https://github.com/chelauk/nf-core-mutectplatypus
Hybris-Software/ui-kit,66,70,0.9428571428571428,https://github.com/Hybris-Software/ui-kit
BrunoFrancesco97/Software_Architectures,53,70,0.7571428571428571,https://github.com/BrunoFrancesco97/Software_Architectures
adrianofoschi/konio-mobile,70,70,1.0,https://github.com/adrianofoschi/konio-mobile
GGagliardi/_CorrAnalysis_2.0,70,70,1.0,https://github.com/GGagliardi/_CorrAnalysis_2.0
regro-cf-autotick-bot/mujoco-feedstock,67,70,0.9571428571428572,https://github.com/regro-cf-autotick-bot/mujoco-feedstock
Wolfgangnelli/nextjs-events-demo-app,70,70,1.0,https://github.com/Wolfgangnelli/nextjs-events-demo-app
patriziomadferitmilione/joia,70,70,1.0,https://github.com/patriziomadferitmilione/joia
zenodallavalle/italy-geopop,70,70,1.0,https://github.com/zenodallavalle/italy-geopop
leonardoLavagna/Drug-repurposing,70,70,1.0,https://github.com/leonardoLavagna/Drug-repurposing
4ndrs/PureMPV,70,70,1.0,https://github.com/4ndrs/PureMPV
RobertoNeglia/HPC,70,70,1.0,https://github.com/RobertoNeglia/HPC
livingsilver94/serpentos-moss-container,70,70,1.0,https://github.com/livingsilver94/serpentos-moss-container
gamboz/janeway,70,70,1.0,https://github.com/gamboz/janeway
capdevon/jme3-artificial-intelligence,70,70,1.0,https://github.com/capdevon/jme3-artificial-intelligence
ffxivita/ffxivita.github.io,60,70,0.8571428571428571,https://github.com/ffxivita/ffxivita.github.io
bepoli/dotfiles,70,70,1.0,https://github.com/bepoli/dotfiles
GenGrim76/Pareto-Optimal-GDC,70,70,1.0,https://github.com/GenGrim76/Pareto-Optimal-GDC
GiacomoGalletti/DappMobileCrowdSensing,70,70,1.0,https://github.com/GiacomoGalletti/DappMobileCrowdSensing
nicolasguarini/nicolasguarini,70,70,1.0,https://github.com/nicolasguarini/nicolasguarini
GiusTMP/GiusTMP,70,70,1.0,https://github.com/GiusTMP/GiusTMP
Korazza/palettify,70,70,1.0,https://github.com/Korazza/palettify
Diegomangasco/PRs_De-Randomizer,70,70,1.0,https://github.com/Diegomangasco/PRs_De-Randomizer
noi-techpark/software-website,57,70,0.8142857142857143,https://github.com/noi-techpark/software-website
unipv-larl/udeasy,70,70,1.0,https://github.com/unipv-larl/udeasy
Xoaib007/exploring-C,70,70,1.0,https://github.com/Xoaib007/exploring-C
Pwnzer0tt1/firegex,70,70,1.0,https://github.com/Pwnzer0tt1/firegex
mauromarzocca/CV,70,70,1.0,https://github.com/mauromarzocca/CV
rvianello/rdkit,70,70,1.0,https://github.com/rvianello/rdkit
fatmatto/timeframes,70,70,1.0,https://github.com/fatmatto/timeframes
zioben/ColourClashNet,70,70,1.0,https://github.com/zioben/ColourClashNet
ec-jrc/jeolib-pyjeo,70,70,1.0,https://github.com/ec-jrc/jeolib-pyjeo
cesare-montresor/idealNN,70,70,1.0,https://github.com/cesare-montresor/idealNN
Anita-Liberatore/angular-udemy-course-2023,70,70,1.0,https://github.com/Anita-Liberatore/angular-udemy-course-2023
avuenja/tabnews-app,69,69,1.0,https://github.com/avuenja/tabnews-app
federicobaldini/federicobaldini,69,69,1.0,https://github.com/federicobaldini/federicobaldini
Dom-Mac/uniswap-v3-price-feed,69,69,1.0,https://github.com/Dom-Mac/uniswap-v3-price-feed
NoriSte/hasura-conventional-commit,69,69,1.0,https://github.com/NoriSte/hasura-conventional-commit
kubealex/ztp-ocp,69,69,1.0,https://github.com/kubealex/ztp-ocp
ornato-t/paolo-sernini,61,69,0.8840579710144928,https://github.com/ornato-t/paolo-sernini
profmancusoa/TPSI,69,69,1.0,https://github.com/profmancusoa/TPSI
StefRapis/edgemony-esercizi,69,69,1.0,https://github.com/StefRapis/edgemony-esercizi
italiancpp/con23,52,69,0.7536231884057971,https://github.com/italiancpp/con23
theBoneless25/esercitazioni-CB5,69,69,1.0,https://github.com/theBoneless25/esercitazioni-CB5
lpanza/adoption-profiling-metrics,69,69,1.0,https://github.com/lpanza/adoption-profiling-metrics
paranoiasystem/paranoiasystem.github.io,69,69,1.0,https://github.com/paranoiasystem/paranoiasystem.github.io
alessandrocapialbi/ecommerce,69,69,1.0,https://github.com/alessandrocapialbi/ecommerce
Talentia-Software-OSS/d3-cloud-angular,68,69,0.9855072463768116,https://github.com/Talentia-Software-OSS/d3-cloud-angular
davidebolo1993/smk_sc_lr,69,69,1.0,https://github.com/davidebolo1993/smk_sc_lr
albertomorini/walletter,69,69,1.0,https://github.com/albertomorini/walletter
dgerosa/astrostatistics_bicocca_2023,69,69,1.0,https://github.com/dgerosa/astrostatistics_bicocca_2023
mscg82/advent-of-code,69,69,1.0,https://github.com/mscg82/advent-of-code
proofrock/ws4sqlite,69,69,1.0,https://github.com/proofrock/ws4sqlite
javierconcha/impero-zouk_00,69,69,1.0,https://github.com/javierconcha/impero-zouk_00
wezard-it/react-native-ylem,69,69,1.0,https://github.com/wezard-it/react-native-ylem
emilianobovetti/anacleto,69,69,1.0,https://github.com/emilianobovetti/anacleto
fl0wo/wallet-simulator,69,69,1.0,https://github.com/fl0wo/wallet-simulator
vitalegi/budget-be,68,69,0.9855072463768116,https://github.com/vitalegi/budget-be
MatteV02/SOeLab-PrimaFila,59,69,0.855072463768116,https://github.com/MatteV02/SOeLab-PrimaFila
francesco-cubito97/MICTREN,69,69,1.0,https://github.com/francesco-cubito97/MICTREN
mdacoca/cvat,68,69,0.9855072463768116,https://github.com/mdacoca/cvat
fametrano/btclib,69,69,1.0,https://github.com/fametrano/btclib
AnneclaireS/react-exercises,69,69,1.0,https://github.com/AnneclaireS/react-exercises
reddi32/visitrome,69,69,1.0,https://github.com/reddi32/visitrome
mignaway/EpubReader,69,69,1.0,https://github.com/mignaway/EpubReader
LeddaZ/android_kernel_gs,69,69,1.0,https://github.com/LeddaZ/android_kernel_gs
2dope4writingcode/Calcolo-Integrale,69,69,1.0,https://github.com/2dope4writingcode/Calcolo-Integrale
dainok/ntc-templates,67,69,0.9710144927536232,https://github.com/dainok/ntc-templates
albarron/academic-kickstart,69,69,1.0,https://github.com/albarron/academic-kickstart
leddaz-dump-stash/google_coral_dump,69,69,1.0,https://github.com/leddaz-dump-stash/google_coral_dump
ctrlmaniac/fairbnb,69,69,1.0,https://github.com/ctrlmaniac/fairbnb
PykaAlexandro/An-Online-Retailer-Investigation,69,69,1.0,https://github.com/PykaAlexandro/An-Online-Retailer-Investigation
tpkee/VerseQuest,69,69,1.0,https://github.com/tpkee/VerseQuest
Dev-Mikko/edumeet-client,66,69,0.9565217391304348,https://github.com/Dev-Mikko/edumeet-client
Graffioh/lc-hell,69,69,1.0,https://github.com/Graffioh/lc-hell
DavidCavallaro/iosonodavid__,69,69,1.0,https://github.com/DavidCavallaro/iosonodavid__
dnlmsr/dotfiles,69,69,1.0,https://github.com/dnlmsr/dotfiles
aguidirh/oc-mirror,69,69,1.0,https://github.com/aguidirh/oc-mirror
pieroproietti/oclif-pnpm,69,69,1.0,https://github.com/pieroproietti/oclif-pnpm
ihategoto/LABottica,69,69,1.0,https://github.com/ihategoto/LABottica
napema/consulta-delle-donne,69,69,1.0,https://github.com/napema/consulta-delle-donne
fabiofumarola/ultrayolo,69,69,1.0,https://github.com/fabiofumarola/ultrayolo
pepstock-org/chartjs-chart-treemap,69,69,1.0,https://github.com/pepstock-org/chartjs-chart-treemap
mikymod/arnor,69,69,1.0,https://github.com/mikymod/arnor
tncrazvan/catpaw-queue,69,69,1.0,https://github.com/tncrazvan/catpaw-queue
davideborra/davideborra.github.io,57,69,0.8260869565217391,https://github.com/davideborra/davideborra.github.io
Pierfrancesco95/Progetti_personali,69,69,1.0,https://github.com/Pierfrancesco95/Progetti_personali
TokenRevolution/genesismobile,69,69,1.0,https://github.com/TokenRevolution/genesismobile
ARPA-SIMC/meteotiles,69,69,1.0,https://github.com/ARPA-SIMC/meteotiles
aripiz/weworld-maipiuinvisibili2023,69,69,1.0,https://github.com/aripiz/weworld-maipiuinvisibili2023
Gabriele-Losurdo/Exercises-PHP-JS,57,69,0.8260869565217391,https://github.com/Gabriele-Losurdo/Exercises-PHP-JS
marcodefelice/budget-tracker_v2-FE,60,69,0.8695652173913043,https://github.com/marcodefelice/budget-tracker_v2-FE
DianaBerte/MandarinApp-BE,69,69,1.0,https://github.com/DianaBerte/MandarinApp-BE
JuliaML/MLUtils.jl,62,69,0.8985507246376812,https://github.com/JuliaML/MLUtils.jl
strawberryfield/Contemporary_CDV,69,69,1.0,https://github.com/strawberryfield/Contemporary_CDV
Michele0303/TikTok-Live-Recorder,69,69,1.0,https://github.com/Michele0303/TikTok-Live-Recorder
ASDEAsoft/external_solvers_STKO,62,69,0.8985507246376812,https://github.com/ASDEAsoft/external_solvers_STKO
GenGrim76/Compressed_kmer_Dictionaries,68,68,1.0,https://github.com/GenGrim76/Compressed_kmer_Dictionaries
LoboEvolution/LoboEvolution,68,68,1.0,https://github.com/LoboEvolution/LoboEvolution
alikon/streamlit-example,68,68,1.0,https://github.com/alikon/streamlit-example
Steffo99/lokiunimore,66,68,0.9705882352941176,https://github.com/Steffo99/lokiunimore
NextWork123/BAALAM_android_kernel_xiaomi_sm8250,68,68,1.0,https://github.com/NextWork123/BAALAM_android_kernel_xiaomi_sm8250
ffich/CHAOS,68,68,1.0,https://github.com/ffich/CHAOS
lorenzo-ferrari/olinfo,68,68,1.0,https://github.com/lorenzo-ferrari/olinfo
tidalwave-it/northernwind-src,68,68,1.0,https://github.com/tidalwave-it/northernwind-src
sighupio/fury-kubernetes-on-premises,66,68,0.9705882352941176,https://github.com/sighupio/fury-kubernetes-on-premises
ffromani/deployer,68,68,1.0,https://github.com/ffromani/deployer
lettre/lettre,64,68,0.9411764705882352,https://github.com/lettre/lettre
davidwickerhf/portfolio,68,68,1.0,https://github.com/davidwickerhf/portfolio
seeu-inspace/blockchain-portfolio,68,68,1.0,https://github.com/seeu-inspace/blockchain-portfolio
Endless-Development/HackControl,68,68,1.0,https://github.com/Endless-Development/HackControl
zainabnazari/ppmi,68,68,1.0,https://github.com/zainabnazari/ppmi
flavioafferreira/peripheral_uart_new,68,68,1.0,https://github.com/flavioafferreira/peripheral_uart_new
agtonybarletta/website,68,68,1.0,https://github.com/agtonybarletta/website
Elia-Renzoni/String_Matching_Optimization,68,68,1.0,https://github.com/Elia-Renzoni/String_Matching_Optimization
yukkop/vpn.dashboard,55,68,0.8088235294117647,https://github.com/yukkop/vpn.dashboard
JervNorsk/pcg-streaming-extension,66,68,0.9705882352941176,https://github.com/JervNorsk/pcg-streaming-extension
nlpodyssey/spago,68,68,1.0,https://github.com/nlpodyssey/spago
alfredocentinaro/esercizi-java,68,68,1.0,https://github.com/alfredocentinaro/esercizi-java
mgiugliano/PrinciplesCompNeurosciencesCourse,68,68,1.0,https://github.com/mgiugliano/PrinciplesCompNeurosciencesCourse
lioia/isw2_project,68,68,1.0,https://github.com/lioia/isw2_project
begonia-dev/android_device_redmi_begonia,68,68,1.0,https://github.com/begonia-dev/android_device_redmi_begonia
Herbrant/Tutorato-Sistemi-Operativi-2023,68,68,1.0,https://github.com/Herbrant/Tutorato-Sistemi-Operativi-2023
timendum/ttportal-react,60,68,0.8823529411764706,https://github.com/timendum/ttportal-react
pagopa/new-corporate-site-infrastructure,60,68,0.8823529411764706,https://github.com/pagopa/new-corporate-site-infrastructure
giulioturrisi/Flywheel-Pendulum-Robot,68,68,1.0,https://github.com/giulioturrisi/Flywheel-Pendulum-Robot
IZSAM-StatGIS/COVID19-Abruzzo,68,68,1.0,https://github.com/IZSAM-StatGIS/COVID19-Abruzzo
claravaggio/claradibella,68,68,1.0,https://github.com/claravaggio/claradibella
tsparticles/presets,62,68,0.9117647058823528,https://github.com/tsparticles/presets
jackdbd/webhooks,68,68,1.0,https://github.com/jackdbd/webhooks
misterdelle/aoc,68,68,1.0,https://github.com/misterdelle/aoc
alaindet/learn-react,68,68,1.0,https://github.com/alaindet/learn-react
remorses/akarso,68,68,1.0,https://github.com/remorses/akarso
msillano/tuyaDEAMON-applications,68,68,1.0,https://github.com/msillano/tuyaDEAMON-applications
LeonardoTrapani/MyDiary,68,68,1.0,https://github.com/LeonardoTrapani/MyDiary
tiraboschi/kubevirt,68,68,1.0,https://github.com/tiraboschi/kubevirt
R4yGM/ctf-notes,68,68,1.0,https://github.com/R4yGM/ctf-notes
morrys/relay-forms,63,68,0.9264705882352942,https://github.com/morrys/relay-forms
AlessioPani/go-booking,68,68,1.0,https://github.com/AlessioPani/go-booking
DEIB-GECO/VariantHunter,67,68,0.9852941176470588,https://github.com/DEIB-GECO/VariantHunter
rognoni/catlink,68,68,1.0,https://github.com/rognoni/catlink
dennisangemi/frictionless2md,68,68,1.0,https://github.com/dennisangemi/frictionless2md
spartacus04/Malario,68,68,1.0,https://github.com/spartacus04/Malario
c0c4i/treninoo-api,68,68,1.0,https://github.com/c0c4i/treninoo-api
bembus/events,68,68,1.0,https://github.com/bembus/events
mrFlick72/family-budget-website,68,68,1.0,https://github.com/mrFlick72/family-budget-website
matteo-manili/lunasapiens,63,68,0.9264705882352942,https://github.com/matteo-manili/lunasapiens
juripaiusco/food-surpluses-manager,68,68,1.0,https://github.com/juripaiusco/food-surpluses-manager
IAL32/airflow,59,68,0.8676470588235294,https://github.com/IAL32/airflow
edoardottt/scilla,67,68,0.9852941176470588,https://github.com/edoardottt/scilla
francescocorsello/node-module-exercises,68,68,1.0,https://github.com/francescocorsello/node-module-exercises
FrancescoGobbi/Didattica_GalileoGalilei_Ostiglia,68,68,1.0,https://github.com/FrancescoGobbi/Didattica_GalileoGalilei_Ostiglia
gabriel524/myFlix-Angular-client,68,68,1.0,https://github.com/gabriel524/myFlix-Angular-client
danielemalitesta/danielemalitesta.github.io,68,68,1.0,https://github.com/danielemalitesta/danielemalitesta.github.io
clastix/capsule-proxy,62,68,0.9117647058823528,https://github.com/clastix/capsule-proxy
JustWhit3/vcpkg,68,68,1.0,https://github.com/JustWhit3/vcpkg
simonexsala/gabbo_events,68,68,1.0,https://github.com/simonexsala/gabbo_events
vodkatad/AF_spectra,68,68,1.0,https://github.com/vodkatad/AF_spectra
ugurakcelik/UniversityManagement,68,68,1.0,https://github.com/ugurakcelik/UniversityManagement
gsscoder/sharpx,68,68,1.0,https://github.com/gsscoder/sharpx
volcanicminds/volcanic-database-typeorm,59,68,0.8676470588235294,https://github.com/volcanicminds/volcanic-database-typeorm
CarloCaldura/Develhope,68,68,1.0,https://github.com/CarloCaldura/Develhope
EMJzero/COaT_Project,67,67,1.0,https://github.com/EMJzero/COaT_Project
silicia-apps/sio,67,67,1.0,https://github.com/silicia-apps/sio
xxsimoxx/ClassicPress,64,67,0.9552238805970148,https://github.com/xxsimoxx/ClassicPress
AndreaPossidente/prestashop-nextjs13,67,67,1.0,https://github.com/AndreaPossidente/prestashop-nextjs13
fulcus/clustering-bandits,67,67,1.0,https://github.com/fulcus/clustering-bandits
filippob/peach_resequencing,64,67,0.9552238805970148,https://github.com/filippob/peach_resequencing
AntonioF00/University.MVC,67,67,1.0,https://github.com/AntonioF00/University.MVC
Smmehdihosseini/SICU,67,67,1.0,https://github.com/Smmehdihosseini/SICU
Andrea055/nodeMyAdmin,67,67,1.0,https://github.com/Andrea055/nodeMyAdmin
lucatacconi/crunz-ui,67,67,1.0,https://github.com/lucatacconi/crunz-ui
fversaci/cassandra-dali-plugin,67,67,1.0,https://github.com/fversaci/cassandra-dali-plugin
jonamarkin/blog_api,67,67,1.0,https://github.com/jonamarkin/blog_api
m1ch3al/flipper-zero-dev-tutorial,67,67,1.0,https://github.com/m1ch3al/flipper-zero-dev-tutorial
LNOpenMetrics/go-lnmetrics.reporter,67,67,1.0,https://github.com/LNOpenMetrics/go-lnmetrics.reporter
IntelligentSystemsLabUTV/dua-foundation,67,67,1.0,https://github.com/IntelligentSystemsLabUTV/dua-foundation
hamadodene/carapaceproxy,67,67,1.0,https://github.com/hamadodene/carapaceproxy
andrewise/first_streamlit_app,67,67,1.0,https://github.com/andrewise/first_streamlit_app
ZSirag/3CX-Excel,67,67,1.0,https://github.com/ZSirag/3CX-Excel
sentomarco/ChatGPT-Assistant,67,67,1.0,https://github.com/sentomarco/ChatGPT-Assistant
CiccioGallo13/ThesisProject,67,67,1.0,https://github.com/CiccioGallo13/ThesisProject
litebird/LiteBIRD-lensing,67,67,1.0,https://github.com/litebird/LiteBIRD-lensing
ilmanzo/os-autoinst,67,67,1.0,https://github.com/ilmanzo/os-autoinst
cosmos72/twin,67,67,1.0,https://github.com/cosmos72/twin
Roberto-Larivera/bool-bnb-backend,54,67,0.8059701492537313,https://github.com/Roberto-Larivera/bool-bnb-backend
nferruzzi/winchLaunchHelper,67,67,1.0,https://github.com/nferruzzi/winchLaunchHelper
ZiClaud/Iremi-Breathing-App,67,67,1.0,https://github.com/ZiClaud/Iremi-Breathing-App
davidheilbron/Projects,67,67,1.0,https://github.com/davidheilbron/Projects
MarioAvolio/Amazon-Fine-Foods-reviews-Transformers-Text-Classification,67,67,1.0,https://github.com/MarioAvolio/Amazon-Fine-Foods-reviews-Transformers-Text-Classification
rigazilla/gingersnap-api,67,67,1.0,https://github.com/rigazilla/gingersnap-api
lspestrip/Stripeline.jl,60,67,0.8955223880597015,https://github.com/lspestrip/Stripeline.jl
byCoode/openly-identity,55,67,0.8208955223880597,https://github.com/byCoode/openly-identity
albicallegari/react-portfolio,67,67,1.0,https://github.com/albicallegari/react-portfolio
Fleny113/discordeno,66,67,0.9850746268656716,https://github.com/Fleny113/discordeno
samdze/playdate-nim,67,67,1.0,https://github.com/samdze/playdate-nim
gi0baro/poetry-bin,67,67,1.0,https://github.com/gi0baro/poetry-bin
MauroQuaglia/ruby-rookie,67,67,1.0,https://github.com/MauroQuaglia/ruby-rookie
Tiledesk/tiledesk-whatsapp-connector,67,67,1.0,https://github.com/Tiledesk/tiledesk-whatsapp-connector
davidesalerno/kie-cloud-operator,67,67,1.0,https://github.com/davidesalerno/kie-cloud-operator
FilippoMutta/microd,67,67,1.0,https://github.com/FilippoMutta/microd
totarochristian/vue-boolzapp,67,67,1.0,https://github.com/totarochristian/vue-boolzapp
veeso/suppaftp,67,67,1.0,https://github.com/veeso/suppaftp
bladerun16/Informatics-Stats-and-Maths,67,67,1.0,https://github.com/bladerun16/Informatics-Stats-and-Maths
enzo2605/Peer-Methods,67,67,1.0,https://github.com/enzo2605/Peer-Methods
martapanc/strapi,67,67,1.0,https://github.com/martapanc/strapi
mdhasantaraque/task_management-client,65,67,0.9701492537313432,https://github.com/mdhasantaraque/task_management-client
roncapat/rosbag2,66,67,0.9850746268656716,https://github.com/roncapat/rosbag2
EthereansOS/Covenants-Core,58,67,0.8656716417910447,https://github.com/EthereansOS/Covenants-Core
andreabergia/rjvm,67,67,1.0,https://github.com/andreabergia/rjvm
extreemedev/Biotech,67,67,1.0,https://github.com/extreemedev/Biotech
LorenzoBianconi/ovn-heater,67,67,1.0,https://github.com/LorenzoBianconi/ovn-heater
openlgtv/buildroot-nc4,56,67,0.835820895522388,https://github.com/openlgtv/buildroot-nc4
morellam/legend-data-monitor,58,67,0.8656716417910447,https://github.com/morellam/legend-data-monitor
zoonru/psalm,67,67,1.0,https://github.com/zoonru/psalm
sbaldu/Neural_network_tracking,67,67,1.0,https://github.com/sbaldu/Neural_network_tracking
wouldgo/dots,67,67,1.0,https://github.com/wouldgo/dots
cyrusbehr/YOLOv8-TensorRT-CPP,65,67,0.9701492537313432,https://github.com/cyrusbehr/YOLOv8-TensorRT-CPP
cdigruttola/paypaltracking,67,67,1.0,https://github.com/cdigruttola/paypaltracking
fredd8y/TransmissionRemote,67,67,1.0,https://github.com/fredd8y/TransmissionRemote
nebuly-ai/k8s-device-plugin,65,67,0.9701492537313432,https://github.com/nebuly-ai/k8s-device-plugin
Engrima18/Fall_or_not_to_fall,63,67,0.9402985074626866,https://github.com/Engrima18/Fall_or_not_to_fall
ChristianIannella/LampApp,67,67,1.0,https://github.com/ChristianIannella/LampApp
kevinm6/zshShell,66,66,1.0,https://github.com/kevinm6/zshShell
Totto16/video-language-detection,66,66,1.0,https://github.com/Totto16/video-language-detection
Batman110391/cine-match,66,66,1.0,https://github.com/Batman110391/cine-match
liuk7071/ChonkyStation,66,66,1.0,https://github.com/liuk7071/ChonkyStation
lferra/fuzzy-potato,66,66,1.0,https://github.com/lferra/fuzzy-potato
SaverioNapolitano/database-sql,66,66,1.0,https://github.com/SaverioNapolitano/database-sql
Allan-Nava/Docker-FFmpeg,61,66,0.9242424242424242,https://github.com/Allan-Nava/Docker-FFmpeg
abbruzze/kernal64,66,66,1.0,https://github.com/abbruzze/kernal64
den1aka1aki/react_ecom,66,66,1.0,https://github.com/den1aka1aki/react_ecom
deexno/checkmk-telegram-plus,66,66,1.0,https://github.com/deexno/checkmk-telegram-plus
TendTo/Tutorato-Ingegneria-del-Software,66,66,1.0,https://github.com/TendTo/Tutorato-Ingegneria-del-Software
bloxster/otter,66,66,1.0,https://github.com/bloxster/otter
remorses/genql,66,66,1.0,https://github.com/remorses/genql
carnivuth/carnivuth,66,66,1.0,https://github.com/carnivuth/carnivuth
dmezzogori/simulatte,66,66,1.0,https://github.com/dmezzogori/simulatte
platformatic/schemas,65,66,0.9848484848484848,https://github.com/platformatic/schemas
dim-stream-deck/com.dim.streamdeck,66,66,1.0,https://github.com/dim-stream-deck/com.dim.streamdeck
Retr0100/VirgilAPI,66,66,1.0,https://github.com/Retr0100/VirgilAPI
andreadeluna/ProgettoADCC,63,66,0.9545454545454546,https://github.com/andreadeluna/ProgettoADCC
marco-hacs/homeassistant-climate,63,66,0.9545454545454546,https://github.com/marco-hacs/homeassistant-climate
FedeDP/dbg-go,66,66,1.0,https://github.com/FedeDP/dbg-go
RoccoDev/bdat-rs,66,66,1.0,https://github.com/RoccoDev/bdat-rs
lampajr/backporting-example,66,66,1.0,https://github.com/lampajr/backporting-example
andreatitolo/11ty_blog,66,66,1.0,https://github.com/andreatitolo/11ty_blog
blanquicet/inspektor-gadget,66,66,1.0,https://github.com/blanquicet/inspektor-gadget
JustJ3di/algoritmi,66,66,1.0,https://github.com/JustJ3di/algoritmi
ffxivita/Siren,54,66,0.8181818181818182,https://github.com/ffxivita/Siren
DRincs-Productions/daz-assert-character-ABFD2,66,66,1.0,https://github.com/DRincs-Productions/daz-assert-character-ABFD2
Cioscos/easy-graphic-equalizer,66,66,1.0,https://github.com/Cioscos/easy-graphic-equalizer
ricbuz94/ricbuz94.github.io,66,66,1.0,https://github.com/ricbuz94/ricbuz94.github.io
MatteoRicchiuto/Calcolatori,66,66,1.0,https://github.com/MatteoRicchiuto/Calcolatori
cristianogregnanin/language_C_exercises,66,66,1.0,https://github.com/cristianogregnanin/language_C_exercises
alexmontagna/sapiensyoga,66,66,1.0,https://github.com/alexmontagna/sapiensyoga
stefanobartoletti/bricks,55,66,0.8333333333333334,https://github.com/stefanobartoletti/bricks
gmeghnag/omc,55,66,0.8333333333333334,https://github.com/gmeghnag/omc
MarkGotLasagna/FlexBOT,66,66,1.0,https://github.com/MarkGotLasagna/FlexBOT
RCasatta/fbbe,66,66,1.0,https://github.com/RCasatta/fbbe
saranderlini/code_proj,66,66,1.0,https://github.com/saranderlini/code_proj
henryx/vault-java-driver,66,66,1.0,https://github.com/henryx/vault-java-driver
Analyzings/Analyzings,66,66,1.0,https://github.com/Analyzings/Analyzings
maidacundo/fire-segmentation-deep-learning,66,66,1.0,https://github.com/maidacundo/fire-segmentation-deep-learning
giacomotrinca/random_laser,66,66,1.0,https://github.com/giacomotrinca/random_laser
OrangoMango/Chess,66,66,1.0,https://github.com/OrangoMango/Chess
Bildcraft1/DragonCore,66,66,1.0,https://github.com/Bildcraft1/DragonCore
italia/api-padigitale2026-misura1.3.1-uni-afam,55,66,0.8333333333333334,https://github.com/italia/api-padigitale2026-misura1.3.1-uni-afam
ndenicolais/ndenicolais.github.io,66,66,1.0,https://github.com/ndenicolais/ndenicolais.github.io
gcala/GestioneCompetenzeMedici,66,66,1.0,https://github.com/gcala/GestioneCompetenzeMedici
phonkriminal/EscapeRoomProject,55,66,0.8333333333333334,https://github.com/phonkriminal/EscapeRoomProject
Ranmanuyan/lei_liu.github.io,66,66,1.0,https://github.com/Ranmanuyan/lei_liu.github.io
Felappi-srl/docker-odoo11,66,66,1.0,https://github.com/Felappi-srl/docker-odoo11
carlosrisma/doctutorial,66,66,1.0,https://github.com/carlosrisma/doctutorial
bamless/jstar,66,66,1.0,https://github.com/bamless/jstar
Elia-Renzoni/Theory_of_Numbers_Algorithms,66,66,1.0,https://github.com/Elia-Renzoni/Theory_of_Numbers_Algorithms
FedericoBruzzone/caml-writer,66,66,1.0,https://github.com/FedericoBruzzone/caml-writer
GarauGarau/mysite,66,66,1.0,https://github.com/GarauGarau/mysite
FedeIlLeone/replugged,65,66,0.9848484848484848,https://github.com/FedeIlLeone/replugged
matteo65/mzHash32,66,66,1.0,https://github.com/matteo65/mzHash32
fabiovinotti/ATFoundation,66,66,1.0,https://github.com/fabiovinotti/ATFoundation
Taverius/nvim-dotfiles,66,66,1.0,https://github.com/Taverius/nvim-dotfiles
gi-ga-dev/Capstone-Project--Digital-Marketplace-FE,66,66,1.0,https://github.com/gi-ga-dev/Capstone-Project--Digital-Marketplace-FE
ccaudek/cfa_book_2023,66,66,1.0,https://github.com/ccaudek/cfa_book_2023
GasGooo/GasGooo,66,66,1.0,https://github.com/GasGooo/GasGooo
rokokos97/react-redux-app,66,66,1.0,https://github.com/rokokos97/react-redux-app
ostafen/smart,62,66,0.9393939393939394,https://github.com/ostafen/smart
giorgiobasile/prefect-planetary-computer,62,66,0.9393939393939394,https://github.com/giorgiobasile/prefect-planetary-computer
luminos-company/secretary,64,66,0.9696969696969696,https://github.com/luminos-company/secretary
CristianCosci/GMRES_python,66,66,1.0,https://github.com/CristianCosci/GMRES_python
flgisimone/esercitazioni-CB5,66,66,1.0,https://github.com/flgisimone/esercitazioni-CB5
crystalct/5plusbuttonsJoystick,66,66,1.0,https://github.com/crystalct/5plusbuttonsJoystick
MicheleBiena/leaderboard-dt,66,66,1.0,https://github.com/MicheleBiena/leaderboard-dt
JCGrnm/dh-react,66,66,1.0,https://github.com/JCGrnm/dh-react
DavideViolante/pr-reviews-reminder-action,58,66,0.8787878787878788,https://github.com/DavideViolante/pr-reviews-reminder-action
datocms/translations,59,66,0.8939393939393939,https://github.com/datocms/translations
unibz-core/OntCatOWL-Tester,65,66,0.9848484848484848,https://github.com/unibz-core/OntCatOWL-Tester
ManueldG/gestlar,66,66,1.0,https://github.com/ManueldG/gestlar
GabrieleSantin/GabrieleSantin.github.io,66,66,1.0,https://github.com/GabrieleSantin/GabrieleSantin.github.io
lampajr/kogito-pipelines,66,66,1.0,https://github.com/lampajr/kogito-pipelines
amereghe/optics,66,66,1.0,https://github.com/amereghe/optics
AleCandido/partons,59,66,0.8939393939393939,https://github.com/AleCandido/partons
cloud-walker/workbench,66,66,1.0,https://github.com/cloud-walker/workbench
sungvzer/chippy,66,66,1.0,https://github.com/sungvzer/chippy
lorenzofelletti/EdgeCloudApproximate,65,65,1.0,https://github.com/lorenzofelletti/EdgeCloudApproximate
konio-io/konio-mobile,65,65,1.0,https://github.com/konio-io/konio-mobile
MatteoIorio11/Sdrogo,65,65,1.0,https://github.com/MatteoIorio11/Sdrogo
fedPa1/Optimization-Algorithms,65,65,1.0,https://github.com/fedPa1/Optimization-Algorithms
zAlweNy26/ccat-core,65,65,1.0,https://github.com/zAlweNy26/ccat-core
manuelnaldi/biblioteca-castenaso,65,65,1.0,https://github.com/manuelnaldi/biblioteca-castenaso
giacbrd/SmartPipeline,65,65,1.0,https://github.com/giacbrd/SmartPipeline
NicoNex/ctau,65,65,1.0,https://github.com/NicoNex/ctau
masayume/DigitalGarden,65,65,1.0,https://github.com/masayume/DigitalGarden
0Rogi/RogiBot,65,65,1.0,https://github.com/0Rogi/RogiBot
giuliowaitforitdavide/fastify,63,65,0.9692307692307692,https://github.com/giuliowaitforitdavide/fastify
Intersmash/intersmash,53,65,0.8153846153846154,https://github.com/Intersmash/intersmash
diecorra/pizza-finder,65,65,1.0,https://github.com/diecorra/pizza-finder
SimoneN64/Gadolinium,65,65,1.0,https://github.com/SimoneN64/Gadolinium
italia/design-scuole-docs,63,65,0.9692307692307692,https://github.com/italia/design-scuole-docs
kanopo/sf-github-aws-cloudformation-dashboard,65,65,1.0,https://github.com/kanopo/sf-github-aws-cloudformation-dashboard
Vincenz8/UniUpo-Programmazione-1-,65,65,1.0,https://github.com/Vincenz8/UniUpo-Programmazione-1-
Salv997/salv997.github.io,65,65,1.0,https://github.com/Salv997/salv997.github.io
albarbaro/infra-deployments,63,65,0.9692307692307692,https://github.com/albarbaro/infra-deployments
del-2023-unirsm/three-sessions-2023-senigallia,65,65,1.0,https://github.com/del-2023-unirsm/three-sessions-2023-senigallia
serenini/dadosbolao,65,65,1.0,https://github.com/serenini/dadosbolao
savranciati/pdglasso,65,65,1.0,https://github.com/savranciati/pdglasso
MocioF/gentoo,65,65,1.0,https://github.com/MocioF/gentoo
demichie/createWebform,65,65,1.0,https://github.com/demichie/createWebform
descostesn/ChIPSeqProcessing,65,65,1.0,https://github.com/descostesn/ChIPSeqProcessing
Jad-Selman/ephys-deepinterpolation,65,65,1.0,https://github.com/Jad-Selman/ephys-deepinterpolation
ugoviti/izpbx,65,65,1.0,https://github.com/ugoviti/izpbx
IncioMan/football_data_analysis,65,65,1.0,https://github.com/IncioMan/football_data_analysis
jacopotediosi/GoogleDialerMod,65,65,1.0,https://github.com/jacopotediosi/GoogleDialerMod
spaghetticode/action-dependabot-auto-merge,65,65,1.0,https://github.com/spaghetticode/action-dependabot-auto-merge
VictoR-11011994/My-Development-Resources,65,65,1.0,https://github.com/VictoR-11011994/My-Development-Resources
StephenBuley/AoC2022,65,65,1.0,https://github.com/StephenBuley/AoC2022
olmokit/olmokit,54,65,0.8307692307692308,https://github.com/olmokit/olmokit
robyquin/jabref,64,65,0.9846153846153848,https://github.com/robyquin/jabref
arkemishub/arke-server,59,65,0.9076923076923076,https://github.com/arkemishub/arke-server
mcc-macca/ititv,65,65,1.0,https://github.com/mcc-macca/ititv
mastro35/emacsworld,65,65,1.0,https://github.com/mastro35/emacsworld
shyam671/Mask2Anomaly-Unmasking-Anomalies-in-Road-Scene-Segmentation,65,65,1.0,https://github.com/shyam671/Mask2Anomaly-Unmasking-Anomalies-in-Road-Scene-Segmentation
cmaritan/osv-scanner,61,65,0.9384615384615383,https://github.com/cmaritan/osv-scanner
perillo/ziglings,61,65,0.9384615384615383,https://github.com/perillo/ziglings
aiperf/aiperf2023,65,65,1.0,https://github.com/aiperf/aiperf2023
Money-Goals-SRL/money-manager,65,65,1.0,https://github.com/Money-Goals-SRL/money-manager
shoooe/derive,65,65,1.0,https://github.com/shoooe/derive
robertosolari/Quantum-Computing-Resources,65,65,1.0,https://github.com/robertosolari/Quantum-Computing-Resources
GianRomani/Notes,65,65,1.0,https://github.com/GianRomani/Notes
Isaacmaffo96/Laboratory_of_competitive_programming2023,65,65,1.0,https://github.com/Isaacmaffo96/Laboratory_of_competitive_programming2023
Frenzarectah/Frenz,65,65,1.0,https://github.com/Frenzarectah/Frenz
BaldPolnareff/Master_degree_Thesis,65,65,1.0,https://github.com/BaldPolnareff/Master_degree_Thesis
valerio-vaccaro/satoshispritz.it,65,65,1.0,https://github.com/valerio-vaccaro/satoshispritz.it
chialab/bedita-frontend-kit,64,65,0.9846153846153848,https://github.com/chialab/bedita-frontend-kit
marcomb/marcomb.github.io,65,65,1.0,https://github.com/marcomb/marcomb.github.io
jsoldani/jsoldani.github.io,65,65,1.0,https://github.com/jsoldani/jsoldani.github.io
devel0/netcore-opengl,65,65,1.0,https://github.com/devel0/netcore-opengl
lrossi93/sangue,65,65,1.0,https://github.com/lrossi93/sangue
italiancpp/home,60,65,0.9230769230769232,https://github.com/italiancpp/home
damiacer/analysis,65,65,1.0,https://github.com/damiacer/analysis
TimisRobert/aws-cqrs,65,65,1.0,https://github.com/TimisRobert/aws-cqrs
Martos/CampaignEnhanced-COD5,65,65,1.0,https://github.com/Martos/CampaignEnhanced-COD5
yukkop/pih-pah,65,65,1.0,https://github.com/yukkop/pih-pah
AlSaqr-platform/cva6,51,65,0.7846153846153846,https://github.com/AlSaqr-platform/cva6
noranta4/my_site,65,65,1.0,https://github.com/noranta4/my_site
jimipulsar/livewire-ecommerce,65,65,1.0,https://github.com/jimipulsar/livewire-ecommerce
Auties00/auties00.github.io,65,65,1.0,https://github.com/Auties00/auties00.github.io
sasadangelo/html-hero,65,65,1.0,https://github.com/sasadangelo/html-hero
gioboa/qwik-dream-demo,62,65,0.953846153846154,https://github.com/gioboa/qwik-dream-demo
R3DRUN3/github-content-sync,62,65,0.953846153846154,https://github.com/R3DRUN3/github-content-sync
FrancescoPenengo/fairProject,50,64,0.78125,https://github.com/FrancescoPenengo/fairProject
GiadaPa/DODM-Final-Project,63,64,0.984375,https://github.com/GiadaPa/DODM-Final-Project
Matteo0099/Cisco-Training-Answer,53,64,0.828125,https://github.com/Matteo0099/Cisco-Training-Answer
tommasobattisti/TheSpaghettiJunction,57,64,0.890625,https://github.com/tommasobattisti/TheSpaghettiJunction
divas-pant/repo-test2,57,64,0.890625,https://github.com/divas-pant/repo-test2
maicol07/photogram,63,64,0.984375,https://github.com/maicol07/photogram
universalbit-dev/universalbit.github.io,64,64,1.0,https://github.com/universalbit-dev/universalbit.github.io
datascienceBocconi/datascienceBocconi.github.io,63,64,0.984375,https://github.com/datascienceBocconi/datascienceBocconi.github.io
KevinBatdorf/block-diffusion,64,64,1.0,https://github.com/KevinBatdorf/block-diffusion
commercelayer/demo-store-core,60,64,0.9375,https://github.com/commercelayer/demo-store-core
lorenzofero/revm,62,64,0.96875,https://github.com/lorenzofero/revm
italia/publiccode-crawler,62,64,0.96875,https://github.com/italia/publiccode-crawler
brucellino/ansible-role-base-platform-pi,55,64,0.859375,https://github.com/brucellino/ansible-role-base-platform-pi
sissaschool/xmlschema,64,64,1.0,https://github.com/sissaschool/xmlschema
Fedes365/List-Formatting,58,64,0.90625,https://github.com/Fedes365/List-Formatting
NNPDF/pineline,54,64,0.84375,https://github.com/NNPDF/pineline
gragusa/econometria,64,64,1.0,https://github.com/gragusa/econometria
Steffo99/bluelib,64,64,1.0,https://github.com/Steffo99/bluelib
peppe-99/CentralityMeasures-with-GPU,64,64,1.0,https://github.com/peppe-99/CentralityMeasures-with-GPU
sissi89/PortalAngular,64,64,1.0,https://github.com/sissi89/PortalAngular
kriasoft/react-starter-kit,64,64,1.0,https://github.com/kriasoft/react-starter-kit
DennysDionigi/Fireworks-with-particles-and-a-touch-of-gold,64,64,1.0,https://github.com/DennysDionigi/Fireworks-with-particles-and-a-touch-of-gold
andfasano/release,64,64,1.0,https://github.com/andfasano/release
kanopo/hello_express,64,64,1.0,https://github.com/kanopo/hello_express
avuenja/dotfiles,64,64,1.0,https://github.com/avuenja/dotfiles
bovirus/bleachbit,64,64,1.0,https://github.com/bovirus/bleachbit
ami-iit/jaxsim,64,64,1.0,https://github.com/ami-iit/jaxsim
jjak0b/ansible_farm,64,64,1.0,https://github.com/jjak0b/ansible_farm
dcoluccia/dcoluccia.github.io,64,64,1.0,https://github.com/dcoluccia/dcoluccia.github.io
armadio2902/To-Do,64,64,1.0,https://github.com/armadio2902/To-Do
logansbacca/Go-Algorithms,64,64,1.0,https://github.com/logansbacca/Go-Algorithms
emmett-framework/emmett,64,64,1.0,https://github.com/emmett-framework/emmett
AllenNeuralDynamics/ephys-compression,64,64,1.0,https://github.com/AllenNeuralDynamics/ephys-compression
umberto-fontanazza/onpress,64,64,1.0,https://github.com/umberto-fontanazza/onpress
PashaIanko/Kaggle.CrowdCounting,64,64,1.0,https://github.com/PashaIanko/Kaggle.CrowdCounting
jermp/sshash,64,64,1.0,https://github.com/jermp/sshash
AndrewDarnall/Tecnologie-per-i-sistemi-distribuiti-e-il-web,64,64,1.0,https://github.com/AndrewDarnall/Tecnologie-per-i-sistemi-distribuiti-e-il-web
NidasioAlberto/signal-generator,64,64,1.0,https://github.com/NidasioAlberto/signal-generator
logo94/Gesnet,64,64,1.0,https://github.com/logo94/Gesnet
caiosweet/Package-Notification-HUB-AppDaemon,64,64,1.0,https://github.com/caiosweet/Package-Notification-HUB-AppDaemon
AlexThirty/BootSTOP_CFT,64,64,1.0,https://github.com/AlexThirty/BootSTOP_CFT
FedeIlLeone/ReadAllButton,64,64,1.0,https://github.com/FedeIlLeone/ReadAllButton
Camilla-Scarton/Esercizi-Develhope,64,64,1.0,https://github.com/Camilla-Scarton/Esercizi-Develhope
fabrizio-ottati/awesome-neuromorphic-hw,64,64,1.0,https://github.com/fabrizio-ottati/awesome-neuromorphic-hw
aleattene/asd-management-webapp-responsive-frontend,64,64,1.0,https://github.com/aleattene/asd-management-webapp-responsive-frontend
VolxDarkTV/volxdarktv,64,64,1.0,https://github.com/VolxDarkTV/volxdarktv
redtide/sfizz-ui,64,64,1.0,https://github.com/redtide/sfizz-ui
Kuldyaev/example-app,64,64,1.0,https://github.com/Kuldyaev/example-app
AlexiaMilanesio/MyPortfolio,64,64,1.0,https://github.com/AlexiaMilanesio/MyPortfolio
ilsasdo/elm-cavevscave,64,64,1.0,https://github.com/ilsasdo/elm-cavevscave
mfussi66/icub-firmware-models,64,64,1.0,https://github.com/mfussi66/icub-firmware-models
Reknan-dev/Counter,64,64,1.0,https://github.com/Reknan-dev/Counter
yannickBona/chatly,64,64,1.0,https://github.com/yannickBona/chatly
ValentinoUberti/mass-quay-configurator,64,64,1.0,https://github.com/ValentinoUberti/mass-quay-configurator
chrfum/AOC2022,64,64,1.0,https://github.com/chrfum/AOC2022
alessandropanzieri/GarbatellaStylishLiving.com,64,64,1.0,https://github.com/alessandropanzieri/GarbatellaStylishLiving.com
robalexlimas/scalable_injector,64,64,1.0,https://github.com/robalexlimas/scalable_injector
LukeSavefrogs/setup-jython,64,64,1.0,https://github.com/LukeSavefrogs/setup-jython
EmanuelSoda/rnaseq,64,64,1.0,https://github.com/EmanuelSoda/rnaseq
kennethrrosen/journoSEC,64,64,1.0,https://github.com/kennethrrosen/journoSEC
NimbleSolutionsITA/INAN-nextjs,64,64,1.0,https://github.com/NimbleSolutionsITA/INAN-nextjs
Tarall0/javaUniversity,64,64,1.0,https://github.com/Tarall0/javaUniversity
gab-3d/Gab3d-Klipper-Utilities,64,64,1.0,https://github.com/gab-3d/Gab3d-Klipper-Utilities
riacob/TFTFXLib,64,64,1.0,https://github.com/riacob/TFTFXLib
ZioPao/The-Only-Cure,64,64,1.0,https://github.com/ZioPao/The-Only-Cure
locriandev/doozer,64,64,1.0,https://github.com/locriandev/doozer
pesa1234/openwrt,63,63,1.0,https://github.com/pesa1234/openwrt
Roberto-Larivera/proj-html-vuejs,63,63,1.0,https://github.com/Roberto-Larivera/proj-html-vuejs
Marco-Sulla/python-frozendict,63,63,1.0,https://github.com/Marco-Sulla/python-frozendict
STB1019/protocols,54,63,0.8571428571428571,https://github.com/STB1019/protocols
fenix-hub/fenix-hub.github.io,63,63,1.0,https://github.com/fenix-hub/fenix-hub.github.io
amereghe/MatLabTools,63,63,1.0,https://github.com/amereghe/MatLabTools
Bay62/SCPSL-Translations,62,63,0.984126984126984,https://github.com/Bay62/SCPSL-Translations
dj-stuff/dj-stuff.github.io,63,63,1.0,https://github.com/dj-stuff/dj-stuff.github.io
gtolomei/systems-and-networking,63,63,1.0,https://github.com/gtolomei/systems-and-networking
profmancusoa/MISC,63,63,1.0,https://github.com/profmancusoa/MISC
Her0-GitHub/website,63,63,1.0,https://github.com/Her0-GitHub/website
ontech7/fastmemo,63,63,1.0,https://github.com/ontech7/fastmemo
GioMaz/programmazione-1,63,63,1.0,https://github.com/GioMaz/programmazione-1
Youssef535/Crypto-Cap,63,63,1.0,https://github.com/Youssef535/Crypto-Cap
Prisoner-s-Dilemma/Open_Access_-_Ethics,63,63,1.0,https://github.com/Prisoner-s-Dilemma/Open_Access_-_Ethics
Waterlilyrr/Waterlilyrr,63,63,1.0,https://github.com/Waterlilyrr/Waterlilyrr
nextcloud/notes-ios,61,63,0.9682539682539684,https://github.com/nextcloud/notes-ios
searq/searq.org,63,63,1.0,https://github.com/searq/searq.org
steveazzolin/hmd,63,63,1.0,https://github.com/steveazzolin/hmd
getapper/generator-g-next,48,63,0.7619047619047619,https://github.com/getapper/generator-g-next
giuseppeboezio/ChocoKt,63,63,1.0,https://github.com/giuseppeboezio/ChocoKt
paolaguarasci/winted-ms-be,63,63,1.0,https://github.com/paolaguarasci/winted-ms-be
And3e/students-hub,54,63,0.8571428571428571,https://github.com/And3e/students-hub
RiccardoOmiccioli/bike-copilot,63,63,1.0,https://github.com/RiccardoOmiccioli/bike-copilot
pbogre/dotfiles,63,63,1.0,https://github.com/pbogre/dotfiles
BUYRAK/CS-polito-solutions-with-me,63,63,1.0,https://github.com/BUYRAK/CS-polito-solutions-with-me
davnig/boolean-retrieval-system,63,63,1.0,https://github.com/davnig/boolean-retrieval-system
WilliamBonvini/williambonvini.github.io,63,63,1.0,https://github.com/WilliamBonvini/williambonvini.github.io
pieroproietti/penguins-eggs-arch,63,63,1.0,https://github.com/pieroproietti/penguins-eggs-arch
plushdohn/tailprops,61,63,0.9682539682539684,https://github.com/plushdohn/tailprops
locriandev/art-tools,63,63,1.0,https://github.com/locriandev/art-tools
mignaway/portfolio,63,63,1.0,https://github.com/mignaway/portfolio
TendTo/Tutorato-Reti-di-Calcolatori,63,63,1.0,https://github.com/TendTo/Tutorato-Reti-di-Calcolatori
salvan13/advent-of-code,63,63,1.0,https://github.com/salvan13/advent-of-code
arl/statsviz,63,63,1.0,https://github.com/arl/statsviz
NicolaDerocchi22/PersonalWebsite,63,63,1.0,https://github.com/NicolaDerocchi22/PersonalWebsite
odakan/OpenSees,63,63,1.0,https://github.com/odakan/OpenSees
marcomarchionni/meet,63,63,1.0,https://github.com/marcomarchionni/meet
devpelux/armaps,63,63,1.0,https://github.com/devpelux/armaps
giacomocavalieri/glam,63,63,1.0,https://github.com/giacomocavalieri/glam
mmoio/pagopa-checkout-fe,63,63,1.0,https://github.com/mmoio/pagopa-checkout-fe
Andrea3195/fs0722b-Andrea-Di-Santo,63,63,1.0,https://github.com/Andrea3195/fs0722b-Andrea-Di-Santo
italiangrid/storm-webdav,59,63,0.9365079365079364,https://github.com/italiangrid/storm-webdav
bonom/Sentiment-Analysis,63,63,1.0,https://github.com/bonom/Sentiment-Analysis
brey/pyPoseidon-dev,55,63,0.873015873015873,https://github.com/brey/pyPoseidon-dev
Zircon-Finance/zircon-sdk,55,63,0.873015873015873,https://github.com/Zircon-Finance/zircon-sdk
Sneha-Mittal88293/ALPHAIT,63,63,1.0,https://github.com/Sneha-Mittal88293/ALPHAIT
puntoclassic/menu-frontend-react,63,63,1.0,https://github.com/puntoclassic/menu-frontend-react
pierpaolodimarzo/ThinkPad-T480,63,63,1.0,https://github.com/pierpaolodimarzo/ThinkPad-T480
CescaNeri/cloud-epm-thesis,63,63,1.0,https://github.com/CescaNeri/cloud-epm-thesis
Giuseppe5000/dotfiles,63,63,1.0,https://github.com/Giuseppe5000/dotfiles
simonlucapisano/simonlucapisano.github.io,63,63,1.0,https://github.com/simonlucapisano/simonlucapisano.github.io
codacy-docs/sandbox,53,63,0.8412698412698413,https://github.com/codacy-docs/sandbox
Manu098vm/SysBot.NET,63,63,1.0,https://github.com/Manu098vm/SysBot.NET
MatteoLanci/personalDashboard-be,63,63,1.0,https://github.com/MatteoLanci/personalDashboard-be
merendamattia/SO,63,63,1.0,https://github.com/merendamattia/SO
daniele-athome/airborne,63,63,1.0,https://github.com/daniele-athome/airborne
ABC-Strategie-GitHub/extra_l10n-italy,63,63,1.0,https://github.com/ABC-Strategie-GitHub/extra_l10n-italy
BudgetControl/Services,58,63,0.9206349206349206,https://github.com/BudgetControl/Services
MicheleDusi/SupervisedBiasDetection,63,63,1.0,https://github.com/MicheleDusi/SupervisedBiasDetection
theMiddleBlue/coreruleset,59,63,0.9365079365079364,https://github.com/theMiddleBlue/coreruleset
samdsk/lab-lp,63,63,1.0,https://github.com/samdsk/lab-lp
matteospanio/sniper-go,63,63,1.0,https://github.com/matteospanio/sniper-go
SpreestDev/JsonFile,63,63,1.0,https://github.com/SpreestDev/JsonFile
TheJolly01/App-Ice--A-Cool-Company,57,63,0.9047619047619048,https://github.com/TheJolly01/App-Ice--A-Cool-Company
sramazzina/hop,52,63,0.8253968253968254,https://github.com/sramazzina/hop
arp-wtm/slider_for_flutter_dartpad_workshop,63,63,1.0,https://github.com/arp-wtm/slider_for_flutter_dartpad_workshop
alessandro-sherhey/password-generator,51,63,0.8095238095238095,https://github.com/alessandro-sherhey/password-generator
fabiobedeschi/dotzsh,63,63,1.0,https://github.com/fabiobedeschi/dotzsh
rcarvello/webmvcframework,63,63,1.0,https://github.com/rcarvello/webmvcframework
Sarcares/HomeAssistantComponents,63,63,1.0,https://github.com/Sarcares/HomeAssistantComponents
michaelbarczay/michaelbarczay.github.io,63,63,1.0,https://github.com/michaelbarczay/michaelbarczay.github.io
Noovolari/leapp-website,51,62,0.8225806451612904,https://github.com/Noovolari/leapp-website
mariocuomo/mariocuomo.github.io,62,62,1.0,https://github.com/mariocuomo/mariocuomo.github.io
egalli64/corso-cpp,62,62,1.0,https://github.com/egalli64/corso-cpp
enzofrancescaHM/RoomXRNative,62,62,1.0,https://github.com/enzofrancescaHM/RoomXRNative
EndBug/discuss-on-discord,54,62,0.8709677419354839,https://github.com/EndBug/discuss-on-discord
sisinflab/Graph-Characteristics,55,62,0.8870967741935484,https://github.com/sisinflab/Graph-Characteristics
Samplasion/reaxios,62,62,1.0,https://github.com/Samplasion/reaxios
samsung-sm6150-oss/android_device_samsung_sm6150-common,62,62,1.0,https://github.com/samsung-sm6150-oss/android_device_samsung_sm6150-common
antoniogrv/mlops-patient-digital-twin,61,62,0.9838709677419356,https://github.com/antoniogrv/mlops-patient-digital-twin
AndreaCacioli/ProgettoIALab2023,62,62,1.0,https://github.com/AndreaCacioli/ProgettoIALab2023
AidaDSP/Automated-GuitarAmpModelling,54,62,0.8709677419354839,https://github.com/AidaDSP/Automated-GuitarAmpModelling
squidlab-it/nova-vue3-helper,54,62,0.8709677419354839,https://github.com/squidlab-it/nova-vue3-helper
moonyc/sql-react-e-commerce,62,62,1.0,https://github.com/moonyc/sql-react-e-commerce
LidiaKovac/supernatural-api,62,62,1.0,https://github.com/LidiaKovac/supernatural-api
emidiomorgia/dotnetcore-ddd-microservices,62,62,1.0,https://github.com/emidiomorgia/dotnetcore-ddd-microservices
streambinder/clavis,62,62,1.0,https://github.com/streambinder/clavis
andrea-nuzzo/template-open-pro,48,62,0.7741935483870968,https://github.com/andrea-nuzzo/template-open-pro
mgallo/openai.ex,62,62,1.0,https://github.com/mgallo/openai.ex
archspec/archspec,60,62,0.967741935483871,https://github.com/archspec/archspec
kennethrrosen/journoQUBES,62,62,1.0,https://github.com/kennethrrosen/journoQUBES
pagopa/mil-common,62,62,1.0,https://github.com/pagopa/mil-common
paoli7612/Ares,62,62,1.0,https://github.com/paoli7612/Ares
alaimos/mithril,62,62,1.0,https://github.com/alaimos/mithril
Russlewisbo/padovaid,62,62,1.0,https://github.com/Russlewisbo/padovaid
gtoffoli/commons,60,62,0.967741935483871,https://github.com/gtoffoli/commons
riccardo-bernardini/espert_uniud,62,62,1.0,https://github.com/riccardo-bernardini/espert_uniud
MathsAnalisys/WeatherBot,62,62,1.0,https://github.com/MathsAnalisys/WeatherBot
Neomediatech/docker-stack-templates,62,62,1.0,https://github.com/Neomediatech/docker-stack-templates
sepal-contrib/alert_module,60,62,0.967741935483871,https://github.com/sepal-contrib/alert_module
burningion/fastapi-openid-connect-playground,62,62,1.0,https://github.com/burningion/fastapi-openid-connect-playground
MatteoH2O1999/poke-env,62,62,1.0,https://github.com/MatteoH2O1999/poke-env
TravellerDevelop/Mobile-App,62,62,1.0,https://github.com/TravellerDevelop/Mobile-App
mahahe-it/helm,60,62,0.967741935483871,https://github.com/mahahe-it/helm
Balinata/Lokalise,62,62,1.0,https://github.com/Balinata/Lokalise
SDavenia/AP_spoon,62,62,1.0,https://github.com/SDavenia/AP_spoon
pasqualedem/Self-Supervised-Learning-for-Precision-Agriculture,62,62,1.0,https://github.com/pasqualedem/Self-Supervised-Learning-for-Precision-Agriculture
gnosischain/gbc-explorer,51,62,0.8225806451612904,https://github.com/gnosischain/gbc-explorer
jackdbd/performance-audit,62,62,1.0,https://github.com/jackdbd/performance-audit
Daniele-Polizzi/KPA,62,62,1.0,https://github.com/Daniele-Polizzi/KPA
flashboss/cities-generator,62,62,1.0,https://github.com/flashboss/cities-generator
uolter/test-actions,62,62,1.0,https://github.com/uolter/test-actions
PowsUp/website,47,62,0.7580645161290323,https://github.com/PowsUp/website
italia/design-comuni-plone-theme,49,62,0.7903225806451613,https://github.com/italia/design-comuni-plone-theme
brucellino/cloudflare-worker-template,56,62,0.9032258064516128,https://github.com/brucellino/cloudflare-worker-template
FRJess/laravel-auth,62,62,1.0,https://github.com/FRJess/laravel-auth
Takeno/imj-next-website,62,62,1.0,https://github.com/Takeno/imj-next-website
amarchino/aspnet-core-per-tutti,62,62,1.0,https://github.com/amarchino/aspnet-core-per-tutti
Drunper/tesi_plan_recognition,62,62,1.0,https://github.com/Drunper/tesi_plan_recognition
Mediacom99/Computational-Physics,62,62,1.0,https://github.com/Mediacom99/Computational-Physics
addsac/enomarket,62,62,1.0,https://github.com/addsac/enomarket
shetechitaly/python-starter-kit,62,62,1.0,https://github.com/shetechitaly/python-starter-kit
shayansss/shayansss.github.io,62,62,1.0,https://github.com/shayansss/shayansss.github.io
MinasMazar/minasmazar.github.io,62,62,1.0,https://github.com/MinasMazar/minasmazar.github.io
Levvonci/Appunti,62,62,1.0,https://github.com/Levvonci/Appunti
grotondococco/egames,62,62,1.0,https://github.com/grotondococco/egames
francosalvucci14/francosalvucci14.github.io,62,62,1.0,https://github.com/francosalvucci14/francosalvucci14.github.io
marzianegro/42-minishell,62,62,1.0,https://github.com/marzianegro/42-minishell
CthulhusMadness/GGJ2023,58,62,0.935483870967742,https://github.com/CthulhusMadness/GGJ2023
ugho16/glossary,58,62,0.935483870967742,https://github.com/ugho16/glossary
variablecompany/bite,62,62,1.0,https://github.com/variablecompany/bite
fabmas/coc,62,62,1.0,https://github.com/fabmas/coc
giobber/asso-django,62,62,1.0,https://github.com/giobber/asso-django
sisinflab/Graph-RSs-Reproducibility,62,62,1.0,https://github.com/sisinflab/Graph-RSs-Reproducibility
alkampfergit/alkampfergit.github.io,62,62,1.0,https://github.com/alkampfergit/alkampfergit.github.io
AlessandroGianfelici/pyInvest,62,62,1.0,https://github.com/AlessandroGianfelici/pyInvest
mohsin123321/cloud-project,62,62,1.0,https://github.com/mohsin123321/cloud-project
elixir-mint/mint,57,62,0.9193548387096774,https://github.com/elixir-mint/mint
mkukiro/mkukiro,62,62,1.0,https://github.com/mkukiro/mkukiro
Behnoudmst/wordpress-blog,62,62,1.0,https://github.com/Behnoudmst/wordpress-blog
coolstore-demo/inventory-quarkus,47,62,0.7580645161290323,https://github.com/coolstore-demo/inventory-quarkus
EllySmith/frontend-project-lvl1,62,62,1.0,https://github.com/EllySmith/frontend-project-lvl1
enzo2605/Springboot-microservices,62,62,1.0,https://github.com/enzo2605/Springboot-microservices
aadeg/UnipiRootTelegramBot,53,62,0.8548387096774194,https://github.com/aadeg/UnipiRootTelegramBot
EnricoPezzano/automated-macos-setup,62,62,1.0,https://github.com/EnricoPezzano/automated-macos-setup
AleCandido/slides,62,62,1.0,https://github.com/AleCandido/slides
SimonePY/Picard,62,62,1.0,https://github.com/SimonePY/Picard
alefrajoe/CentralSpinModel,62,62,1.0,https://github.com/alefrajoe/CentralSpinModel
graz-dev/portfolio-blog,62,62,1.0,https://github.com/graz-dev/portfolio-blog
borinsimone/flightfootprint-webapp,62,62,1.0,https://github.com/borinsimone/flightfootprint-webapp
Attornado/Attornado,62,62,1.0,https://github.com/Attornado/Attornado
giiulia/BachelorThesis,62,62,1.0,https://github.com/giiulia/BachelorThesis
sbezverk/gobmp,62,62,1.0,https://github.com/sbezverk/gobmp
sfilippone/template-psblas,53,62,0.8548387096774194,https://github.com/sfilippone/template-psblas
Mickey374/IoT_Air_Sensor,62,62,1.0,https://github.com/Mickey374/IoT_Air_Sensor
hesptech/rhouse_test,53,62,0.8548387096774194,https://github.com/hesptech/rhouse_test
staratlas-italia/saibase,53,62,0.8548387096774194,https://github.com/staratlas-italia/saibase
Gibbo81/NodejsTypescript,62,62,1.0,https://github.com/Gibbo81/NodejsTypescript
fedehsq/vault-auth-plugin,62,62,1.0,https://github.com/fedehsq/vault-auth-plugin
g8a9/ferret,59,62,0.9516129032258064,https://github.com/g8a9/ferret
LazyTurtle/Shelfino_ROS2,61,61,1.0,https://github.com/LazyTurtle/Shelfino_ROS2
andreariba/Portfolio_app,61,61,1.0,https://github.com/andreariba/Portfolio_app
MikixIT/pokefilter-db,61,61,1.0,https://github.com/MikixIT/pokefilter-db
stranck/bachelor-degree-thesis-UECPGDTF,61,61,1.0,https://github.com/stranck/bachelor-degree-thesis-UECPGDTF
ruslanmv/How-to-create-custom-Reinforcement-Learning-environment,61,61,1.0,https://github.com/ruslanmv/How-to-create-custom-Reinforcement-Learning-environment
ami-iit/rod,61,61,1.0,https://github.com/ami-iit/rod
datocms/plugins,58,61,0.9508196721311476,https://github.com/datocms/plugins
GitGianluc/TeroSubtitler,61,61,1.0,https://github.com/GitGianluc/TeroSubtitler
a4tech/Egami-skins,61,61,1.0,https://github.com/a4tech/Egami-skins
LordCaba/LordCaba,61,61,1.0,https://github.com/LordCaba/LordCaba
stereolabs/zed-ros2-examples,47,61,0.7704918032786885,https://github.com/stereolabs/zed-ros2-examples
SamuelePassiatore/laravel-auth,61,61,1.0,https://github.com/SamuelePassiatore/laravel-auth
AnastasiaBrinati/SoftwareTesting_FinalProject,61,61,1.0,https://github.com/AnastasiaBrinati/SoftwareTesting_FinalProject
RiccardoSpolaor/Traffic-Flow-Analysis-Using-Uber-Movement-Data,61,61,1.0,https://github.com/RiccardoSpolaor/Traffic-Flow-Analysis-Using-Uber-Movement-Data
Airscripts/campfire,61,61,1.0,https://github.com/Airscripts/campfire
SeC-Hikit/Hikit-Frontend,61,61,1.0,https://github.com/SeC-Hikit/Hikit-Frontend
robotology-playground/yarp-devices-ros2,58,61,0.9508196721311476,https://github.com/robotology-playground/yarp-devices-ros2
Bluarancio/Leo-OpenData,61,61,1.0,https://github.com/Bluarancio/Leo-OpenData
pixu1980/detector-js,61,61,1.0,https://github.com/pixu1980/detector-js
queelag/web-components,61,61,1.0,https://github.com/queelag/web-components
skrtheboss/nx,59,61,0.9672131147540984,https://github.com/skrtheboss/nx
TundraSoftware/TundraSoftware.github.io,61,61,1.0,https://github.com/TundraSoftware/TundraSoftware.github.io
inardini/vertex-ai-samples,50,61,0.819672131147541,https://github.com/inardini/vertex-ai-samples
diclementef92/EpicodeCapstoneProject,61,61,1.0,https://github.com/diclementef92/EpicodeCapstoneProject
francescomiliani/dividends-analyzer,61,61,1.0,https://github.com/francescomiliani/dividends-analyzer
maboglia/TSS2023,61,61,1.0,https://github.com/maboglia/TSS2023
Yaricherchi7/esercizi-develope,61,61,1.0,https://github.com/Yaricherchi7/esercizi-develope
blazeswap/default-lists,55,61,0.9016393442622952,https://github.com/blazeswap/default-lists
icub-tech-iit/outside-collaborators,61,61,1.0,https://github.com/icub-tech-iit/outside-collaborators
dardino/scacchi-painter,58,61,0.9508196721311476,https://github.com/dardino/scacchi-painter
LeddaZ/android_kernel_xiaomi_sm6250,61,61,1.0,https://github.com/LeddaZ/android_kernel_xiaomi_sm6250
emdant/SYnergy,58,61,0.9508196721311476,https://github.com/emdant/SYnergy
policumbent/bob,57,61,0.9344262295081968,https://github.com/policumbent/bob
Lorys89/SMCProcessorAMD,57,61,0.9344262295081968,https://github.com/Lorys89/SMCProcessorAMD
imperugo/SQS.Extensions,55,61,0.9016393442622952,https://github.com/imperugo/SQS.Extensions
falcucci/.dotfiles,61,61,1.0,https://github.com/falcucci/.dotfiles
Imtious-coder/Market_UI,61,61,1.0,https://github.com/Imtious-coder/Market_UI
Michele971/hypfs-upgrade,61,61,1.0,https://github.com/Michele971/hypfs-upgrade
tonyarris/srv,61,61,1.0,https://github.com/tonyarris/srv
Pasqualecannavacciuolo/Dashboard,61,61,1.0,https://github.com/Pasqualecannavacciuolo/Dashboard
tHeFinAlGoaT/Rbx-Flip-Sniper,61,61,1.0,https://github.com/tHeFinAlGoaT/Rbx-Flip-Sniper
NicholasPilotto/ExchangeCurrencyService,61,61,1.0,https://github.com/NicholasPilotto/ExchangeCurrencyService
Vallasc/Vallasc,61,61,1.0,https://github.com/Vallasc/Vallasc
leoneago/leoneago.github.io,61,61,1.0,https://github.com/leoneago/leoneago.github.io
ivan-hc/MPV-appimage,61,61,1.0,https://github.com/ivan-hc/MPV-appimage
VAuthenticator/vauthenticator-helm-charts,60,61,0.9836065573770492,https://github.com/VAuthenticator/vauthenticator-helm-charts
mathsolutions/bagisto,61,61,1.0,https://github.com/mathsolutions/bagisto
chrg127/aoc22,61,61,1.0,https://github.com/chrg127/aoc22
andreamust/my-website,61,61,1.0,https://github.com/andreamust/my-website
jacopoM28/Branchiopoda_GenomeEvolution_vol1,61,61,1.0,https://github.com/jacopoM28/Branchiopoda_GenomeEvolution_vol1
dunzolo/dunzolo,61,61,1.0,https://github.com/dunzolo/dunzolo
maghetta/teaching,61,61,1.0,https://github.com/maghetta/teaching
kubealex/k8s-mediaserver-operator,61,61,1.0,https://github.com/kubealex/k8s-mediaserver-operator
Parmedio/pokedex,61,61,1.0,https://github.com/Parmedio/pokedex
gfiacconi/Properlytics,61,61,1.0,https://github.com/gfiacconi/Properlytics
mika-sims/forecast-CLI,61,61,1.0,https://github.com/mika-sims/forecast-CLI
Lotto98/Clustering,61,61,1.0,https://github.com/Lotto98/Clustering
RHC-IntelliNET/base_intellinet,61,61,1.0,https://github.com/RHC-IntelliNET/base_intellinet
defstudio/vite-livewire-plugin,46,61,0.7540983606557377,https://github.com/defstudio/vite-livewire-plugin
leonardoLavagna/website,61,61,1.0,https://github.com/leonardoLavagna/website
brucellino/terraform-digitalocean-vpc,53,61,0.8688524590163934,https://github.com/brucellino/terraform-digitalocean-vpc
bfabio/developers.italia.it,61,61,1.0,https://github.com/bfabio/developers.italia.it
amichelotti/chaosframework,61,61,1.0,https://github.com/amichelotti/chaosframework
laurarivella/ePortfolio,60,60,1.0,https://github.com/laurarivella/ePortfolio
WinterWind33/astali,60,60,1.0,https://github.com/WinterWind33/astali
rulex123/envoy,59,60,0.9833333333333332,https://github.com/rulex123/envoy
EndBug/clear-calendar,50,60,0.8333333333333334,https://github.com/EndBug/clear-calendar
GiacomoPracucci/RL-edge-computing,60,60,1.0,https://github.com/GiacomoPracucci/RL-edge-computing
drvladbancila/os161-shell,60,60,1.0,https://github.com/drvladbancila/os161-shell
CthulhusMadness/TTRPG-Character-Sheet-Maker,60,60,1.0,https://github.com/CthulhusMadness/TTRPG-Character-Sheet-Maker
nardoz-dev/WINDFORME,60,60,1.0,https://github.com/nardoz-dev/WINDFORME
Sleepyhead95/Personal_Portfolio,60,60,1.0,https://github.com/Sleepyhead95/Personal_Portfolio
EthereansOS/interfaces-core-new,59,60,0.9833333333333332,https://github.com/EthereansOS/interfaces-core-new
Exynoobs/android_device_samsung_exynos990-common,58,60,0.9666666666666668,https://github.com/Exynoobs/android_device_samsung_exynos990-common
EPinci/orleans,58,60,0.9666666666666668,https://github.com/EPinci/orleans
yukkop/rest-vpn,60,60,1.0,https://github.com/yukkop/rest-vpn
INGV/qquake,58,60,0.9666666666666668,https://github.com/INGV/qquake
esprfid/esp-rfid,59,60,0.9833333333333332,https://github.com/esprfid/esp-rfid
Simone823/wiki-drinks-react,60,60,1.0,https://github.com/Simone823/wiki-drinks-react
tranchitella/reporting,60,60,1.0,https://github.com/tranchitella/reporting
LeetCode-Club-UW/Club-Website,53,60,0.8833333333333333,https://github.com/LeetCode-Club-UW/Club-Website
c-w/cocktails,59,60,0.9833333333333332,https://github.com/c-w/cocktails
enrichman/stegosecrets,60,60,1.0,https://github.com/enrichman/stegosecrets
Balastrong/blog-astro,60,60,1.0,https://github.com/Balastrong/blog-astro
GISdevio/iws,60,60,1.0,https://github.com/GISdevio/iws
LucaLanziani/lucalanziani.github.io,60,60,1.0,https://github.com/LucaLanziani/lucalanziani.github.io
tamarapennacchio/Esercitazione_Agenzia,60,60,1.0,https://github.com/tamarapennacchio/Esercitazione_Agenzia
AlbertoSimula/etlabora,60,60,1.0,https://github.com/AlbertoSimula/etlabora
FedericoBruzzone/medium,60,60,1.0,https://github.com/FedericoBruzzone/medium
ofanan/SFC_migration,60,60,1.0,https://github.com/ofanan/SFC_migration
sRavioli/nvim,60,60,1.0,https://github.com/sRavioli/nvim
samiur154/ResearchTrack_2_Assignments_2,60,60,1.0,https://github.com/samiur154/ResearchTrack_2_Assignments_2
descostesn/common_datasets,60,60,1.0,https://github.com/descostesn/common_datasets
muraca/polkadot-sdk,57,60,0.95,https://github.com/muraca/polkadot-sdk
csunibo/course-description-merged,57,60,0.95,https://github.com/csunibo/course-description-merged
giuseppeperelli/giuseppeperelli.github.io,60,60,1.0,https://github.com/giuseppeperelli/giuseppeperelli.github.io
SusaPrt/Smart-Mall-System,60,60,1.0,https://github.com/SusaPrt/Smart-Mall-System
detra-lab/tsc,54,60,0.9,https://github.com/detra-lab/tsc
loft-sh/devpod-provider-ssh,54,60,0.9,https://github.com/loft-sh/devpod-provider-ssh
mavek87/website-matteo-veroni,60,60,1.0,https://github.com/mavek87/website-matteo-veroni
gabrielecanepa/algolia,60,60,1.0,https://github.com/gabrielecanepa/algolia
zeeke/cnf-features-deploy,60,60,1.0,https://github.com/zeeke/cnf-features-deploy
lminiero/kiavc,60,60,1.0,https://github.com/lminiero/kiavc
AndreaBe99/ai4traiding-project,60,60,1.0,https://github.com/AndreaBe99/ai4traiding-project
Luca683/prova,54,60,0.9,https://github.com/Luca683/prova
bel8z/microui-zig,60,60,1.0,https://github.com/bel8z/microui-zig
aotta/RTO-Cart,60,60,1.0,https://github.com/aotta/RTO-Cart
vincenzo-ingenito/vincenzo-ingenito,60,60,1.0,https://github.com/vincenzo-ingenito/vincenzo-ingenito
EcosistemaWebIuav/ecosistemawebiuav.github.io,60,60,1.0,https://github.com/EcosistemaWebIuav/ecosistemawebiuav.github.io
leonardoLavagna/TCGA-PRAD,60,60,1.0,https://github.com/leonardoLavagna/TCGA-PRAD
Genocs/form-recognizer,60,60,1.0,https://github.com/Genocs/form-recognizer
ALDamico/Chami,60,60,1.0,https://github.com/ALDamico/Chami
dario-loi/glcore,60,60,1.0,https://github.com/dario-loi/glcore
SalvatoreCampagnese/eWagers-fe,60,60,1.0,https://github.com/SalvatoreCampagnese/eWagers-fe
adileo/squirreldisk,60,60,1.0,https://github.com/adileo/squirreldisk
edoardottt/edoardoottavianelli.it,60,60,1.0,https://github.com/edoardottt/edoardoottavianelli.it
vfarjood/traffic_estimator,60,60,1.0,https://github.com/vfarjood/traffic_estimator
MattiaRiola/MattiaRiola.github.io,60,60,1.0,https://github.com/MattiaRiola/MattiaRiola.github.io
pepstock-org/Charba-Showcase,51,60,0.85,https://github.com/pepstock-org/Charba-Showcase
MrTartuf0/Horatium,60,60,1.0,https://github.com/MrTartuf0/Horatium
enricomannarino/DataScience-UNIMIB,60,60,1.0,https://github.com/enricomannarino/DataScience-UNIMIB
Absidaa/porfolio,60,60,1.0,https://github.com/Absidaa/porfolio
GTFOBins/GTFOBins.github.io,60,60,1.0,https://github.com/GTFOBins/GTFOBins.github.io
riccardomurachelli/Sito-Personale,60,60,1.0,https://github.com/riccardomurachelli/Sito-Personale
giuseppe998e/playit-agent,60,60,1.0,https://github.com/giuseppe998e/playit-agent
event-driven-robotics/hpe-core,59,60,0.9833333333333332,https://github.com/event-driven-robotics/hpe-core
Andrea055/kernel_realme_sm8250,60,60,1.0,https://github.com/Andrea055/kernel_realme_sm8250
rospogrigio/localtuya,56,60,0.9333333333333332,https://github.com/rospogrigio/localtuya
jaivra/statistical-number-generator,56,60,0.9333333333333332,https://github.com/jaivra/statistical-number-generator
lichfolky/corso-algoritmi-2023,60,60,1.0,https://github.com/lichfolky/corso-algoritmi-2023
AndreaRaguso/AndreaRaguso,60,60,1.0,https://github.com/AndreaRaguso/AndreaRaguso
RobertoCorti/gptravel,60,60,1.0,https://github.com/RobertoCorti/gptravel
Hotmoka/websockets,60,60,1.0,https://github.com/Hotmoka/websockets
visiont3lab/deep-learning-course,60,60,1.0,https://github.com/visiont3lab/deep-learning-course
AndreaCiacciaCodeploy/andreaciacciacodeploy.github.io,60,60,1.0,https://github.com/AndreaCiacciaCodeploy/andreaciacciacodeploy.github.io
federicobaldini/minimal-browser,60,60,1.0,https://github.com/federicobaldini/minimal-browser
uptheirons78/music-school,60,60,1.0,https://github.com/uptheirons78/music-school
marcoxa/iron-main,60,60,1.0,https://github.com/marcoxa/iron-main
Woolfrey/RobotLibrary,55,60,0.9166666666666666,https://github.com/Woolfrey/RobotLibrary
turhancan97/RL-based-Control-of-a-Soft-Continuum-Robot,60,60,1.0,https://github.com/turhancan97/RL-based-Control-of-a-Soft-Continuum-Robot
DanioFiore/natours,60,60,1.0,https://github.com/DanioFiore/natours
Archetipo95/nuxt-histoire,46,60,0.7666666666666667,https://github.com/Archetipo95/nuxt-histoire
gmanuel89/Python-packages,60,60,1.0,https://github.com/gmanuel89/Python-packages
mrOranger/TravelAPI,60,60,1.0,https://github.com/mrOranger/TravelAPI
pepstock-org/Charba-Showcase-J2CL,52,60,0.8666666666666667,https://github.com/pepstock-org/Charba-Showcase-J2CL
jamesbrond/todoist-template,52,60,0.8666666666666667,https://github.com/jamesbrond/todoist-template
LucaSpanedda/Spanedda-Faustlibraries,60,60,1.0,https://github.com/LucaSpanedda/Spanedda-Faustlibraries
jalizadeh/TestBuddy,60,60,1.0,https://github.com/jalizadeh/TestBuddy
ieee-scam/ieee-scam-www,60,60,1.0,https://github.com/ieee-scam/ieee-scam-www
Peipi98/aml22-ego,48,60,0.8,https://github.com/Peipi98/aml22-ego
tiraboschi/release,60,60,1.0,https://github.com/tiraboschi/release
mattianeroni/space-exploration,60,60,1.0,https://github.com/mattianeroni/space-exploration
Vincenzo160/QRoll,60,60,1.0,https://github.com/Vincenzo160/QRoll
davidenetti/davidenetti,60,60,1.0,https://github.com/davidenetti/davidenetti
LorenzoNicco/Portfolio,60,60,1.0,https://github.com/LorenzoNicco/Portfolio
zenodallavalle/hand-hygiene-contest-quiz-frontend,60,60,1.0,https://github.com/zenodallavalle/hand-hygiene-contest-quiz-frontend
acerv/ltx,60,60,1.0,https://github.com/acerv/ltx
BadBro00/Sistemi_Operativi-Lab,60,60,1.0,https://github.com/BadBro00/Sistemi_Operativi-Lab
robertochiaveri/this-device-info,60,60,1.0,https://github.com/robertochiaveri/this-device-info
MetaNames/sdk,45,59,0.7627118644067796,https://github.com/MetaNames/sdk
alessandroias/intents,54,59,0.9152542372881356,https://github.com/alessandroias/intents
vvcastro/dist-ReliableBroadcast,59,59,1.0,https://github.com/vvcastro/dist-ReliableBroadcast
andfasano/installer,59,59,1.0,https://github.com/andfasano/installer
artf/grapesjs,59,59,1.0,https://github.com/artf/grapesjs
emanuelepicas/UsefullExploits,59,59,1.0,https://github.com/emanuelepicas/UsefullExploits
AlchemistSimulator/alchemistsimulator.github.io,59,59,1.0,https://github.com/AlchemistSimulator/alchemistsimulator.github.io
manueldiagostino/wayland_dotfiles,59,59,1.0,https://github.com/manueldiagostino/wayland_dotfiles
albertogeniola/core,58,59,0.9830508474576272,https://github.com/albertogeniola/core
hameddavodi/Foundation,59,59,1.0,https://github.com/hameddavodi/Foundation
GuglielmoCerri/Advent-of-Code,59,59,1.0,https://github.com/GuglielmoCerri/Advent-of-Code
kevin5806/KSDB,59,59,1.0,https://github.com/kevin5806/KSDB
edoardottt/depsdev,59,59,1.0,https://github.com/edoardottt/depsdev
mattdibi/dotfiles,59,59,1.0,https://github.com/mattdibi/dotfiles
giovannilamarmora/Utils,59,59,1.0,https://github.com/giovannilamarmora/Utils
JSC42/21cmFAST,58,59,0.9830508474576272,https://github.com/JSC42/21cmFAST
rafdan28/polisportiva-micronaut,59,59,1.0,https://github.com/rafdan28/polisportiva-micronaut
level73/Monithon,59,59,1.0,https://github.com/level73/Monithon
sgotti/darktable,59,59,1.0,https://github.com/sgotti/darktable
mymage/manufacture,59,59,1.0,https://github.com/mymage/manufacture
ace0000789/copy-device,59,59,1.0,https://github.com/ace0000789/copy-device
cheina97/liqo-dev-tools,59,59,1.0,https://github.com/cheina97/liqo-dev-tools
M-M-Lab/Radar-Systems-Lab,45,59,0.7627118644067796,https://github.com/M-M-Lab/Radar-Systems-Lab
StefaniaSgreva/laravel-auth,59,59,1.0,https://github.com/StefaniaSgreva/laravel-auth
airowl/watch-lab-nss,59,59,1.0,https://github.com/airowl/watch-lab-nss
gioretikto/litos,59,59,1.0,https://github.com/gioretikto/litos
Roberto2194/DataStructuresAndAlgorithms,59,59,1.0,https://github.com/Roberto2194/DataStructuresAndAlgorithms
equinusocio/equinusocio.dev,59,59,1.0,https://github.com/equinusocio/equinusocio.dev
totarochristian/proj-html-vuejs,59,59,1.0,https://github.com/totarochristian/proj-html-vuejs
gnapoli23/solana,59,59,1.0,https://github.com/gnapoli23/solana
albibenni/JavaCompetitive,59,59,1.0,https://github.com/albibenni/JavaCompetitive
Alfresco/keycloak,48,59,0.8135593220338984,https://github.com/Alfresco/keycloak
Ircama/epson_print_conf,59,59,1.0,https://github.com/Ircama/epson_print_conf
AndrewDarnall/TAP_Project,59,59,1.0,https://github.com/AndrewDarnall/TAP_Project
flgisimone/codewars-js-fundamentals,59,59,1.0,https://github.com/flgisimone/codewars-js-fundamentals
alessiotucci/torno-subito,59,59,1.0,https://github.com/alessiotucci/torno-subito
Allan-Nava/go-ffmpeg,55,59,0.9322033898305084,https://github.com/Allan-Nava/go-ffmpeg
chemelli74/aiocomelit,51,59,0.864406779661017,https://github.com/chemelli74/aiocomelit
webgriffe/SyliusAkeneoPlugin,59,59,1.0,https://github.com/webgriffe/SyliusAkeneoPlugin
kubealex/libvirt-k8s-provisioner,59,59,1.0,https://github.com/kubealex/libvirt-k8s-provisioner
YonderUrik/subsidia,59,59,1.0,https://github.com/YonderUrik/subsidia
antoniopioricciardi/learning_env_parameters,59,59,1.0,https://github.com/antoniopioricciardi/learning_env_parameters
volumio/volumio3-os,55,59,0.9322033898305084,https://github.com/volumio/volumio3-os
lysla/afterviewportjs,59,59,1.0,https://github.com/lysla/afterviewportjs
Giulianini/michele-pagano,59,59,1.0,https://github.com/Giulianini/michele-pagano
EmanueleTinari/VBA-Excel,59,59,1.0,https://github.com/EmanueleTinari/VBA-Excel
GiuseppeGq20/JetActuatorFoam,53,59,0.8983050847457628,https://github.com/GiuseppeGq20/JetActuatorFoam
pagopa/cstar-io-mock,59,59,1.0,https://github.com/pagopa/cstar-io-mock
MatteBelle/Combinatorial-Project,51,59,0.864406779661017,https://github.com/MatteBelle/Combinatorial-Project
gremo/docker-symfony-devevn,59,59,1.0,https://github.com/gremo/docker-symfony-devevn
rjalexa/myproject,59,59,1.0,https://github.com/rjalexa/myproject
pepes97/relation-extraction,51,59,0.864406779661017,https://github.com/pepes97/relation-extraction
fsaccone/data,59,59,1.0,https://github.com/fsaccone/data
Fabian-Rizzi/CapaciTechKidsBack,59,59,1.0,https://github.com/Fabian-Rizzi/CapaciTechKidsBack
PedrelliLuca/Tantrum,59,59,1.0,https://github.com/PedrelliLuca/Tantrum
galaxy-sm6150-devs/android_device_samsung_sm6150-common,59,59,1.0,https://github.com/galaxy-sm6150-devs/android_device_samsung_sm6150-common
Camila-Falaschi/delivery_app,59,59,1.0,https://github.com/Camila-Falaschi/delivery_app
massibone/Analytic_geometry,59,59,1.0,https://github.com/massibone/Analytic_geometry
sepideh-shamsizadeh/AutoLabeling,46,59,0.7796610169491526,https://github.com/sepideh-shamsizadeh/AutoLabeling
wilmer88/blast-porfolio,59,59,1.0,https://github.com/wilmer88/blast-porfolio
Matteo0099/AreacrewWebsite,59,59,1.0,https://github.com/Matteo0099/AreacrewWebsite
Eutrius/Fullstack-Open-2023,59,59,1.0,https://github.com/Eutrius/Fullstack-Open-2023
davide-guerra/monteserico,59,59,1.0,https://github.com/davide-guerra/monteserico
msillano/DIY-photovoltaic-smart,59,59,1.0,https://github.com/msillano/DIY-photovoltaic-smart
mattsteeldue/vforth-next,59,59,1.0,https://github.com/mattsteeldue/vforth-next
fabricatorsltd/fabrctive,59,59,1.0,https://github.com/fabricatorsltd/fabrctive
EdoardoTosin/Batch-Image-Converter,59,59,1.0,https://github.com/EdoardoTosin/Batch-Image-Converter
ForintFinance/Swappy,58,58,1.0,https://github.com/ForintFinance/Swappy
MickTK/lip,58,58,1.0,https://github.com/MickTK/lip
SeC-Hikit/Hikit,58,58,1.0,https://github.com/SeC-Hikit/Hikit
brberis/react-spa-dev-portfolio-project,58,58,1.0,https://github.com/brberis/react-spa-dev-portfolio-project
donapieppo/pls-unibo,58,58,1.0,https://github.com/donapieppo/pls-unibo
Toni500github/musical_donut,44,58,0.7586206896551724,https://github.com/Toni500github/musical_donut
AlbertoParravicini/segretini-matplottini,58,58,1.0,https://github.com/AlbertoParravicini/segretini-matplottini
giuliobenetti/esp-idf,58,58,1.0,https://github.com/giuliobenetti/esp-idf
Marcels-2-Neurons/Reaper,58,58,1.0,https://github.com/Marcels-2-Neurons/Reaper
twdragon/witmotion_ros-release,58,58,1.0,https://github.com/twdragon/witmotion_ros-release
albertocasagrande/RACES,58,58,1.0,https://github.com/albertocasagrande/RACES
MaliheDahmardeh/state-house-price-analysis-SM,58,58,1.0,https://github.com/MaliheDahmardeh/state-house-price-analysis-SM
goto-eof/goto-eof,58,58,1.0,https://github.com/goto-eof/goto-eof
deib-polimi/noir,58,58,1.0,https://github.com/deib-polimi/noir
FezVrasta/node-red-matter,58,58,1.0,https://github.com/FezVrasta/node-red-matter
pieroproietti/docusaurus-eggs,58,58,1.0,https://github.com/pieroproietti/docusaurus-eggs
bluenviron/goroslib,54,58,0.9310344827586208,https://github.com/bluenviron/goroslib
AlexFiorini/CodificaHuffman,54,58,0.9310344827586208,https://github.com/AlexFiorini/CodificaHuffman
noi-techpark/it.bz.opendatahub.api.mobility-ninja,54,58,0.9310344827586208,https://github.com/noi-techpark/it.bz.opendatahub.api.mobility-ninja
MirkoSacchetti/dotfiles,58,58,1.0,https://github.com/MirkoSacchetti/dotfiles
marchacio/Programmazione,58,58,1.0,https://github.com/marchacio/Programmazione
MatteoH2O1999/setup-python,55,58,0.9482758620689656,https://github.com/MatteoH2O1999/setup-python
IlonaM8/Lego-react,49,58,0.8448275862068966,https://github.com/IlonaM8/Lego-react
DicyVPN/desktop-client,58,58,1.0,https://github.com/DicyVPN/desktop-client
ocamleditor/ocamleditor,58,58,1.0,https://github.com/ocamleditor/ocamleditor
edoardo911/DXR-Path-Tracer,58,58,1.0,https://github.com/edoardo911/DXR-Path-Tracer
discos/srt-single-dish-tools,58,58,1.0,https://github.com/discos/srt-single-dish-tools
antonionardella/twitter-shimmer-dropper,58,58,1.0,https://github.com/antonionardella/twitter-shimmer-dropper
ziaboby/tombolata,58,58,1.0,https://github.com/ziaboby/tombolata
nicolacaddeo/repo-academy-java,58,58,1.0,https://github.com/nicolacaddeo/repo-academy-java
murar8/local-jwks-server,58,58,1.0,https://github.com/murar8/local-jwks-server
fabiofranchino/fabiofranchino.com,58,58,1.0,https://github.com/fabiofranchino/fabiofranchino.com
xvw/preface,52,58,0.896551724137931,https://github.com/xvw/preface
syswis/ChattaPlus,58,58,1.0,https://github.com/syswis/ChattaPlus
MattiaArsendi/Presentation_Res,58,58,1.0,https://github.com/MattiaArsendi/Presentation_Res
DavyJonesLocker/client_side_validations-simple_form,58,58,1.0,https://github.com/DavyJonesLocker/client_side_validations-simple_form
alessandrofoglia07/MyVibe-BE,58,58,1.0,https://github.com/alessandrofoglia07/MyVibe-BE
gremo/symfony-sail-example,58,58,1.0,https://github.com/gremo/symfony-sail-example
Adige-Calculations/OpenFOAM-handbook,58,58,1.0,https://github.com/Adige-Calculations/OpenFOAM-handbook
iltranqui/OpenAI_Tutorials,58,58,1.0,https://github.com/iltranqui/OpenAI_Tutorials
c128lib/common,50,58,0.8620689655172413,https://github.com/c128lib/common
workgroupengineering/Avalonia.Controls.TreeDataGrid,56,58,0.9655172413793104,https://github.com/workgroupengineering/Avalonia.Controls.TreeDataGrid
GiovanniCaiazzo01/DailyNews,58,58,1.0,https://github.com/GiovanniCaiazzo01/DailyNews
mcollina/node,58,58,1.0,https://github.com/mcollina/node
INeddHelp/ShutNet,57,58,0.9827586206896552,https://github.com/INeddHelp/ShutNet
vittominacori/erc1363-payable-token,57,58,0.9827586206896552,https://github.com/vittominacori/erc1363-payable-token
palexdev/MaterialFX,58,58,1.0,https://github.com/palexdev/MaterialFX
francoberton/faker,58,58,1.0,https://github.com/francoberton/faker
Attornado/yum-or-yuck-butterfly-classification,58,58,1.0,https://github.com/Attornado/yum-or-yuck-butterfly-classification
Robiullah2244/PatenteWeb,58,58,1.0,https://github.com/Robiullah2244/PatenteWeb
Il-Libro-Open-Source/book,45,58,0.7758620689655172,https://github.com/Il-Libro-Open-Source/book
Archetipo95/js-pokedex-sveltekit,51,58,0.8793103448275862,https://github.com/Archetipo95/js-pokedex-sveltekit
RiccardoSartor/master-mind,51,58,0.8793103448275862,https://github.com/RiccardoSartor/master-mind
tommaso-caputi/Decentralized-Social-Media,51,58,0.8793103448275862,https://github.com/tommaso-caputi/Decentralized-Social-Media
burraco135/ICon2023,51,58,0.8793103448275862,https://github.com/burraco135/ICon2023
CyberRoute/bruter,58,58,1.0,https://github.com/CyberRoute/bruter
salvatore-giammanco/nes-rust,58,58,1.0,https://github.com/salvatore-giammanco/nes-rust
RachaelKilonzo/RachaelKilonzo.github.io,58,58,1.0,https://github.com/RachaelKilonzo/RachaelKilonzo.github.io
matleno/matleno.github.io,58,58,1.0,https://github.com/matleno/matleno.github.io
P2-718na/electronics-laboratory,58,58,1.0,https://github.com/P2-718na/electronics-laboratory
OmarTrab/Cv,58,58,1.0,https://github.com/OmarTrab/Cv
andreaponza/andreaponza.github.io,58,58,1.0,https://github.com/andreaponza/andreaponza.github.io
LorenzoBianconi/bpf-next,58,58,1.0,https://github.com/LorenzoBianconi/bpf-next
mq1/rusty-wit-gui,58,58,1.0,https://github.com/mq1/rusty-wit-gui
Marco-Vigilio/proj-html-vuejs,58,58,1.0,https://github.com/Marco-Vigilio/proj-html-vuejs
barrycumbie/fuzzy-chainsaw-november,58,58,1.0,https://github.com/barrycumbie/fuzzy-chainsaw-november
SamueleFacenda/nixos-config,58,58,1.0,https://github.com/SamueleFacenda/nixos-config
InternetOfPeers/guardian,58,58,1.0,https://github.com/InternetOfPeers/guardian
francesco-p/simple-incremental,52,58,0.896551724137931,https://github.com/francesco-p/simple-incremental
FueledBy-Pizza/prova,58,58,1.0,https://github.com/FueledBy-Pizza/prova
Elia-Renzoni/Static_Code_Optimization,58,58,1.0,https://github.com/Elia-Renzoni/Static_Code_Optimization
Gamessmile/ListByMe_Cpp,57,57,1.0,https://github.com/Gamessmile/ListByMe_Cpp
DanX3/RoadToElDorado,47,57,0.8245614035087719,https://github.com/DanX3/RoadToElDorado
Marco177171/minishell42,52,57,0.912280701754386,https://github.com/Marco177171/minishell42
carlo-colombo/neurhome,57,57,1.0,https://github.com/carlo-colombo/neurhome
SlimShadys/RobotProgramming,57,57,1.0,https://github.com/SlimShadys/RobotProgramming
EMalagoli92/EMalagoli92,57,57,1.0,https://github.com/EMalagoli92/EMalagoli92
disit/dashboard-builder,50,57,0.8771929824561403,https://github.com/disit/dashboard-builder
f-leoni/lyrics2,50,57,0.8771929824561403,https://github.com/f-leoni/lyrics2
fgaravaglia/Umbrella.DDD,57,57,1.0,https://github.com/fgaravaglia/Umbrella.DDD
mika-sims/Five-Elements-Game,57,57,1.0,https://github.com/mika-sims/Five-Elements-Game
Matt0550/Progetti-Scuola,57,57,1.0,https://github.com/Matt0550/Progetti-Scuola
Maxelweb/MarianoSciacco.it,57,57,1.0,https://github.com/Maxelweb/MarianoSciacco.it
couch-tracker/couch-tracker-server,52,57,0.912280701754386,https://github.com/couch-tracker/couch-tracker-server
protech-engineering/devcontainers,57,57,1.0,https://github.com/protech-engineering/devcontainers
marianialessandro/Coding,57,57,1.0,https://github.com/marianialessandro/Coding
marcocrupi/angular-course,57,57,1.0,https://github.com/marcocrupi/angular-course
richiramone/super-list,57,57,1.0,https://github.com/richiramone/super-list
crystal-bit/godot-game-template,52,57,0.912280701754386,https://github.com/crystal-bit/godot-game-template
leonardobani/LeonardoBani,57,57,1.0,https://github.com/leonardobani/LeonardoBani
CastenettoA/marsRover,57,57,1.0,https://github.com/CastenettoA/marsRover
ckhmer1/node-red-contrib-google-smarthome,57,57,1.0,https://github.com/ckhmer1/node-red-contrib-google-smarthome
laraxot/module_gdpr,46,57,0.8070175438596491,https://github.com/laraxot/module_gdpr
FedericoValeri/react-movies,57,57,1.0,https://github.com/FedericoValeri/react-movies
paninosoftorg/food-api,57,57,1.0,https://github.com/paninosoftorg/food-api
Elia-Renzoni/Elia-Renzoni,57,57,1.0,https://github.com/Elia-Renzoni/Elia-Renzoni
davidepatti/ultraviolet,57,57,1.0,https://github.com/davidepatti/ultraviolet
andrewtarzia/CGExplore,57,57,1.0,https://github.com/andrewtarzia/CGExplore
uvesco/corsoRunaapi,56,57,0.9824561403508772,https://github.com/uvesco/corsoRunaapi
fgaravaglia/Umbrella.Infrastructure.Firestore,57,57,1.0,https://github.com/fgaravaglia/Umbrella.Infrastructure.Firestore
comio/plex-overlay,57,57,1.0,https://github.com/comio/plex-overlay
platformista/medusa,57,57,1.0,https://github.com/platformista/medusa
adarkforce/excalidraw,52,57,0.912280701754386,https://github.com/adarkforce/excalidraw
PoliNetworkOrg/TheTOLProject,48,57,0.8421052631578947,https://github.com/PoliNetworkOrg/TheTOLProject
danzone/rf-mobiltesting-codemagic-poc,57,57,1.0,https://github.com/danzone/rf-mobiltesting-codemagic-poc
rikyoz/rikyoz.github.io,57,57,1.0,https://github.com/rikyoz/rikyoz.github.io
anateii/Portfolio,57,57,1.0,https://github.com/anateii/Portfolio
74C17N3P7UN3/MailTent,57,57,1.0,https://github.com/74C17N3P7UN3/MailTent
Kev2035/EpicodeDA22,57,57,1.0,https://github.com/Kev2035/EpicodeDA22
flavio20002/marp-presentations,57,57,1.0,https://github.com/flavio20002/marp-presentations
Athena-OS/aegis,57,57,1.0,https://github.com/Athena-OS/aegis
sisinflab/Formal-MultiMod-Rec,57,57,1.0,https://github.com/sisinflab/Formal-MultiMod-Rec
Anita-Liberatore/udemy-angular-course,57,57,1.0,https://github.com/Anita-Liberatore/udemy-angular-course
leddaz-dump-stash/google_cheetah_dump,57,57,1.0,https://github.com/leddaz-dump-stash/google_cheetah_dump
Valerioageno/kingpin-react-form,57,57,1.0,https://github.com/Valerioageno/kingpin-react-form
Nikcer/JavaScript_Advanced-Lifestyle,57,57,1.0,https://github.com/Nikcer/JavaScript_Advanced-Lifestyle
Francesco215/Quantum-diffusion,57,57,1.0,https://github.com/Francesco215/Quantum-diffusion
alemuntoni/PyMeshLab,48,57,0.8421052631578947,https://github.com/alemuntoni/PyMeshLab
cdigruttola/QGIS,57,57,1.0,https://github.com/cdigruttola/QGIS
n-essio/queryable,56,57,0.9824561403508772,https://github.com/n-essio/queryable
marzianegro/marzianegro,57,57,1.0,https://github.com/marzianegro/marzianegro
bozzelliandrea/java-se-rest-api,57,57,1.0,https://github.com/bozzelliandrea/java-se-rest-api
Legione-Etruria/legione-etruria-public,57,57,1.0,https://github.com/Legione-Etruria/legione-etruria-public
Pomodoro-Musei-di-Pesaro/.github,57,57,1.0,https://github.com/Pomodoro-Musei-di-Pesaro/.github
vpxyz/thorvg,57,57,1.0,https://github.com/vpxyz/thorvg
GiulianoCornacchia/METIS,57,57,1.0,https://github.com/GiulianoCornacchia/METIS
mondrake/phpunit-bridge,57,57,1.0,https://github.com/mondrake/phpunit-bridge
SERGGroup/BHEModel2.0,46,57,0.8070175438596491,https://github.com/SERGGroup/BHEModel2.0
lucamarx/pyContFrac,57,57,1.0,https://github.com/lucamarx/pyContFrac
shin1mk/WeatherM,57,57,1.0,https://github.com/shin1mk/WeatherM
aantenore/Ambro-gpt-io,57,57,1.0,https://github.com/aantenore/Ambro-gpt-io
4ndrs/mikus,57,57,1.0,https://github.com/4ndrs/mikus
Gabro29/Biliard_Torus,57,57,1.0,https://github.com/Gabro29/Biliard_Torus
Emiliano-S/devmeet,52,57,0.912280701754386,https://github.com/Emiliano-S/devmeet
csunibo/wiki,56,57,0.9824561403508772,https://github.com/csunibo/wiki
lyzcoote/Fallout-76-Nuke-Codes-API-Node.js,57,57,1.0,https://github.com/lyzcoote/Fallout-76-Nuke-Codes-API-Node.js
siriokds/SC-3000-Releases,57,57,1.0,https://github.com/siriokds/SC-3000-Releases
SimoneMoreWare/Calcolatori_elettronici,57,57,1.0,https://github.com/SimoneMoreWare/Calcolatori_elettronici
SalvatoreBarone/pyAMOSA,57,57,1.0,https://github.com/SalvatoreBarone/pyAMOSA
soniyj/awesome-resources,57,57,1.0,https://github.com/soniyj/awesome-resources
getchui/sample-apps,55,57,0.9649122807017544,https://github.com/getchui/sample-apps
opera-romana-pellegrinaggi/geography-of-the-faith,55,57,0.9649122807017544,https://github.com/opera-romana-pellegrinaggi/geography-of-the-faith
Brahmware/vishwabrahmand-frontend,57,57,1.0,https://github.com/Brahmware/vishwabrahmand-frontend
Angelo-Pio/Universita,57,57,1.0,https://github.com/Angelo-Pio/Universita
fabiotosi92/fabiotosi92.github.io,57,57,1.0,https://github.com/fabiotosi92/fabiotosi92.github.io
Strumenta/pylasu,57,57,1.0,https://github.com/Strumenta/pylasu
Lochki02/archai-telegram-bot,55,57,0.9649122807017544,https://github.com/Lochki02/archai-telegram-bot
pirafrank/fpiracom,57,57,1.0,https://github.com/pirafrank/fpiracom
LucaLanziani/personal-site-hugo,57,57,1.0,https://github.com/LucaLanziani/personal-site-hugo
CalfCrusher/RobinHood,57,57,1.0,https://github.com/CalfCrusher/RobinHood
B--B/android_device_xiaomi_sdm710-common,57,57,1.0,https://github.com/B--B/android_device_xiaomi_sdm710-common
Francesco601/Python-DSA,57,57,1.0,https://github.com/Francesco601/Python-DSA
AbboDev/nuxt2,57,57,1.0,https://github.com/AbboDev/nuxt2
borntofrappe/learning-d3,57,57,1.0,https://github.com/borntofrappe/learning-d3
bertof/nixpkgs,57,57,1.0,https://github.com/bertof/nixpkgs
IASRobolab/ai_utils,49,57,0.8596491228070176,https://github.com/IASRobolab/ai_utils
Mattiadv03/PackNGo,57,57,1.0,https://github.com/Mattiadv03/PackNGo
anatula/aws-bootcamp-cruddur-2023,57,57,1.0,https://github.com/anatula/aws-bootcamp-cruddur-2023
robigan/Home-Compose,57,57,1.0,https://github.com/robigan/Home-Compose
slavni96/bravo,57,57,1.0,https://github.com/slavni96/bravo
alessandroamormino/vite-boolfolio,57,57,1.0,https://github.com/alessandroamormino/vite-boolfolio
z4t01/z4t01.github.io,57,57,1.0,https://github.com/z4t01/z4t01.github.io
universalbit-dev/gridbot-websockets,57,57,1.0,https://github.com/universalbit-dev/gridbot-websockets
LucaMan32/Weather-4all,57,57,1.0,https://github.com/LucaMan32/Weather-4all
PaoloDAlessandro/fooding_android,57,57,1.0,https://github.com/PaoloDAlessandro/fooding_android
agola-io/agola,54,57,0.9473684210526316,https://github.com/agola-io/agola
GianfriAur/PackageLoader,57,57,1.0,https://github.com/GianfriAur/PackageLoader
iCatomaior/metodi_simulazione,57,57,1.0,https://github.com/iCatomaior/metodi_simulazione
Fedrosauro/Images,57,57,1.0,https://github.com/Fedrosauro/Images
ologe/canaree-music-player,57,57,1.0,https://github.com/ologe/canaree-music-player
DYA13/TypeScript,57,57,1.0,https://github.com/DYA13/TypeScript
giovi1998/HackerNews,57,57,1.0,https://github.com/giovi1998/HackerNews
77DDS77/Gym-Tonic,57,57,1.0,https://github.com/77DDS77/Gym-Tonic
EduMIPS64/web.edumips.org,57,57,1.0,https://github.com/EduMIPS64/web.edumips.org
POWER-KI/POWER-KI,57,57,1.0,https://github.com/POWER-KI/POWER-KI
leonardoserra/proj-html-vuejs,57,57,1.0,https://github.com/leonardoserra/proj-html-vuejs
concrete5-community/acme,57,57,1.0,https://github.com/concrete5-community/acme
kettei-sproutty/yew-tailwindcss,57,57,1.0,https://github.com/kettei-sproutty/yew-tailwindcss
gbarone42/gbarone42,57,57,1.0,https://github.com/gbarone42/gbarone42
eshiol/joomla-italiapa,57,57,1.0,https://github.com/eshiol/joomla-italiapa
cmcdonald6/cmcdonald6,57,57,1.0,https://github.com/cmcdonald6/cmcdonald6
mortinger91/cpp-cmake-template,57,57,1.0,https://github.com/mortinger91/cpp-cmake-template
pirafrank/dotfiles,57,57,1.0,https://github.com/pirafrank/dotfiles
giuseppesciacca/vue-boolzapp,57,57,1.0,https://github.com/giuseppesciacca/vue-boolzapp
ThatsMassy/Lab_fis_Open,56,56,1.0,https://github.com/ThatsMassy/Lab_fis_Open
clobrano/dot,56,56,1.0,https://github.com/clobrano/dot
fmount/install_yamls,56,56,1.0,https://github.com/fmount/install_yamls
frengor/libby,56,56,1.0,https://github.com/frengor/libby
m-dadej/MARS.jl,56,56,1.0,https://github.com/m-dadej/MARS.jl
aledefra/assets,47,56,0.8392857142857143,https://github.com/aledefra/assets
giacomobettas/AutoGait,56,56,1.0,https://github.com/giacomobettas/AutoGait
alessandrofoglia07/LuxEdge-FE,56,56,1.0,https://github.com/alessandrofoglia07/LuxEdge-FE
mfrancisc/infra-deployments,50,56,0.8928571428571429,https://github.com/mfrancisc/infra-deployments
goto-eof/todo-list-dart-flutter,56,56,1.0,https://github.com/goto-eof/todo-list-dart-flutter
jackdbd/content-security-policy,47,56,0.8392857142857143,https://github.com/jackdbd/content-security-policy
csunibo/config,56,56,1.0,https://github.com/csunibo/config
lpanza/multicluster-devsecops,56,56,1.0,https://github.com/lpanza/multicluster-devsecops
alessandroquirile/Leukemia,45,56,0.8035714285714286,https://github.com/alessandroquirile/Leukemia
EddyTheCo/QclientMqtt-IOTA,56,56,1.0,https://github.com/EddyTheCo/QclientMqtt-IOTA
alexucgit/agmbe,56,56,1.0,https://github.com/alexucgit/agmbe
manfredi/perlweeklychallenge-club,56,56,1.0,https://github.com/manfredi/perlweeklychallenge-club
LucaSpanedda/LucaSpanedda.github.io,56,56,1.0,https://github.com/LucaSpanedda/LucaSpanedda.github.io
ResearchObject/workflow-run-crate,51,56,0.9107142857142856,https://github.com/ResearchObject/workflow-run-crate
firenzedev/firenze.dev,51,56,0.9107142857142856,https://github.com/firenzedev/firenze.dev
carmelolg/JCAL,51,56,0.9107142857142856,https://github.com/carmelolg/JCAL
davidevecchi/palestra-algoritmi-2021,56,56,1.0,https://github.com/davidevecchi/palestra-algoritmi-2021
imgios/whaley,56,56,1.0,https://github.com/imgios/whaley
canta2899/mgp,56,56,1.0,https://github.com/canta2899/mgp
junitechnology/jpipe,56,56,1.0,https://github.com/junitechnology/jpipe
LucaCogo/video-super-resolution,56,56,1.0,https://github.com/LucaCogo/video-super-resolution
onpage-dev/woocommerce-onpage,56,56,1.0,https://github.com/onpage-dev/woocommerce-onpage
ziotom78/tnds-tomasi-notebooks,56,56,1.0,https://github.com/ziotom78/tnds-tomasi-notebooks
MyFit-Dev/API,56,56,1.0,https://github.com/MyFit-Dev/API
lampajr/chain-status-example,48,56,0.8571428571428571,https://github.com/lampajr/chain-status-example
marco-prontera/vite-plugin-css-injected-by-js,56,56,1.0,https://github.com/marco-prontera/vite-plugin-css-injected-by-js
DomeT99/dekpoke,56,56,1.0,https://github.com/DomeT99/dekpoke
nicolasguarini/encryptia,56,56,1.0,https://github.com/nicolasguarini/encryptia
fedtti/fedtti.github.io,56,56,1.0,https://github.com/fedtti/fedtti.github.io
AlessandroFerrante/alessandroferrante.github.io,56,56,1.0,https://github.com/AlessandroFerrante/alessandroferrante.github.io
ilteoood/vscode_settings,56,56,1.0,https://github.com/ilteoood/vscode_settings
KevinBatdorf/extensions,49,56,0.875,https://github.com/KevinBatdorf/extensions
msartore/ATA-GUI,56,56,1.0,https://github.com/msartore/ATA-GUI
12rambau/pygaul,56,56,1.0,https://github.com/12rambau/pygaul
alessandro-massarenti/documentazione-esterna,56,56,1.0,https://github.com/alessandro-massarenti/documentazione-esterna
rinaldsefa/academy-veneto,49,56,0.875,https://github.com/rinaldsefa/academy-veneto
francescobarbieri/francescobarbieri.me,56,56,1.0,https://github.com/francescobarbieri/francescobarbieri.me
LorenzoCastiglion/laravel-fashion-shop,50,56,0.8928571428571429,https://github.com/LorenzoCastiglion/laravel-fashion-shop
Okazakee/Weather-APP,56,56,1.0,https://github.com/Okazakee/Weather-APP
0ri0nRo/0rio0nRo.github.io,56,56,1.0,https://github.com/0ri0nRo/0rio0nRo.github.io
Marygraceee/nuovo-sito-nikole,56,56,1.0,https://github.com/Marygraceee/nuovo-sito-nikole
mr-manuel/test_docs2,56,56,1.0,https://github.com/mr-manuel/test_docs2
AlessandroGiulivo/genomics,56,56,1.0,https://github.com/AlessandroGiulivo/genomics
mariolazzari/elahiya-tw,56,56,1.0,https://github.com/mariolazzari/elahiya-tw
brataccas99/sentiReddy,56,56,1.0,https://github.com/brataccas99/sentiReddy
MirtoBusico/assets-for-blogs,56,56,1.0,https://github.com/MirtoBusico/assets-for-blogs
francescofiorella/computational_intelligence_2022_2023,56,56,1.0,https://github.com/francescofiorella/computational_intelligence_2022_2023
giorgioGTelian/angular-Addicted_project,56,56,1.0,https://github.com/giorgioGTelian/angular-Addicted_project
Aghavali9/PT-Polito,56,56,1.0,https://github.com/Aghavali9/PT-Polito
montoyaedu/TheMessiah,56,56,1.0,https://github.com/montoyaedu/TheMessiah
ElDavoo/wa-crypt-tools,55,56,0.9821428571428572,https://github.com/ElDavoo/wa-crypt-tools
mlocati/MLPosteDeliveryExpress,56,56,1.0,https://github.com/mlocati/MLPosteDeliveryExpress
Team-Cloudio-Bisio/Minecraft-SaaS,55,56,0.9821428571428572,https://github.com/Team-Cloudio-Bisio/Minecraft-SaaS
tiz314/TuringMachine,55,56,0.9821428571428572,https://github.com/tiz314/TuringMachine
lolgab/mill-mima,55,56,0.9821428571428572,https://github.com/lolgab/mill-mima
innoveit/react-native-ble-manager,56,56,1.0,https://github.com/innoveit/react-native-ble-manager
ctlcltd/e2se-site,56,56,1.0,https://github.com/ctlcltd/e2se-site
aleiepure/ticketbooth,56,56,1.0,https://github.com/aleiepure/ticketbooth
albertoscandolara/Tours,56,56,1.0,https://github.com/albertoscandolara/Tours
gianmarcoguarnier/JARVIS-ChatGPT,56,56,1.0,https://github.com/gianmarcoguarnier/JARVIS-ChatGPT
stefonarch/LXQt-Wayland-files,56,56,1.0,https://github.com/stefonarch/LXQt-Wayland-files
Bavuett/mycicero.js,53,56,0.9464285714285714,https://github.com/Bavuett/mycicero.js
AR10Dev/code,56,56,1.0,https://github.com/AR10Dev/code
NextWork123/kernel_xiaomi_sm8250-1,56,56,1.0,https://github.com/NextWork123/kernel_xiaomi_sm8250-1
sifis-home/third-party-application,44,56,0.7857142857142857,https://github.com/sifis-home/third-party-application
Effect-TS/docgen,44,56,0.7857142857142857,https://github.com/Effect-TS/docgen
OrsolaMBorrini/ComputingMelville,44,56,0.7857142857142857,https://github.com/OrsolaMBorrini/ComputingMelville
pagopa/interop-be-catalog-process-poc,44,56,0.7857142857142857,https://github.com/pagopa/interop-be-catalog-process-poc
LeddaZ/local_manifests,56,56,1.0,https://github.com/LeddaZ/local_manifests
Santo-G/CookApp,56,56,1.0,https://github.com/Santo-G/CookApp
Amygos/icaro,56,56,1.0,https://github.com/Amygos/icaro
lrosati2dto6d/2Dtools6D,56,56,1.0,https://github.com/lrosati2dto6d/2Dtools6D
giuliobenetti/training-materials,56,56,1.0,https://github.com/giuliobenetti/training-materials
minimocomunemultiplo/telerilevamento2023,56,56,1.0,https://github.com/minimocomunemultiplo/telerilevamento2023
Code-Dani/MS-Reward-Collector,56,56,1.0,https://github.com/Code-Dani/MS-Reward-Collector
gloriaghe/gloriaghe,56,56,1.0,https://github.com/gloriaghe/gloriaghe
robyfofo/frameworkAPP,56,56,1.0,https://github.com/robyfofo/frameworkAPP
flaviagiammarino/stanford-hypoglycemia-forecasting,56,56,1.0,https://github.com/flaviagiammarino/stanford-hypoglycemia-forecasting
paolobaiada/javascript-advanced,56,56,1.0,https://github.com/paolobaiada/javascript-advanced
blitzmartin/pickle-rick,56,56,1.0,https://github.com/blitzmartin/pickle-rick
Xander-Electronics/AltiumLibraries,56,56,1.0,https://github.com/Xander-Electronics/AltiumLibraries
EdoF0/simpsons-db,52,56,0.9285714285714286,https://github.com/EdoF0/simpsons-db
vincenzobucciero/SmartCity,56,56,1.0,https://github.com/vincenzobucciero/SmartCity
robertorussobob/codesk,56,56,1.0,https://github.com/robertorussobob/codesk
lucianoambrosini/AmbrosinusDEV,56,56,1.0,https://github.com/lucianoambrosini/AmbrosinusDEV
AlbertoBarrago/testing-free-api,56,56,1.0,https://github.com/AlbertoBarrago/testing-free-api
padosoft/laravel-dresscode-api,56,56,1.0,https://github.com/padosoft/laravel-dresscode-api
Bettapro/Solar-Tracer-Blynk-V3,56,56,1.0,https://github.com/Bettapro/Solar-Tracer-Blynk-V3
queelag/core,56,56,1.0,https://github.com/queelag/core
SilviaMalavasi/IsZen,56,56,1.0,https://github.com/SilviaMalavasi/IsZen
AlexKing334/exampleAPL,56,56,1.0,https://github.com/AlexKing334/exampleAPL
JervNorsk/jervnorsk.github.io,56,56,1.0,https://github.com/JervNorsk/jervnorsk.github.io
matteolorenzoni/enjoy-network-tavoli,56,56,1.0,https://github.com/matteolorenzoni/enjoy-network-tavoli
NiccoloCase/spotlive-server,56,56,1.0,https://github.com/NiccoloCase/spotlive-server
Okazakee/okazakee.github.io,56,56,1.0,https://github.com/Okazakee/okazakee.github.io
unina-sfere/NN4OCMSP,56,56,1.0,https://github.com/unina-sfere/NN4OCMSP
FilippoFantinato/travelling-salesman-problem,56,56,1.0,https://github.com/FilippoFantinato/travelling-salesman-problem
ivandorte/test_,55,55,1.0,https://github.com/ivandorte/test_
afrigeri/pix2vec,55,55,1.0,https://github.com/afrigeri/pix2vec
DotHack88/dothack88.github.io,55,55,1.0,https://github.com/DotHack88/dothack88.github.io
EuracBiomedicalResearch/ifb_bioconductor_docker,55,55,1.0,https://github.com/EuracBiomedicalResearch/ifb_bioconductor_docker
paolino/chip8,55,55,1.0,https://github.com/paolino/chip8
apexiedev/hera,55,55,1.0,https://github.com/apexiedev/hera
MrPiada/ChessRepertoireGenerator,55,55,1.0,https://github.com/MrPiada/ChessRepertoireGenerator
pietrangelo/hello-world-javascript-action,55,55,1.0,https://github.com/pietrangelo/hello-world-javascript-action
remotia/paper-experiments,55,55,1.0,https://github.com/remotia/paper-experiments
f-corvaro/f-corvaro,55,55,1.0,https://github.com/f-corvaro/f-corvaro
CristianCosci/AGV-Project,55,55,1.0,https://github.com/CristianCosci/AGV-Project
pietrangelo/entando-keycloak,55,55,1.0,https://github.com/pietrangelo/entando-keycloak
xEnVrE/roft-samples,55,55,1.0,https://github.com/xEnVrE/roft-samples
iamBVC/Last-Oasis-Mods,53,55,0.9636363636363636,https://github.com/iamBVC/Last-Oasis-Mods
mcatta/polpetta,53,55,0.9636363636363636,https://github.com/mcatta/polpetta
AlessandroOnnis/react-exercises,55,55,1.0,https://github.com/AlessandroOnnis/react-exercises
SimoneAncona/info-blog,55,55,1.0,https://github.com/SimoneAncona/info-blog
BadIdeaFactory/skyppy,55,55,1.0,https://github.com/BadIdeaFactory/skyppy
Luca-x64/Anime-Jupiter,43,55,0.7818181818181819,https://github.com/Luca-x64/Anime-Jupiter
stefanogiagu/corso_AML_2023,55,55,1.0,https://github.com/stefanogiagu/corso_AML_2023
cdigruttola/falcon,55,55,1.0,https://github.com/cdigruttola/falcon
andreasalvucci/EmbeddedSystemsProject,55,55,1.0,https://github.com/andreasalvucci/EmbeddedSystemsProject
Stypox/NewPipe,49,55,0.8909090909090909,https://github.com/Stypox/NewPipe
Slamdunk/paratest,55,55,1.0,https://github.com/Slamdunk/paratest
SalaniLeo/Forecast,55,55,1.0,https://github.com/SalaniLeo/Forecast
misidori/42_cursus,55,55,1.0,https://github.com/misidori/42_cursus
rainbow-mango/pinata-central,55,55,1.0,https://github.com/rainbow-mango/pinata-central
vincent-vega/dotfiles,55,55,1.0,https://github.com/vincent-vega/dotfiles
mattianeroni/gefplus,55,55,1.0,https://github.com/mattianeroni/gefplus
mafrarrix/ansible-hexlet,55,55,1.0,https://github.com/mafrarrix/ansible-hexlet
ministero-salute/it-fse-gtw-validator,53,55,0.9636363636363636,https://github.com/ministero-salute/it-fse-gtw-validator
flgisimone/flgisimone,55,55,1.0,https://github.com/flgisimone/flgisimone
M4tteoP/coreruleset,53,55,0.9636363636363636,https://github.com/M4tteoP/coreruleset
ruggi99/postgres-meta,53,55,0.9636363636363636,https://github.com/ruggi99/postgres-meta
falcucci/changelog-it,55,55,1.0,https://github.com/falcucci/changelog-it
ToniBlaze/Modulo-2,55,55,1.0,https://github.com/ToniBlaze/Modulo-2
atrox3d/REAPER-black-hole-sun,55,55,1.0,https://github.com/atrox3d/REAPER-black-hole-sun
DragosTana/ML_Homework,55,55,1.0,https://github.com/DragosTana/ML_Homework
eugeniaring/OCR_project,55,55,1.0,https://github.com/eugeniaring/OCR_project
maccasoft/spin-tools,55,55,1.0,https://github.com/maccasoft/spin-tools
nicolaerario/fake-it-till-you-make-git,55,55,1.0,https://github.com/nicolaerario/fake-it-till-you-make-git
devmatteini/dotfiles,55,55,1.0,https://github.com/devmatteini/dotfiles
Onnwen/MathRevealer-Server,55,55,1.0,https://github.com/Onnwen/MathRevealer-Server
DomeT99/my-website,55,55,1.0,https://github.com/DomeT99/my-website
ziotom78/raytracing_course,55,55,1.0,https://github.com/ziotom78/raytracing_course
hashi-at-home/st2-nomad,54,55,0.9818181818181818,https://github.com/hashi-at-home/st2-nomad
emaiannone/siege,55,55,1.0,https://github.com/emaiannone/siege
angelobdev/webpdm,54,55,0.9818181818181818,https://github.com/angelobdev/webpdm
StefanoFrontini/github-dashboard,55,55,1.0,https://github.com/StefanoFrontini/github-dashboard
Gabri432/Sistemi_operativi,55,55,1.0,https://github.com/Gabri432/Sistemi_operativi
m-molinari/dotfiles,55,55,1.0,https://github.com/m-molinari/dotfiles
giuliopedicone02/Processing,55,55,1.0,https://github.com/giuliopedicone02/Processing
xiaomi-msm8953-devs/android_device_xiaomi_msm8953-common,55,55,1.0,https://github.com/xiaomi-msm8953-devs/android_device_xiaomi_msm8953-common
MarianBaba/cp-challenges,55,55,1.0,https://github.com/MarianBaba/cp-challenges
Jhoscy/poskycloud,55,55,1.0,https://github.com/Jhoscy/poskycloud
RobertoDiMattia/AteEsercizioTirocinio,55,55,1.0,https://github.com/RobertoDiMattia/AteEsercizioTirocinio
14wual/vkm,55,55,1.0,https://github.com/14wual/vkm
Tirasa/ConnId,55,55,1.0,https://github.com/Tirasa/ConnId
IncioMan/cosmos-undelegation-dashboard,55,55,1.0,https://github.com/IncioMan/cosmos-undelegation-dashboard
SignorPipo/wle-pp-dev,55,55,1.0,https://github.com/SignorPipo/wle-pp-dev
massibone/solid_geometry,55,55,1.0,https://github.com/massibone/solid_geometry
SignorPipo/wle_pp,55,55,1.0,https://github.com/SignorPipo/wle_pp
bodegalab/irescue,55,55,1.0,https://github.com/bodegalab/irescue
rdeioris/CompushadyUnreal,55,55,1.0,https://github.com/rdeioris/CompushadyUnreal
GiuseppeLanucara/angular-night-movies,55,55,1.0,https://github.com/GiuseppeLanucara/angular-night-movies
sickOscar/drops,55,55,1.0,https://github.com/sickOscar/drops
gabrieletassoni/thecore_ui_rails_admin,55,55,1.0,https://github.com/gabrieletassoni/thecore_ui_rails_admin
AndreaPossidente/food-ordering-app,55,55,1.0,https://github.com/AndreaPossidente/food-ordering-app
noi-techpark/parking-app,48,55,0.8727272727272727,https://github.com/noi-techpark/parking-app
l3ff4n0/guten-weather,55,55,1.0,https://github.com/l3ff4n0/guten-weather
StefanoPetrilli/aabrham,48,55,0.8727272727272727,https://github.com/StefanoPetrilli/aabrham
drvladbancila/riviera,55,55,1.0,https://github.com/drvladbancila/riviera
carmelopalumbo/vue-boolzapp,55,55,1.0,https://github.com/carmelopalumbo/vue-boolzapp
traversaro/recipes,55,55,1.0,https://github.com/traversaro/recipes
sbezverk/routercommander,55,55,1.0,https://github.com/sbezverk/routercommander
lstate/lstate.github.io,55,55,1.0,https://github.com/lstate/lstate.github.io
eestec-milan/web,44,55,0.8,https://github.com/eestec-milan/web
Genocs/genocs-library-docs,46,55,0.8363636363636363,https://github.com/Genocs/genocs-library-docs
GammaTauAI/opentau-test,46,55,0.8363636363636363,https://github.com/GammaTauAI/opentau-test
anselumana/bootstraps,55,55,1.0,https://github.com/anselumana/bootstraps
Allan-Nava/Docker-ffmpeg-nvenc,50,55,0.9090909090909092,https://github.com/Allan-Nava/Docker-ffmpeg-nvenc
xiaomi-lisa-devs/android_device_xiaomi_sm8350-common,55,55,1.0,https://github.com/xiaomi-lisa-devs/android_device_xiaomi_sm8350-common
Camila-Falaschi/Camila-Falaschi,55,55,1.0,https://github.com/Camila-Falaschi/Camila-Falaschi
HiWay-Media/handbrake-nvenc-docker-v2,50,55,0.9090909090909092,https://github.com/HiWay-Media/handbrake-nvenc-docker-v2
Pitasi/univrs,55,55,1.0,https://github.com/Pitasi/univrs
SimDeveloper-cripto/c_tcp_server_socket,55,55,1.0,https://github.com/SimDeveloper-cripto/c_tcp_server_socket
sifis-home/System-Protection-Manager,51,55,0.9272727272727272,https://github.com/sifis-home/System-Protection-Manager
Mattiamene1/TopologyDisplay-SDN,55,55,1.0,https://github.com/Mattiamene1/TopologyDisplay-SDN
gianlucadardia/modern-data-warehouse-dataops,55,55,1.0,https://github.com/gianlucadardia/modern-data-warehouse-dataops
gianlucadecola/Gymnasium,50,55,0.9090909090909092,https://github.com/gianlucadecola/Gymnasium
davidesalerno/kogito-builder,55,55,1.0,https://github.com/davidesalerno/kogito-builder
nicolegrillo/astrostatistics_bicocca_2023,55,55,1.0,https://github.com/nicolegrillo/astrostatistics_bicocca_2023
GoldenbyteTeam/GB_PROJECT,55,55,1.0,https://github.com/GoldenbyteTeam/GB_PROJECT
simone-arcari/Internet-Engineering-Project,55,55,1.0,https://github.com/simone-arcari/Internet-Engineering-Project
LucasLopesCaldas/auto-dash,55,55,1.0,https://github.com/LucasLopesCaldas/auto-dash
Shad0wGlitch/DeltUserbot,55,55,1.0,https://github.com/Shad0wGlitch/DeltUserbot
pasqualedevita/io-infra,55,55,1.0,https://github.com/pasqualedevita/io-infra
robyfofo/phplaravel,55,55,1.0,https://github.com/robyfofo/phplaravel
sickOscar/tanks,55,55,1.0,https://github.com/sickOscar/tanks
mateonunez/async-cache-dedupe,55,55,1.0,https://github.com/mateonunez/async-cache-dedupe
yannickBona/yannickBona,55,55,1.0,https://github.com/yannickBona/yannickBona
gbarzon/gbarzon.github.io,55,55,1.0,https://github.com/gbarzon/gbarzon.github.io
rdeago/AaaLib,55,55,1.0,https://github.com/rdeago/AaaLib
tteofili/modelmesh,55,55,1.0,https://github.com/tteofili/modelmesh
roberrevil/StorageX,55,55,1.0,https://github.com/roberrevil/StorageX
nicofretti/flink_experiment,55,55,1.0,https://github.com/nicofretti/flink_experiment
pameruoso/OpenWRT-Zyxel-EX5601-T0,55,55,1.0,https://github.com/pameruoso/OpenWRT-Zyxel-EX5601-T0
aziis98/website-2023,54,54,1.0,https://github.com/aziis98/website-2023
desmodrone/desmodrone.github.io,54,54,1.0,https://github.com/desmodrone/desmodrone.github.io
ReadingMonkey/pattinaggioconselve,54,54,1.0,https://github.com/ReadingMonkey/pattinaggioconselve
TheFaither/ecoexplorer,54,54,1.0,https://github.com/TheFaither/ecoexplorer
peazip/peazip.github.io,54,54,1.0,https://github.com/peazip/peazip.github.io
ZeroWk-EM/Tic-Tac-Toe,54,54,1.0,https://github.com/ZeroWk-EM/Tic-Tac-Toe
nicolgit/hub-and-spoke-playground,54,54,1.0,https://github.com/nicolgit/hub-and-spoke-playground
Retr0100/VirgilAI,54,54,1.0,https://github.com/Retr0100/VirgilAI
eliax1996/tldr,51,54,0.9444444444444444,https://github.com/eliax1996/tldr
ThanaphonLeonardi/exprob-assignment1,54,54,1.0,https://github.com/ThanaphonLeonardi/exprob-assignment1
aldotele/world-proxy,54,54,1.0,https://github.com/aldotele/world-proxy
fvictorio/test-repo,54,54,1.0,https://github.com/fvictorio/test-repo
ifad/colore,47,54,0.8703703703703703,https://github.com/ifad/colore
munapPTplants/munapmap,54,54,1.0,https://github.com/munapPTplants/munapmap
rosariomoscato/time_series_wizard,54,54,1.0,https://github.com/rosariomoscato/time_series_wizard
StefanoBerti/ErgoCub-Visual-Perception,54,54,1.0,https://github.com/StefanoBerti/ErgoCub-Visual-Perception
CarloLucibello/HuggingFaceDatasets.jl,43,54,0.7962962962962963,https://github.com/CarloLucibello/HuggingFaceDatasets.jl
sepideh-shamsizadeh/GuidingRobot,54,54,1.0,https://github.com/sepideh-shamsizadeh/GuidingRobot
ADS-laboratory/fractional-period,49,54,0.9074074074074074,https://github.com/ADS-laboratory/fractional-period
bonomip/CapsNetwork,54,54,1.0,https://github.com/bonomip/CapsNetwork
AlessandroDodi/shop_flutter_app,54,54,1.0,https://github.com/AlessandroDodi/shop_flutter_app
djomoutresor1/wharehouse-fe,53,54,0.9814814814814816,https://github.com/djomoutresor1/wharehouse-fe
cassanof/safe-llvm,53,54,0.9814814814814816,https://github.com/cassanof/safe-llvm
Xample33/Rainbow-Six-Auto-Renown-Farm,53,54,0.9814814814814816,https://github.com/Xample33/Rainbow-Six-Auto-Renown-Farm
Neelith/FinealthClient,54,54,1.0,https://github.com/Neelith/FinealthClient
saloniamatteo/kernel,54,54,1.0,https://github.com/saloniamatteo/kernel
fmselab/ct-competition,54,54,1.0,https://github.com/fmselab/ct-competition
DavideCanton/rust-tetris,54,54,1.0,https://github.com/DavideCanton/rust-tetris
Indamutsa/advanced-query,54,54,1.0,https://github.com/Indamutsa/advanced-query
PandaSekh/lepre,45,54,0.8333333333333334,https://github.com/PandaSekh/lepre
goto-eof/oh_telemetry_collector_load_test,54,54,1.0,https://github.com/goto-eof/oh_telemetry_collector_load_test
Liturgical-Calendar/examples,50,54,0.925925925925926,https://github.com/Liturgical-Calendar/examples
Dizz02/APP-OIN-AIRDROP,54,54,1.0,https://github.com/Dizz02/APP-OIN-AIRDROP
matteogambella/ConfidenceBranchNetwok,54,54,1.0,https://github.com/matteogambella/ConfidenceBranchNetwok
1ilir0lika/1ilir0lika.github.io,54,54,1.0,https://github.com/1ilir0lika/1ilir0lika.github.io
iEnderman55/iEnderman55.github.io,54,54,1.0,https://github.com/iEnderman55/iEnderman55.github.io
giacomomaggiore/library,54,54,1.0,https://github.com/giacomomaggiore/library
AndyDL24/ProjectZomboidTranslations,54,54,1.0,https://github.com/AndyDL24/ProjectZomboidTranslations
FedeDP/Clightd,54,54,1.0,https://github.com/FedeDP/Clightd
Stepness/Metrics-Dashboard,54,54,1.0,https://github.com/Stepness/Metrics-Dashboard
tommaso-ascani/Microsoft-Rewards-bot,54,54,1.0,https://github.com/tommaso-ascani/Microsoft-Rewards-bot
giorgiopizz/mkShapesRDF,54,54,1.0,https://github.com/giorgiopizz/mkShapesRDF
devpelux/terravibe,54,54,1.0,https://github.com/devpelux/terravibe
dawe/scatACC,54,54,1.0,https://github.com/dawe/scatACC
iqnite/ftkl-digital-dice,54,54,1.0,https://github.com/iqnite/ftkl-digital-dice
mfortini/padigitale2026-opendata,50,54,0.925925925925926,https://github.com/mfortini/padigitale2026-opendata
alikon/testcom,54,54,1.0,https://github.com/alikon/testcom
ecmwf-projects/cads-broker,54,54,1.0,https://github.com/ecmwf-projects/cads-broker
AleDema/ICTdays-Workshop-NFT,54,54,1.0,https://github.com/AleDema/ICTdays-Workshop-NFT
Pucchosa/Negozio,54,54,1.0,https://github.com/Pucchosa/Negozio
simonediberardino/BomberMan,54,54,1.0,https://github.com/simonediberardino/BomberMan
datocms/cli,54,54,1.0,https://github.com/datocms/cli
ilmanzo/opensuse-jobgroups,54,54,1.0,https://github.com/ilmanzo/opensuse-jobgroups
tranchitella/deployments,54,54,1.0,https://github.com/tranchitella/deployments
PaoloB98/PWMD-Compose,54,54,1.0,https://github.com/PaoloB98/PWMD-Compose
albibenni/tree-js-website,54,54,1.0,https://github.com/albibenni/tree-js-website
edoardottt/boggart,54,54,1.0,https://github.com/edoardottt/boggart
seve-andre/casine,54,54,1.0,https://github.com/seve-andre/casine
DiVitoTommaso/Jlambda,54,54,1.0,https://github.com/DiVitoTommaso/Jlambda
Pigrecos/TensorFlow.Delphi,54,54,1.0,https://github.com/Pigrecos/TensorFlow.Delphi
nlpodyssey/verbaflow,46,54,0.8518518518518519,https://github.com/nlpodyssey/verbaflow
pagopa/pagopa-ecommerce-dashboard,46,54,0.8518518518518519,https://github.com/pagopa/pagopa-ecommerce-dashboard
vfeder6/Networking,54,54,1.0,https://github.com/vfeder6/Networking
PashaIanko/Robust-Feature-Selection,54,54,1.0,https://github.com/PashaIanko/Robust-Feature-Selection
YIN-Renlong/Title-to-URL,54,54,1.0,https://github.com/YIN-Renlong/Title-to-URL
frame88/people-herd,54,54,1.0,https://github.com/frame88/people-herd
cero1988/vim,54,54,1.0,https://github.com/cero1988/vim
staysub/helm-push-action,54,54,1.0,https://github.com/staysub/helm-push-action
cmargiotta/dotfiles,54,54,1.0,https://github.com/cmargiotta/dotfiles
LeddaZ/ReVancedUpdater,54,54,1.0,https://github.com/LeddaZ/ReVancedUpdater
msalvati1997/MKP_gomorycuts,54,54,1.0,https://github.com/msalvati1997/MKP_gomorycuts
ReLoia/ReLoia.github.io,54,54,1.0,https://github.com/ReLoia/ReLoia.github.io
AcanforaGiuseppe/Unity3D,54,54,1.0,https://github.com/AcanforaGiuseppe/Unity3D
LeonardoCahuas/JS-Exercises,54,54,1.0,https://github.com/LeonardoCahuas/JS-Exercises
BarbeMCR/mlmcr,54,54,1.0,https://github.com/BarbeMCR/mlmcr
bitpredator/es_extendedv2,54,54,1.0,https://github.com/bitpredator/es_extendedv2
nickciava98/gevi,54,54,1.0,https://github.com/nickciava98/gevi
sh1zen/WhisperMateBot,54,54,1.0,https://github.com/sh1zen/WhisperMateBot
ARPA-SIMC/agroTools,52,54,0.9629629629629628,https://github.com/ARPA-SIMC/agroTools
pauloxnet/django,48,54,0.8888888888888888,https://github.com/pauloxnet/django
undrivendev/HumbleMediator,54,54,1.0,https://github.com/undrivendev/HumbleMediator
Francesco601/computer_science,48,54,0.8888888888888888,https://github.com/Francesco601/computer_science
danielfalbo/algorithms,54,54,1.0,https://github.com/danielfalbo/algorithms
Salvo170586SP/ristorante_menu,54,54,1.0,https://github.com/Salvo170586SP/ristorante_menu
demichie/OpenPDAC-dev,54,54,1.0,https://github.com/demichie/OpenPDAC-dev
mbarulli/nostr-logo,54,54,1.0,https://github.com/mbarulli/nostr-logo
Athena-OS/athena-core-docker,54,54,1.0,https://github.com/Athena-OS/athena-core-docker
OleksandrOleksyuk/Ecommerce-MCT,54,54,1.0,https://github.com/OleksandrOleksyuk/Ecommerce-MCT
danielabrozzoni/rust-hwi,54,54,1.0,https://github.com/danielabrozzoni/rust-hwi
billy4479/server-tool,54,54,1.0,https://github.com/billy4479/server-tool
albertodvp/learning-haskell,54,54,1.0,https://github.com/albertodvp/learning-haskell
0xDEMXN/dx_hud,54,54,1.0,https://github.com/0xDEMXN/dx_hud
pitmonticone/OpenLogic,54,54,1.0,https://github.com/pitmonticone/OpenLogic
irefill/irefill.github.io,42,54,0.7777777777777778,https://github.com/irefill/irefill.github.io
peppe-99/MNI-Assignments,54,54,1.0,https://github.com/peppe-99/MNI-Assignments
alexcasalboni/aws-lambda-power-tuning,54,54,1.0,https://github.com/alexcasalboni/aws-lambda-power-tuning
zagoli/capacitated-mapd,42,54,0.7777777777777778,https://github.com/zagoli/capacitated-mapd
NeapolitanDevs/che-beviamo,54,54,1.0,https://github.com/NeapolitanDevs/che-beviamo
danielfalbo/dotfiles,54,54,1.0,https://github.com/danielfalbo/dotfiles
0ri0nRo/mainBD1,54,54,1.0,https://github.com/0ri0nRo/mainBD1
manueldiagostino/MdP,54,54,1.0,https://github.com/manueldiagostino/MdP
bsorrentino/bsorrentino,54,54,1.0,https://github.com/bsorrentino/bsorrentino
amarzial/advent_of_code,54,54,1.0,https://github.com/amarzial/advent_of_code
albarbaro/deploy,54,54,1.0,https://github.com/albarbaro/deploy
hesptech/flutter_black_white,54,54,1.0,https://github.com/hesptech/flutter_black_white
AlessandroPagliuca/proj-html-vuejs,54,54,1.0,https://github.com/AlessandroPagliuca/proj-html-vuejs
sisinflab/Graph-Review,54,54,1.0,https://github.com/sisinflab/Graph-Review
progettazionemauro/flask_template,53,53,1.0,https://github.com/progettazionemauro/flask_template
giovannipacelli2/alimentazione,53,53,1.0,https://github.com/giovannipacelli2/alimentazione
fbrand-new/yarp-devices-ros2,53,53,1.0,https://github.com/fbrand-new/yarp-devices-ros2
NickVanzo/GameProgramming23,53,53,1.0,https://github.com/NickVanzo/GameProgramming23
SimoMett/MycologyMC,53,53,1.0,https://github.com/SimoMett/MycologyMC
DaniAffCH/litepose-pose-estimation,53,53,1.0,https://github.com/DaniAffCH/litepose-pose-estimation
francesco-paderi/portfolio,53,53,1.0,https://github.com/francesco-paderi/portfolio
lauramoremar/lauramoremar.github.io,53,53,1.0,https://github.com/lauramoremar/lauramoremar.github.io
dev-andreavendrame/poison_essence,53,53,1.0,https://github.com/dev-andreavendrame/poison_essence
i0466lt/mustang_streamer,53,53,1.0,https://github.com/i0466lt/mustang_streamer
bitpredator/fivem-lua-lint-action,47,53,0.8867924528301887,https://github.com/bitpredator/fivem-lua-lint-action
tiraboschi/cnv-fbc,53,53,1.0,https://github.com/tiraboschi/cnv-fbc
Alestore/alestore.github.io,53,53,1.0,https://github.com/Alestore/alestore.github.io
ggiuliopirotta/bemacs_30509,53,53,1.0,https://github.com/ggiuliopirotta/bemacs_30509
davideperrotta/davideperrotta.github.io,53,53,1.0,https://github.com/davideperrotta/davideperrotta.github.io
borinsimone/meditation-webapp,53,53,1.0,https://github.com/borinsimone/meditation-webapp
nigrosimone/ng-http-caching,53,53,1.0,https://github.com/nigrosimone/ng-http-caching
logo94/Annif-corpus-toolkit,53,53,1.0,https://github.com/logo94/Annif-corpus-toolkit
matteocontrini/blog,53,53,1.0,https://github.com/matteocontrini/blog
cristopherturazza/FlowBook,53,53,1.0,https://github.com/cristopherturazza/FlowBook
LorenzDev00/Cloud-Administration,53,53,1.0,https://github.com/LorenzDev00/Cloud-Administration
Uaitt/ruby_exercism,53,53,1.0,https://github.com/Uaitt/ruby_exercism
StingraySoftware/HENDRICS,53,53,1.0,https://github.com/StingraySoftware/HENDRICS
ahp-electronics/libahp-xc,53,53,1.0,https://github.com/ahp-electronics/libahp-xc
fondesa/notes,53,53,1.0,https://github.com/fondesa/notes
jotadagostin/Mazzini_suite,53,53,1.0,https://github.com/jotadagostin/Mazzini_suite
pagopa/idpay-lolab-payment,40,53,0.7547169811320755,https://github.com/pagopa/idpay-lolab-payment
mandugo/mandugo.github.io,53,53,1.0,https://github.com/mandugo/mandugo.github.io
AlessandroADG/project_examples,53,53,1.0,https://github.com/AlessandroADG/project_examples
Daniel203/path-finding-visualizer,51,53,0.9622641509433962,https://github.com/Daniel203/path-finding-visualizer
fab464654/MasterThesisSoftGripper,53,53,1.0,https://github.com/fab464654/MasterThesisSoftGripper
dniero95/ITSQuiz,49,53,0.9245283018867924,https://github.com/dniero95/ITSQuiz
pieroproietti/eggs-pkgbuilds,53,53,1.0,https://github.com/pieroproietti/eggs-pkgbuilds
Allan-Nava/fakeyou.go,51,53,0.9622641509433962,https://github.com/Allan-Nava/fakeyou.go
alikon/agedetector,53,53,1.0,https://github.com/alikon/agedetector
yuji-luigi/flatmates-api,53,53,1.0,https://github.com/yuji-luigi/flatmates-api
Interconnected-project/broker_service,45,53,0.8490566037735849,https://github.com/Interconnected-project/broker_service
Stefanomarton/thesis,45,53,0.8490566037735849,https://github.com/Stefanomarton/thesis
MarcoIeni/marco-crate-example,45,53,0.8490566037735849,https://github.com/MarcoIeni/marco-crate-example
csunibo/lab,53,53,1.0,https://github.com/csunibo/lab
ilteoood/axshare-wireframe-exporter,51,53,0.9622641509433962,https://github.com/ilteoood/axshare-wireframe-exporter
leoBitto/restaurant,53,53,1.0,https://github.com/leoBitto/restaurant
dariosortino/testci_multicore,53,53,1.0,https://github.com/dariosortino/testci_multicore
followynne/advent-code-2022,45,53,0.8490566037735849,https://github.com/followynne/advent-code-2022
grussorusso/grussorusso.github.io,53,53,1.0,https://github.com/grussorusso/grussorusso.github.io
queelag/web,53,53,1.0,https://github.com/queelag/web
paololazzari/terraform-repl,53,53,1.0,https://github.com/paololazzari/terraform-repl
cl3mente/pocs2_assignments,53,53,1.0,https://github.com/cl3mente/pocs2_assignments
tcamin/llvm-project,53,53,1.0,https://github.com/tcamin/llvm-project
marcominerva/ChatGptPlayground,53,53,1.0,https://github.com/marcominerva/ChatGptPlayground
albertus82/relatable-storage,53,53,1.0,https://github.com/albertus82/relatable-storage
fmount/ci-framework,52,53,0.981132075471698,https://github.com/fmount/ci-framework
EthereansOS/ETHComputationalOrgs,52,53,0.981132075471698,https://github.com/EthereansOS/ETHComputationalOrgs
Bellisario/profilator,52,53,0.981132075471698,https://github.com/Bellisario/profilator
VaiTon/UniBo-IngInfo,53,53,1.0,https://github.com/VaiTon/UniBo-IngInfo
PaoloCatalano/Miu_Station_Store,53,53,1.0,https://github.com/PaoloCatalano/Miu_Station_Store
cotestatnt/esp-fs-webserver,53,53,1.0,https://github.com/cotestatnt/esp-fs-webserver
kajyr/tree,41,53,0.7735849056603774,https://github.com/kajyr/tree
alantheandroid/esercizi-academy-stackhouse,53,53,1.0,https://github.com/alantheandroid/esercizi-academy-stackhouse
antobzzll/antobzzll.github.io,53,53,1.0,https://github.com/antobzzll/antobzzll.github.io
nappa85/aoc_2022,53,53,1.0,https://github.com/nappa85/aoc_2022
gianmarcocr/Differential-Forms,46,53,0.8679245283018868,https://github.com/gianmarcocr/Differential-Forms
alessandro-bugatti/appunti_terza,53,53,1.0,https://github.com/alessandro-bugatti/appunti_terza
marcorivera92/esercitazioni-cb5,53,53,1.0,https://github.com/marcorivera92/esercitazioni-cb5
beliven-it/homebrew-tap,53,53,1.0,https://github.com/beliven-it/homebrew-tap
Dudo1985/Movie-Helper,53,53,1.0,https://github.com/Dudo1985/Movie-Helper
AliceRivi14/Assignment2_ExpRoLab,53,53,1.0,https://github.com/AliceRivi14/Assignment2_ExpRoLab
gabri-al/recommender_system,53,53,1.0,https://github.com/gabri-al/recommender_system
dentex/dentex.github.io,53,53,1.0,https://github.com/dentex/dentex.github.io
gabrieleOrtolani/RobotAntropomorfo,48,53,0.9056603773584906,https://github.com/gabrieleOrtolani/RobotAntropomorfo
mrizzi/windup-web,50,53,0.9433962264150944,https://github.com/mrizzi/windup-web
DavideCarletto/CLionProjects,53,53,1.0,https://github.com/DavideCarletto/CLionProjects
Evan-Roberts-808/folio,53,53,1.0,https://github.com/Evan-Roberts-808/folio
iamleot/thesis-playground,53,53,1.0,https://github.com/iamleot/thesis-playground
vincenzobucciero/Operating-System,53,53,1.0,https://github.com/vincenzobucciero/Operating-System
BachoSeven/aur,53,53,1.0,https://github.com/BachoSeven/aur
endorama/apm-queue,52,53,0.981132075471698,https://github.com/endorama/apm-queue
headlessuigm/headlessui,53,53,1.0,https://github.com/headlessuigm/headlessui
volkanozsarac/EzGM,53,53,1.0,https://github.com/volkanozsarac/EzGM
Engrima18/CosmicSplines,53,53,1.0,https://github.com/Engrima18/CosmicSplines
MattSini912/mschat,53,53,1.0,https://github.com/MattSini912/mschat
fbrand-new/yarp,53,53,1.0,https://github.com/fbrand-new/yarp
vicvega/chaltron-template,53,53,1.0,https://github.com/vicvega/chaltron-template
circolodelre/circolodelre.it,53,53,1.0,https://github.com/circolodelre/circolodelre.it
Woolfrey/SimpleQPSolver,53,53,1.0,https://github.com/Woolfrey/SimpleQPSolver
andyts93/aphelian-bot,53,53,1.0,https://github.com/andyts93/aphelian-bot
tanis2000/binocle-c,53,53,1.0,https://github.com/tanis2000/binocle-c
MarcoInchingoli89/vite-vue-games-manager-project,53,53,1.0,https://github.com/MarcoInchingoli89/vite-vue-games-manager-project
luftmensch-luftmensch/neovim-flake,53,53,1.0,https://github.com/luftmensch-luftmensch/neovim-flake
MatteoGuadrini/mkpl,53,53,1.0,https://github.com/MatteoGuadrini/mkpl
zeufi/ebanking,53,53,1.0,https://github.com/zeufi/ebanking
SamueleRamellini/samueleramellini.github.io,53,53,1.0,https://github.com/SamueleRamellini/samueleramellini.github.io
Mello-Bot/pymumble-typed,53,53,1.0,https://github.com/Mello-Bot/pymumble-typed
Trorker/screensaver,53,53,1.0,https://github.com/Trorker/screensaver
davideciuffreda/parallel,53,53,1.0,https://github.com/davideciuffreda/parallel
MikOfClassX/gdx-gltf,53,53,1.0,https://github.com/MikOfClassX/gdx-gltf
bettellam/CTRN_VENETO,53,53,1.0,https://github.com/bettellam/CTRN_VENETO
pameruoso/openwrt-ex5601t0-porting,53,53,1.0,https://github.com/pameruoso/openwrt-ex5601t0-porting
datocms/status-website,53,53,1.0,https://github.com/datocms/status-website
soghaatol/ls95,53,53,1.0,https://github.com/soghaatol/ls95
DRincs-Productions/Snake-Game-RenpyGame,52,52,1.0,https://github.com/DRincs-Productions/Snake-Game-RenpyGame
gmeoli/gmeoli,52,52,1.0,https://github.com/gmeoli/gmeoli
lucotto/cpp_ascii_snake,52,52,1.0,https://github.com/lucotto/cpp_ascii_snake
mcaimi/k8s-demo-argocd,52,52,1.0,https://github.com/mcaimi/k8s-demo-argocd
youmi-zym/youmi-zym.github.io,52,52,1.0,https://github.com/youmi-zym/youmi-zym.github.io
mlocati/community_store,52,52,1.0,https://github.com/mlocati/community_store
Nerdomante/NasaAPOD,52,52,1.0,https://github.com/Nerdomante/NasaAPOD
maxill1/addons,43,52,0.8269230769230769,https://github.com/maxill1/addons
roby-ianny/LISPLikeInterpreter,52,52,1.0,https://github.com/roby-ianny/LISPLikeInterpreter
wolf4ood/tx-tutorial-resources,41,52,0.7884615384615384,https://github.com/wolf4ood/tx-tutorial-resources
Torfab/adventOfCode2022,52,52,1.0,https://github.com/Torfab/adventOfCode2022
datocms/gatsby-source-datocms,40,52,0.7692307692307693,https://github.com/datocms/gatsby-source-datocms
ItsVixano/ih8sn,52,52,1.0,https://github.com/ItsVixano/ih8sn
nethesis/nethvoice-report,41,52,0.7884615384615384,https://github.com/nethesis/nethvoice-report
salvorusso/BoilerDigitalTwin,52,52,1.0,https://github.com/salvorusso/BoilerDigitalTwin
daqo98/k8s-vertical-scale-to-zero,40,52,0.7692307692307693,https://github.com/daqo98/k8s-vertical-scale-to-zero
davidemaggi/k2s,52,52,1.0,https://github.com/davidemaggi/k2s
lynxnb/CLoverLeaf_Serial,52,52,1.0,https://github.com/lynxnb/CLoverLeaf_Serial
Dom-Mac/governance-docs,52,52,1.0,https://github.com/Dom-Mac/governance-docs
PaoloLaurenti/coffee-machine-kata-rust,52,52,1.0,https://github.com/PaoloLaurenti/coffee-machine-kata-rust
mvenditto/SnmpDotNet,52,52,1.0,https://github.com/mvenditto/SnmpDotNet
IrisDuMutel/ATIMini40_software,51,52,0.9807692307692308,https://github.com/IrisDuMutel/ATIMini40_software
LucaAngioloni/.dotfiles,52,52,1.0,https://github.com/LucaAngioloni/.dotfiles
davmacario/ICTforHealth,52,52,1.0,https://github.com/davmacario/ICTforHealth
giulio-camuffo/giulio-camuffo.github.io,52,52,1.0,https://github.com/giulio-camuffo/giulio-camuffo.github.io
ciccio42/mosaic,52,52,1.0,https://github.com/ciccio42/mosaic
Byloth/vuert,52,52,1.0,https://github.com/Byloth/vuert
RedShy/prova_web_apps.github.io,52,52,1.0,https://github.com/RedShy/prova_web_apps.github.io
tomdu3/Hackteam-6,51,52,0.9807692307692308,https://github.com/tomdu3/Hackteam-6
capitanfuturo/capitanfuturo.github.io,52,52,1.0,https://github.com/capitanfuturo/capitanfuturo.github.io
zedr/tinycols,52,52,1.0,https://github.com/zedr/tinycols
alekyari/edgemony-esercizi,52,52,1.0,https://github.com/alekyari/edgemony-esercizi
Quammsrl/ecommerce-airness-checkout,51,52,0.9807692307692308,https://github.com/Quammsrl/ecommerce-airness-checkout
M1keCodingProjects/GLIDE,52,52,1.0,https://github.com/M1keCodingProjects/GLIDE
Guray00/polito_lectures,52,52,1.0,https://github.com/Guray00/polito_lectures
dennybiasiolli/vuex-to-pinia-vue3,46,52,0.8846153846153846,https://github.com/dennybiasiolli/vuex-to-pinia-vue3
lynerist/GPSound,46,52,0.8846153846153846,https://github.com/lynerist/GPSound
NDZL/-blog-EMDK_FOR_MAUI,52,52,1.0,https://github.com/NDZL/-blog-EMDK_FOR_MAUI
proedis/Npm.Suite,52,52,1.0,https://github.com/proedis/Npm.Suite
OsemaFadhel/pushswap,52,52,1.0,https://github.com/OsemaFadhel/pushswap
sebastianomelita/mvcphp,52,52,1.0,https://github.com/sebastianomelita/mvcphp
defstudio/dock-v1,51,52,0.9807692307692308,https://github.com/defstudio/dock-v1
Sawii00/x-heep,51,52,0.9807692307692308,https://github.com/Sawii00/x-heep
EddyTheCo/account,52,52,1.0,https://github.com/EddyTheCo/account
Alessandro190320/Razzo,52,52,1.0,https://github.com/Alessandro190320/Razzo
DinamicheAziendali/graphite-sh,52,52,1.0,https://github.com/DinamicheAziendali/graphite-sh
Carloteka/carloteka_back,52,52,1.0,https://github.com/Carloteka/carloteka_back
AlessandroCavaglia/Natural_Language_Techniques,52,52,1.0,https://github.com/AlessandroCavaglia/Natural_Language_Techniques
ccaudek/ccaudek,52,52,1.0,https://github.com/ccaudek/ccaudek
IZSAM-StatGIS/TdF-data,52,52,1.0,https://github.com/IZSAM-StatGIS/TdF-data
giubacc/s3gw,52,52,1.0,https://github.com/giubacc/s3gw
nicktaormina3/nicktaormina3.github.io,52,52,1.0,https://github.com/nicktaormina3/nicktaormina3.github.io
AntonioBL/MuseScore,52,52,1.0,https://github.com/AntonioBL/MuseScore
tommaso-caputi/fast-ftp,52,52,1.0,https://github.com/tommaso-caputi/fast-ftp
gianlucarenzi/stalker,52,52,1.0,https://github.com/gianlucarenzi/stalker
albicchiere/api-docs,49,52,0.9423076923076924,https://github.com/albicchiere/api-docs
mirko93s/btd6farmer,52,52,1.0,https://github.com/mirko93s/btd6farmer
vitodtagliente/vdtreflect,52,52,1.0,https://github.com/vitodtagliente/vdtreflect
MassimilianoBiancucci/COIGAN-controllable-object-inpainting,52,52,1.0,https://github.com/MassimilianoBiancucci/COIGAN-controllable-object-inpainting
Albe83/DSL-Lib,52,52,1.0,https://github.com/Albe83/DSL-Lib
iamgio/rubiksworld,52,52,1.0,https://github.com/iamgio/rubiksworld
rejetto/thumbnails,52,52,1.0,https://github.com/rejetto/thumbnails
Mxo01/Personal-Website,52,52,1.0,https://github.com/Mxo01/Personal-Website
sanketsans/sanketsans.github.io,52,52,1.0,https://github.com/sanketsans/sanketsans.github.io
fefox97/fefox97,52,52,1.0,https://github.com/fefox97/fefox97
enricomors/cdmo_vlsi,46,52,0.8846153846153846,https://github.com/enricomors/cdmo_vlsi
lichfolky/corso-git-2023,52,52,1.0,https://github.com/lichfolky/corso-git-2023
scasolari/pdv-project-placedv-ai-v1,52,52,1.0,https://github.com/scasolari/pdv-project-placedv-ai-v1
romenti/RHistDemo,52,52,1.0,https://github.com/romenti/RHistDemo
Mojang/entt,52,52,1.0,https://github.com/Mojang/entt
neeco1991/volds,52,52,1.0,https://github.com/neeco1991/volds
davassi/yarer,52,52,1.0,https://github.com/davassi/yarer
giorgioGTelian/HTML_CSS_JS_playground,52,52,1.0,https://github.com/giorgioGTelian/HTML_CSS_JS_playground
pagopa/io-azure-devops,45,52,0.8653846153846154,https://github.com/pagopa/io-azure-devops
francescopioscognamiglio/pythonExercises,52,52,1.0,https://github.com/francescopioscognamiglio/pythonExercises
DennisTurco/Ingegneria-del-Software,52,52,1.0,https://github.com/DennisTurco/Ingegneria-del-Software
RoBYCoNTe/superset,52,52,1.0,https://github.com/RoBYCoNTe/superset
alegrey91/fwdctl,50,52,0.9615384615384616,https://github.com/alegrey91/fwdctl
mlongo03/42so_long,52,52,1.0,https://github.com/mlongo03/42so_long
Backend2121/SimpleThingsProvider,52,52,1.0,https://github.com/Backend2121/SimpleThingsProvider
Francesco-Voto/react-native-biometrics-scanner,52,52,1.0,https://github.com/Francesco-Voto/react-native-biometrics-scanner
PiovaD/fs0422-Dario-Piovani,52,52,1.0,https://github.com/PiovaD/fs0422-Dario-Piovani
J6idot/android_device_x606x,52,52,1.0,https://github.com/J6idot/android_device_x606x
rikvik2006/school-board-game,52,52,1.0,https://github.com/rikvik2006/school-board-game
ubuntu/gnome-shell-extension-appindicator,52,52,1.0,https://github.com/ubuntu/gnome-shell-extension-appindicator
izzius94/node-crypter,52,52,1.0,https://github.com/izzius94/node-crypter
AlexPaganucci/CorsoEpicode,52,52,1.0,https://github.com/AlexPaganucci/CorsoEpicode
tgiachi/VegaRL,52,52,1.0,https://github.com/tgiachi/VegaRL
giacomocavalieri/stdlib,52,52,1.0,https://github.com/giacomocavalieri/stdlib
mfrancisc/registration-service,50,52,0.9615384615384616,https://github.com/mfrancisc/registration-service
lucafabbri/raql,52,52,1.0,https://github.com/lucafabbri/raql
spintheweb/studio,50,52,0.9615384615384616,https://github.com/spintheweb/studio
Frasan00/chat-app-react-mqtt-mongodb-,52,52,1.0,https://github.com/Frasan00/chat-app-react-mqtt-mongodb-
OntoUML/ontouml-validator,50,52,0.9615384615384616,https://github.com/OntoUML/ontouml-validator
fghio/fghio.github.io,52,52,1.0,https://github.com/fghio/fghio.github.io
cekkr/AutoInvert-Chrome,52,52,1.0,https://github.com/cekkr/AutoInvert-Chrome
frangio68/Min-Cost-Flow-Class,48,51,0.9411764705882352,https://github.com/frangio68/Min-Cost-Flow-Class
TrishaReal/MyPortfolio2023,51,51,1.0,https://github.com/TrishaReal/MyPortfolio2023
spaziochirale/teris,51,51,1.0,https://github.com/spaziochirale/teris
tony-capelli/100-Days-UIKit,51,51,1.0,https://github.com/tony-capelli/100-Days-UIKit
Xtended-Devices/android_device_realme_sm8250-common,51,51,1.0,https://github.com/Xtended-Devices/android_device_realme_sm8250-common
dMajoIT/harbor,51,51,1.0,https://github.com/dMajoIT/harbor
jadebowl/CustomAlertView,51,51,1.0,https://github.com/jadebowl/CustomAlertView
meloalfa159/kernel_xiaomi_sm6150,51,51,1.0,https://github.com/meloalfa159/kernel_xiaomi_sm6150
peppemig/canticum,51,51,1.0,https://github.com/peppemig/canticum
measurify/model-registry,48,51,0.9411764705882352,https://github.com/measurify/model-registry
dzanotelli/chino,51,51,1.0,https://github.com/dzanotelli/chino
MrSeekino/FluentHelper.EntityFrameworkCore,51,51,1.0,https://github.com/MrSeekino/FluentHelper.EntityFrameworkCore
AkasakaRyuunoske/Utsu-P-WIki,51,51,1.0,https://github.com/AkasakaRyuunoske/Utsu-P-WIki
tidalwave-it/mistral-src,51,51,1.0,https://github.com/tidalwave-it/mistral-src
ciccio42/Multi-Task-LFD-Training-Framework,51,51,1.0,https://github.com/ciccio42/Multi-Task-LFD-Training-Framework
Unipg-Racing-Team/GUI,51,51,1.0,https://github.com/Unipg-Racing-Team/GUI
falcucci/f1-world-championship-api,39,51,0.7647058823529411,https://github.com/falcucci/f1-world-championship-api
saturn99/open-film-server,51,51,1.0,https://github.com/saturn99/open-film-server
DanySK/lss-deleted-soon,49,51,0.9607843137254902,https://github.com/DanySK/lss-deleted-soon
Marco4413/png,51,51,1.0,https://github.com/Marco4413/png
aldosr/low-fract-framework,51,51,1.0,https://github.com/aldosr/low-fract-framework
davidesalerno/kogito-images,49,51,0.9607843137254902,https://github.com/davidesalerno/kogito-images
Luca-Ilari/Expense-tracker-nextjs,51,51,1.0,https://github.com/Luca-Ilari/Expense-tracker-nextjs
alipanahi/airbnb-clone,40,51,0.7843137254901961,https://github.com/alipanahi/airbnb-clone
hyperaudio/hyperaudio-lite,51,51,1.0,https://github.com/hyperaudio/hyperaudio-lite
steromano87/karbonite,51,51,1.0,https://github.com/steromano87/karbonite
ministero-salute/it-fse-srv-dictionary,50,51,0.9803921568627452,https://github.com/ministero-salute/it-fse-srv-dictionary
arichiavegato/COMMIT,51,51,1.0,https://github.com/arichiavegato/COMMIT
unibz-core/Scior-Tester,50,51,0.9803921568627452,https://github.com/unibz-core/Scior-Tester
GianVriz/Statistical-Consulting-Analysis-of-extreme-rainfall-events,51,51,1.0,https://github.com/GianVriz/Statistical-Consulting-Analysis-of-extreme-rainfall-events
Amzd/swift-cross-ui,50,51,0.9803921568627452,https://github.com/Amzd/swift-cross-ui
manuelscurti/backstage,50,51,0.9803921568627452,https://github.com/manuelscurti/backstage
Vaccarini-Lorenzo/Academic-Journal,51,51,1.0,https://github.com/Vaccarini-Lorenzo/Academic-Journal
UniCT-ARSLab/PepperGateway,51,51,1.0,https://github.com/UniCT-ARSLab/PepperGateway
massimo-cassandro/bookmarks,51,51,1.0,https://github.com/massimo-cassandro/bookmarks
ilsasdo/tic-tac-toe,51,51,1.0,https://github.com/ilsasdo/tic-tac-toe
anysofronova/code-wars,51,51,1.0,https://github.com/anysofronova/code-wars
fundor333/F333-Colors,50,51,0.9803921568627452,https://github.com/fundor333/F333-Colors
lelit/pglast,50,51,0.9803921568627452,https://github.com/lelit/pglast
dev-andreavendrame/land_block_sale,51,51,1.0,https://github.com/dev-andreavendrame/land_block_sale
Subito-it/Cachi,51,51,1.0,https://github.com/Subito-it/Cachi
PannonsCode/InteractiveGraphics-MiniGame,51,51,1.0,https://github.com/PannonsCode/InteractiveGraphics-MiniGame
CarlosTussi/web-components,51,51,1.0,https://github.com/CarlosTussi/web-components
michelebastione/Hollow-Knight-Savestates-Manager,51,51,1.0,https://github.com/michelebastione/Hollow-Knight-Savestates-Manager
tzarjakob/ardupilot,51,51,1.0,https://github.com/tzarjakob/ardupilot
Alberto02001/infoMovie,51,51,1.0,https://github.com/Alberto02001/infoMovie
hisi-oss/android_device_hisi_sepolicy,49,51,0.9607843137254902,https://github.com/hisi-oss/android_device_hisi_sepolicy
persy/wastelander,51,51,1.0,https://github.com/persy/wastelander
Tiziano-Bielli-EE/tiziano-bielli-ee.github.io,51,51,1.0,https://github.com/Tiziano-Bielli-EE/tiziano-bielli-ee.github.io
ValerioAmt/UFCPlusPlus,51,51,1.0,https://github.com/ValerioAmt/UFCPlusPlus
mleonori/dlr_ros_course,51,51,1.0,https://github.com/mleonori/dlr_ros_course
ErCrasher27/SearchVehicleApp,51,51,1.0,https://github.com/ErCrasher27/SearchVehicleApp
gaetano-signorelli/Diffusion-Music-Composer,51,51,1.0,https://github.com/gaetano-signorelli/Diffusion-Music-Composer
Gelma/codespell,51,51,1.0,https://github.com/Gelma/codespell
websockets/ws,51,51,1.0,https://github.com/websockets/ws
tonysamperi/ts-luxon,51,51,1.0,https://github.com/tonysamperi/ts-luxon
gcappon/py_agata,51,51,1.0,https://github.com/gcappon/py_agata
rasky/ares,51,51,1.0,https://github.com/rasky/ares
polito/api-spec,51,51,1.0,https://github.com/polito/api-spec
mercurius-js/mercurius-gateway,42,51,0.8235294117647058,https://github.com/mercurius-js/mercurius-gateway
PyTech-SRL/field-service,42,51,0.8235294117647058,https://github.com/PyTech-SRL/field-service
andrearotesi/ng-portfolio,51,51,1.0,https://github.com/andrearotesi/ng-portfolio
EddyTheCo/qmlonline,51,51,1.0,https://github.com/EddyTheCo/qmlonline
StefanoGenettiUniTN/data-mining-course-project,45,51,0.8823529411764706,https://github.com/StefanoGenettiUniTN/data-mining-course-project
danygold/fx-moshi,45,51,0.8823529411764706,https://github.com/danygold/fx-moshi
gSpera/progetto-basi,51,51,1.0,https://github.com/gSpera/progetto-basi
TizianoForte/Portfolio-Antonio-Branca,51,51,1.0,https://github.com/TizianoForte/Portfolio-Antonio-Branca
matteogambella/nsganetv2,51,51,1.0,https://github.com/matteogambella/nsganetv2
pietrocagnasso/Polito-MSc,51,51,1.0,https://github.com/pietrocagnasso/Polito-MSc
lucaantonelli/sossoldi,51,51,1.0,https://github.com/lucaantonelli/sossoldi
ateyapayo/portfolio-next,51,51,1.0,https://github.com/ateyapayo/portfolio-next
tajmone/pml-playground,51,51,1.0,https://github.com/tajmone/pml-playground
Alessandro9936/BudgetWise,51,51,1.0,https://github.com/Alessandro9936/BudgetWise
antonio-war/SwiftyHTTP,51,51,1.0,https://github.com/antonio-war/SwiftyHTTP
darrott/sayce,51,51,1.0,https://github.com/darrott/sayce
rmarino72/TrainerLab,51,51,1.0,https://github.com/rmarino72/TrainerLab
fundor333/DigitalTea,51,51,1.0,https://github.com/fundor333/DigitalTea
Tratt0re/dicegram,51,51,1.0,https://github.com/Tratt0re/dicegram
carnivuth/iss_2023_matteo_longhi,51,51,1.0,https://github.com/carnivuth/iss_2023_matteo_longhi
sferaggio/deezer-flac-download,51,51,1.0,https://github.com/sferaggio/deezer-flac-download
nrc382/LootBot,51,51,1.0,https://github.com/nrc382/LootBot
andre-cloud/routine,51,51,1.0,https://github.com/andre-cloud/routine
federicozappone/custom,51,51,1.0,https://github.com/federicozappone/custom
gmcusaro/dotfiles,51,51,1.0,https://github.com/gmcusaro/dotfiles
Pacho499/nerdsecomerce,51,51,1.0,https://github.com/Pacho499/nerdsecomerce
bozzelliandrea/illustrated-machine-learning.github.io,51,51,1.0,https://github.com/bozzelliandrea/illustrated-machine-learning.github.io
RiccardoTancredi/MAPD-B,51,51,1.0,https://github.com/RiccardoTancredi/MAPD-B
Luca9862/Luca9862,44,51,0.8627450980392157,https://github.com/Luca9862/Luca9862
tsparticles/nuxt2-particles-demo,44,51,0.8627450980392157,https://github.com/tsparticles/nuxt2-particles-demo
ggiuliopirotta/Bocconi-30509,51,51,1.0,https://github.com/ggiuliopirotta/Bocconi-30509
ConoscereLinux/asso-django,51,51,1.0,https://github.com/ConoscereLinux/asso-django
Marco177171/minishell_normed,51,51,1.0,https://github.com/Marco177171/minishell_normed
macedonga/beunblurred,51,51,1.0,https://github.com/macedonga/beunblurred
EnricoBenedetti/enricobenedetti.github.io,51,51,1.0,https://github.com/EnricoBenedetti/enricobenedetti.github.io
paoloart/University_Test,51,51,1.0,https://github.com/paoloart/University_Test
HowProgrammingWorks/Index,51,51,1.0,https://github.com/HowProgrammingWorks/Index
alessiomodonesi/Registro-Universitario,51,51,1.0,https://github.com/alessiomodonesi/Registro-Universitario
prina404/AoC,51,51,1.0,https://github.com/prina404/AoC
laraxot/module_activity,41,51,0.803921568627451,https://github.com/laraxot/module_activity
3v1n0/dash-to-dock,51,51,1.0,https://github.com/3v1n0/dash-to-dock
fmazzasc/AliceO2,51,51,1.0,https://github.com/fmazzasc/AliceO2
Stypox/dicio-android,51,51,1.0,https://github.com/Stypox/dicio-android
FirstRespondersExtreme/FirstRespondersExtreme,51,51,1.0,https://github.com/FirstRespondersExtreme/FirstRespondersExtreme
g-celentano/RoseChallenge,47,51,0.9215686274509804,https://github.com/g-celentano/RoseChallenge
massimo-nocentini/non-layered-tidy-trees.st,51,51,1.0,https://github.com/massimo-nocentini/non-layered-tidy-trees.st
francesco-source/FP_Artificial_intelligence,51,51,1.0,https://github.com/francesco-source/FP_Artificial_intelligence
DecioXXIV/ML-Zenshin,51,51,1.0,https://github.com/DecioXXIV/ML-Zenshin
AndreaSeverini/python-basic,51,51,1.0,https://github.com/AndreaSeverini/python-basic
R3tr0R4ke/School_Java_Developer,51,51,1.0,https://github.com/R3tr0R4ke/School_Java_Developer
anhelus/pcs-exercises,51,51,1.0,https://github.com/anhelus/pcs-exercises
CNR-STIIMA-IRAS/cnr_logger,51,51,1.0,https://github.com/CNR-STIIMA-IRAS/cnr_logger
matteozavatteri/matteozavatteri.github.io,51,51,1.0,https://github.com/matteozavatteri/matteozavatteri.github.io
giuliopedicone02/Algoritmi,51,51,1.0,https://github.com/giuliopedicone02/Algoritmi
ilasw/corso-fullstack-ts,51,51,1.0,https://github.com/ilasw/corso-fullstack-ts
pagnani/ArDCA.jl,51,51,1.0,https://github.com/pagnani/ArDCA.jl
Retr0100/ProjectDante,51,51,1.0,https://github.com/Retr0100/ProjectDante
fabian57fabian/iot-systems-manager,51,51,1.0,https://github.com/fabian57fabian/iot-systems-manager
e-dorigatti/e-dorigatti.github.io,50,50,1.0,https://github.com/e-dorigatti/e-dorigatti.github.io
airscripts/awesome-steam-deck,50,50,1.0,https://github.com/airscripts/awesome-steam-deck
vitalegi/health,38,50,0.76,https://github.com/vitalegi/health
charliemaiors/sleep-on-lan,50,50,1.0,https://github.com/charliemaiors/sleep-on-lan
FrancescoCaracciolo/Newelle,50,50,1.0,https://github.com/FrancescoCaracciolo/Newelle
alstephh/pentest,50,50,1.0,https://github.com/alstephh/pentest
AndreadeMartinis/Squeez-the-quiz-app,50,50,1.0,https://github.com/AndreadeMartinis/Squeez-the-quiz-app
aarcangeli/sandbox-actions,50,50,1.0,https://github.com/aarcangeli/sandbox-actions
GiacomoPorpiglia/Mida,50,50,1.0,https://github.com/GiacomoPorpiglia/Mida
JuliaSpaceMissionDesign/SMDInterfacesUtils.jl,38,50,0.76,https://github.com/JuliaSpaceMissionDesign/SMDInterfacesUtils.jl
Blu3train/Textractor,50,50,1.0,https://github.com/Blu3train/Textractor
aliceraffaele/aliceraffaele.github.io,50,50,1.0,https://github.com/aliceraffaele/aliceraffaele.github.io
ankurkohli007/Artificial_Intelligent_4_Robotics_2_Assignment_I,50,50,1.0,https://github.com/ankurkohli007/Artificial_Intelligent_4_Robotics_2_Assignment_I
davekingdoms/lora-e5-dev-rs,50,50,1.0,https://github.com/davekingdoms/lora-e5-dev-rs
KikiDotPy/100dev,50,50,1.0,https://github.com/KikiDotPy/100dev
Droptop-Four/Droptop-Four-Discord-Bot,50,50,1.0,https://github.com/Droptop-Four/Droptop-Four-Discord-Bot
EddyTheCo/MyDesigns,50,50,1.0,https://github.com/EddyTheCo/MyDesigns
giorginolab/AlloViz,50,50,1.0,https://github.com/giorginolab/AlloViz
seve-andre/compose-template,50,50,1.0,https://github.com/seve-andre/compose-template
casadoj/EFAS_skill,50,50,1.0,https://github.com/casadoj/EFAS_skill
Miclemattiol/Laboratorio-sistemi-mobili-e-tablet,50,50,1.0,https://github.com/Miclemattiol/Laboratorio-sistemi-mobili-e-tablet
Defimoonorg/Audit-Report,49,50,0.98,https://github.com/Defimoonorg/Audit-Report
Nicelocal/smarty-to-twig-converter,50,50,1.0,https://github.com/Nicelocal/smarty-to-twig-converter
bovirus/rustdesk,49,50,0.98,https://github.com/bovirus/rustdesk
gabriel524/case-study,50,50,1.0,https://github.com/gabriel524/case-study
mohamedtourab/cdond-c3-projectstarter,50,50,1.0,https://github.com/mohamedtourab/cdond-c3-projectstarter
micheleforesedev/audio_measurement,50,50,1.0,https://github.com/micheleforesedev/audio_measurement
cnr-isti-vclab/vcglib,38,50,0.76,https://github.com/cnr-isti-vclab/vcglib
danog/php-src,50,50,1.0,https://github.com/danog/php-src
frivolta/apecalendar-birdie,50,50,1.0,https://github.com/frivolta/apecalendar-birdie
RiccardoBarbieri/the_unibot,50,50,1.0,https://github.com/RiccardoBarbieri/the_unibot
RiccardoEvangelisti/RicettarioAndroid,50,50,1.0,https://github.com/RiccardoEvangelisti/RicettarioAndroid
totrebor/mapod4d_c2,50,50,1.0,https://github.com/totrebor/mapod4d_c2
ayaneechan/ayaneechan,50,50,1.0,https://github.com/ayaneechan/ayaneechan
gerzin/mlem,50,50,1.0,https://github.com/gerzin/mlem
bernardolanza93/INSECT_TRAP,50,50,1.0,https://github.com/bernardolanza93/INSECT_TRAP
PacktPublishing/Multiplayer-Game-Development-with-Unreal-Engine-5,49,50,0.98,https://github.com/PacktPublishing/Multiplayer-Game-Development-with-Unreal-Engine-5
davidwickerhf/maastrichtuniversity,50,50,1.0,https://github.com/davidwickerhf/maastrichtuniversity
a70q-dev/android_device_samsung_sm6150-common,50,50,1.0,https://github.com/a70q-dev/android_device_samsung_sm6150-common
IntelligentSystemsLabUTV/zed_drivers,50,50,1.0,https://github.com/IntelligentSystemsLabUTV/zed_drivers
Aka-The-Archivist/aka.backend,50,50,1.0,https://github.com/Aka-The-Archivist/aka.backend
MaurizioFD/impress2023,50,50,1.0,https://github.com/MaurizioFD/impress2023
vickywagner/PI-Countries,50,50,1.0,https://github.com/vickywagner/PI-Countries
arduino/meta-partner-arduino,44,50,0.88,https://github.com/arduino/meta-partner-arduino
traversaro/yarp-feedstock,44,50,0.88,https://github.com/traversaro/yarp-feedstock
luismarcoslc/Cognitive-behavioral-social-data,50,50,1.0,https://github.com/luismarcoslc/Cognitive-behavioral-social-data
bibanon/tubeup,41,50,0.82,https://github.com/bibanon/tubeup
brucellino/cf-gh-action,41,50,0.82,https://github.com/brucellino/cf-gh-action
salvatorequagliariello/lotto-game,50,50,1.0,https://github.com/salvatorequagliariello/lotto-game
mugnozzo/list-of-useful-tools,50,50,1.0,https://github.com/mugnozzo/list-of-useful-tools
binary-manu/arch-ansible,50,50,1.0,https://github.com/binary-manu/arch-ansible
nethesis/nethvoice-wizard-restapi,46,50,0.92,https://github.com/nethesis/nethvoice-wizard-restapi
devil1991/shopify-jsons-sync,45,50,0.9,https://github.com/devil1991/shopify-jsons-sync
GBergatto/craftingInterpreters,50,50,1.0,https://github.com/GBergatto/craftingInterpreters
TommasoBrini/corsoOpinno,50,50,1.0,https://github.com/TommasoBrini/corsoOpinno
gutuJosh/shopping-list,50,50,1.0,https://github.com/gutuJosh/shopping-list
Ball-Man/desper,50,50,1.0,https://github.com/Ball-Man/desper
flowibbia/data_structure,50,50,1.0,https://github.com/flowibbia/data_structure
mguidi/firmware-presets,50,50,1.0,https://github.com/mguidi/firmware-presets
RCasatta/bitcoin_slices,50,50,1.0,https://github.com/RCasatta/bitcoin_slices
gbarone42/SO_LONG-42,50,50,1.0,https://github.com/gbarone42/SO_LONG-42
ddonatien/NDR-code,50,50,1.0,https://github.com/ddonatien/NDR-code
vtramo/sports-club-api,50,50,1.0,https://github.com/vtramo/sports-club-api
vivaladav/sgl,50,50,1.0,https://github.com/vivaladav/sgl
FedVlogger17/Uni-Notes,50,50,1.0,https://github.com/FedVlogger17/Uni-Notes
federicheddu/Advancing-Volumes,50,50,1.0,https://github.com/federicheddu/Advancing-Volumes
OrnelaDanushi/learning_Java,50,50,1.0,https://github.com/OrnelaDanushi/learning_Java
webgriffe/SyliusActiveCampaignPlugin,50,50,1.0,https://github.com/webgriffe/SyliusActiveCampaignPlugin
davidebelcastro-sig/BrainCancerSegmentation,50,50,1.0,https://github.com/davidebelcastro-sig/BrainCancerSegmentation
crimilo/Discord-Mirror,50,50,1.0,https://github.com/crimilo/Discord-Mirror
simhubunipr/simhubunipr.github.io,50,50,1.0,https://github.com/simhubunipr/simhubunipr.github.io
NotXia/vdeplug_wirefilter,50,50,1.0,https://github.com/NotXia/vdeplug_wirefilter
marcodallagatta/fromsoft-minibosses,50,50,1.0,https://github.com/marcodallagatta/fromsoft-minibosses
javanile/tigermate,50,50,1.0,https://github.com/javanile/tigermate
giancosta86/OmniCourse-core,50,50,1.0,https://github.com/giancosta86/OmniCourse-core
paolosalvatori/paolosalvatori,50,50,1.0,https://github.com/paolosalvatori/paolosalvatori
lampajr/optaplanner,50,50,1.0,https://github.com/lampajr/optaplanner
lorumic/vanilla-framework,43,50,0.86,https://github.com/lorumic/vanilla-framework
facile-it/php-codec,43,50,0.86,https://github.com/facile-it/php-codec
HGV/mss-go,50,50,1.0,https://github.com/HGV/mss-go
InPhyT/Talks,50,50,1.0,https://github.com/InPhyT/Talks
Altersandr/odin-cv-app,50,50,1.0,https://github.com/Altersandr/odin-cv-app
fuljo/rofi-vscode-mode,50,50,1.0,https://github.com/fuljo/rofi-vscode-mode
js-rt-collection/js-basic-course-ita,50,50,1.0,https://github.com/js-rt-collection/js-basic-course-ita
nicorac/bcr-gui,50,50,1.0,https://github.com/nicorac/bcr-gui
simahawk/odoo-project-tools,50,50,1.0,https://github.com/simahawk/odoo-project-tools
andrea-nisti/simple-ukf,50,50,1.0,https://github.com/andrea-nisti/simple-ukf
nderus/Generative-models-Lesson,50,50,1.0,https://github.com/nderus/Generative-models-Lesson
diecorra/javascript-web-projects,50,50,1.0,https://github.com/diecorra/javascript-web-projects
bluedot-arcade/bluedot-docs,50,50,1.0,https://github.com/bluedot-arcade/bluedot-docs
filosganga/batcher,50,50,1.0,https://github.com/filosganga/batcher
tsparticles/editor,48,50,0.96,https://github.com/tsparticles/editor
onpage-dev/onpage-php,48,50,0.96,https://github.com/onpage-dev/onpage-php
FixterGeek/form-saas,48,50,0.96,https://github.com/FixterGeek/form-saas
rickycraft/script,50,50,1.0,https://github.com/rickycraft/script
D3vil0p3r/htb-toolkit,50,50,1.0,https://github.com/D3vil0p3r/htb-toolkit
tsparticles/svelte,39,50,0.78,https://github.com/tsparticles/svelte
Eclectic-Qbit/discord-bot,50,50,1.0,https://github.com/Eclectic-Qbit/discord-bot
nicolo-ribaudo/ecma262,46,50,0.92,https://github.com/nicolo-ribaudo/ecma262
ServiceGigaPiu/MCCLabel-SegnalazioniSMED,50,50,1.0,https://github.com/ServiceGigaPiu/MCCLabel-SegnalazioniSMED
14wual/PyhtonControlCenter,50,50,1.0,https://github.com/14wual/PyhtonControlCenter
5GZORRO/baf-cross,50,50,1.0,https://github.com/5GZORRO/baf-cross
Verna-Vito/Verna-Vito,50,50,1.0,https://github.com/Verna-Vito/Verna-Vito
FedericoBruzzone/smaller-basic,50,50,1.0,https://github.com/FedericoBruzzone/smaller-basic
arkenidar/graphic,50,50,1.0,https://github.com/arkenidar/graphic
famorcia/soww,50,50,1.0,https://github.com/famorcia/soww
Mazatech/amanithsvg-website,50,50,1.0,https://github.com/Mazatech/amanithsvg-website
maxcanna/bicineabbiamo,50,50,1.0,https://github.com/maxcanna/bicineabbiamo
rcrr/reversi,50,50,1.0,https://github.com/rcrr/reversi
davide2894/react-daily-goal-tracker,50,50,1.0,https://github.com/davide2894/react-daily-goal-tracker
Giovy38/Curriculum,50,50,1.0,https://github.com/Giovy38/Curriculum
lorenzoranucci/tor,50,50,1.0,https://github.com/lorenzoranucci/tor
nicolocurioni96/EssentialFeed,50,50,1.0,https://github.com/nicolocurioni96/EssentialFeed
blocknotes/active_job_store,50,50,1.0,https://github.com/blocknotes/active_job_store
vincenzo-racca/github-actions,40,50,0.8,https://github.com/vincenzo-racca/github-actions
Daniel203/interpreter_in_rust,50,50,1.0,https://github.com/Daniel203/interpreter_in_rust
AlexFiorini/RLInventory,50,50,1.0,https://github.com/AlexFiorini/RLInventory
davideborra/appunti-uni,50,50,1.0,https://github.com/davideborra/appunti-uni
paolchol/SFS,50,50,1.0,https://github.com/paolchol/SFS
FabioGreenwood/Social-Media-and-News-Article-Sentiment-Analysis-for-Stock-Market-Autotrading,50,50,1.0,https://github.com/FabioGreenwood/Social-Media-and-News-Article-Sentiment-Analysis-for-Stock-Market-Autotrading
fedddddd/tpp-server-emulator,50,50,1.0,https://github.com/fedddddd/tpp-server-emulator
shamoore/zapatas,50,50,1.0,https://github.com/shamoore/zapatas
ivan-hc/GIMP-appimage,50,50,1.0,https://github.com/ivan-hc/GIMP-appimage
Anders-B-Holstborg/il-danese-savaggio,50,50,1.0,https://github.com/Anders-B-Holstborg/il-danese-savaggio
cosimochellini/sort-es,50,50,1.0,https://github.com/cosimochellini/sort-es
giorgiocesaroni/prices-dashboard,50,50,1.0,https://github.com/giorgiocesaroni/prices-dashboard
tvannini/janox,50,50,1.0,https://github.com/tvannini/janox
pogechi/pogechi.github.io,50,50,1.0,https://github.com/pogechi/pogechi.github.io
Giacca-dev/TopicTraveller,50,50,1.0,https://github.com/Giacca-dev/TopicTraveller
carminecoppola/OperatingSystems,50,50,1.0,https://github.com/carminecoppola/OperatingSystems
guidograzioli/wildfly,50,50,1.0,https://github.com/guidograzioli/wildfly
zeeke/sriov-network-operator-1,50,50,1.0,https://github.com/zeeke/sriov-network-operator-1
