username,event_date,country,user_day_total_length,user_day_count,treatment,post
0K00,2023-03-24,france,124,18,0,0
0K00,2023-03-30,france,0,4,0,0
0cool-f,2023-03-29,italy,760,1,1,0
0gust1,2023-03-25,france,474,2,0,0
0ry0n,2023-03-23,italy,0,1,1,0
0x0f0f0f,2023-04-06,italy,570,1,1,1
0x3e4,2023-04-03,austria,813,1,0,1
0x526f6d656f,2023-03-29,austria,335,1,0,0
0xEAB,2023-03-20,austria,1151,2,0,0
0xEAB,2023-03-25,austria,872,1,0,0
0xGeegZ,2023-03-23,france,763,1,0,0
0xWryth,2023-03-22,france,1098,3,0,0
0xless,2023-04-03,italy,220,1,1,1
123FLO321,2023-03-29,austria,207,1,0,0
123FLO321,2023-04-02,austria,1230,1,0,1
12rambau,2023-03-18,italy,296,2,1,0
12rambau,2023-03-19,italy,507,3,1,0
12rambau,2023-03-20,italy,75,3,1,0
12rambau,2023-03-21,italy,2903,6,1,0
12rambau,2023-03-24,italy,844,2,1,0
12rambau,2023-03-27,italy,441,2,1,0
12rambau,2023-03-28,italy,159,4,1,0
12rambau,2023-03-29,italy,606,3,1,0
12rambau,2023-03-30,italy,274,2,1,0
12rambau,2023-03-31,italy,117,1,1,0
12rambau,2023-04-03,italy,1695,5,1,1
12rambau,2023-04-04,italy,865,3,1,1
12rambau,2023-04-05,italy,1092,2,1,1
12rambau,2023-04-07,italy,617,4,1,1
1C0D,2023-03-28,france,37,1,0,0
1fini,2023-03-28,france,0,1,0,0
27leaves,2023-03-25,austria,1066,1,0,0
32Geck,2023-04-04,france,63,1,0,1
37TS,2023-04-01,italy,545,1,1,1
37TS,2023-04-08,italy,818,1,1,1
3PSY0N,2023-04-07,france,110,4,0,1
3l0w,2023-04-07,france,1115,1,0,1
3mg4,2023-03-26,austria,750,1,0,0
3outeille,2023-04-05,france,1520,1,0,1
3outeille,2023-04-08,france,689,1,0,1
3phase,2023-03-18,austria,1477,1,0,0
3rgo,2023-03-31,france,613,1,0,0
3ut,2023-03-22,italy,443,1,1,0
3v1n0,2023-04-04,italy,971,1,1,1
404answernotfound,2023-04-03,italy,0,1,1,1
6DiegoDiego9,2023-03-28,italy,358,1,1,0
70V07,2023-03-24,italy,392,1,1,0
74C17N3P7UN3,2023-03-24,italy,234,1,1,0
8Klaro8,2023-04-04,austria,107,14,0,1
93lucasp,2023-04-05,italy,159,1,1,1
A7F,2023-03-23,italy,963,1,1,0
AEychenne,2023-04-04,france,1022,1,0,1
AFCMS,2023-03-19,france,35,1,0,0
AFCMS,2023-03-26,france,378,1,0,0
AFCMS,2023-03-29,france,614,1,0,0
AFCMS,2023-03-31,france,49,1,0,0
AGiorgetti,2023-03-22,italy,0,1,1,0
AI-ien,2023-03-21,france,419,1,0,0
AIexell,2023-03-27,france,895,1,0,0
AKEOPLUS-boris-bocquet,2023-03-27,france,550,1,0,0
ARKANYOTA,2023-03-26,france,0,1,0,0
AZIRARM,2023-03-30,france,0,8,0,0
AbhiPrasad,2023-03-21,austria,263,1,0,0
AbhiPrasad,2023-03-23,austria,0,1,0,0
AbhiPrasad,2023-03-27,austria,908,2,0,0
AbhiPrasad,2023-03-31,austria,1455,2,0,0
Abonia1,2023-03-20,france,585,1,0,0
Ackimixs,2023-03-30,france,149,1,0,0
Aculeo,2023-04-01,austria,425,1,0,1
Ad5001,2023-03-30,france,817,1,0,0
Adiantum-f,2023-04-03,france,456,1,0,1
Adphi,2023-03-23,france,417,1,0,0
AdrianaLleshi9427,2023-03-27,italy,105,1,1,0
AdrienLeGuillou,2023-03-29,france,422,1,0,0
AdrienLeGuillou,2023-04-04,france,85,2,0,1
AdrienLeGuillou,2023-04-06,france,498,5,0,1
Adrii77,2023-03-22,france,0,1,0,0
Aeden-B,2023-03-27,france,80,1,0,0
Aerendir,2023-03-25,italy,631,1,1,0
Aerendir,2023-03-30,italy,356,1,1,0
Aeris1One,2023-03-18,france,546,5,0,0
Aeris1One,2023-03-29,france,0,1,0,0
Aethyus,2023-03-23,france,161,1,0,0
Aethyus,2023-04-08,france,283,6,0,1
Aghneel,2023-03-23,france,386,1,0,0
Aghneel,2023-04-05,france,60,1,0,1
AgimaFR,2023-04-02,france,868,1,0,1
AgnesBaud,2023-04-03,france,340,1,0,1
AgostinoA,2023-04-04,italy,390,2,1,1
Ahmosys,2023-03-21,france,585,1,0,0
AirOne01,2023-03-24,france,60,1,0,0
AirOne01,2023-03-27,france,273,7,0,0
AirOne01,2023-04-03,france,41,1,0,1
AiroPi,2023-03-31,france,696,1,0,0
Akadil,2023-03-27,france,15,1,0,0
Akadil,2023-04-04,france,0,3,0,1
Akadil,2023-04-05,france,0,1,0,1
Akadil,2023-04-06,france,0,2,0,1
Akadil,2023-04-07,france,0,1,0,1
AkimParis,2023-04-05,france,712,1,0,1
AkoZ,2023-04-02,france,282,1,0,1
Akulla-A,2023-03-18,france,836,1,0,0
Akulla-A,2023-04-01,france,660,1,0,1
Al-Pragliola,2023-03-30,italy,0,1,1,0
Al-Pragliola,2023-04-03,italy,0,1,1,1
AlbanMinassian,2023-03-24,france,60,1,0,0
AlbertShown,2023-03-24,italy,668,3,1,0
AlbertShown,2023-04-06,italy,1051,1,1,1
Alcodowi,2023-04-06,france,267,1,0,1
AldessScratch,2023-04-01,france,11,1,0,1
AldessScratch,2023-04-02,france,11,1,0,1
Ale1x,2023-04-01,italy,213,1,1,1
AleCandido,2023-03-21,italy,47,1,1,0
AleCandido,2023-03-22,italy,145,1,1,0
AleCandido,2023-03-24,italy,1387,2,1,0
AleCandido,2023-03-31,italy,192,1,1,0
AleCandido,2023-04-04,italy,1350,1,1,1
Aledangelo,2023-03-18,italy,120,1,1,0
Aleoneboo,2023-03-31,italy,649,1,1,0
AlessandroADG,2023-04-08,italy,1044,4,1,1
AlessandroAnnini,2023-03-19,italy,897,1,1,0
AlessandroAnnini,2023-04-04,italy,1460,1,1,1
AlessandroDelSole,2023-03-29,italy,1388,1,1,0
AlessandroGasparri,2023-04-04,italy,0,2,1,1
AlessandroMinoccheri,2023-03-31,italy,1159,1,1,0
AlessioZanga,2023-03-20,italy,0,1,1,0
AlessioZanga,2023-03-27,italy,834,2,1,0
AlessioZanga,2023-03-29,italy,284,1,1,0
AlessioZanga,2023-04-05,italy,71,1,1,1
Alex141642,2023-03-30,france,1433,1,0,0
AlexGacon,2023-03-20,france,773,5,0,0
AlexKTP,2023-04-08,france,0,14,0,1
AlexSteiner30,2023-03-28,austria,0,1,0,0
AlexaH88,2023-04-05,france,89,8,0,1
AlexaH88,2023-04-06,france,0,28,0,1
AlexaH88,2023-04-08,france,0,1,0,1
Alexandre-Vernet,2023-03-21,france,63,1,0,0
Alexandre-Vernet,2023-03-27,france,0,1,0,0
Alexandre-Vernet,2023-03-31,france,0,2,0,0
Alexandre-Vernet,2023-04-01,france,0,1,0,1
Alexandre-Vernet,2023-04-03,france,0,1,0,1
Alexandre-Vernet,2023-04-04,france,0,1,0,1
AlexandreBrg,2023-03-19,france,1269,2,0,0
AlexandreBrg,2023-03-20,france,955,2,0,0
AlexandreBrg,2023-03-23,france,592,1,0,0
AlexandreBrg,2023-03-24,france,276,1,0,0
AlexandreBrg,2023-03-26,france,430,1,0,0
AlexandreLarribau,2023-04-04,france,1197,2,0,1
AlexandrePTJ,2023-03-24,france,61,1,0,0
AlexandrePTJ,2023-04-05,france,155,1,0,1
Alfa16bravo,2023-03-22,france,462,1,0,0
Alfa16bravo,2023-03-30,france,84,1,0,0
Alfa16bravo,2023-04-04,france,309,1,0,1
Alketta,2023-04-04,france,233,1,0,1
AloneDay-91,2023-03-23,france,200,1,0,0
AloneDay-91,2023-03-25,france,540,3,0,0
AloneDay-91,2023-03-28,france,190,1,0,0
AloneDay-91,2023-03-29,france,190,1,0,0
AloneDay-91,2023-03-30,france,190,1,0,0
AloneDay-91,2023-04-01,france,380,2,0,1
AloneDay-91,2023-04-04,france,190,1,0,1
AloneDay-91,2023-04-05,france,190,1,0,1
AloneDay-91,2023-04-07,france,190,1,0,1
AloneDay-91,2023-04-08,france,190,1,0,1
AltarBeastiful,2023-04-03,france,393,1,0,1
Altiire,2023-04-06,france,1525,2,0,1
Alurith,2023-03-23,italy,484,1,1,0
AlxisHenry,2023-03-19,france,0,3,0,0
AlxisHenry,2023-03-31,france,0,1,0,0
Alyoninthecity,2023-04-04,italy,110,3,1,1
Alyoninthecity,2023-04-05,italy,786,12,1,1
Amatewasu,2023-03-21,france,189,1,0,0
AmauryVdt,2023-04-01,france,1567,1,0,1
AmineDjeghri,2023-03-30,france,973,1,0,0
AmineDjeghri,2023-03-31,france,123,1,0,0
Amxx,2023-03-21,france,1140,1,0,0
Amxx,2023-03-25,france,440,1,0,0
Amxx,2023-03-29,france,636,1,0,0
An0n1mity,2023-04-04,france,0,1,0,1
AnErrupTion,2023-03-25,france,1278,1,0,0
AnErrupTion,2023-03-30,france,197,1,0,0
AnOtterGithubUser,2023-03-28,france,1377,1,0,0
AnaelBonnafous,2023-04-04,france,146,2,0,1
AnaelMobilia,2023-04-04,france,28,1,0,1
AndreaF17,2023-03-24,italy,1190,1,1,0
Andreagit97,2023-04-05,italy,208,1,1,1
AndreasLrx,2023-04-04,france,1714,5,0,1
AndreasSchantl,2023-03-28,austria,2091,2,0,0
AndresiniGiovanni,2023-03-29,italy,0,1,1,0
AndrewAlscher,2023-03-30,austria,468,1,0,0
AndreyMlashkin,2023-03-27,austria,187,1,0,0
Andromelus,2023-03-31,france,1415,1,0,0
Androz2091,2023-03-20,france,192,1,0,0
Androz2091,2023-03-25,france,632,1,0,0
AndyButland,2023-03-29,italy,228,1,1,0
AndyButland,2023-04-06,italy,131,1,1,1
Angedestenebres,2023-04-02,france,679,1,0,1
AngeloAdd,2023-04-02,italy,0,1,1,1
Angra974,2023-04-08,france,1203,1,0,1
AnnalisaS,2023-03-22,italy,705,1,1,0
Anne-Camille,2023-03-20,france,81,9,0,0
Anne-Camille,2023-03-21,france,0,1,0,0
Anne-Camille,2023-03-22,france,0,1,0,0
Anne-Camille,2023-03-23,france,0,1,0,0
Anne-Camille,2023-03-24,france,0,1,0,0
Anne-Camille,2023-03-29,france,0,1,0,0
Anne-Camille,2023-04-03,france,0,2,0,1
Anne-Camille,2023-04-05,france,0,3,0,1
Anne-Camille,2023-04-07,france,0,1,0,1
Ant1r,2023-04-07,france,668,1,0,1
Antiz96,2023-03-26,france,450,1,0,0
AntoLC,2023-03-28,france,496,1,0,0
Antoine-Zimmermann,2023-03-23,france,804,1,0,0
Antoine-Zimmermann,2023-03-24,france,444,2,0,0
Antoine-Zimmermann,2023-03-26,france,537,2,0,0
Antoine-Zimmermann,2023-03-28,france,819,1,0,0
AntoineAugusti,2023-03-22,france,341,1,0,0
AntoineAugusti,2023-03-23,france,449,1,0,0
AntoineAugusti,2023-03-24,france,240,1,0,0
AntoineAugusti,2023-03-27,france,852,2,0,0
AntoineAugusti,2023-03-30,france,811,1,0,0
AntoineAugusti,2023-04-05,france,227,1,0,1
AntoineDeloy,2023-03-29,france,36,3,0,0
AntoineKM,2023-03-29,france,1211,2,0,0
AntoineKM,2023-03-30,france,800,2,0,0
AntoineKM,2023-04-05,france,84,1,0,1
AntoinePrv,2023-04-04,france,1073,1,0,1
AntoineThebaud,2023-03-20,france,229,1,0,0
AntonOellerer,2023-03-30,austria,1464,1,0,0
AntonOellerer,2023-04-04,austria,1340,1,0,1
AntonioNero,2023-04-02,italy,132,1,1,1
Antoviscomi,2023-04-05,italy,1109,1,1,1
AnttGiam,2023-03-22,italy,116,1,1,0
ArKeid0s,2023-04-07,france,219,1,0,1
Aralun,2023-03-23,france,603,1,0,0
Araz0,2023-03-18,austria,237,1,0,0
Araz0,2023-03-20,austria,0,3,0,0
Araz0,2023-03-23,austria,0,1,0,0
Araz0,2023-04-03,austria,0,1,0,1
ArcAnya,2023-03-28,austria,597,2,0,0
ArcAnya,2023-03-31,austria,269,1,0,0
ArcAnya,2023-04-06,austria,635,2,0,1
ArcAnya,2023-04-07,austria,1182,3,0,1
ArchOrn,2023-04-05,france,120,1,0,1
Arcthuruss,2023-04-05,france,248,1,0,1
ArianePinche,2023-04-06,france,40,1,0,1
Arkanosis,2023-03-31,france,579,1,0,0
Arksyd96,2023-03-31,france,480,1,0,0
Armaldio,2023-03-18,france,77,1,0,0
Arnall,2023-03-29,france,1436,1,0,0
Arnaud-Chane,2023-03-31,france,132,4,0,0
Arnaud-Chane,2023-04-06,france,2293,14,0,1
ArnaudBarre,2023-03-19,france,1402,3,0,0
ArnaudFlaesch,2023-03-21,france,0,1,0,0
ArnaudFlaesch,2023-04-08,france,0,1,0,1
Arthi-chaud,2023-03-18,france,588,1,0,0
Arthi-chaud,2023-03-19,france,467,1,0,0
Arthi-chaud,2023-03-25,france,135,1,0,0
Arthi-chaud,2023-03-29,france,385,1,0,0
Arthur-Milchior,2023-03-21,france,629,1,0,0
Arthur-Milchior,2023-03-26,france,1088,1,0,0
ArthurBeaulieu,2023-04-03,france,0,1,0,1
ArthurBorsboom,2023-04-03,france,2131,2,0,1
ArthurGoupil,2023-03-24,france,115,1,0,0
ArthurTheEagle,2023-04-03,france,523,1,0,1
ArturiaPendragon,2023-03-21,france,195,1,0,0
ArturiaPendragon,2023-03-23,france,975,5,0,0
ArturiaPendragon,2023-03-25,france,4680,24,0,0
ArturiaPendragon,2023-03-26,france,4485,23,0,0
ArturiaPendragon,2023-03-31,france,975,5,0,0
ArturiaPendragon,2023-04-03,france,975,5,0,1
ArturiaPendragon,2023-04-04,france,195,1,0,1
ArturiaPendragon,2023-04-06,france,975,5,0,1
ArturiaPendragon,2023-04-07,france,3705,19,0,1
ArturiaPendragon,2023-04-08,france,4485,23,0,1
Aryetis,2023-03-19,france,995,1,0,0
Asone,2023-03-29,france,1320,2,0,0
Asone,2023-04-06,france,160,1,0,1
Asone,2023-04-07,france,0,1,0,1
Asone,2023-04-08,france,0,1,0,1
AstralJaeger,2023-03-29,austria,155,1,0,0
Astropilot,2023-03-31,france,898,1,0,0
AsuMagic,2023-03-27,france,659,1,0,0
AsuMagic,2023-04-04,france,1479,1,0,1
AsuMagic,2023-04-07,france,1316,1,0,1
AsueG,2023-04-07,france,504,1,0,1
Athozus,2023-04-01,france,1207,7,0,1
Athozus,2023-04-02,france,482,3,0,1
Athozus,2023-04-05,france,113,1,0,1
Atinux,2023-03-21,france,448,1,0,0
AuRoN89,2023-04-04,italy,165,1,1,1
AubaneNourry,2023-03-27,france,0,5,0,0
AudricV,2023-03-29,france,93,2,0,0
Augustin68,2023-03-22,france,207,1,0,0
Augustin82,2023-03-24,france,211,1,0,0
Auties00,2023-03-22,italy,796,1,1,0
Av32000,2023-04-01,france,0,1,0,1
Averell7,2023-03-23,france,837,1,0,0
Aviortheking,2023-03-23,france,21,1,0,0
AwePhD,2023-03-31,france,406,1,0,0
AwePhD,2023-04-04,france,443,1,0,1
AwePhD,2023-04-06,france,1207,1,0,1
Awlexus,2023-04-03,italy,1004,1,1,1
AxelHippolite,2023-03-24,france,0,13,0,0
AxelRICHARD,2023-04-05,france,240,1,0,1
AxelTerizaki,2023-03-27,france,860,1,0,0
AyloSrd,2023-03-28,france,147,1,0,0
AyloSrd,2023-04-01,france,197,1,0,1
AyloSrd,2023-04-05,france,348,1,0,1
Aympab,2023-03-29,france,959,1,0,0
AzHicham,2023-04-04,france,645,1,0,1
Azer0s,2023-03-30,austria,958,1,0,0
AzhamProdLive,2023-03-19,france,231,1,0,0
AzhamProdLive,2023-03-25,france,378,1,0,0
Azlou77,2023-03-29,france,113,1,0,0
Azodox,2023-03-22,france,1489,1,0,0
AzureNocte,2023-03-25,italy,1246,1,1,0
AzureNocte,2023-04-04,italy,979,1,1,1
AzureNocte,2023-04-05,italy,605,1,1,1
B0SEmc,2023-04-06,france,430,1,0,1
B2o5T,2023-03-30,france,1098,1,0,0
B2o5T,2023-03-31,france,972,4,0,0
B3nz01d,2023-03-21,france,746,3,0,0
B3nz01d,2023-03-24,france,1266,4,0,0
BBE78,2023-03-27,france,130,1,0,0
BHAVSAR-Ravi-2000,2023-03-27,france,0,1,0,0
BLOCKCHAINDEVWEB,2023-03-19,france,2,1,0,0
BLOCKCHAINDEVWEB,2023-03-21,france,6,3,0,0
BLOCKCHAINDEVWEB,2023-03-22,france,2,2,0,0
BLOCKCHAINDEVWEB,2023-03-23,france,0,1,0,0
BLOCKCHAINDEVWEB,2023-03-24,france,0,2,0,0
BLOCKCHAINDEVWEB,2023-03-27,france,2,1,0,0
BLOCKCHAINDEVWEB,2023-03-28,france,2,1,0,0
BLOCKCHAINDEVWEB,2023-04-01,france,2,1,0,1
BLOCKCHAINDEVWEB,2023-04-03,france,4,2,0,1
BLOCKCHAINDEVWEB,2023-04-04,france,4,2,0,1
BLOCKCHAINDEVWEB,2023-04-05,france,2,1,0,1
BLOCKCHAINDEVWEB,2023-04-06,france,4,2,0,1
BLukassen,2023-04-05,austria,264,1,0,1
BRA1L0R,2023-03-18,italy,349,1,1,0
BUSINESS-TESTS-EXPERT,2023-04-04,france,0,3,0,1
BUSINESS-TESTS-EXPERT,2023-04-06,france,0,9,0,1
Bab64,2023-03-28,france,93,1,0,0
Baddou37,2023-03-28,france,242,1,0,0
BaghrosseRachid,2023-04-03,france,31,4,0,1
Baio1977,2023-04-03,italy,223,1,1,1
Bal7hazar,2023-03-27,france,0,1,0,0
BalamiRR,2023-03-18,france,1357,1,0,0
Balastrong,2023-03-22,italy,701,1,1,0
Balastrong,2023-04-02,italy,1101,4,1,1
Balgor18,2023-03-24,france,83,1,0,0
Balgor18,2023-03-26,france,699,3,0,0
Balgor18,2023-03-28,france,226,4,0,0
Balgor18,2023-03-29,france,342,4,0,0
Balgor18,2023-03-30,france,0,2,0,0
Balgor18,2023-03-31,france,0,2,0,0
Balgor18,2023-04-01,france,0,1,0,1
Balgor18,2023-04-02,france,0,2,0,1
Balgor18,2023-04-03,france,213,5,0,1
Balgor18,2023-04-04,france,182,2,0,1
Balgor18,2023-04-05,france,45,6,0,1
Banchio,2023-03-31,italy,602,1,1,0
Banchio,2023-04-07,italy,312,1,1,1
Baptiiiiste,2023-03-29,france,468,2,0,0
BaptisteCecconi,2023-03-31,france,232,1,0,0
BaptisteContreras,2023-03-23,france,0,3,0,0
BaptisteContreras,2023-03-24,france,0,1,0,0
BaptisteContreras,2023-04-05,france,0,4,0,1
BaptisteLecat,2023-03-24,france,0,1,0,0
BaptisteMartinet,2023-03-23,france,268,1,0,0
Baraban511,2023-04-05,france,285,1,0,1
Barbapapazes,2023-03-18,france,113,2,0,0
Barbapapazes,2023-03-20,france,1915,5,0,0
Barbapapazes,2023-04-07,france,32,4,0,1
BarbaraC12,2023-03-25,france,211,1,0,0
BarbaraC12,2023-04-07,france,208,1,0,1
BastLast,2023-03-18,france,244,2,0,0
BastLast,2023-03-20,france,1008,2,0,0
BastLast,2023-03-23,france,0,1,0,0
BastLast,2023-03-24,france,490,1,0,0
BastLast,2023-03-27,france,0,1,0,0
BastLast,2023-03-28,france,1233,5,0,0
BastLast,2023-03-29,france,113,1,0,0
BastLast,2023-03-31,france,177,2,0,0
BastLast,2023-04-04,france,302,1,0,1
BastLast,2023-04-06,france,567,2,0,1
BastianBalthasarBux,2023-03-21,austria,183,1,0,0
BastianBalthasarBux,2023-03-31,austria,172,1,0,0
BatyLeo,2023-04-04,france,80,1,0,1
Beafowl-Pull,2023-03-22,france,425,1,0,0
BeardedBear,2023-04-04,france,260,1,0,1
BeayemX,2023-03-28,austria,366,1,0,0
BeiCunNan,2023-03-24,france,238,1,0,0
Bellisario,2023-03-19,italy,187,1,1,0
Belluxx,2023-03-21,italy,1179,3,1,0
Ben-PH,2023-03-31,france,995,1,0,0
Ben-Rey,2023-03-20,france,0,2,0,0
Ben-Rey,2023-03-21,france,0,1,0,0
Ben-Rey,2023-03-22,france,0,2,0,0
Ben-Rey,2023-03-28,france,1591,5,0,0
Ben-Rey,2023-03-31,france,0,3,0,0
Ben-Rey,2023-04-04,france,177,1,0,1
Ben-Rey,2023-04-05,france,0,1,0,1
Ben-Rey,2023-04-06,france,368,1,0,1
Ben-Rey,2023-04-07,france,808,3,0,1
BenJ4u,2023-03-23,france,676,1,0,0
Benjamin-Loison,2023-03-18,france,566,2,0,0
Benjamin-Loison,2023-03-19,france,567,2,0,0
Benjamin-Loison,2023-03-21,france,670,3,0,0
Benjamin-Loison,2023-03-26,france,0,1,0,0
Benjamin-Loison,2023-03-27,france,115,3,0,0
Benjamin-Loison,2023-03-28,france,0,1,0,0
Benjamin-Loison,2023-04-03,france,103,1,0,1
Benjamin-Loison,2023-04-05,france,316,4,0,1
Benjamin-Loison,2023-04-06,france,54,1,0,1
Benjamin-Loison,2023-04-07,france,493,1,0,1
BenjaminDEMAILLE,2023-03-27,france,1563,1,0,0
BenjaminDEMAILLE,2023-03-29,france,185,1,0,0
BenjaminDEMAILLE,2023-04-05,france,184,2,0,1
Benjiiim,2023-03-29,france,386,1,0,0
Benni0,2023-03-20,austria,620,1,0,0
BenoitPoulet,2023-03-24,france,1501,1,0,0
Berachem,2023-03-23,france,0,1,0,0
BernardMayer,2023-03-20,france,629,1,0,0
Berndinox,2023-03-22,austria,67,1,0,0
Berndinox,2023-03-23,austria,557,1,0,0
BernhardBaumrock,2023-03-26,austria,589,1,0,0
BernhardBaumrock,2023-04-02,austria,808,1,0,1
BernhardBaumrock,2023-04-08,austria,902,1,0,1
BernhardKloibmueller,2023-03-23,austria,890,1,0,0
BertrandBordage,2023-04-04,france,631,1,0,1
Bessouat40,2023-03-26,france,74,1,0,0
Betree,2023-03-20,france,1824,3,0,0
Betree,2023-03-21,france,1351,4,0,0
Betree,2023-03-22,france,807,2,0,0
Betree,2023-03-23,france,1369,1,0,0
Betree,2023-03-24,france,678,2,0,0
Betree,2023-03-28,france,648,1,0,0
Betree,2023-03-29,france,2210,3,0,0
Betree,2023-03-30,france,1105,5,0,0
Betree,2023-03-31,france,368,2,0,0
Betree,2023-04-03,france,208,1,0,1
Betree,2023-04-04,france,162,1,0,1
Betree,2023-04-06,france,825,2,0,1
Betree,2023-04-07,france,3070,5,0,1
BiRabittoh,2023-03-29,italy,921,1,1,0
BibiSebi,2023-03-31,austria,112,1,0,0
BilHim,2023-03-29,france,136,1,0,0
Binnette,2023-03-22,france,312,1,0,0
Binnette,2023-04-01,france,164,1,0,1
BioPhoton,2023-03-19,austria,170,1,0,0
BioPhoton,2023-04-03,austria,417,1,0,1
BishopWolf,2023-03-26,france,82,1,0,0
BishopWolf,2023-04-07,france,810,1,0,1
BlackStoneSheperd,2023-04-03,france,742,1,0,1
BlitzBanana,2023-03-29,france,376,3,0,0
BloodLantern,2023-03-20,france,0,1,0,0
BloodLantern,2023-03-21,france,67,1,0,0
BloodLantern,2023-03-29,france,0,3,0,0
BloodLantern,2023-04-07,france,0,1,0,1
BloomShell,2023-03-30,italy,1190,1,1,0
BloomyInDev,2023-03-31,france,394,1,0,0
Blu3train,2023-04-04,italy,110,1,1,1
BlueCutOfficial,2023-03-31,france,1303,1,0,0
BlueCutOfficial,2023-04-04,france,37,1,0,1
BlueCutOfficial,2023-04-07,france,185,1,0,1
BlueskyFR,2023-03-27,france,220,2,0,0
BlueskyFR,2023-04-06,france,721,1,0,1
Blunivers,2023-03-30,italy,1303,1,1,0
Bluzzi,2023-03-22,france,738,3,0,0
Bluzzi,2023-03-27,france,124,1,0,0
Bluzzi,2023-04-03,france,230,1,0,1
Bluzzi,2023-04-04,france,1174,3,0,1
Bluzzi,2023-04-05,france,1864,2,0,1
BoD,2023-03-22,france,934,1,0,0
BoD,2023-03-26,france,1234,1,0,0
BobAubouin,2023-03-29,france,83,1,0,0
Bobbianss,2023-04-03,italy,345,1,1,1
BoboTiG,2023-03-23,france,191,1,0,0
Bobox948,2023-03-22,france,999,1,0,0
BoostedDampi,2023-04-08,italy,267,1,1,1
Borahm,2023-04-02,austria,509,1,0,1
BotellaA,2023-03-20,france,0,1,0,0
BotellaA,2023-03-24,france,0,1,0,0
Bouh,2023-04-06,france,548,1,0,1
BouzCS,2023-03-29,france,509,1,0,0
Boyadjie,2023-03-22,france,372,1,0,0
Boyadjie,2023-03-23,france,1001,1,0,0
BragdonD,2023-03-23,france,2874,6,0,0
BraindeadHermit,2023-03-20,italy,0,4,1,0
BraindeadHermit,2023-03-27,italy,0,2,1,0
BraindeadHermit,2023-03-30,italy,0,1,1,0
BraindeadHermit,2023-04-02,italy,0,1,1,1
BraindeadHermit,2023-04-03,italy,0,1,1,1
Brancieq-Paul,2023-03-19,france,1922,4,0,0
Brancieq-Paul,2023-03-20,france,230,1,0,0
Brancieq-Paul,2023-03-21,france,584,6,0,0
Brancieq-Paul,2023-03-23,france,33,1,0,0
Brancieq-Paul,2023-03-25,france,540,2,0,0
Brancieq-Paul,2023-03-29,france,22,1,0,0
BrannJoly,2023-03-18,france,713,1,0,0
BriceLeduc,2023-03-19,france,302,1,0,0
BriceLeduc,2023-03-22,france,309,1,0,0
BriceLeduc,2023-04-04,france,149,1,0,1
Bricklou,2023-03-30,france,581,1,0,0
BrietGame,2023-03-28,france,21,1,0,0
BrietGame,2023-03-30,france,0,3,0,0
Brouilles,2023-04-05,france,1056,1,0,1
BrunoLevy,2023-03-22,france,553,1,0,0
BrunoLevy,2023-03-31,france,107,1,0,0
BrunoReboul,2023-03-22,france,0,1,0,0
BrunoReboul,2023-03-27,france,0,1,0,0
BrunoReboul,2023-03-29,france,0,1,0,0
BryanColle,2023-03-31,france,1223,1,0,0
Bschalck,2023-03-29,france,492,1,0,0
Bubka,2023-04-01,france,0,1,0,1
Bubobubobubobubo,2023-03-18,france,144,1,0,0
Bubobubobubobubo,2023-03-22,france,91,1,0,0
Bubobubobubobubo,2023-03-27,france,113,2,0,0
BugBoys100,2023-04-02,france,197,1,0,1
BulotF,2023-03-31,france,1166,2,0,0
Bungeefan,2023-03-24,austria,167,1,0,0
Bungeefan,2023-04-03,austria,342,1,0,1
Bushuo,2023-03-21,austria,77,1,0,0
Bushuo,2023-04-03,austria,271,1,0,1
Bushuo,2023-04-04,austria,159,1,0,1
Bushuo,2023-04-05,austria,341,1,0,1
Butanium,2023-04-07,france,318,1,0,1
Buzzardsoul,2023-03-19,france,875,1,0,0
BzSpi,2023-04-07,france,237,3,0,1
C-Duv,2023-04-04,france,588,1,0,1
C0ZEN,2023-03-23,france,363,1,0,0
C0ZEN,2023-04-03,france,45,1,0,1
C0ZEN,2023-04-05,france,649,1,0,1
C0chett0,2023-04-06,france,668,1,0,1
CFX-SDIS33,2023-03-21,france,761,1,0,0
CFX-SDIS33,2023-03-22,france,539,1,0,0
CGCooke,2023-03-27,france,104,2,0,0
Cabanera,2023-04-05,italy,1356,1,1,1
Caceresenzo,2023-03-22,france,0,1,0,0
Cahu,2023-03-26,france,0,1,0,0
CaiYitao,2023-03-23,austria,151,1,0,0
CalValmar,2023-03-20,france,24,1,0,0
CalValmar,2023-03-29,france,28,1,0,0
Calinou,2023-03-22,france,420,1,0,0
Calinou,2023-03-27,france,481,1,0,0
Calinou,2023-04-08,france,234,1,0,1
Camillewz24340,2023-03-18,france,309,2,0,0
CamperSamu,2023-03-19,italy,166,1,1,0
Candas1,2023-04-05,france,79,1,0,1
Canop,2023-03-18,france,1416,1,0,0
CapoMatteoJr,2023-03-27,italy,0,1,1,0
CappyT,2023-04-03,italy,221,1,1,1
CaptainGarih,2023-03-24,france,0,3,0,0
CarbonUwU,2023-03-21,france,443,1,0,0
Carbone13,2023-03-27,france,253,1,0,0
CarloLucibello,2023-03-19,italy,270,3,1,0
CarloLucibello,2023-03-20,italy,166,1,1,0
CarloLucibello,2023-03-25,italy,147,5,1,0
CarloLucibello,2023-03-26,italy,198,2,1,0
CarloLucibello,2023-03-29,italy,180,1,1,0
CarloLucibello,2023-03-30,italy,434,4,1,0
CarloLucibello,2023-04-06,italy,109,1,1,1
CarloLucibello,2023-04-07,italy,1427,1,1,1
CarloLucibello,2023-04-08,italy,472,2,1,1
CaroFG,2023-03-21,france,38,1,0,0
Carreau,2023-03-23,france,559,1,0,0
Carreau,2023-03-25,france,240,1,0,0
Carreau,2023-04-05,france,3390,12,0,1
Carreau,2023-04-06,france,527,1,0,1
CaselIT,2023-04-02,italy,938,1,1,1
CaselIT,2023-04-04,italy,314,1,1,1
CastixGitHub,2023-04-06,italy,1359,8,1,1
CatalinaYepes,2023-03-22,italy,466,1,1,0
Catif,2023-04-04,france,209,1,0,1
CedricGuillemet,2023-04-06,france,621,4,0,1
Certurix,2023-04-04,france,240,1,0,1
ChabaneAmaury,2023-03-25,france,234,2,0,0
ChabaneAmaury,2023-03-26,france,320,2,0,0
ChameleonScales,2023-03-31,france,702,1,0,0
Changaco,2023-04-06,france,270,1,0,1
Chaounne,2023-04-08,france,54,1,0,1
CharlesGaydon,2023-03-27,france,671,2,0,0
CharlesGaydon,2023-04-05,france,225,2,0,1
CharlesGrimont,2023-04-03,france,792,2,0,1
CharlesNepote,2023-03-20,france,353,1,0,0
CharlesNepote,2023-03-23,france,752,1,0,0
CharlesNepote,2023-03-29,france,867,1,0,0
CharlesNepote,2023-04-07,france,779,1,0,1
CharlesRenaud,2023-03-27,france,57,1,0,0
CharlesRenaud,2023-03-28,france,609,2,0,0
CharlieEtienne,2023-03-19,france,1415,1,0,0
CharlieEtienne,2023-03-27,france,249,1,0,0
Chaxwell,2023-04-04,france,113,1,0,1
Chcap,2023-03-30,france,809,1,0,0
CherifMZ,2023-04-04,france,283,1,0,1
Chiarchiaooo,2023-03-23,italy,1275,1,1,0
Chilgl0rd,2023-03-23,france,1061,1,0,0
Chimrod,2023-03-19,france,589,1,0,0
Choucroute-melba,2023-03-22,france,946,1,0,0
ChrilgamerYT,2023-03-24,italy,256,1,1,0
ChristoWolf,2023-03-19,austria,80,2,0,0
ChristoWolf,2023-03-20,austria,0,1,0,0
ChristoWolf,2023-03-24,austria,0,1,0,0
ChristoWolf,2023-04-02,austria,335,3,0,1
ChristoWolf,2023-04-07,austria,42,1,0,1
ChristophSchranz,2023-04-04,austria,310,1,0,1
ChristophWurst,2023-03-21,austria,4210,6,0,0
ChristophWurst,2023-03-22,austria,1676,3,0,0
ChristophWurst,2023-03-23,austria,323,2,0,0
ChristophWurst,2023-03-27,austria,603,1,0,0
ChristophWurst,2023-03-28,austria,778,1,0,0
ChristophWurst,2023-03-29,austria,569,1,0,0
ChristophWurst,2023-03-30,austria,638,1,0,0
ChristophWurst,2023-04-06,austria,1219,8,0,1
ChristopheCVB,2023-03-24,france,820,1,0,0
ChronicStone,2023-03-28,france,993,1,0,0
ChxGuillaume,2023-04-01,france,47,1,0,1
Cihaan,2023-04-03,france,0,15,0,1
Cilooth,2023-03-20,france,1023,1,0,0
CinquinAndy,2023-03-29,france,9099,26,0,0
CinquinAndy,2023-04-03,france,1636,34,0,1
CinquinAndy,2023-04-05,france,1529,1,0,1
Ciock,2023-03-20,italy,690,2,1,0
Ciull0,2023-03-31,italy,174,1,1,0
Ciznia,2023-04-04,france,961,1,0,1
Claquettes,2023-04-06,france,124,1,0,1
Claudiocli,2023-03-23,italy,288,3,1,0
ClemDoum,2023-03-27,france,0,3,0,0
Clement-Muth,2023-04-06,france,0,3,0,1
ClementEraud,2023-03-21,france,0,2,0,0
ClementEraud,2023-03-22,france,75,5,0,0
ClementWalter,2023-03-20,france,818,1,0,0
ClementWalter,2023-03-24,france,273,1,0,0
ClementWalter,2023-03-27,france,461,1,0,0
ClementWalter,2023-04-07,france,88,1,0,1
Clemios,2023-03-29,france,380,1,0,0
Clonkk,2023-03-27,france,497,1,0,0
Clonkk,2023-03-31,france,584,1,0,0
CoBC,2023-04-05,france,184,1,0,1
CodingLady22,2023-04-06,italy,0,1,1,1
CohenArthur,2023-03-18,france,0,1,0,0
CohenArthur,2023-03-25,france,39,1,0,0
CohenArthur,2023-03-30,france,616,2,0,0
CohenArthur,2023-04-04,france,861,1,0,1
ColinFay,2023-03-21,france,937,1,0,0
ColinFay,2023-03-23,france,181,1,0,0
ColinFay,2023-03-26,france,0,2,0,0
ColinFay,2023-03-27,france,1227,1,0,0
ColinFay,2023-03-28,france,133,1,0,0
ColinFay,2023-03-29,france,1659,4,0,0
ColinFay,2023-04-04,france,99,1,0,1
ColinLienard,2023-03-18,france,0,1,0,0
ColinLienard,2023-04-02,france,1090,1,0,1
ColinLienard,2023-04-03,france,0,1,0,1
ColinMaudry,2023-03-29,france,954,1,0,0
CommanderRedYT,2023-03-30,austria,346,1,0,0
CommanderRedYT,2023-04-07,austria,288,1,0,1
ConsciousML,2023-03-28,france,324,1,0,0
ConsciousML,2023-04-07,france,120,2,0,1
Copinmalin,2023-03-19,france,155,1,0,0
CorentinLemaitre,2023-04-04,france,818,1,0,1
Cosme711,2023-03-23,france,801,1,0,0
CrazyChaoz,2023-03-24,austria,391,1,0,0
Creative-Difficulty,2023-03-27,austria,427,1,0,0
Creative-Difficulty,2023-03-28,austria,14,1,0,0
CrisLigX,2023-03-20,italy,0,1,1,0
Crocmagnon,2023-03-24,france,332,1,0,0
Crocmagnon,2023-03-25,france,1278,2,0,0
Crocmagnon,2023-04-05,france,822,2,0,1
CruuzAzul,2023-03-26,france,5774,18,0,0
CryLegende,2023-04-06,france,583,1,0,1
Cubox,2023-04-02,france,168,1,0,1
Curs3W4ll,2023-03-30,france,607,1,0,0
Cursusdev,2023-03-31,france,2,1,0,0
Cursusdev,2023-04-06,france,2,1,0,1
CyberPingU,2023-03-21,italy,453,1,1,0
CyberPingU,2023-03-24,italy,1093,1,1,0
CyberPoison,2023-03-26,france,2339,2,0,0
Cykyrios,2023-03-25,france,892,1,0,0
CyndelHerolt,2023-03-30,france,72,1,0,0
CyriacduChatenet,2023-03-18,france,0,1,0,0
CyriacduChatenet,2023-03-20,france,0,7,0,0
CyriacduChatenet,2023-03-21,france,0,2,0,0
CyriacduChatenet,2023-03-22,france,0,5,0,0
CyriacduChatenet,2023-03-23,france,0,4,0,0
CyriacduChatenet,2023-03-24,france,0,5,0,0
CyriacduChatenet,2023-03-25,france,0,1,0,0
CyriacduChatenet,2023-03-27,france,0,3,0,0
CyriacduChatenet,2023-03-28,france,0,11,0,0
CyriacduChatenet,2023-03-31,france,0,1,0,0
Cyril-Pop,2023-04-01,france,578,1,0,1
CyrilleB79,2023-03-19,france,266,1,0,0
CyrilleB79,2023-03-24,france,318,1,0,0
CyrilleB79,2023-03-27,france,1351,2,0,0
CyrilleB79,2023-04-02,france,1340,1,0,1
CyrilleB79,2023-04-03,france,582,2,0,1
CyrilleB79,2023-04-04,france,921,2,0,1
D3SOX,2023-04-02,austria,249,1,0,1
D3m0n92,2023-04-04,italy,1221,1,1,1
D3vil0p3r,2023-03-18,italy,395,1,1,0
D3vil0p3r,2023-03-27,italy,909,1,1,0
D3vil0p3r,2023-03-30,italy,2543,2,1,0
D3vil0p3r,2023-04-01,italy,3030,5,1,1
D3vil0p3r,2023-04-02,italy,852,1,1,1
D3vil0p3r,2023-04-06,italy,1106,3,1,1
D3vil0p3r,2023-04-08,italy,163,1,1,1
DAMIOSKIDEV,2023-04-07,france,1413,1,0,1
DBarthe,2023-03-21,france,783,1,0,0
DEDEit,2023-03-20,italy,406,1,1,0
DEDEit,2023-03-21,italy,808,1,1,0
DEV-byoos,2023-04-06,france,647,1,0,1
DIY-Blub,2023-03-24,austria,668,1,0,0
DIY-Blub,2023-03-27,austria,1525,1,0,0
DIY-Blub,2023-03-31,austria,1403,1,0,0
DKhalil,2023-04-04,austria,375,2,0,1
DRACOX2500,2023-04-07,france,0,1,0,1
DRACOX2500,2023-04-08,france,0,1,0,1
DaBadBunny,2023-04-03,france,230,1,0,1
Daandelange,2023-04-01,france,269,1,0,1
DadiBit,2023-04-08,italy,1169,2,1,1
Daftus,2023-03-21,france,625,1,0,0
Daimona,2023-04-08,italy,1354,1,1,1
Daml,2023-03-27,france,617,1,0,0
DanChaltiel,2023-03-21,france,711,1,0,0
DanChaltiel,2023-03-22,france,1102,1,0,0
DanChaltiel,2023-03-26,france,1058,2,0,0
DanChaltiel,2023-04-07,france,603,1,0,1
Danguilhen,2023-03-26,france,143,1,0,0
DanielePalaia,2023-03-28,italy,282,1,1,0
DanielePucci,2023-04-05,italy,447,1,1,1
DanieleTonti,2023-03-28,italy,151,2,1,0
DanieleTonti,2023-04-05,italy,202,2,1,1
DanieleTonti,2023-04-06,italy,0,1,1,1
DaniruKun,2023-03-30,austria,843,2,0,0
DaniruKun,2023-03-31,austria,237,2,0,0
DaniruKun,2023-04-03,austria,0,1,0,1
DaniruKun,2023-04-04,austria,208,1,0,1
DaniruKun,2023-04-05,austria,0,1,0,1
DaniruKun,2023-04-06,austria,840,2,0,1
DaniruKun,2023-04-07,austria,167,1,0,1
DaniruKun,2023-04-08,austria,361,2,0,1
Dario-Ciceri,2023-03-18,italy,611,1,1,0
Darkempire78,2023-04-08,france,60,1,0,1
Darkness4,2023-03-22,france,0,1,0,0
Darkyyyyy,2023-03-26,france,195,1,0,0
Datenschmutz,2023-04-04,austria,331,1,0,1
Dav1dde,2023-03-26,austria,625,1,0,0
DavDag,2023-04-04,italy,809,1,1,1
David-COUDRAY,2023-03-26,france,1267,1,0,0
David-YesWeDev,2023-04-03,france,1476,1,0,1
DavidBruant,2023-03-21,france,30,1,0,0
DavidBruant,2023-03-31,france,22,1,0,0
DavidBruant,2023-04-05,france,592,2,0,1
DavidPHirsch,2023-03-30,austria,0,4,0,0
DavidXanatos,2023-03-26,austria,302,1,0,0
Davide-sd,2023-03-27,italy,176,1,1,0
DavideLentini,2023-03-24,italy,513,1,1,0
DavidePicc,2023-03-24,italy,96,5,1,0
DavidePicc,2023-03-26,italy,347,6,1,0
DavidePicc,2023-03-27,italy,0,1,1,0
DavidePicc,2023-03-29,italy,34,1,1,0
DavidePicc,2023-03-30,italy,286,4,1,0
DavidePicc,2023-03-31,italy,1216,15,1,0
DavidePicc,2023-04-04,italy,434,5,1,1
Davidwalser,2023-03-29,austria,407,1,0,0
Davidwalser,2023-04-03,austria,561,1,0,1
Daxe9,2023-03-27,italy,4,1,1,0
Daxe9,2023-03-28,italy,116,4,1,0
Daxelarne,2023-04-06,france,984,1,0,1
Dazaisan99,2023-04-05,france,1253,1,0,1
Deathn0t,2023-03-21,france,335,1,0,0
Deathn0t,2023-03-22,france,48,1,0,0
Deathn0t,2023-03-29,france,90,1,0,0
Deathn0t,2023-04-05,france,81,1,0,1
Deglam,2023-03-24,france,105,1,0,0
DelazJ,2023-03-20,france,599,1,0,0
DelazJ,2023-03-30,france,1198,2,0,0
DelazJ,2023-03-31,france,386,1,0,0
Deleplace,2023-03-21,france,390,1,0,0
Demi290402,2023-04-07,italy,494,2,1,1
Demiperimetre,2023-03-31,france,93,1,0,0
DenoBeno,2023-03-27,austria,572,1,0,0
Deo-Favente,2023-04-02,france,0,1,0,1
Der-Cyber-Coach,2023-03-28,austria,23,1,0,0
Der-Cyber-Coach,2023-04-05,austria,64,1,0,1
Destructor,2023-04-02,france,0,1,0,1
Dev-Mikko,2023-03-28,italy,340,1,1,0
DevLazio,2023-04-05,france,1560,2,0,1
DeveloppeurPascal,2023-03-18,france,0,2,0,0
DeveloppeurPascal,2023-03-20,france,268,1,0,0
DeveloppeurPascal,2023-03-25,france,0,12,0,0
DeveloppeurPascal,2023-03-26,france,0,42,0,0
DeveloppeurPascal,2023-04-01,france,204,1,0,1
DeveloppeurPascal,2023-04-03,france,0,1,0,1
DeveloppeurPascal,2023-04-06,france,0,24,0,1
DeveloppeurPascal,2023-04-07,france,94,3,0,1
DeveloppeurPascal,2023-04-08,france,322,9,0,1
DevilishSpirits,2023-03-20,france,872,1,0,0
DiTo97,2023-04-07,italy,400,1,1,1
DianeBinsztok,2023-03-24,france,0,1,0,0
DianeBinsztok,2023-03-28,france,0,6,0,0
DianeBinsztok,2023-03-29,france,0,1,0,0
DianeBinsztok,2023-04-04,france,0,4,0,1
DianeBinsztok,2023-04-05,france,0,2,0,1
Diaoul,2023-04-02,france,629,1,0,1
DidierMalenfant,2023-03-21,france,1025,1,0,0
DidierMalenfant,2023-04-08,france,360,1,0,1
DiegoBaldassarMilleuno,2023-03-20,italy,840,1,1,0
DiegoVinasco,2023-04-05,france,355,1,0,1
DillonJ,2023-03-22,france,502,1,0,0
DillonJ,2023-03-30,france,701,1,0,0
DillonJ,2023-03-31,france,683,1,0,0
DillonJ,2023-04-06,france,1565,1,0,1
DillonJ,2023-04-08,france,1245,2,0,1
DimitriPapadopoulos,2023-03-23,france,884,2,0,0
DimitriPapadopoulos,2023-03-26,france,717,1,0,0
DimitriPapadopoulos,2023-03-29,france,960,1,0,0
DimitriPapadopoulos,2023-04-05,france,1484,1,0,1
Dino-Kupinic,2023-03-27,austria,0,1,0,0
DjThunder,2023-03-20,france,35,1,0,0
DjThunder,2023-03-24,france,68,1,0,0
DjThunder,2023-03-29,france,46,1,0,0
DjThunder,2023-04-06,france,38,1,0,1
DjThunder,2023-04-07,france,55,1,0,1
DjalimSimaila,2023-03-20,france,0,1,0,0
DjalimSimaila,2023-03-27,france,0,3,0,0
DjebbZ,2023-03-29,france,364,1,0,0
Doclic,2023-03-22,france,778,2,0,0
Doclic,2023-03-23,france,1160,2,0,0
Doclic,2023-03-24,france,251,1,0,0
Doclic,2023-04-04,france,1938,2,0,1
DoctaEnkoda,2023-03-25,france,1328,3,0,0
DomDumont,2023-04-05,france,826,1,0,1
DomiStyle,2023-03-23,austria,356,1,0,0
DomiStyle,2023-04-05,austria,2065,2,0,1
DominikPeters,2023-03-25,france,704,1,0,0
DonCallisto,2023-04-05,italy,899,1,1,1
DonRP,2023-04-03,italy,454,1,1,1
DonRP,2023-04-05,italy,0,1,1,1
DonRP,2023-04-06,italy,0,1,1,1
Dona278,2023-04-03,italy,255,1,1,1
Donatooooooo,2023-03-27,italy,11,2,1,0
Donatooooooo,2023-04-07,italy,0,1,1,1
DoneDeal0,2023-03-25,france,1218,1,0,0
Doomkyn,2023-03-20,italy,58,1,1,0
Doreapp,2023-03-25,france,357,1,0,0
Doreapp,2023-03-26,france,0,1,0,0
Doreapp,2023-03-27,france,0,2,0,0
Dorian25,2023-03-31,france,806,2,0,0
Dorian25,2023-04-03,france,241,2,0,1
Dorian25,2023-04-04,france,839,1,0,1
Dorian25,2023-04-05,france,696,3,0,1
DorvakOff,2023-03-21,france,129,1,0,0
DorvakOff,2023-03-24,france,79,1,0,0
DorvakOff,2023-04-05,france,140,1,0,1
Dr-PC-Mac-Linux,2023-03-24,france,112,1,0,0
DrArtemi,2023-03-25,france,76,3,0,0
DrArtemi,2023-03-26,france,67,1,0,0
DrTableBasse,2023-04-07,france,316,2,0,1
DrUm78,2023-04-07,france,698,1,0,1
DrUm78,2023-04-08,france,581,1,0,1
DrackThor,2023-03-24,austria,0,1,0,0
DrackThor,2023-03-28,austria,503,1,0,0
DradeAW,2023-03-23,france,826,1,0,0
DradeAW,2023-03-24,france,1007,1,0,0
DradeAW,2023-03-30,france,1169,1,0,0
DradeAW,2023-03-31,france,645,1,0,0
DradeAW,2023-04-06,france,1475,1,0,1
DraftProducts,2023-03-30,france,288,1,0,0
Dragone2,2023-04-06,italy,1343,1,1,1
Drarig29,2023-03-28,france,666,1,0,0
Drustan,2023-03-22,france,570,1,0,0
Ducote,2023-04-03,france,881,1,0,1
DukeDukeEm,2023-03-22,austria,650,1,0,0
Durss,2023-03-19,france,241,1,0,0
Durss,2023-04-08,france,438,1,0,1
DyVIcente,2023-03-24,france,248,1,0,0
DylanDelobel,2023-04-07,france,329,1,0,1
Dynnammo,2023-03-21,france,389,3,0,0
Dynnammo,2023-03-22,france,0,1,0,0
Dynnammo,2023-03-24,france,844,1,0,0
DzzD,2023-03-19,france,1502,1,0,0
DzzD,2023-04-01,france,706,1,0,1
EArminjon,2023-03-24,france,1102,1,0,0
EArminjon,2023-03-28,france,440,1,0,0
EDM115,2023-03-24,france,759,1,0,0
EDM115,2023-04-02,france,156,1,0,1
EMJzero,2023-04-03,italy,440,1,1,1
ENDERZOMBI102,2023-03-24,italy,75,3,1,0
ENDERZOMBI102,2023-04-04,italy,76,1,1,1
EPourmo,2023-03-30,france,128,1,0,0
EZinkov,2023-03-23,france,0,8,0,0
EZinkov,2023-03-25,france,0,1,0,0
Ebmtranceboy,2023-03-22,france,97,1,0,0
Ebmtranceboy,2023-04-05,france,97,1,0,1
Edgiest05,2023-04-03,italy,73,1,1,1
EdoardoTona,2023-04-06,italy,815,1,1,1
EdoardoTosin,2023-03-27,italy,193,1,1,0
EgeOnder,2023-03-25,italy,97,2,1,0
EgeOnder,2023-04-05,italy,73,4,1,1
EgeOnder,2023-04-06,italy,0,2,1,1
EgeOnder,2023-04-08,italy,452,1,1,1
Egidi-A,2023-03-30,italy,349,4,1,0
Egidi-A,2023-04-03,italy,1578,18,1,1
EgidioCaprino,2023-03-19,italy,56,1,1,0
Eikix,2023-03-18,france,218,1,0,0
ElBi21,2023-04-06,italy,0,1,1,1
ElPolito,2023-04-03,france,58,1,0,1
ElProfessorFR,2023-03-29,france,711,1,0,0
ElTacitos,2023-03-29,france,258,1,0,0
ElTarquin,2023-03-28,france,112,1,0,0
Elanis,2023-03-26,france,0,1,0,0
Elckarow,2023-03-20,france,630,1,0,0
Eldoir,2023-04-02,france,0,3,0,1
Eldoir,2023-04-03,france,0,3,0,1
Eldoir,2023-04-06,france,0,2,0,1
EliaschM,2023-03-22,austria,61,1,0,0
EliiiseE,2023-04-07,france,1515,1,0,1
Elikill58,2023-03-28,france,53,1,0,0
Elisa-K,2023-04-02,france,0,10,0,1
Elisa-K,2023-04-03,france,0,1,0,1
ElisabethCabioch,2023-03-31,france,988,1,0,0
EliseiFrederic,2023-03-21,france,873,1,0,0
Elius94,2023-04-06,italy,444,1,1,1
Elliot67,2023-04-08,france,1218,1,0,1
EloiGattet,2023-03-28,france,456,1,0,0
EloiGattet,2023-04-03,france,773,1,0,1
Eloiii,2023-03-27,france,4500,5,0,0
Elysir,2023-03-24,italy,81,2,1,0
Emanuele97x,2023-03-21,italy,234,1,1,0
EmanueleCoppola,2023-03-25,italy,147,1,1,0
EmileCalixte,2023-04-04,france,420,5,0,1
EmileCalixte,2023-04-07,france,0,1,0,1
EmileRolley,2023-03-22,france,0,1,0,0
EmileRolley,2023-04-08,france,413,3,0,1
EmmanuelDemey,2023-03-18,france,0,2,0,0
EmmanuelDemey,2023-03-19,france,0,1,0,0
EmmanuelDemey,2023-03-27,france,0,1,0,0
EmmanuelDemey,2023-03-30,france,622,2,0,0
EmmanuelDemey,2023-04-05,france,0,2,0,1
Ena-Shepherd,2023-04-04,france,65,1,0,1
Ena-Shepherd,2023-04-05,france,518,1,0,1
Enahkra,2023-03-20,france,372,1,0,0
EndBug,2023-03-27,italy,281,1,1,0
EndBug,2023-03-29,italy,132,1,1,0
Engil,2023-03-28,france,980,1,0,0
Engil,2023-04-01,france,924,1,0,1
Enkosz,2023-04-03,italy,30,1,1,1
Ennoriel,2023-04-01,france,389,1,0,1
Ennoriel,2023-04-04,france,387,1,0,1
Eomm,2023-03-27,italy,630,1,1,0
Eomm,2023-04-01,italy,89,1,1,1
Eomm,2023-04-03,italy,209,1,1,1
Eomm,2023-04-04,italy,315,1,1,1
Eowalim,2023-04-01,france,322,1,0,1
EpicLPer,2023-03-31,austria,600,1,0,0
EpikCloudFR,2023-04-01,france,620,3,0,1
Eredrim,2023-04-03,france,113,2,0,1
ErenHistarion,2023-03-25,france,0,1,0,0
ErenHistarion,2023-03-26,france,0,1,0,0
Eric-verret,2023-03-31,france,364,1,0,0
EricDeveaud,2023-03-23,france,1153,1,0,0
EricaCavaliere,2023-03-25,italy,288,4,1,0
EricaCavaliere,2023-03-27,italy,273,3,1,0
EricaCavaliere,2023-03-28,italy,92,1,1,0
ErikssonJoakim,2023-03-21,france,534,1,0,0
ErlerPhilipp,2023-03-31,austria,45,1,0,0
Erry91,2023-03-29,italy,1128,1,1,0
ErwanDemairy,2023-04-05,france,568,1,0,1
Erwui,2023-04-03,france,589,1,0,1
Erzalt,2023-03-23,france,78,2,0,0
Erzalt,2023-03-24,france,39,2,0,0
Erzalt,2023-03-25,france,0,1,0,0
Erzalt,2023-03-27,france,163,2,0,0
Erzalt,2023-03-28,france,0,1,0,0
Erzalt,2023-03-29,france,194,1,0,0
Erzalt,2023-04-03,france,21,1,0,1
Erzalt,2023-04-06,france,79,1,0,1
EscVM,2023-03-30,italy,429,1,1,0
Estecka,2023-03-25,france,793,1,0,0
EstherLerouzic,2023-04-06,france,548,1,0,1
Estukoo,2023-03-21,france,1284,1,0,0
Esysteme,2023-03-28,france,347,1,0,0
EtienneM,2023-03-21,france,55,1,0,0
EtienneM,2023-03-24,france,1449,1,0,0
EtienneM,2023-03-29,france,773,3,0,0
EtienneM,2023-03-31,france,316,1,0,0
EtienneM,2023-04-03,france,776,1,0,1
EtienneProthon,2023-03-27,france,25,1,0,0
Etiennef3D,2023-04-03,france,509,1,0,1
Evan-Roberts-808,2023-03-30,italy,1320,2,1,0
Evan-Roberts-808,2023-04-01,italy,0,1,1,1
Evm7,2023-03-20,austria,562,1,0,0
Evm7,2023-03-22,austria,605,1,0,0
Evm7,2023-03-27,austria,351,1,0,0
Ewen35550,2023-04-04,france,0,1,0,1
Exaercase,2023-03-30,france,158,1,0,0
EzHeisenberg,2023-04-04,france,966,1,0,1
Ezibenroc,2023-03-29,france,382,1,0,0
F153,2023-03-19,italy,119,1,1,0
F153,2023-03-31,italy,86,1,1,0
F4EWI,2023-04-01,france,388,1,0,1
FABallemand,2023-03-29,france,0,1,0,0
FALLAI-Denis,2023-03-19,france,1545,1,0,0
FALLAI-Denis,2023-03-21,france,1096,1,0,0
FALLAI-Denis,2023-03-30,france,655,1,0,0
FM1973,2023-03-24,austria,1502,1,0,0
FM1973,2023-03-27,austria,1768,2,0,0
FM1973,2023-03-29,austria,1083,1,0,0
FabRiviere,2023-03-26,france,7956,21,0,0
FabRiviere,2023-03-27,france,330,1,0,0
FabRiviere,2023-03-30,france,2271,6,0,0
FabRiviere,2023-03-31,france,948,2,0,0
FabRiviere,2023-04-05,france,857,1,0,1
Fabeuss,2023-03-29,france,188,1,0,0
FabienArcellier,2023-03-27,france,0,2,0,0
FabienArcellier,2023-03-30,france,860,1,0,0
FabienArcellier,2023-04-01,france,0,1,0,1
FabienArcellier,2023-04-03,france,1138,1,0,1
FabienCH,2023-03-22,france,0,1,0,0
FabienCH,2023-03-30,france,63,1,0,0
FabienD,2023-03-31,france,427,1,0,0
FabienLelaquais,2023-03-21,france,874,1,0,0
FabienLelaquais,2023-03-22,france,212,1,0,0
FabienLelaquais,2023-03-27,france,2728,9,0,0
FabienLelaquais,2023-03-28,france,275,1,0,0
FabienLelaquais,2023-03-30,france,397,1,0,0
FabienLelaquais,2023-04-06,france,220,1,0,1
Fabio1988,2023-03-20,austria,240,1,0,0
Fabio1988,2023-03-27,austria,91,1,0,0
Fabio1988,2023-03-28,austria,383,1,0,0
Fabio286,2023-04-08,italy,230,1,1,1
FabioC34,2023-03-24,italy,1218,1,1,0
FabioLolix,2023-03-26,italy,83,1,1,0
FabrizioC,2023-03-23,italy,95,1,1,0
FailedCoder23,2023-03-19,france,78,1,0,0
FailedCoder23,2023-03-21,france,95,1,0,0
FailedCoder23,2023-03-22,france,174,1,0,0
FailedCoder23,2023-03-28,france,59,1,0,0
FailedCoder23,2023-03-30,france,35,2,0,0
FailedCoder23,2023-04-03,france,146,1,0,1
FailedCoder23,2023-04-04,france,83,3,0,1
Failsafe787,2023-03-20,italy,172,1,1,0
Falke-Design,2023-04-08,austria,683,1,0,1
Farenc21,2023-04-05,france,133,1,0,1
Fargus5,2023-04-04,france,204,1,0,1
FaridSafi,2023-03-21,france,776,1,0,0
FaridSafi,2023-04-02,france,167,1,0,1
FaridSafi,2023-04-03,france,0,1,0,1
Faroito,2023-04-06,france,693,1,0,1
FbN,2023-03-27,italy,270,1,1,0
FedeDP,2023-03-23,italy,182,1,1,0
FedeDP,2023-03-24,italy,560,1,1,0
FedeDP,2023-04-04,italy,457,1,1,1
FedericaSicchiero,2023-03-28,italy,54,1,1,0
FedericoRollo,2023-03-29,italy,272,1,1,0
FedericoRollo,2023-04-05,italy,55,2,1,1
FedericoStra,2023-03-29,italy,1255,2,1,0
FelixDubois,2023-03-27,france,816,1,0,0
Felixmil,2023-03-23,france,337,1,0,0
Felixmil,2023-03-28,france,1348,1,0,0
Felixmil,2023-04-07,france,452,1,0,1
FellaBennadji,2023-03-23,france,268,1,0,0
Ferdi265,2023-03-24,austria,447,1,0,0
Feu-Secret,2023-03-29,france,0,3,0,0
Feu-Secret,2023-03-30,france,54,1,0,0
FeuSalamander,2023-03-21,france,154,1,0,0
FewerElk,2023-03-18,france,204,2,0,0
FewerElk,2023-03-21,france,694,1,0,0
FewerElk,2023-03-23,france,89,1,0,0
FewerElk,2023-03-27,france,0,1,0,0
FewerElk,2023-04-01,france,652,1,0,1
FezVrasta,2023-03-24,italy,296,1,1,0
FezVrasta,2023-03-29,italy,1094,1,1,0
FezVrasta,2023-03-31,italy,261,1,1,0
FezVrasta,2023-04-07,italy,483,1,1,1
FiFolker,2023-04-07,france,0,1,0,1
FiFolker,2023-04-08,france,0,10,0,1
FilippoBoscarino,2023-03-25,italy,610,1,1,0
FilippoC,2023-03-27,france,1166,1,0,0
FilippoComastri,2023-04-02,italy,151,1,1,1
FilippoComastri,2023-04-04,italy,279,2,1,1
FilippoComastri,2023-04-06,italy,1,1,1,1
FilippoComastri,2023-04-07,italy,0,1,1,1
FilippoVissani,2023-03-29,italy,199,1,1,0
FionaDL,2023-03-29,italy,235,1,1,0
FirelightFlagboy,2023-03-20,france,454,1,0,0
FirelightFlagboy,2023-03-24,france,151,1,0,0
FirelightFlagboy,2023-04-03,france,870,2,0,1
Fivda,2023-03-28,france,492,1,0,0
Fivda,2023-04-06,france,315,1,0,1
FlachyJoe,2023-04-03,france,1292,1,0,1
FlagHunter01,2023-03-25,france,914,1,0,0
Flaick,2023-03-29,france,140,1,0,0
Flarna,2023-03-21,austria,113,1,0,0
Flarna,2023-03-24,austria,268,1,0,0
FlavioAdamo,2023-03-31,italy,23,1,1,0
Flecart,2023-03-19,italy,69,1,1,0
FliiFe,2023-03-30,france,1119,1,0,0
Flo2410,2023-03-29,austria,793,1,0,0
FloZone,2023-03-20,france,58,1,0,0
Flooze-IT,2023-04-07,france,579,1,0,1
FloranGoumaud,2023-03-31,france,0,2,0,0
FloranGoumaud,2023-04-05,france,0,1,0,1
FlorentinDUBOIS,2023-03-24,france,84,1,0,0
FlorianCassayre,2023-03-28,france,471,1,0,0
FlorianCassayre,2023-04-03,france,1142,1,0,1
FlorianLance,2023-03-28,france,158,1,0,0
FlorianV54,2023-04-07,france,654,1,0,1
FlorianVDP,2023-04-01,france,138,2,0,1
FlorianVDP,2023-04-03,france,113,1,0,1
Florleseige,2023-04-07,france,1065,3,0,1
FloydOtsoko,2023-04-05,austria,194,1,0,1
Fly1337,2023-03-23,austria,329,1,0,0
FlyRouter,2023-03-18,italy,243,1,1,0
FlyRouter,2023-03-24,italy,377,2,1,0
FlyRouter,2023-03-25,italy,364,1,1,0
Fonty02,2023-03-24,italy,2,2,1,0
Fonty02,2023-03-27,italy,85,2,1,0
Fonty02,2023-04-05,italy,335,1,1,1
FonzTech,2023-03-26,italy,103,1,1,0
Foul,2023-03-18,france,274,1,0,0
Fox2Code,2023-03-28,france,415,1,0,0
Fox2Code,2023-03-30,france,250,1,0,0
FrKaram,2023-04-06,france,148,1,0,1
Fra-Sq,2023-04-03,italy,283,1,1,1
FraBomba6,2023-04-07,italy,1535,1,1,1
Francesco215,2023-03-27,italy,765,5,1,0
Francesco215,2023-03-28,italy,112,1,1,0
Francesco215,2023-04-03,italy,166,1,1,1
Francesco215,2023-04-04,italy,445,1,1,1
Francesco215,2023-04-05,italy,176,1,1,1
Francesco215,2023-04-06,italy,199,1,1,1
FrancescoBonizzi,2023-04-02,italy,513,1,1,1
FrancescoCaracciolo,2023-04-08,italy,119,1,1,1
FranckG28,2023-03-22,france,0,1,0,0
FranckG28,2023-03-31,france,85,1,0,0
FranckG28,2023-04-01,france,374,6,0,1
FrancoisBasset,2023-04-03,france,0,2,0,1
Francyrad,2023-03-18,italy,855,2,1,0
Francywott,2023-03-26,italy,42,1,1,0
FranzPoize,2023-03-28,france,53,2,0,0
FranzPoize,2023-03-30,france,0,1,0,0
FranzPoize,2023-04-03,france,246,1,0,1
Fred-DTV,2023-03-20,austria,371,1,0,0
FredPraca,2023-03-21,france,930,2,0,0
Fredkiss3,2023-04-07,france,990,2,0,1
FreyaIthildur,2023-03-21,italy,1382,1,1,0
FreyaIthildur,2023-03-22,italy,7277,9,1,0
FreyaIthildur,2023-03-30,italy,1636,2,1,0
FreyaIthildur,2023-04-01,italy,12414,34,1,1
FreyaIthildur,2023-04-03,italy,956,3,1,1
FreyaIthildur,2023-04-04,italy,751,1,1,1
FreyaIthildur,2023-04-06,italy,771,1,1,1
FreyaIthildur,2023-04-08,italy,938,2,1,1
Freyskeyd,2023-03-26,france,0,1,0,0
FrostBreker,2023-03-26,france,656,1,0,0
Fszta,2023-03-18,france,191,1,0,0
Fulgen301,2023-03-21,austria,511,1,0,0
FunixG,2023-03-28,france,84,2,0,0
FunixG,2023-03-29,france,200,2,0,0
FunixG,2023-03-31,france,69,1,0,0
Fupete,2023-03-20,italy,1028,3,1,0
Fupete,2023-03-23,italy,1279,1,1,0
Fupete,2023-03-28,italy,20,2,1,0
Fupete,2023-03-30,italy,65,1,1,0
Fupete,2023-03-31,italy,276,4,1,0
Fupete,2023-04-02,italy,0,6,1,1
Furiza31,2023-03-23,france,0,6,0,0
Furiza31,2023-03-27,france,0,1,0,0
Furiza31,2023-03-29,france,0,1,0,0
Furiza31,2023-04-02,france,0,1,0,1
FuryCraft,2023-03-19,france,612,3,0,0
FuryCraft,2023-03-20,france,221,1,0,0
FuryCraft,2023-03-21,france,228,1,0,0
FuryCraft,2023-03-22,france,204,1,0,0
FuryCraft,2023-03-23,france,203,1,0,0
FuryCraft,2023-03-24,france,1224,6,0,0
FuryCraft,2023-03-27,france,206,1,0,0
FuryCraft,2023-03-28,france,1214,6,0,0
FuryCraft,2023-04-06,france,203,1,0,1
G-Ray,2023-04-01,france,84,1,0,1
G1org1owo,2023-03-20,italy,945,1,1,0
G3Kappa,2023-04-04,italy,1261,1,1,1
GGGuerin,2023-04-08,france,113,1,0,1
GGuidiRontani,2023-03-20,france,950,1,0,0
GMFranceschini,2023-03-21,italy,488,1,1,0
GMagician,2023-03-29,italy,557,1,1,0
GPrimola,2023-04-03,italy,1178,1,1,1
GT-CNIG-DDU,2023-03-22,france,594,1,0,0
GT-CNIG-DDU,2023-03-27,france,2025,4,0,0
Gab-Metzger,2023-04-07,france,876,1,0,1
Gab-pm,2023-03-31,france,1527,1,0,0
Gabboxl,2023-04-03,italy,587,1,1,1
GabrielBlondeau-Kirby,2023-04-04,france,466,2,0,1
GabrielRavier,2023-03-22,france,1082,1,0,0
GabrielRavier,2023-03-23,france,3799,4,0,0
GabrielRavier,2023-03-24,france,3908,7,0,0
GabrielRavier,2023-03-27,france,933,1,0,0
GabrielTruong,2023-03-31,france,44,1,0,0
GabrielTruong,2023-04-05,france,72,1,0,1
GabrielVidal1,2023-04-02,france,55,1,0,1
Gael-Mifsud,2023-04-04,france,330,1,0,1
GaelleJoubert,2023-03-22,france,1095,1,0,0
GaetanLepage,2023-03-21,france,601,1,0,0
Gaetanbrl,2023-03-28,france,767,1,0,0
Gaetanbrl,2023-04-07,france,1157,2,0,1
GagatheRollex,2023-03-30,france,352,3,0,0
Gai-Luron,2023-03-22,france,687,1,0,0
Gai-Luron,2023-03-23,france,669,1,0,0
Gai-Luron,2023-03-24,france,390,1,0,0
Gai-Luron,2023-04-04,france,721,1,0,1
Galadrin,2023-03-31,france,979,1,0,0
Galadrin,2023-04-08,france,337,1,0,1
GaloisField2718,2023-03-30,france,469,1,0,0
Gashmob,2023-03-25,france,211,1,0,0
Gbury,2023-03-27,france,2611,2,0,0
Geal,2023-03-23,france,145,1,0,0
Geal,2023-03-28,france,489,1,0,0
Geal,2023-04-05,france,351,1,0,1
GeckoEidechse,2023-03-19,austria,1037,3,0,0
GeckoEidechse,2023-03-20,austria,371,1,0,0
GeckoEidechse,2023-03-23,austria,101,1,0,0
GeckoEidechse,2023-03-27,austria,215,1,0,0
GeckoEidechse,2023-03-28,austria,466,1,0,0
GeckoEidechse,2023-03-29,austria,470,3,0,0
GeckoEidechse,2023-03-31,austria,699,2,0,0
GeckoEidechse,2023-04-01,austria,86,1,0,1
GeckoEidechse,2023-04-02,austria,851,3,0,1
GeckoEidechse,2023-04-06,austria,414,1,0,1
GeckoEidechse,2023-04-07,austria,228,1,0,1
Geluchat,2023-03-31,france,646,1,0,0
Geming400,2023-03-18,france,550,1,0,0
GenFlogi,2023-03-19,austria,836,1,0,0
GeoffreyDlvl,2023-03-31,france,483,1,0,0
GeoffreyMetais,2023-04-05,france,696,1,0,1
GeorgeAlehandro,2023-04-05,france,1415,1,0,1
GeraudWilling,2023-03-22,france,594,1,0,0
Germano0,2023-04-08,italy,807,1,1,1
Gfuse,2023-03-26,italy,1370,1,1,0
GhepardoDelWeb,2023-04-06,italy,121,1,1,1
GhomKrosmonaute,2023-03-29,france,626,1,0,0
GhostyJade,2023-03-26,italy,762,1,1,0
Gi-jutsu,2023-03-24,france,673,2,0,0
Gi-jutsu,2023-03-25,france,726,4,0,0
Gi-jutsu,2023-03-26,france,252,1,0,0
GiadaMarzapane,2023-03-22,italy,0,4,1,0
GianfriAur,2023-03-30,italy,1193,1,1,0
Gianlu,2023-03-31,italy,1246,1,1,0
GianlucaGrotto,2023-04-06,italy,574,1,1,1
GianmarcoRuffi,2023-03-21,italy,623,1,1,0
Giasinit,2023-04-04,italy,75,1,1,1
Giasinit,2023-04-07,italy,703,1,1,1
GillianPerard,2023-03-27,france,853,1,0,0
GioAc96,2023-03-20,italy,1024,1,1,0
GioAc96,2023-03-22,italy,474,1,1,0
GioBert,2023-03-27,italy,1251,1,1,0
GioKas93,2023-03-20,italy,932,1,1,0
GioKas93,2023-03-28,italy,190,1,1,0
GiorgioRen,2023-03-19,italy,188,1,1,0
GiorgioUghini,2023-04-04,italy,1065,1,1,1
GiovanniMancini,2023-03-18,italy,0,1,1,0
GiovanniMancini,2023-03-25,italy,0,1,1,0
GiovanniMancini,2023-03-31,italy,80,2,1,0
GiovanniRiefolo,2023-03-22,italy,277,2,1,0
GiovanniSer,2023-03-27,italy,369,1,1,0
GirardR1006,2023-03-30,france,1519,1,0,0
GirardR1006,2023-04-04,france,983,1,0,1
GitThirteen,2023-04-01,austria,1348,1,0,1
GiulioGx,2023-04-05,italy,640,1,1,1
GiulioRomualdi,2023-03-28,italy,55,1,1,0
Giuseppetm,2023-04-08,italy,0,1,1,1
Gjacquenot,2023-04-07,france,333,1,0,1
Gladear,2023-04-01,france,408,1,0,1
Gleethos,2023-04-01,austria,0,1,0,1
Gleethos,2023-04-08,austria,724,1,0,1
GlennPlou,2023-03-30,france,1472,1,0,0
Glup3,2023-03-31,austria,34,1,0,0
Godefroy,2023-03-30,france,169,1,0,0
Gog0,2023-04-05,france,0,1,0,1
Golgautier,2023-04-05,france,1971,2,0,1
Gorgious56,2023-04-08,france,444,1,0,1
Graffioh,2023-03-28,italy,0,2,1,0
GrandSchtroumpf,2023-03-24,france,1917,2,0,0
GrandStrateguerre,2023-03-19,france,420,1,0,0
Grandnainconnu,2023-04-08,france,523,1,0,1
Gravity-Zero-o,2023-03-27,france,399,1,0,0
GreatBrickLab,2023-03-18,italy,246,1,1,0
GreenfishK,2023-03-20,austria,546,1,0,0
GreenfishK,2023-03-22,austria,387,1,0,0
GreenfishK,2023-04-04,austria,212,1,0,1
GreepTheSheep,2023-03-18,france,429,2,0,0
GreepTheSheep,2023-03-19,france,430,2,0,0
GreepTheSheep,2023-03-20,france,430,2,0,0
GreepTheSheep,2023-03-22,france,429,2,0,0
GreepTheSheep,2023-03-23,france,429,2,0,0
GreepTheSheep,2023-03-26,france,429,2,0,0
GreepTheSheep,2023-03-30,france,858,4,0,0
GreepTheSheep,2023-03-31,france,1067,5,0,0
GreepTheSheep,2023-04-01,france,215,1,0,1
GreepTheSheep,2023-04-02,france,859,4,0,1
GreepTheSheep,2023-04-04,france,430,2,0,1
GreepTheSheep,2023-04-05,france,430,2,0,1
GreepTheSheep,2023-04-06,france,843,4,0,1
GreepTheSheep,2023-04-07,france,215,1,0,1
GreepTheSheep,2023-04-08,france,429,2,0,1
GregValiant,2023-03-29,italy,967,1,1,0
Gregoire-M,2023-03-25,france,552,3,0,0
Gregoire-M,2023-03-26,france,174,1,0,0
Gregoire-M,2023-03-28,france,187,1,0,0
GregorDeCillia,2023-03-21,austria,1439,1,0,0
Gregouz,2023-03-26,france,84,1,0,0
Grimmys,2023-03-18,france,922,3,0,0
Grimmys,2023-03-25,france,51,1,0,0
Grimmys,2023-03-27,france,224,1,0,0
Grimmys,2023-03-28,france,731,2,0,0
Grimmys,2023-04-04,france,235,1,0,1
Grokitach,2023-04-07,france,171,1,0,1
GuiDeMa,2023-03-21,france,14,1,0,0
GuiDeMa,2023-03-25,france,167,1,0,0
GuiDeMa,2023-03-27,france,49,1,0,0
GuiDeMa,2023-03-29,france,129,2,0,0
GuiDeMa,2023-03-30,france,265,1,0,0
GuiDeMa,2023-04-03,france,49,1,0,1
Guibod,2023-03-23,france,159,1,0,0
Guibod,2023-03-25,france,1062,1,0,0
Guibod,2023-03-26,france,163,1,0,0
Guibod,2023-04-02,france,1434,3,0,1
Guillaume-Helbecque,2023-03-24,france,1527,1,0,0
Guillaume35,2023-03-21,france,800,3,0,0
Guillaume35,2023-03-27,france,971,1,0,0
Guillaume35,2023-03-28,france,1260,1,0,0
Guillaume35,2023-04-07,france,1731,2,0,1
GuillaumeAV,2023-03-22,france,745,1,0,0
GuillaumeAV,2023-04-01,france,66,1,0,1
GuillaumeDaviid,2023-04-06,france,0,1,0,1
GuillaumeDesforges,2023-03-26,france,1470,1,0,0
GuillaumeDesforges,2023-03-27,france,0,2,0,0
GuillaumeDesforges,2023-03-28,france,501,3,0,0
GuillaumeDesforges,2023-03-30,france,765,2,0,0
GuillaumeDesforges,2023-04-03,france,0,1,0,1
GuillaumeDesforges,2023-04-07,france,747,1,0,1
GuillaumeDua,2023-04-01,france,235,1,0,1
GuillaumeGiordano,2023-03-29,france,3510,9,0,0
GuillaumeGomez,2023-03-19,france,0,1,0,0
GuillaumeGomez,2023-03-20,france,229,1,0,0
GuillaumeGomez,2023-03-21,france,253,1,0,0
GuillaumeGomez,2023-03-24,france,219,2,0,0
GuillaumeGomez,2023-03-26,france,80,1,0,0
GuillaumeGomez,2023-04-03,france,0,1,0,1
GuillaumeGomez,2023-04-04,france,29,1,0,1
GuillaumeGomez,2023-04-08,france,72,1,0,1
GuillaumeOz,2023-03-27,france,87,1,0,0
GuillaumeRx,2023-04-04,france,617,2,0,1
GuillaumeSorel,2023-04-04,france,1229,1,0,1
Gustry,2023-03-27,france,176,1,0,0
Gustry,2023-03-31,france,211,1,0,0
Gustry,2023-04-03,france,1112,1,0,1
Gustry,2023-04-04,france,1629,2,0,1
GyrosOfWar,2023-03-18,austria,610,1,0,0
GyulyVGC,2023-03-25,italy,648,1,1,0
GyulyVGC,2023-03-27,italy,426,1,1,0
H-L,2023-03-26,france,0,8,0,0
H3isenb3rg,2023-03-30,italy,104,1,1,0
H97-Git,2023-04-05,france,613,1,0,1
HGSilveri,2023-03-24,france,219,1,0,0
HGSilveri,2023-03-30,france,529,1,0,0
HGSilveri,2023-04-07,france,1345,1,0,1
HGuillemet,2023-04-08,france,1648,2,0,1
HROMANO,2023-03-22,france,1496,1,0,0
HROMANO,2023-03-29,france,449,1,0,0
HRegniez,2023-04-02,france,312,1,0,1
Halbaroth,2023-03-31,france,599,1,0,0
HamHamFonFon,2023-04-07,france,49,1,0,1
Hamcha,2023-04-07,italy,737,1,1,1
HamzaM,2023-03-20,france,196,1,0,0
HaraldCsaszar,2023-04-07,austria,82,1,0,1
Haroenv,2023-04-07,france,641,2,0,1
Harvester57,2023-04-04,france,582,1,0,1
Harvester62,2023-03-22,italy,271,1,1,0
Harvester62,2023-04-01,italy,1205,1,1,1
HastagGuigui,2023-03-24,france,278,1,0,0
Havock94,2023-04-03,italy,470,1,1,1
HazAT,2023-03-21,austria,274,1,0,0
HazAT,2023-03-23,austria,319,1,0,0
HazAT,2023-03-27,austria,467,1,0,0
HazAT,2023-04-05,austria,0,1,0,1
He-aD,2023-03-31,france,122,1,0,0
HeDo88TH,2023-03-20,italy,167,1,1,0
HealthyPear,2023-03-23,italy,554,1,1,0
HealthyPear,2023-03-29,italy,237,1,1,0
HealthyPear,2023-03-30,italy,775,1,1,0
HealthyPear,2023-04-01,italy,156,1,1,1
HealthyPear,2023-04-02,italy,794,1,1,1
Hecsall,2023-04-03,italy,1358,1,1,1
Hedius,2023-03-21,austria,844,1,0,0
Heidet,2023-03-31,france,300,1,0,0
Hejtmus,2023-03-28,austria,441,4,0,0
Hejtmus,2023-03-31,austria,0,1,0,0
Helias,2023-03-31,italy,1031,1,1,0
Helias,2023-04-01,italy,866,1,1,1
Helias,2023-04-05,italy,159,1,1,1
HenraL,2023-03-20,france,168,2,0,0
HenryAveMedi,2023-03-28,austria,180,1,0,0
HerbertKoelman,2023-03-21,france,829,1,0,0
Herve07h22,2023-04-05,france,1302,1,0,1
Hexaae,2023-03-23,italy,232,2,1,0
HiP1,2023-03-29,france,450,1,0,0
HichemMaiza,2023-03-20,france,70,1,0,0
Hidden-goblin,2023-03-27,france,50,1,0,0
Hidden-goblin,2023-04-03,france,95,1,0,1
HimbeersaftLP,2023-03-20,austria,365,1,0,0
Hipjea,2023-04-06,france,259,1,0,1
HitLuca,2023-03-24,italy,946,1,1,0
Hizoka76,2023-03-20,france,1152,1,0,0
HoWilgh,2023-03-20,austria,687,1,0,0
HombergerRobotics,2023-03-31,italy,93,1,1,0
HomeOfTheWizard,2023-03-21,france,127,1,0,0
HomeOfTheWizard,2023-04-01,france,880,1,0,1
HomeOfTheWizard,2023-04-02,france,859,1,0,1
HomineLudens,2023-04-07,italy,134,1,1,1
HripsimeS,2023-03-23,france,853,1,0,0
HripsimeS,2023-03-26,france,661,1,0,0
HripsimeS,2023-04-06,france,246,1,0,1
Hugman76,2023-03-25,france,0,2,0,0
Hugo-Le-Goff,2023-04-02,france,1228,1,0,1
HugoAverty,2023-04-06,france,1540,8,0,1
HugoGresse,2023-03-18,france,252,4,0,0
HugoGresse,2023-03-19,france,369,2,0,0
HugoGresse,2023-03-21,france,1040,2,0,0
HugoJourdan,2023-04-03,france,231,1,0,1
HuguesDelorme,2023-03-21,france,244,1,0,0
HuguesDelorme,2023-03-28,france,112,1,0,0
HumanG33k,2023-03-22,france,165,1,0,0
HungryProton,2023-04-01,france,97,1,0,1
HydrolienF,2023-03-20,france,989,10,0,0
HydrolienF,2023-03-23,france,81,1,0,0
HydrolienF,2023-03-24,france,283,2,0,0
HydrolienF,2023-03-28,france,576,2,0,0
Hypsellis,2023-04-06,france,92,1,0,1
I-dev-code,2023-03-29,france,88,1,0,0
IBRAHIMDANS,2023-04-07,france,0,1,0,1
IMAMx39,2023-04-03,france,0,1,0,1
ISSOtm,2023-04-02,france,1009,1,0,1
IVCrossway,2023-04-07,italy,1128,1,1,1
Iceows,2023-03-22,france,1177,1,0,0
IchHabeHunger54,2023-03-29,austria,337,1,0,0
IchHabeHunger54,2023-03-31,austria,1502,1,0,0
Idesmi,2023-03-23,italy,901,1,1,0
IemProg,2023-03-30,france,834,1,0,0
IlCallo,2023-03-20,italy,2101,2,1,0
IliasRedissi,2023-03-22,france,197,1,0,0
InFinity54,2023-03-29,france,492,1,0,0
Indisparte,2023-03-18,italy,920,3,1,0
Indisparte,2023-03-24,italy,315,1,1,0
Indisparte,2023-03-27,italy,253,1,1,0
Indisparte,2023-03-28,italy,504,2,1,0
Indisparte,2023-04-01,italy,1232,2,1,1
Indisparte,2023-04-05,italy,754,1,1,1
Indisparte,2023-04-07,italy,428,4,1,1
Ineslujan,2023-03-30,france,360,1,0,0
InfiniteProductions,2023-03-18,france,740,1,0,0
InfiniteProductions,2023-03-24,france,633,1,0,0
InfiniteProductions,2023-03-31,france,1153,1,0,0
Insane96,2023-03-22,italy,635,1,1,0
Inve1951,2023-03-25,austria,526,1,0,0
IoSonoPiero,2023-03-19,italy,572,1,1,0
Its-SheldonDev,2023-03-31,france,180,1,0,0
ItsJimi,2023-03-26,france,77,1,0,0
ItsLimeNade,2023-04-06,france,943,1,0,1
Ivan-Kayn,2023-03-31,italy,196,3,1,0
IzioDev,2023-03-19,france,337,1,0,0
J-Mx,2023-03-29,france,389,1,0,0
JBustin,2023-03-31,france,510,1,0,0
JCluzet,2023-03-28,france,70,1,0,0
JCondoriGithub,2023-03-27,italy,200,1,1,0
JEAYNE,2023-04-04,france,239,1,0,1
JEnoch,2023-03-30,france,438,1,0,0
JEricaM,2023-04-06,italy,1248,1,1,1
JGoutin,2023-03-22,france,148,1,0,0
JGoutin,2023-03-29,france,221,1,0,0
JKamsker,2023-03-30,austria,15,1,0,0
JLCoulin,2023-04-06,france,409,1,0,1
JLDesignNetwork,2023-03-25,italy,854,1,1,0
JM2K69,2023-03-18,france,120,1,0,0
JM2K69,2023-03-21,france,84,1,0,0
JM2K69,2023-04-05,france,114,1,0,1
JMLX42,2023-03-20,france,154,1,0,0
JMLX42,2023-04-02,france,423,1,0,1
JMVOLLE,2023-03-23,france,378,1,0,0
JOJ0,2023-03-22,austria,541,1,0,0
JPenuchot,2023-03-20,france,590,1,0,0
JPenuchot,2023-04-05,france,382,1,0,1
JSpenced,2023-03-28,italy,483,1,1,0
JTrotta,2023-04-07,italy,44,1,1,1
JV-conseil,2023-04-01,france,310,1,0,1
JaYCreat,2023-03-31,france,0,1,0,0
JacopoPatroclo,2023-04-04,italy,1360,1,1,1
JakobLindner,2023-03-20,austria,158,1,0,0
JalalAl-Tamimi,2023-03-27,france,527,1,0,0
JamesDAdams,2023-03-26,france,90,1,0,0
JamesDAdams,2023-04-02,france,304,1,0,1
JamesMitofsky,2023-03-30,france,0,1,0,0
JamesMitofsky,2023-04-08,france,224,1,0,1
JamesRezo,2023-03-21,france,0,1,0,0
Jan540,2023-04-05,austria,318,1,0,1
Jardi-land,2023-03-24,france,0,1,0,0
Jardi-land,2023-03-27,france,289,1,0,0
Jardi-land,2023-03-31,france,0,2,0,0
Jardi-land,2023-04-07,france,0,3,0,1
Jardi-land,2023-04-08,france,0,2,0,1
Jarod42,2023-03-30,france,405,1,0,0
Jarod42,2023-04-03,france,673,1,0,1
Jason-Linux,2023-04-03,france,81,1,0,1
Jason-Linux,2023-04-07,france,364,1,0,1
Jason54jg,2023-03-22,france,37,1,0,0
Jason54jg,2023-03-23,france,336,1,0,0
JasonMendoza2008,2023-03-29,france,1584,1,0,0
JavierT,2023-03-21,france,495,1,0,0
JayBeeDe,2023-03-19,france,0,1,0,0
JbIPS,2023-03-22,france,666,1,0,0
JeT76-ESCP,2023-03-29,france,846,1,0,0
Jean-BaptisteC,2023-03-19,france,415,1,0,0
Jean-BaptisteC,2023-03-20,france,1378,2,0,0
Jean-BaptisteC,2023-03-23,france,352,1,0,0
Jean-BaptisteC,2023-03-24,france,422,1,0,0
Jean-BaptisteC,2023-03-31,france,1516,1,0,0
Jean-BaptisteC,2023-04-01,france,1294,1,0,1
Jean-Daniel,2023-03-29,france,895,1,0,0
Jean-Daniel,2023-03-30,france,596,1,0,0
JeanMeche,2023-03-20,france,1114,1,0,0
JeanMeche,2023-04-06,france,861,1,0,1
JehanneDussert,2023-03-22,france,0,1,0,0
JehanneDussert,2023-03-24,france,171,5,0,0
JenniferStephan,2023-03-20,france,0,5,0,0
JenniferStephan,2023-03-28,france,0,1,0,0
JenniferStephan,2023-03-29,france,0,1,0,0
JenniferStephan,2023-04-04,france,0,1,0,1
JenniferStephan,2023-04-06,france,0,1,0,1
Jeremy38100,2023-03-19,france,474,1,0,0
Jeremy38100,2023-03-30,france,1005,1,0,0
JeremyPansier,2023-03-19,france,0,1,0,0
JeremyPansier,2023-03-20,france,0,3,0,0
JeremyPansier,2023-03-24,france,0,1,0,0
JeromeGalan,2023-03-31,france,436,1,0,0
Jesse-Box,2023-03-30,austria,2272,3,0,0
Jesse-Box,2023-03-31,austria,371,2,0,0
Jesse-Box,2023-04-04,austria,653,1,0,1
JesusTheHun,2023-03-21,france,107,1,0,0
JesusTheHun,2023-03-23,france,1491,1,0,0
JesusTheHun,2023-03-29,france,1178,1,0,0
Jguer,2023-04-03,france,151,1,0,1
Jguer,2023-04-05,france,583,1,0,1
Jguer,2023-04-06,france,421,1,0,1
Jhiaan,2023-03-21,france,459,1,0,0
JhonLandy,2023-03-22,france,266,1,0,0
JhonLandy,2023-03-23,france,273,1,0,0
JhonLandy,2023-03-29,france,1589,2,0,0
JhonLandy,2023-03-30,france,645,1,0,0
JhonLandy,2023-03-31,france,2050,2,0,0
JigSawFr,2023-04-02,france,574,3,0,1
Jimdooz,2023-03-21,france,655,1,0,0
JimmyRice,2023-03-23,france,935,1,0,0
JingyaHuang,2023-04-01,france,210,1,0,1
Jintus,2023-03-21,france,0,1,0,0
JoKalliauer,2023-03-31,austria,1996,2,0,0
JoKalliauer,2023-04-04,austria,388,1,0,1
JoachimDunkel,2023-03-19,austria,841,6,0,0
JoachimDunkel,2023-03-20,austria,21,1,0,0
JoachimDunkel,2023-03-23,austria,1085,7,0,0
JoachimDunkel,2023-04-03,austria,4,1,0,1
Joffref,2023-04-02,france,1193,1,0,1
JohnXLivingston,2023-03-27,france,386,1,0,0
JolifantoBambla,2023-04-01,austria,458,2,0,1
Jonas1312,2023-03-27,france,1082,1,0,0
JonasPammer,2023-03-19,austria,2224,7,0,0
JonasPammer,2023-03-20,austria,160,3,0,0
JonasPammer,2023-03-21,austria,267,2,0,0
JonathanDUFOUR,2023-03-23,france,360,1,0,0
JonathanDUFOUR,2023-03-30,france,353,1,0,0
JonathanDUFOUR,2023-03-31,france,782,3,0,0
JonathanDUFOUR,2023-04-01,france,778,2,0,1
JonathanDUFOUR,2023-04-03,france,208,1,0,1
JonathanPlasse,2023-03-21,france,275,2,0,0
JonathanPlasse,2023-03-26,france,971,2,0,0
JordanDIG,2023-03-26,france,886,2,0,0
JordanDIG,2023-03-27,france,1224,4,0,0
JorisPV,2023-03-20,france,186,1,0,0
JorisPV,2023-03-24,france,195,1,0,0
JorisPV,2023-03-26,france,201,1,0,0
JorisPV,2023-03-27,france,10,1,0,0
JorisPV,2023-03-28,france,186,1,0,0
JorisPV,2023-03-31,france,195,1,0,0
JorisPV,2023-04-01,france,201,1,0,1
JorisPV,2023-04-02,france,1314,6,0,1
JorisPV,2023-04-03,france,1315,7,0,1
JorisPV,2023-04-04,france,195,1,0,1
JorisPV,2023-04-08,france,186,1,0,1
Jorropo,2023-03-23,france,172,1,0,0
Jorropo,2023-03-25,france,1340,1,0,0
Jorropo,2023-03-29,france,940,1,0,0
Josehower,2023-04-05,austria,1430,1,0,1
JoshuaKasa,2023-04-02,italy,677,1,1,1
Jotschi,2023-03-27,austria,526,1,0,0
Jotschi,2023-04-05,austria,669,1,0,1
Jotschi,2023-04-08,austria,124,1,0,1
JpEncausse,2023-03-27,france,344,1,0,0
Jufik,2023-04-06,france,756,1,0,1
Juknum,2023-04-01,france,0,2,0,1
Juknum,2023-04-04,france,0,2,0,1
Juknum,2023-04-05,france,2680,6,0,1
Juknum,2023-04-07,france,2356,2,0,1
Jul13nT,2023-03-27,france,39,1,0,0
JulesBelveze,2023-03-23,france,134,1,0,0
JulesBelveze,2023-04-07,france,409,1,0,1
JuliaSprenger,2023-04-03,france,301,1,0,1
JulianCataldo,2023-03-24,france,408,1,0,0
Julien-Elie,2023-03-19,france,213,1,0,0
Julien-Elie,2023-03-22,france,707,3,0,0
Julien-Marpault,2023-03-21,france,999,1,0,0
Julien-Osman,2023-03-22,france,207,1,0,0
Julien-Osman,2023-04-05,france,206,1,0,1
JulienChampagnol,2023-03-31,france,68,1,0,0
JulienGaudet,2023-03-31,france,998,1,0,0
JulienMalka,2023-04-03,france,233,1,0,1
JulienPalard,2023-03-19,france,536,2,0,0
JulienPalard,2023-03-22,france,858,2,0,0
JulienPalard,2023-03-30,france,130,1,0,0
JulienPalard,2023-04-05,france,889,1,0,1
JulienSanfilippo,2023-03-29,france,147,1,0,0
JulietteDestang,2023-03-23,france,232,1,0,0
Julow,2023-04-07,france,1437,1,0,1
JunichiSugiura,2023-03-30,france,153,1,0,0
Jupi007,2023-03-30,france,1118,1,0,0
Jupi007,2023-04-08,france,51,1,0,1
Jupiterino,2023-03-23,italy,2691,2,1,0
JustGreg,2023-03-30,austria,289,1,0,0
Justkant,2023-04-06,france,679,1,0,1
K1ngjulien,2023-03-29,austria,381,1,0,0
KL-B0,2023-03-20,italy,103,3,1,0
KL-B0,2023-03-22,italy,227,3,1,0
KL-B0,2023-04-08,italy,44,1,1,1
KSemenenko,2023-03-20,france,0,3,0,0
KSemenenko,2023-03-27,france,198,1,0,0
KSemenenko,2023-03-28,france,81,1,0,0
KSemenenko,2023-04-05,france,0,2,0,1
Kahncode,2023-03-28,france,1331,1,0,0
Kaldrogh,2023-04-01,france,747,1,0,1
Kalepom,2023-03-22,france,692,1,0,0
Kalepom,2023-03-23,france,213,1,0,0
Kalepom,2023-03-24,france,679,1,0,0
Kalimeiro,2023-03-19,france,206,1,0,0
KanekiFR,2023-04-05,france,311,1,0,1
Kara0016,2023-03-27,france,198,1,0,0
Karmak23,2023-03-20,france,602,1,0,0
Kasui92,2023-04-03,italy,1171,1,1,1
Kawet00,2023-03-26,france,780,2,0,0
Kebree,2023-03-30,france,652,1,0,0
Kedryn,2023-03-24,italy,307,1,1,0
Kedryn,2023-04-06,italy,703,1,1,1
Keenuts,2023-04-07,france,1499,7,0,1
Kemmotar83,2023-03-21,italy,1213,1,1,0
Kentainfr,2023-04-04,france,272,1,0,1
Kenzzer,2023-03-30,france,845,1,0,0
Kev1venteur,2023-03-22,france,0,3,0,0
Kevin-CB,2023-03-24,france,0,1,0,0
KevinBatdorf,2023-03-19,italy,175,1,1,0
KevinBatdorf,2023-03-24,italy,356,2,1,0
KevinBatdorf,2023-03-26,italy,250,1,1,0
KevinBatdorf,2023-03-27,italy,147,1,1,0
KevinBatdorf,2023-03-29,italy,279,1,1,0
KevinValmo,2023-03-26,italy,0,1,1,0
Kevinwg02,2023-03-22,france,0,1,0,0
Khoyo,2023-03-30,france,604,1,0,0
KiSEiGitHub,2023-03-31,france,336,3,0,0
KiSEiGitHub,2023-04-02,france,40,1,0,1
Kieferleiter,2023-03-28,austria,124,1,0,0
KikyoC,2023-03-20,france,134,1,0,0
Killianoni,2023-03-24,france,193,1,0,0
Kiloutre,2023-03-19,france,324,1,0,0
Kiloutre,2023-03-21,france,0,2,0,0
Kiloutre,2023-03-22,france,0,1,0,0
Kiloutre,2023-03-23,france,0,1,0,0
Kiloutre,2023-03-24,france,0,1,0,0
Kiloutre,2023-03-29,france,494,3,0,0
Kiloutre,2023-03-30,france,0,1,0,0
Kiloutre,2023-03-31,france,18,1,0,0
Kiloutre,2023-04-01,france,0,4,0,1
Kiloutre,2023-04-02,france,0,1,0,1
Kiloutre,2023-04-05,france,501,6,0,1
Kiloutre,2023-04-08,france,0,1,0,1
KipK,2023-03-22,france,649,1,0,0
KipK,2023-03-31,france,121,1,0,0
KiraPC,2023-03-30,italy,637,1,1,0
Kiyozz,2023-03-21,france,980,1,0,0
Klaim,2023-04-01,france,587,4,0,1
Kleidukos,2023-03-18,france,1571,1,0,0
Kleidukos,2023-03-30,france,1106,1,0,0
Kliton,2023-03-18,italy,545,1,1,0
Kocal,2023-03-25,france,0,1,0,0
Kochise,2023-03-29,france,550,1,0,0
KonstantinHebenstreit,2023-03-22,austria,105,1,0,0
KonstantinHebenstreit,2023-03-28,austria,734,1,0,0
KostadinovicNikola,2023-03-23,france,420,2,0,0
KostadinovicNikola,2023-04-04,france,655,1,0,1
KoteiMadoshi,2023-03-22,italy,53,1,1,0
Kppro,2023-03-31,france,724,1,0,0
Kraymer,2023-03-25,france,145,1,0,0
Kristiana12,2023-03-25,austria,472,5,0,0
Kryptos-FR,2023-03-28,france,479,1,0,0
Kurtil,2023-03-29,france,0,1,0,0
Kworz,2023-03-23,france,146,1,0,0
Kworz,2023-03-24,france,95,1,0,0
Kworz,2023-03-31,france,69,1,0,0
Kworz,2023-04-06,france,86,1,0,1
Ky0mie,2023-03-29,france,45,1,0,0
L4ngu0r,2023-03-31,france,274,1,0,0
L4znet,2023-04-04,france,158,1,0,1
LEBOCQTitouan,2023-03-28,france,0,20,0,0
LEBOCQTitouan,2023-03-29,france,0,1,0,0
LEBOCQTitouan,2023-04-03,france,0,1,0,1
LEBOCQTitouan,2023-04-06,france,0,1,0,1
LEO2122,2023-04-02,france,14,1,0,1
LGouellec,2023-03-23,france,1214,1,0,0
LGouellec,2023-03-31,france,105,1,0,0
LLyaudet,2023-03-24,france,235,1,0,0
LV3TITIA,2023-03-29,france,0,2,0,0
LVMVRQUXL,2023-03-21,france,1389,3,0,0
LVMVRQUXL,2023-04-03,france,1941,4,0,1
La0,2023-03-23,france,818,1,0,0
LaMpiR,2023-03-19,austria,188,1,0,0
Laborouge,2023-03-29,france,466,1,0,0
Ladvace,2023-04-03,italy,270,1,1,1
Laess3r,2023-04-05,austria,343,1,0,1
LamineTou,2023-04-03,france,263,1,0,1
LanciWeb,2023-03-20,italy,106,1,1,0
LanciWeb,2023-03-24,italy,239,1,1,0
LanciWeb,2023-03-27,italy,1109,8,1,0
Lanzo98,2023-03-30,italy,1076,1,1,0
LaplancheMaxime,2023-03-29,france,477,1,0,0
Larsluph,2023-03-30,france,72,1,0,0
Lauraillouz,2023-04-07,france,0,2,0,1
LaurentMontBlanc,2023-03-20,austria,0,2,0,0
LaurentMontBlanc,2023-03-29,austria,196,1,0,0
LaurentMontBlanc,2023-04-05,austria,0,1,0,1
LaurentMontBlanc,2023-04-06,austria,0,1,0,1
LaurentVeyssier,2023-03-26,france,792,1,0,0
Lawouach,2023-04-02,france,276,1,0,1
Lazza,2023-04-07,italy,501,1,1,1
LeBoufty,2023-04-01,france,531,1,0,1
LeChat109,2023-03-19,france,333,1,0,0
LeCraft2Ouf,2023-03-30,france,1349,1,0,0
LeVraiArdox,2023-03-30,france,490,2,0,0
LeandreBl,2023-03-22,france,539,1,0,0
Lecrapouille,2023-03-24,france,334,1,0,0
Lecrapouille,2023-04-03,france,637,1,0,1
Legonzaur,2023-04-04,france,1413,14,0,1
Legonzaur,2023-04-06,france,1367,1,0,1
Legonzaur,2023-04-07,france,1100,3,0,1
Lehnux,2023-03-20,france,372,2,0,0
LelieL91,2023-04-08,italy,929,1,1,1
LelouBil,2023-03-19,france,269,1,0,0
Lenny4,2023-04-02,france,1507,1,0,1
LenweSaralonde,2023-03-20,france,475,1,0,0
LenweSaralonde,2023-03-30,france,926,1,0,0
Leo-Peyronnet,2023-04-01,france,818,6,0,1
Leo-Peyronnet,2023-04-08,france,840,4,0,1
LeoPerelli,2023-03-26,italy,604,1,1,0
Leoglme,2023-03-21,france,0,2,0,0
LeonLenclos,2023-03-21,france,221,2,0,0
LeonardDrs,2023-03-27,france,1181,1,0,0
Leonardo5681,2023-03-25,italy,231,1,1,0
LeonardoGentile,2023-04-01,france,299,1,0,1
Leopounet,2023-03-26,france,433,1,0,0
Leproide,2023-04-05,italy,333,1,1,1
LeroyTheo2004,2023-04-08,france,0,2,0,1
Letiliel,2023-03-19,france,628,1,0,0
Letiliel,2023-04-04,france,1583,1,0,1
Letiliel,2023-04-06,france,1440,2,0,1
LetsMelon,2023-03-23,austria,577,1,0,0
LetsMelon,2023-03-26,austria,312,1,0,0
LetteraUnica,2023-03-19,italy,306,1,1,0
Liax,2023-04-03,france,207,1,0,1
LightDestory,2023-03-19,italy,836,1,1,0
LightInn,2023-03-29,france,602,4,0,0
LightInn,2023-04-01,france,113,1,0,1
LightInn,2023-04-04,france,124,1,0,1
LightInn,2023-04-05,france,132,1,0,1
LightInn,2023-04-06,france,176,1,0,1
LilianBoulard,2023-03-22,france,144,1,0,0
LilianBoulard,2023-04-06,france,142,1,0,1
Linzell,2023-03-25,france,3093,9,0,0
Lionyx,2023-03-25,france,159,1,0,0
Lisandra-dev,2023-03-18,france,1795,3,0,0
Lisandra-dev,2023-03-26,france,286,1,0,0
Lisandra-dev,2023-03-30,france,332,1,0,0
Lisandra-dev,2023-04-06,france,1322,1,0,1
Liskoh,2023-03-18,france,799,2,0,0
Liteom,2023-04-01,france,0,1,0,1
Llleea,2023-03-20,france,797,1,0,0
Lms24,2023-03-30,austria,0,1,0,0
Lms24,2023-04-07,austria,1365,1,0,1
LoanCB,2023-03-20,france,59,1,0,0
LoanCB,2023-04-03,france,0,16,0,1
LoanCB,2023-04-05,france,0,8,0,1
LoganTann,2023-04-04,france,124,1,0,1
LoicSikidi,2023-03-28,france,645,1,0,0
LoicSikidi,2023-03-30,france,610,1,0,0
Lollixzc,2023-03-22,italy,1251,1,1,0
LolloneS,2023-04-05,italy,0,44,1,1
Lolothepro,2023-03-18,france,2892,5,0,0
Lolothepro,2023-03-19,france,564,2,0,0
Lolothepro,2023-03-20,france,0,1,0,0
Lolothepro,2023-03-21,france,146,1,0,0
Lolothepro,2023-03-24,france,1398,1,0,0
Lolothepro,2023-03-25,france,602,2,0,0
Lolothepro,2023-03-26,france,1038,1,0,0
Lolothepro,2023-04-01,france,265,2,0,1
Lolothepro,2023-04-08,france,130,1,0,1
LoneDev6,2023-03-19,italy,0,1,1,0
LoneDev6,2023-03-20,italy,0,1,1,0
LoneDev6,2023-03-23,italy,109,1,1,0
LoneDev6,2023-03-30,italy,213,1,1,0
LoneDev6,2023-03-31,italy,362,4,1,0
LoneDev6,2023-04-04,italy,162,1,1,1
LoneDev6,2023-04-05,italy,0,1,1,1
LoneDev6,2023-04-06,italy,7,2,1,1
LoneDev6,2023-04-07,italy,2,3,1,1
LongoAndrea,2023-03-28,italy,0,6,1,0
LongoAndrea,2023-03-29,italy,0,5,1,0
Loocos,2023-03-25,france,328,1,0,0
Lord-Y,2023-03-20,france,198,1,0,0
LordSimal,2023-03-21,austria,869,1,0,0
LordSimal,2023-03-22,austria,1034,1,0,0
LordSimal,2023-04-07,austria,632,1,0,1
Lorenzo978,2023-03-20,italy,169,1,1,0
LorenzoFiori,2023-03-22,italy,213,1,1,0
LorenzoLeonardini,2023-03-22,italy,187,1,1,0
LorenzoMarnat,2023-03-30,france,1448,3,0,0
LorenzoNicco,2023-03-22,italy,0,7,1,0
LorenzoRogai,2023-03-23,italy,273,1,1,0
LorenzoTa,2023-03-20,italy,331,1,1,0
Loshido,2023-03-30,france,182,1,0,0
Loubal70,2023-03-23,france,176,1,0,0
LouisH-760,2023-03-23,france,129,1,0,0
LouisLeNezet,2023-03-29,france,433,1,0,0
LouisMazel,2023-03-21,france,857,1,0,0
LouisMazel,2023-03-24,france,2128,2,0,0
Loule95450,2023-03-28,france,1082,1,0,0
Loweredgames,2023-03-19,italy,10,1,1,0
Loweredgames,2023-03-23,italy,117,2,1,0
Loweredgames,2023-03-29,italy,72,1,1,0
Lu-Ks,2023-03-27,france,1068,1,0,0
LuXDAmore,2023-03-27,italy,7646,7,1,0
LuXDAmore,2023-03-28,italy,1086,1,1,0
LuaInjector,2023-03-28,italy,108,1,1,0
Luc9802,2023-03-21,italy,334,1,1,0
LucBerge,2023-03-23,france,1127,1,0,0
LucBerge,2023-04-05,france,341,1,0,1
Luca-Sordetti,2023-03-28,france,0,1,0,0
LucaPrete,2023-03-26,italy,597,1,1,0
Lucaffo,2023-03-26,italy,75,1,1,0
Lucas-Gerard,2023-03-29,france,613,2,0,0
LucasBrazi06,2023-03-26,france,646,1,0,0
LucasColas,2023-03-21,france,899,1,0,0
LucasColas,2023-04-07,france,123,1,0,1
LucasDemea,2023-03-27,france,161,1,0,0
LucasLeRay,2023-03-24,france,229,1,0,0
LucasLpc,2023-03-24,france,1518,1,0,0
Lucksi,2023-03-28,italy,0,1,1,0
LuigiCerone,2023-04-05,italy,87,1,1,1
LuisBL,2023-03-18,france,105,1,0,0
LuisBL,2023-04-01,france,274,1,0,1
LuisMiLR,2023-03-26,france,0,1,0,0
Lukas-Heiligenbrunner,2023-03-29,austria,320,1,0,0
LukasKrah,2023-03-20,austria,321,4,0,0
LukasKrah,2023-03-24,austria,78,1,0,0
LukasKrah,2023-03-31,austria,245,1,0,0
LukeSavefrogs,2023-04-04,italy,1290,1,1,1
LukeSavefrogs,2023-04-05,italy,1332,1,1,1
LukeWeidenwalker,2023-03-30,austria,338,1,0,0
Luna-Klatzer,2023-03-26,austria,1374,1,0,0
Luni-4,2023-04-06,italy,558,1,1,1
Luxchar,2023-03-29,france,19,1,0,0
LvffY,2023-03-24,france,1507,1,0,0
LvffY,2023-03-26,france,1350,1,0,0
Lyynd1,2023-03-25,france,0,1,0,0
M-Marku,2023-03-29,france,324,1,0,0
M2G,2023-03-21,france,0,1,0,0
M2G,2023-04-04,france,0,2,0,1
M4rk3tt0,2023-04-07,italy,420,1,1,1
MDeLuise,2023-03-23,italy,396,1,1,0
MDeLuise,2023-04-06,italy,1090,1,1,1
MGuillaumeF,2023-04-08,france,126,1,0,1
MRegeard,2023-03-24,france,330,1,0,0
MRegeard,2023-03-31,france,99,1,0,0
MRegeard,2023-04-06,france,235,1,0,1
MRegeard,2023-04-07,france,383,1,0,1
MSWagner,2023-03-18,austria,227,1,0,0
Maanaaa,2023-03-27,france,193,1,0,0
Macumbafeh,2023-03-25,france,314,1,0,0
MadeInPierre,2023-03-19,france,675,1,0,0
MadeInPierre,2023-03-21,france,246,2,0,0
Mael-RABOT,2023-03-23,france,25,1,0,0
MaelHan,2023-03-21,france,170,1,0,0
Magicking,2023-03-18,france,0,1,0,0
Maigre,2023-03-18,france,1280,1,0,0
Malix-Off,2023-03-20,france,1042,2,0,0
Malix-Off,2023-03-21,france,226,1,0,0
Malix-Off,2023-03-24,france,279,1,0,0
Malix-Off,2023-04-02,france,1250,1,0,1
Malix-Off,2023-04-04,france,421,1,0,1
Mallets,2023-04-06,france,364,1,0,1
MaloPolese,2023-03-28,france,0,1,0,0
MaloPolese,2023-03-29,france,0,2,0,0
Maltemo,2023-04-06,france,191,1,0,1
ManUtopiK,2023-03-20,france,279,1,0,0
Mandras,2023-03-18,france,35,1,0,0
ManevilleF,2023-03-25,france,974,1,0,0
ManevilleF,2023-03-29,france,531,3,0,0
ManifoldFR,2023-03-24,france,38,1,0,0
Manoz,2023-03-19,france,25,1,0,0
Manu1400,2023-03-30,france,0,1,0,0
ManuDITA,2023-03-27,italy,495,1,1,0
ManuelDeMeo,2023-04-05,italy,767,1,1,1
ManuelHaas,2023-04-06,austria,1089,1,0,1
MarcAnt01,2023-03-28,italy,620,4,1,0
MarcAnt01,2023-03-29,italy,485,3,1,0
MarcAnt01,2023-03-30,italy,330,1,1,0
MarcAnt01,2023-03-31,italy,637,1,1,0
Marcdsv,2023-03-30,france,612,1,0,0
MarcelloPerla,2023-03-23,italy,10,2,1,0
March-08,2023-04-05,italy,499,1,1,1
Marco-Pellegrino,2023-03-22,italy,122,1,1,0
Marco-Pellegrino,2023-03-27,italy,0,2,1,0
Marco-Pellegrino,2023-03-28,italy,182,1,1,0
Marco-Pellegrino,2023-03-31,italy,256,1,1,0
Marco-Pellegrino,2023-04-04,italy,0,3,1,1
Marco-Pellegrino,2023-04-05,italy,199,1,1,1
Marco-Pellegrino,2023-04-06,italy,102,1,1,1
Marco-Sulla,2023-03-24,italy,562,1,1,0
MarcoCalabretta1988,2023-03-20,italy,784,2,1,0
MarcoIeni,2023-03-19,italy,227,1,1,0
MarcoIeni,2023-03-22,italy,1111,3,1,0
MarcoIeni,2023-04-01,italy,1242,2,1,1
MarcoIeni,2023-04-02,italy,172,1,1,1
MarcoIeni,2023-04-05,italy,1385,2,1,1
MarcoIeni,2023-04-08,italy,1308,6,1,1
MarcoMagriDev,2023-03-30,italy,743,1,1,0
MarcoMuellner,2023-04-02,austria,0,1,0,1
MarcusDenker,2023-03-20,france,907,4,0,0
MarcusDenker,2023-03-21,france,996,2,0,0
MarcusDenker,2023-03-29,france,1383,2,0,0
MarcusDenker,2023-03-31,france,219,1,0,0
MarcusDenker,2023-04-04,france,2964,5,0,1
MarcusDenker,2023-04-05,france,423,2,0,1
MarcusDenker,2023-04-06,france,378,1,0,1
MarieComet,2023-04-06,france,655,1,0,1
MarinPostma,2023-03-22,france,280,1,0,0
MarinaRepetto,2023-03-31,italy,2712,2,1,0
MarinaRepetto,2023-04-02,italy,1281,1,1,1
MarineChap,2023-03-31,france,451,1,0,0
MarineChap,2023-04-04,france,278,1,0,1
MarioMatschgi,2023-03-24,austria,1247,1,0,0
MarioSwitch,2023-03-23,france,759,1,0,0
MariusBoucard,2023-03-19,france,0,1,0,0
MariusBoucard,2023-03-29,france,30,4,0,0
MariusBoucard,2023-03-30,france,0,4,0,0
MariusBoucard,2023-04-01,france,0,1,0,1
MariusBoucard,2023-04-02,france,0,2,0,1
MariusBoucard,2023-04-03,france,0,1,0,1
MariusBoucard,2023-04-05,france,0,2,0,1
Mark-64,2023-03-18,italy,163,1,1,0
Martin-Jung,2023-04-04,austria,168,1,0,1
Martin-Jung,2023-04-05,austria,279,1,0,1
MartinDelille,2023-03-31,france,304,1,0,0
MartinDelille,2023-04-02,france,257,1,0,1
MartinDelille,2023-04-05,france,191,1,0,1
MartinSchobben,2023-04-02,austria,232,1,0,1
Martinix75,2023-03-21,italy,420,1,1,0
Martinligabue,2023-03-21,italy,629,1,1,0
Martinligabue,2023-03-27,italy,837,1,1,0
MartyLake,2023-04-03,france,185,1,0,1
MarzioVallero,2023-04-07,italy,850,1,1,1
MassimoVisona,2023-03-23,italy,671,1,1,0
MasterCruelty,2023-04-03,italy,197,1,1,1
MasterCruelty,2023-04-05,italy,548,2,1,1
Mat4m0,2023-03-25,austria,187,1,0,0
Mataivic,2023-03-24,france,513,1,0,0
Mataivic,2023-03-30,france,739,1,0,0
Matdbx10,2023-03-22,france,46,1,0,0
MathiasGarnier,2023-03-18,france,201,1,0,0
MathieuR-Iolas,2023-04-05,france,1415,1,0,1
MathisDetourbet,2023-04-02,france,719,1,0,1
MathisPct,2023-04-03,france,592,1,0,1
MatiaFazio,2023-03-27,italy,1197,1,1,0
MattMic02,2023-04-05,italy,485,2,1,1
MattMoony,2023-03-25,austria,622,1,0,0
MatteoBax,2023-04-08,italy,425,1,1,1
MatteoCarlone,2023-03-29,italy,602,1,1,0
MatteoCus,2023-04-01,italy,0,1,1,1
MatteoGauthier,2023-03-19,france,0,2,0,0
MatteoGauthier,2023-03-20,france,0,3,0,0
MatteoGauthier,2023-03-21,france,103,4,0,0
MatteoGauthier,2023-03-29,france,0,1,0,0
MatteoGauthier,2023-03-30,france,119,3,0,0
MatteoGauthier,2023-04-02,france,0,1,0,1
MatteoGauthier,2023-04-03,france,231,1,0,1
MatteoGauthier,2023-04-06,france,1604,1,0,1
MatteoGheza,2023-03-22,italy,191,1,1,0
MatteoGheza,2023-03-29,italy,227,1,1,0
MatteoNardi,2023-04-05,italy,532,1,1,1
Matthaeus07,2023-03-25,austria,1235,2,0,0
Matthaeus07,2023-04-06,austria,167,1,0,1
Mattherix,2023-03-20,france,169,1,0,0
Mattherix,2023-03-27,france,1285,3,0,0
MatthieuLP,2023-03-23,france,161,2,0,0
MatthieuLP,2023-03-27,france,142,1,0,0
MatthieuLP,2023-04-06,france,74,1,0,1
MatthieuQ,2023-03-28,france,357,1,0,0
Mattia23Dev,2023-03-30,italy,570,1,1,0
Mattia471,2023-04-07,italy,0,1,1,1
MattiaDeiRossi,2023-03-27,italy,162,2,1,0
MattiaIppoliti,2023-03-28,italy,0,1,1,0
Matyu9,2023-03-18,france,75,1,0,0
Matyu9,2023-03-19,france,49,1,0,0
Matyu9,2023-03-21,france,186,1,0,0
Matyu9,2023-04-06,france,38,1,0,1
MauriceNino,2023-04-07,austria,606,1,0,1
Maverick1983,2023-03-27,italy,111,1,1,0
Maverick1983,2023-03-28,italy,217,1,1,0
Max094Reikeb,2023-04-01,france,1073,1,0,1
Max094Reikeb,2023-04-07,france,1155,1,0,1
Max1234-Ita,2023-03-19,italy,539,1,1,0
MaxJPRey,2023-04-03,france,186,1,0,1
MaxPayne86,2023-03-31,italy,0,1,1,0
MaxenceDC,2023-03-30,france,511,1,0,0
MaxenceLvl,2023-03-24,france,362,1,0,0
Maxensimon,2023-03-21,france,650,1,0,0
Maxime-J,2023-03-24,france,239,1,0,0
Maxime-p,2023-03-21,france,137,1,0,0
Maxime66410,2023-04-02,france,387,1,0,1
MaximeLaurenty,2023-04-04,france,512,1,0,1
MaximeLaurenty,2023-04-05,france,1391,2,0,1
MaximeThoonsen,2023-03-26,france,1458,1,0,0
Maximilian-v-H,2023-03-27,italy,322,1,1,0
MaximilienNaveau,2023-04-06,france,144,1,0,1
Meithal,2023-03-28,france,1267,1,0,0
Meithal,2023-04-03,france,0,1,0,1
MeixDev,2023-04-01,france,1130,1,0,1
Meldrak,2023-03-20,france,204,1,0,0
Menduist,2023-04-04,france,683,1,0,1
Menduist,2023-04-06,france,432,1,0,1
Menecats,2023-03-28,italy,370,1,1,0
MenschenToaster,2023-04-07,austria,589,1,0,1
MercierCorentin,2023-03-20,france,1181,5,0,0
MercierCorentin,2023-03-22,france,157,1,0,0
Merkur39,2023-03-23,france,874,1,0,0
Merlode11,2023-04-01,france,210,1,0,1
Meroje,2023-03-22,france,623,1,0,0
Mesabloo,2023-03-31,france,514,2,0,0
Metacowboy,2023-04-06,austria,71,1,0,1
Metal-Mighty,2023-03-29,france,529,1,0,0
Metgraph,2023-04-06,italy,276,1,1,1
Methamorphe,2023-04-03,france,335,1,0,1
MewenLeHo,2023-03-22,france,878,1,0,0
MewenLeHo,2023-03-27,france,1060,1,0,0
Mexx62,2023-03-19,france,433,1,0,0
Meziu,2023-03-22,italy,481,1,1,0
Meziu,2023-04-04,italy,353,1,1,1
Mg30,2023-03-21,france,178,1,0,0
MicPie,2023-03-21,austria,727,1,0,0
MichaelBitard,2023-03-27,france,0,1,0,0
MichaelBitard,2023-03-28,france,399,1,0,0
MichaelBitard,2023-03-29,france,383,2,0,0
MichaelBitard,2023-04-05,france,321,1,0,1
MichaelBrauner,2023-03-26,austria,229,1,0,0
MichaelBrauner,2023-04-03,austria,240,1,0,1
MichaelRawson,2023-03-28,austria,537,1,0,0
MicheleGrieco,2023-04-06,italy,929,5,1,1
Mick3DIY,2023-03-27,france,501,1,0,0
Mickeon,2023-03-19,italy,460,1,1,0
Microsofteus,2023-03-30,france,791,1,0,0
Mikatech,2023-03-23,france,299,1,0,0
Mikatech,2023-03-29,france,10,1,0,0
Mikatech,2023-03-30,france,412,2,0,0
Mikatech,2023-03-31,france,0,1,0,0
Mikayex,2023-03-28,france,395,1,0,0
MikeDevresse,2023-04-08,france,254,1,0,1
Mikescops,2023-03-21,france,535,1,0,0
MilannGuitton,2023-03-21,france,699,1,0,0
MilesTEG1,2023-04-05,france,332,1,0,1
MilesTEG1,2023-04-07,france,645,2,0,1
MimiaBena,2023-03-27,france,306,1,0,0
MindMelodies,2023-04-01,italy,391,1,1,1
MiniPierre,2023-03-31,france,644,1,0,0
Minishlink,2023-03-23,france,1420,2,0,0
Mintoo200,2023-03-28,france,676,1,0,0
Mintoo200,2023-04-05,france,304,1,0,1
Miou-zora,2023-03-18,france,0,1,0,0
Miou-zora,2023-03-19,france,884,4,0,0
Mirko92,2023-03-21,italy,0,1,1,0
MisterDA,2023-03-22,france,454,1,0,0
Mitchnsun,2023-03-19,france,147,2,0,0
MkDs17,2023-03-28,france,0,1,0,0
Mobe91,2023-03-27,austria,632,1,0,0
MohamedBsh,2023-03-30,france,136,1,0,0
Mohammad472Sharif,2023-03-26,austria,28,1,0,0
MohammedNoureldin,2023-04-05,austria,831,1,0,1
Mom0aut,2023-04-02,austria,653,1,0,1
MonaMayrhofer,2023-03-30,austria,376,1,0,0
MonaMayrhofer,2023-04-04,austria,771,1,0,1
MonsieurLanza,2023-04-05,france,970,1,0,1
MonsieurTib,2023-04-06,france,864,1,0,1
MonsieurV,2023-03-29,france,313,1,0,0
MoonDragon-MD,2023-03-30,italy,417,1,1,0
MoonDragon-MD,2023-04-01,italy,355,1,1,1
MorpheusXAUT,2023-03-19,austria,265,1,0,0
Mou97,2023-03-22,france,259,1,0,0
MourIdri,2023-03-19,france,575,1,0,0
MoutonBinoclard,2023-03-21,france,655,1,0,0
MovGP0,2023-03-24,austria,327,1,0,0
Moyrn,2023-03-25,france,1593,1,0,0
Mozinet-fr,2023-04-01,france,240,1,0,1
Mozoloa,2023-04-01,france,1535,1,0,1
Mr-EmPee,2023-03-26,italy,253,1,1,0
MrADOY,2023-03-25,france,0,1,0,0
MrBSmith,2023-03-31,france,0,1,0,0
MrBlueXav,2023-04-02,france,154,1,0,1
MrHighVoltage,2023-04-06,austria,751,2,0,1
MrNossiom,2023-04-02,france,1291,1,0,1
MrPropre,2023-03-27,france,131,1,0,0
MrScautHD,2023-03-26,austria,408,1,0,0
MrScautHD,2023-04-08,austria,708,2,0,1
MrSquaare,2023-03-18,france,611,1,0,0
MrSquaare,2023-03-30,france,272,2,0,0
MrSquaare,2023-03-31,france,0,1,0,0
MrSquaare,2023-04-05,france,0,1,0,1
MrStanDu33,2023-04-06,france,1155,1,0,1
MrTigreroux,2023-04-02,france,280,1,0,1
MrTokyo12345,2023-03-30,italy,0,1,1,0
Mte90,2023-03-23,italy,321,1,1,0
Mte90,2023-03-27,italy,708,2,1,0
Mte90,2023-03-30,italy,499,1,1,0
Mte90,2023-04-01,italy,973,1,1,1
Mte90,2023-04-02,italy,193,2,1,1
Mte90,2023-04-07,italy,1000,1,1,1
Mth0158,2023-03-21,france,0,1,0,0
Mumeii,2023-03-19,france,848,1,0,0
Mumeii,2023-03-24,france,816,1,0,0
Munsio,2023-03-25,austria,564,2,0,0
MunsterPlop,2023-03-28,france,847,1,0,0
MunsterPlop,2023-03-29,france,659,1,0,0
MunsterPlop,2023-04-04,france,1207,2,0,1
Muspi,2023-03-27,france,374,1,0,0
MyWay,2023-04-01,italy,215,1,1,1
Mylloon,2023-04-06,france,380,1,0,1
Mysterious-Dev,2023-03-24,france,374,1,0,0
Mythalar,2023-03-18,france,476,2,0,0
Mythalar,2023-03-19,france,281,1,0,0
Mythalar,2023-03-22,france,369,1,0,0
Mythalar,2023-04-02,france,144,1,0,1
N0ku,2023-03-24,france,0,1,0,0
N0ku,2023-03-27,france,32,6,0,0
N0ku,2023-03-31,france,0,5,0,0
N0ku,2023-04-05,france,0,1,0,1
N0ury,2023-03-31,france,243,1,0,0
N3siOS,2023-03-26,france,52,1,0,0
NANO-ck,2023-04-05,france,246,1,0,1
NDNsLab,2023-03-18,italy,208,1,1,0
NEGU93,2023-03-21,france,1376,1,0,0
NF02,2023-03-31,italy,474,1,1,0
NSilv,2023-04-05,italy,637,1,1,1
NTag,2023-04-07,france,490,1,0,1
NabilKhalaf,2023-04-02,france,295,1,0,1
Nabzilooo,2023-03-21,france,198,1,0,0
Nainterceptor,2023-04-06,france,1125,1,0,1
Namo-k,2023-03-23,france,4,1,0,0
Namoshek,2023-03-21,austria,1082,1,0,0
Nanogamer7,2023-03-19,austria,101,4,0,0
Nanomani,2023-03-20,france,337,1,0,0
NarrowCode,2023-03-21,austria,334,1,0,0
Nathack-dev,2023-03-23,france,65,1,0,0
NathaelB,2023-04-04,france,0,1,0,1
NathanFallet,2023-03-21,france,47,1,0,0
NathanFallet,2023-03-22,france,74,1,0,0
NathanFallet,2023-03-23,france,549,1,0,0
NathanFallet,2023-03-24,france,529,1,0,0
NathanFallet,2023-04-04,france,101,1,0,1
NathanLeGeek,2023-03-23,france,257,1,0,0
NathanLovato,2023-03-27,france,204,1,0,0
NathanRoyer,2023-04-04,france,514,1,0,1
NatsuDzn,2023-03-25,france,507,1,0,0
NazioLT,2023-04-05,france,0,1,0,1
Naznouz,2023-03-21,france,148,2,0,0
Ndrou,2023-03-20,france,0,1,0,0
Ne0Strix,2023-03-26,austria,0,2,0,0
Ne0Strix,2023-03-27,austria,0,1,0,0
Ne0Strix,2023-03-28,austria,1509,30,0,0
Ne0Strix,2023-03-29,austria,656,4,0,0
NebN,2023-04-01,italy,542,1,1,1
Neeeko,2023-03-29,france,1310,1,0,0
Nefti-sama,2023-04-03,austria,1597,2,0,1
Nek-,2023-03-27,france,222,1,0,0
Nek-,2023-04-06,france,356,1,0,1
NelleV,2023-03-30,france,495,1,0,0
Nellousan,2023-04-07,france,728,1,0,1
NeoOniX,2023-03-21,france,216,1,0,0
NeoSecundus,2023-03-31,austria,90,2,0,0
NeoSecundus,2023-04-03,austria,0,1,0,1
NeoxAzrot,2023-04-03,france,273,6,0,1
NeoxAzrot,2023-04-05,france,0,2,0,1
Neradoc,2023-03-22,france,1501,1,0,0
Neradoc,2023-03-29,france,972,1,0,0
Neraud,2023-03-25,france,478,1,0,0
Nerkyator,2023-03-27,italy,135,1,1,0
Neugierdsnase,2023-03-22,austria,241,1,0,0
Neurone,2023-04-06,italy,2191,3,1,1
NewAlexGamer,2023-03-18,italy,1074,5,1,0
NhProGamer,2023-03-25,france,40,1,0,0
NicKoehler,2023-03-31,italy,518,1,1,0
Niccolo-Rocchi,2023-03-21,italy,528,1,1,0
NiccoloFei,2023-04-03,italy,591,1,1,1
NiccoloSalvini,2023-03-28,italy,352,1,1,0
NicholasFiorentini,2023-03-27,italy,789,1,1,0
NicholasFiorentini,2023-04-03,italy,1433,1,1,1
Nico-DF,2023-04-06,france,0,1,0,1
Nico-Duduf,2023-03-23,france,1017,8,0,0
Nico-Duduf,2023-04-02,france,521,3,0,1
Nico04,2023-04-01,france,473,1,0,1
Nico04,2023-04-07,france,826,1,0,1
NicoPy,2023-03-26,france,326,1,0,0
NicoPy,2023-04-07,france,147,1,0,1
Nicogene,2023-03-28,italy,290,1,1,0
Nicogene,2023-03-29,italy,56,1,1,0
Nicogene,2023-03-30,italy,235,1,1,0
Nicogene,2023-04-06,italy,739,1,1,1
NicolaIsotta,2023-04-04,italy,731,1,1,1
NicolaSpadari,2023-03-27,italy,223,1,1,0
NicolaZivago,2023-04-04,italy,132,1,1,1
Nicolas-Reyland,2023-04-07,france,150,1,0,1
NicolasAnquetil,2023-03-18,france,597,2,0,0
NicolasAnquetil,2023-03-24,france,351,2,0,0
NicolasAnquetil,2023-03-29,france,91,1,0,0
NicolasAnquetil,2023-04-07,france,31,1,0,1
NicolasBrondin,2023-04-04,france,150,1,0,1
NicolasBuquet,2023-03-20,france,1364,3,0,0
NicolasBuquet,2023-03-21,france,1881,4,0,0
NicolasBuquet,2023-03-22,france,153,1,0,0
NicolasBuquet,2023-03-23,france,281,2,0,0
NicolasBuquet,2023-03-29,france,587,3,0,0
NicolasBuquet,2023-03-30,france,1235,2,0,0
NicolasBuquet,2023-04-03,france,30,1,0,1
NicolasBuquet,2023-04-07,france,143,1,0,1
NicolasCARPi,2023-03-19,france,610,1,0,0
NicolasCARPi,2023-03-24,france,1236,1,0,0
NicolasCador,2023-03-19,france,1340,1,0,0
NicolasVaillant,2023-03-19,france,0,1,0,0
NicolasVaillant,2023-03-20,france,91,1,0,0
NicolasZanin,2023-03-21,france,51,1,0,0
NidasioAlberto,2023-03-26,italy,0,6,1,0
NightDragon1,2023-04-08,austria,335,1,0,1
NikP3lle,2023-03-30,italy,406,4,1,0
NikP3lle,2023-03-31,italy,893,11,1,0
NikolaLohinski,2023-03-24,france,133,1,0,0
NikolaLohinski,2023-04-06,france,159,1,0,1
NikosAlexandris,2023-04-02,italy,167,1,1,1
NikosAlexandris,2023-04-04,italy,955,1,1,1
Nimajjj,2023-04-02,france,0,3,0,1
NinoDLC,2023-03-19,france,29,1,0,0
NinoDLC,2023-03-31,france,2169,2,0,0
NinonMaraval,2023-04-04,france,0,1,0,1
Niols,2023-03-31,france,1254,3,0,0
Niols,2023-04-04,france,84,1,0,1
Niols,2023-04-05,france,1485,2,0,1
Nirator78,2023-03-30,france,1563,1,0,0
Nixola,2023-04-03,italy,325,1,1,1
NiziL,2023-03-30,france,247,2,0,0
NoaLeGeek,2023-03-18,france,92,1,0,0
NoamXD8,2023-03-31,france,735,2,0,0
Nodd,2023-03-22,france,858,1,0,0
Nodd,2023-04-06,france,155,1,0,1
Noelierx,2023-04-06,france,312,1,0,1
NogradThGin,2023-03-27,france,564,1,0,0
NohTow,2023-03-29,france,1022,1,0,0
NoltoxGit,2023-03-25,france,280,1,0,0
NoltoxGit,2023-03-26,france,697,1,0,0
NoltoxGit,2023-04-08,france,1300,1,0,1
Nora-n,2023-03-22,france,1584,1,0,0
Noschvie,2023-04-08,austria,119,1,0,1
Nosudrum,2023-04-05,france,0,5,0,1
NotFubukIl,2023-03-23,france,34,1,0,0
NotFubukIl,2023-03-24,france,559,1,0,0
NotFubukIl,2023-03-26,france,0,1,0,0
Nour-Mws,2023-03-21,france,919,1,0,0
Nour-Mws,2023-03-22,france,943,3,0,0
Nour-Mws,2023-03-23,france,723,1,0,0
Nour-Mws,2023-03-30,france,0,1,0,0
Nour-Mws,2023-04-04,france,1549,1,0,1
Nour-Mws,2023-04-07,france,943,1,0,1
NovaliX-Dev,2023-04-01,france,1303,1,0,1
NowanPython,2023-03-30,france,1329,1,0,0
Nowhk,2023-04-04,italy,443,1,1,1
Nuked88,2023-04-02,italy,242,1,1,1
Nuranto,2023-03-24,france,370,1,0,0
Nuranto,2023-03-28,france,109,1,0,0
Nuranto,2023-03-30,france,1114,1,0,0
NurramoX,2023-03-22,austria,67,1,0,0
NurramoX,2023-03-28,austria,312,1,0,0
Nurrl,2023-03-18,france,0,1,0,0
Nusephived,2023-04-07,france,558,1,0,1
Nuttymoon,2023-03-20,france,63,3,0,0
Nuttymoon,2023-03-21,france,529,3,0,0
Nuttymoon,2023-03-30,france,241,1,0,0
NyanKiyoshi,2023-03-27,france,321,1,0,0
NyaomiDEV,2023-03-18,italy,448,1,1,0
NyaomiDEV,2023-03-19,italy,508,1,1,0
NyaomiDEV,2023-03-20,italy,829,2,1,0
NyaomiDEV,2023-03-24,italy,1368,2,1,0
NyaomiDEV,2023-04-06,italy,537,1,1,1
NyaomiDEV,2023-04-07,italy,54,1,1,1
NyaomiDEV,2023-04-08,italy,1605,2,1,1
ORogel,2023-03-28,france,117,1,0,0
ORogel,2023-03-29,france,143,2,0,0
OcraM17,2023-03-22,italy,272,1,1,0
Octopus773,2023-03-30,france,464,1,0,0
Octopus773,2023-04-05,france,694,1,0,1
OculiViridi,2023-03-23,italy,240,1,1,0
Odalrik,2023-04-05,france,0,1,0,1
OhaDerErste,2023-03-30,austria,64,1,0,0
Okamita,2023-03-27,italy,641,7,1,0
Okamita,2023-03-29,italy,760,3,1,0
Okamita,2023-04-05,italy,332,2,1,1
Okamita,2023-04-06,italy,0,1,1,1
Oldarorn,2023-03-26,france,330,1,0,0
OlivierDehaene,2023-03-31,france,392,1,0,0
OlivierLDff,2023-03-29,france,1610,2,0,0
OlivierZal,2023-03-22,france,223,1,0,0
OlivierZal,2023-03-28,france,74,1,0,0
OlliV,2023-03-21,italy,0,1,1,0
Olthoo,2023-03-31,france,459,1,0,0
OneWinged-ShunKaido,2023-03-26,france,318,1,0,0
OoYomguioO,2023-04-03,france,492,1,0,1
OoYomguioO,2023-04-04,france,1551,1,0,1
OpenPj,2023-03-28,italy,36,1,1,0
Orafilynie,2023-04-04,france,285,1,0,1
Orchaldir,2023-03-18,austria,0,1,0,0
Orchaldir,2023-03-19,austria,24,1,0,0
Orchaldir,2023-03-21,austria,0,2,0,0
Orchaldir,2023-03-23,austria,0,1,0,0
Orchaldir,2023-03-25,austria,0,1,0,0
Orchaldir,2023-03-26,austria,0,1,0,0
Orchaldir,2023-04-02,austria,0,4,0,1
Oriun,2023-03-24,france,0,1,0,0
Ornithorink,2023-04-04,france,733,1,0,1
OscarDL,2023-03-19,france,668,1,0,0
OtaK,2023-03-26,france,0,1,0,0
Oussamawadih,2023-04-05,france,438,1,0,1
Override-6,2023-03-18,france,160,1,0,0
Override-6,2023-03-19,france,212,2,0,0
Override-6,2023-03-24,france,0,1,0,0
Override-6,2023-04-01,france,181,1,0,1
Override-6,2023-04-02,france,214,2,0,1
Override-6,2023-04-03,france,180,1,0,1
Oxey405,2023-03-19,france,1318,1,0,0
Oxey405,2023-03-21,france,606,1,0,0
P3pp0uz,2023-04-05,italy,0,2,1,1
PChol22,2023-03-31,france,709,2,0,0
PM04290,2023-03-18,france,983,1,0,0
PM04290,2023-03-28,france,1235,1,0,0
PM04290,2023-03-31,france,1217,1,0,0
POLROTY,2023-04-03,france,0,3,0,1
PPCM,2023-03-24,france,1137,1,0,0
Pab450,2023-04-01,france,138,1,0,1
Pacomito,2023-03-27,france,1215,1,0,0
PaixHaine,2023-03-28,france,1191,1,0,0
PallottaEnrico,2023-03-23,italy,701,1,1,0
PallottaEnrico,2023-03-24,italy,1519,1,1,0
Palmstroemen,2023-03-29,austria,59,1,0,0
PandaGuerrier,2023-03-29,france,79,1,0,0
PandaHugMonster,2023-03-24,austria,57,1,0,0
PandaHugMonster,2023-03-25,austria,661,3,0,0
PandaHugMonster,2023-03-26,austria,744,10,0,0
PandaHugMonster,2023-03-29,austria,364,2,0,0
PandaHugMonster,2023-04-07,austria,82,1,0,1
Pangoraw,2023-03-24,france,1532,1,0,0
PaoloFer,2023-04-02,italy,145,9,1,1
PaoloFer,2023-04-03,italy,9,1,1,1
PaoloFer,2023-04-06,italy,56,4,1,1
PaoloFer,2023-04-08,italy,340,3,1,1
PaoloPenazzi,2023-04-06,italy,245,1,1,1
PaperTrain05,2023-03-23,italy,577,1,1,0
ParisNeo,2023-03-31,france,299,1,0,0
ParisNeo,2023-04-01,france,347,1,0,1
ParisNeo,2023-04-02,france,1527,4,0,1
ParisNeo,2023-04-03,france,868,4,0,1
ParisNeo,2023-04-04,france,557,1,0,1
ParisNeo,2023-04-05,france,84,1,0,1
ParisNeo,2023-04-07,france,1511,8,0,1
ParmigianaEnjoyer,2023-03-24,italy,115,1,1,0
Parnoud,2023-03-22,france,655,1,0,0
Pascal66,2023-03-23,france,528,1,0,0
Pascal66,2023-03-24,france,82,1,0,0
Pascal66,2023-03-25,france,217,1,0,0
Pascal66,2023-04-01,france,83,1,0,1
PascalIrz,2023-03-18,france,367,1,0,0
PascalIrz,2023-03-26,france,108,2,0,0
PascalIrz,2023-04-01,france,43,1,0,1
PascalIrz,2023-04-03,france,162,1,0,1
Paul-Charpentier,2023-03-29,france,671,1,0,0
Paul-Marie,2023-03-28,france,157,1,0,0
Paul-vrn,2023-04-03,france,185,4,0,1
PaulLerner,2023-04-06,france,123,1,0,1
PaulThiberville,2023-03-25,france,353,1,0,0
PaulienM,2023-04-07,france,356,1,0,1
PavanLuca,2023-03-24,italy,916,1,1,0
PavanLuca,2023-03-28,italy,197,1,1,0
PavanLuca,2023-04-02,italy,185,2,1,1
PavanLuca,2023-04-05,italy,2665,3,1,1
PedrelliLuca,2023-03-26,italy,271,1,1,0
Peltoche,2023-03-30,france,516,1,0,0
PeopleInside,2023-03-18,italy,421,1,1,0
PeopleInside,2023-03-21,italy,867,1,1,0
PeopleInside,2023-03-22,italy,1805,2,1,0
PepeMax,2023-03-27,france,1041,1,0,0
PeterStrick,2023-04-05,austria,268,1,0,1
PeterTheOne,2023-03-21,austria,425,1,0,0
PeterTheOne,2023-03-30,austria,198,1,0,0
PheonBest,2023-04-05,france,458,2,0,1
Philipp-M,2023-03-31,austria,1110,1,0,0
Philipp-M,2023-04-04,austria,544,1,0,1
Philippe-Tic,2023-04-03,france,64,1,0,1
PhilippePerret,2023-03-18,france,0,6,0,0
PhilippePerret,2023-03-19,france,0,6,0,0
PhilippePerret,2023-03-20,france,0,3,0,0
PhilippePerret,2023-03-21,france,0,2,0,0
PhilippePerret,2023-03-22,france,0,3,0,0
PhilippePerret,2023-03-23,france,0,1,0,0
PhilippePerret,2023-03-25,france,0,2,0,0
PhilippePerret,2023-03-28,france,0,1,0,0
PhilippePerret,2023-03-30,france,0,1,0,0
PhilippePerret,2023-04-02,france,0,1,0,1
Philscode1,2023-03-31,austria,222,1,0,0
Phyele,2023-04-06,italy,0,1,1,1
Phyks,2023-03-28,france,1233,1,0,0
PiRK,2023-04-05,france,960,1,0,1
Picred,2023-04-04,italy,322,1,1,1
PierW,2023-04-07,italy,1425,1,1,1
PieroV,2023-04-04,italy,99,1,1,1
PieroV,2023-04-08,italy,818,1,1,1
PierpaoloSorbellini,2023-03-24,italy,314,1,1,0
PierpaoloSorbellini,2023-03-31,italy,848,1,1,0
Pierre-Gilles,2023-03-24,france,274,1,0,0
Pierre-Gilles,2023-03-27,france,84,1,0,0
Pierre-Gilles,2023-04-03,france,355,1,0,1
PierreBesson,2023-03-20,france,126,1,0,0
PierreBesson,2023-04-04,france,0,1,0,1
PierreBesson,2023-04-05,france,198,1,0,1
PierreBesson,2023-04-07,france,391,1,0,1
PierreMouchan,2023-03-21,france,571,1,0,0
PierrePocheron,2023-03-27,france,0,1,0,0
PierrePocheron,2023-03-28,france,0,2,0,0
PierrePocheron,2023-03-30,france,0,4,0,0
PierrePocheron,2023-03-31,france,0,3,0,0
PierrePocheron,2023-04-01,france,0,1,0,1
PierrePocheron,2023-04-03,france,72,1,0,1
PierreRaybaut,2023-03-19,france,286,1,0,0
PierrickI3,2023-03-21,france,1189,1,0,0
Piezoid,2023-03-20,france,836,1,0,0
PiotrFLEURY,2023-03-24,france,1256,8,0,0
Pipazoul,2023-04-03,france,279,2,0,1
PirateSeal,2023-03-24,france,465,1,0,0
PitouGames,2023-04-06,france,1065,1,0,1
Pive01,2023-03-25,italy,548,1,1,0
Pixselve,2023-03-18,france,0,3,0,0
Pixselve,2023-03-19,france,0,4,0,0
Pixselve,2023-03-28,france,1355,13,0,0
Pixselve,2023-04-04,france,0,3,0,1
Planplan-io,2023-04-01,france,889,1,0,1
Plarpoon,2023-04-01,italy,318,1,1,1
PlugNPush,2023-04-05,france,353,1,0,1
Pluzdev,2023-03-29,france,190,1,0,0
Pluzdev,2023-03-30,france,93,1,0,0
Pluzdev,2023-03-31,france,408,1,0,0
Pluzdev,2023-04-08,france,71,1,0,1
PoignardAzur,2023-03-24,france,1762,2,0,0
Poil,2023-03-27,france,217,1,0,0
Poil,2023-03-28,france,1598,1,0,0
PoloNX,2023-03-31,france,192,1,0,0
PonteIneptique,2023-03-23,france,828,1,0,0
PoorPocketsMcNewHold,2023-03-26,france,169,1,0,0
Popov72,2023-03-22,france,411,1,0,0
Popov72,2023-04-03,france,0,1,0,1
Popov72,2023-04-06,france,296,1,0,1
Powerplex,2023-03-20,france,0,2,0,0
Powerplex,2023-03-27,france,0,1,0,0
Powerplex,2023-03-28,france,0,2,0,0
Powerplex,2023-03-29,france,0,1,0,0
Powerplex,2023-03-30,france,0,2,0,0
Powerplex,2023-03-31,france,0,2,0,0
Powerplex,2023-04-05,france,0,3,0,1
Powerplex,2023-04-06,france,0,1,0,1
Powerplex,2023-04-07,france,0,1,0,1
PrayingMoses,2023-03-24,austria,679,1,0,0
PrinceChoco,2023-04-01,france,281,1,0,1
ProfAndreaPollini,2023-04-04,italy,34,1,1,1
ProfAndreaPollini,2023-04-08,italy,259,1,1,1
ProfEibe,2023-03-29,austria,547,1,0,0
ProfessorPinguino,2023-03-31,austria,1319,1,0,0
Psychoses,2023-03-26,france,502,1,0,0
Ptitlu42,2023-03-30,france,0,11,0,0
PymZoR,2023-04-05,france,0,1,0,1
Pyrix25633,2023-04-04,italy,623,1,1,1
QuCMGisaia,2023-03-21,france,335,1,0,0
QuCMGisaia,2023-04-03,france,1569,2,0,1
Que20,2023-03-19,france,1593,1,0,0
Quentame,2023-03-31,france,239,1,0,0
Quentin-rslt,2023-04-04,france,0,2,0,1
Quentin-rslt,2023-04-06,france,0,3,0,1
QuentinBisson,2023-04-03,france,0,1,0,1
QuentinBisson,2023-04-05,france,1188,1,0,1
QuentinGruber,2023-03-23,france,0,1,0,0
QuentinGruber,2023-03-27,france,0,1,0,0
QuentinGruber,2023-03-30,france,147,2,0,0
QuentinGruber,2023-04-05,france,0,1,0,1
QuentiumYT,2023-04-04,france,131,1,0,1
QuiiBz,2023-03-26,france,0,1,0,0
QuiiBz,2023-04-03,france,1101,1,0,1
Quillraven,2023-04-03,austria,467,1,0,1
QwertyKeyb0b,2023-03-24,italy,238,2,1,0
R-D-Y,2023-04-03,france,336,1,0,1
R0boC0p,2023-03-21,austria,139,1,0,0
R0boC0p,2023-03-30,austria,919,1,0,0
R4ULtv,2023-04-01,italy,155,1,1,1
R4ULtv,2023-04-02,italy,1108,2,1,1
R4ULtv,2023-04-03,italy,176,1,1,1
RCasatta,2023-03-20,italy,0,1,1,0
RCasatta,2023-03-23,italy,1002,7,1,0
RCasatta,2023-03-31,italy,198,4,1,0
RCasatta,2023-04-05,italy,289,1,1,1
RCasatta,2023-04-06,italy,36,1,1,1
RCasatta,2023-04-07,italy,67,1,1,1
RIC217,2023-03-20,france,1474,1,0,0
RIC217,2023-03-22,france,1600,1,0,0
RSHKDL,2023-03-23,france,50,2,0,0
RStadlmair,2023-03-27,austria,408,1,0,0
RaffaeleArbues,2023-04-08,italy,1082,7,1,1
RagnarB83,2023-03-22,france,53,1,0,0
RagnarB83,2023-04-01,france,4,1,0,1
RaitoBezarius,2023-03-18,france,536,1,0,0
RaitoBezarius,2023-03-19,france,763,1,0,0
RaitoBezarius,2023-03-20,france,78,1,0,0
RaitoBezarius,2023-03-21,france,815,6,0,0
RaitoBezarius,2023-03-26,france,427,1,0,0
RaitoBezarius,2023-03-28,france,210,1,0,0
RaitoBezarius,2023-03-29,france,545,1,0,0
RaitoBezarius,2023-04-05,france,709,1,0,1
RamiALBASHA,2023-04-05,france,161,1,0,1
RamiALBASHA,2023-04-06,france,108,1,0,1
RamiALBASHA,2023-04-07,france,256,1,0,1
RamziWeslati,2023-03-24,france,107,1,0,0
RamziWeslati,2023-03-28,france,0,3,0,0
RaphMar2021,2023-04-05,france,125,1,0,1
RaphMar2021,2023-04-07,france,514,1,0,1
RaphMar2021,2023-04-08,france,511,1,0,1
RaphaelPile,2023-03-31,france,382,1,0,0
Rapid1898-code,2023-03-23,austria,687,1,0,0
Rapidhands,2023-03-30,france,1285,1,0,0
Rapidhands,2023-03-31,france,348,1,0,0
Rapster,2023-03-26,france,242,1,0,0
Ratatinator97,2023-03-18,france,163,1,0,0
Ratatinator97,2023-03-28,france,221,1,0,0
Ravo92,2023-03-26,austria,189,1,0,0
Ravy-LFL,2023-03-29,france,928,1,0,0
Ravy-LFL,2023-03-30,france,196,1,0,0
RayBB,2023-03-20,austria,1518,1,0,0
RayBB,2023-03-23,austria,721,1,0,0
ReZLone,2023-04-08,italy,85,1,1,1
RealHinome,2023-04-01,france,823,1,0,1
RealHinome,2023-04-06,france,96,1,0,1
RedGl0w,2023-04-03,france,509,1,0,1
RedsTom,2023-04-03,france,859,1,0,1
RedsTom,2023-04-04,france,1402,1,0,1
Redstonneur1256,2023-04-04,france,433,1,0,1
RedwanK,2023-04-05,france,117,1,0,1
RegaliaXYZ,2023-04-06,france,1001,1,0,1
ReivenIV,2023-04-03,france,988,3,0,1
Relism,2023-03-21,italy,367,2,1,0
Relism,2023-03-28,italy,178,1,1,0
Renji-FR,2023-03-29,france,483,1,0,0
Revathyvenugopal162,2023-03-21,france,119,1,0,0
ReveltyOnGit,2023-03-21,france,272,1,0,0
RezaRahemtola,2023-04-06,france,5157,8,0,1
Ricc4rdo0107,2023-03-25,italy,40,1,1,0
RiccardoEvangelisti,2023-04-06,italy,109,1,1,1
RiccardoGrieco,2023-03-22,italy,907,1,1,0
RiccardoGrieco,2023-03-28,italy,731,1,1,0
RiccardoLincetto,2023-04-08,italy,641,5,1,1
RichardPaulAstley,2023-03-24,france,1698,2,0,0
Ricola3D,2023-03-27,france,326,1,0,0
Ricola3D,2023-03-28,france,653,2,0,0
Ricola3D,2023-03-31,france,274,1,0,0
Riduidel,2023-03-20,france,581,1,0,0
Riduidel,2023-03-23,france,74,1,0,0
RiedleroD,2023-03-19,austria,272,1,0,0
RiedleroD,2023-03-31,austria,222,1,0,0
Riki7745,2023-03-19,france,142,1,0,0
Riki7745,2023-03-24,france,1199,4,0,0
RistoAle97,2023-03-23,italy,427,2,1,0
RistoAle97,2023-03-28,italy,247,1,1,0
Rix565,2023-03-26,france,17,1,0,0
Robert-Scub,2023-03-21,france,0,1,0,0
Robert-Scub,2023-03-23,france,0,2,0,0
Robert-Scub,2023-03-24,france,0,2,0,0
Robert-Scub,2023-03-27,france,0,1,0,0
Robert-Scub,2023-03-30,france,0,1,0,0
Robert-Scub,2023-04-03,france,374,3,0,1
RobertDober,2023-03-30,france,1465,1,0,0
RobertHerreraEECS,2023-03-26,austria,1205,1,0,0
RobertOrthofer,2023-03-28,austria,200,1,0,0
RobertSkawinski,2023-03-28,austria,299,1,0,0
Roberto-Larivera,2023-03-22,italy,125,2,1,0
Roberto-Larivera,2023-03-28,italy,28,1,1,0
Roberto-Larivera,2023-03-29,italy,844,5,1,0
RobertoCorti,2023-03-29,italy,705,1,1,0
Robin-C,2023-03-29,france,128,1,0,0
RobinMaronier,2023-03-23,france,186,1,0,0
RobinSALOT,2023-04-03,france,140,1,0,1
Robiullah2244,2023-04-01,italy,334,1,1,1
Roccobot,2023-03-28,italy,979,2,1,0
Roccobot,2023-03-29,italy,352,1,1,0
Rokory,2023-03-30,austria,836,1,0,0
Rokory,2023-04-03,austria,358,3,0,1
Rokory,2023-04-04,austria,1088,1,0,1
RomainBrault,2023-03-28,france,47,1,0,0
RomainTHD,2023-03-27,france,196,1,0,0
Romaixn,2023-03-23,france,1422,1,0,0
Romaixn,2023-04-02,france,40,1,0,1
Romakita,2023-03-22,france,411,1,0,0
RomaricMourgues,2023-04-05,france,126,1,0,1
RoneoOrg,2023-03-18,france,315,1,0,0
RooGhz720,2023-03-19,france,346,2,0,0
RoyLDD,2023-03-23,france,311,1,0,0
RrOoSsSsOo,2023-04-08,italy,916,1,1,1
RubenGallien,2023-03-18,france,0,11,0,0
RubenGallien,2023-03-31,france,0,12,0,0
RubensRainelli,2023-03-29,italy,462,1,1,0
Rubilmax,2023-03-31,france,992,1,0,0
Rudicito,2023-03-24,france,107,1,0,0
Ruffle,2023-03-24,france,860,1,0,0
RupertBarrow,2023-03-27,france,0,1,0,0
Rushaway,2023-03-22,france,168,2,0,0
Rushaway,2023-04-03,france,22,1,0,1
Rushaway,2023-04-05,france,428,2,0,1
Rushaway,2023-04-07,france,343,1,0,1
Rushaway,2023-04-08,france,39,1,0,1
Ruuka6009,2023-03-30,france,39,1,0,0
Rykian,2023-03-20,france,199,1,0,0
S0UL4,2023-03-24,france,417,2,0,0
SANAGOdev,2023-03-21,france,14,1,0,0
SELMImohamed,2023-03-24,france,22,1,0,0
SL-Production,2023-03-27,france,0,1,0,0
SLoeuillet,2023-03-30,france,686,1,0,0
SMH17,2023-03-29,italy,440,1,1,0
SSUPII,2023-03-25,italy,581,1,1,0
SSUPII,2023-04-05,italy,811,1,1,1
SadeQL,2023-03-31,france,0,3,0,0
Sadrahel,2023-03-25,france,813,1,0,0
SaidAlvarado,2023-03-23,france,62,1,0,0
SaidAlvarado,2023-04-03,france,0,1,0,1
Salamafet,2023-03-20,france,417,1,0,0
Salem-gg,2023-03-25,france,0,6,0,0
Salem-gg,2023-03-27,france,0,2,0,0
Salim-Safi,2023-03-22,france,56,1,0,0
Salim-Safi,2023-03-23,france,0,1,0,0
SalvatoreCapano,2023-03-22,italy,0,4,1,0
SalvatoreCapano,2023-03-28,italy,0,1,1,0
SalvishGoomanee,2023-03-24,france,341,1,0,0
SamGG,2023-03-20,france,228,1,0,0
Sami32,2023-03-20,france,239,1,0,0
Sami32,2023-03-23,france,547,1,0,0
SamuelHassine,2023-04-03,france,777,5,0,1
SamuelHassine,2023-04-04,france,917,6,0,1
SamueleBarbiera,2023-03-29,italy,0,1,1,0
SamueleBarbiera,2023-03-30,italy,53,1,1,0
SamueleFacenda,2023-03-31,italy,0,1,1,0
SamuelePilleri,2023-03-29,italy,944,1,1,0
Samurai016,2023-04-05,italy,886,1,1,1
Samxvdhn,2023-03-27,france,495,1,0,0
SamyPesse,2023-03-26,france,458,1,0,0
SandeshPatilCreatis,2023-03-20,france,778,1,0,0
SandeshPatilCreatis,2023-04-05,france,66,1,0,1
SandrineProusteau,2023-03-22,france,129,1,0,0
SandroMaglione,2023-03-20,italy,1305,1,1,0
Sandros94,2023-03-24,italy,222,2,1,0
Sandros94,2023-03-26,italy,671,3,1,0
Sandros94,2023-04-03,italy,842,1,1,1
Sandros94,2023-04-08,italy,1282,2,1,1
Sanghelyos,2023-03-27,france,119,1,0,0
SansonSebastiano,2023-03-21,italy,0,3,1,0
SansonSebastiano,2023-03-22,italy,0,2,1,0
SansonSebastiano,2023-03-25,italy,56,8,1,0
SansonSebastiano,2023-03-27,italy,0,1,1,0
SansonSebastiano,2023-04-04,italy,0,6,1,1
Sarrus1,2023-04-07,france,414,5,0,1
Satalicious,2023-03-25,austria,270,1,0,0
Saverio976,2023-03-20,france,0,2,0,0
Saverio976,2023-03-21,france,0,2,0,0
Saverio976,2023-03-22,france,56,1,0,0
Saverio976,2023-03-30,france,67,1,0,0
Saverio976,2023-04-03,france,136,1,0,1
Sayrix,2023-04-08,france,815,1,0,1
SchawnnDev,2023-03-23,france,760,3,0,0
Schoumi,2023-03-25,france,146,1,0,0
Schweini07,2023-03-27,austria,966,1,0,0
ScreamZ,2023-03-27,france,192,1,0,0
ScreamZ,2023-03-30,france,439,1,0,0
ScreamZ,2023-04-03,france,822,1,0,1
ScreamZ,2023-04-05,france,138,1,0,1
Screenfeed,2023-03-23,france,496,1,0,0
SeNeO,2023-03-27,france,434,1,0,0
SeaOfDreams,2023-03-21,italy,356,1,1,0
SebCorbin,2023-03-22,france,961,1,0,0
SebCorbin,2023-03-24,france,367,1,0,0
SebastienTouze,2023-04-06,france,532,1,0,1
SebastienValla,2023-03-22,france,516,1,0,0
SebastienValla,2023-03-30,france,1545,2,0,0
SebouChu,2023-03-20,france,1432,1,0,0
SebouChu,2023-03-27,france,861,1,0,0
SebouChu,2023-03-28,france,3308,3,0,0
SebouChu,2023-03-29,france,1282,1,0,0
SebouChu,2023-03-30,france,1760,2,0,0
SebouChu,2023-03-31,france,2663,2,0,0
SebouChu,2023-04-05,france,675,1,0,1
Sefrancois,2023-03-24,france,0,1,0,0
Sekiro-kost,2023-04-04,france,213,1,0,1
Selenyhr,2023-04-03,france,1131,1,0,1
SelrahcD,2023-03-18,france,193,1,0,0
SelrahcD,2023-03-19,france,193,1,0,0
SelrahcD,2023-03-27,france,193,1,0,0
SelrahcD,2023-03-31,france,193,1,0,0
SelrahcD,2023-04-01,france,193,1,0,1
SelrahcD,2023-04-03,france,193,1,0,1
SelrahcD,2023-04-07,france,965,5,0,1
SelrahcD,2023-04-08,france,386,2,0,1
Seluj78,2023-03-24,france,286,1,0,0
Seluj78,2023-03-27,france,1314,1,0,0
Senimtra,2023-03-21,austria,0,1,0,0
Senimtra,2023-03-24,austria,0,1,0,0
Sensei-CHO,2023-04-01,france,0,1,0,1
Senzo13,2023-03-18,france,120,1,0,0
Senzo13,2023-03-20,france,425,1,0,0
Senzo13,2023-03-23,france,986,1,0,0
Senzo13,2023-04-02,france,209,1,0,1
SerezD,2023-04-03,italy,222,1,1,1
SerezD,2023-04-05,italy,518,1,1,1
Sergio0694,2023-03-27,italy,378,1,1,0
Sergio0694,2023-04-01,italy,1593,1,1,1
Sergio0694,2023-04-06,italy,1361,1,1,1
SergioPovoli,2023-04-03,italy,180,1,1,1
Serialc0de,2023-04-05,italy,1353,1,1,1
SeriousMonk,2023-04-08,italy,958,1,1,1
Sh0ckFR,2023-04-07,france,597,1,0,1
ShalokShalom,2023-03-18,austria,292,1,0,0
ShalokShalom,2023-03-19,austria,188,1,0,0
ShalokShalom,2023-04-06,austria,68,1,0,1
ShambuKumar,2023-04-07,austria,39,1,0,1
ShambuKumar,2023-04-08,austria,105,1,0,1
SheatNoisette,2023-04-08,france,84,1,0,1
ShimonOhayon,2023-03-27,italy,1123,1,1,0
ShinyFabio,2023-03-27,italy,291,1,1,0
Showdown76py,2023-03-26,france,402,1,0,0
Showdown76py,2023-03-30,france,1188,1,0,0
Showdown76py,2023-04-01,france,658,1,0,1
Showdown76py,2023-04-03,france,0,1,0,1
Shraknard,2023-03-22,france,268,1,0,0
Shuunen,2023-04-05,france,194,2,0,1
Shuunen,2023-04-07,france,37,3,0,1
ShyneTurtle,2023-04-01,france,57,1,0,1
Shynixn,2023-03-20,austria,0,1,0,0
Shyrro,2023-03-26,france,303,1,0,0
Shyrro,2023-03-31,france,1469,1,0,0
Sighery,2023-03-24,austria,588,1,0,0
Sigmanificient,2023-03-22,france,934,1,0,0
Sigmanificient,2023-03-27,france,237,1,0,0
Sigmanificient,2023-03-31,france,435,1,0,0
Sildran,2023-04-08,france,1227,1,0,1
Silejonu,2023-03-31,france,841,1,0,0
Silejonu,2023-04-01,france,995,1,0,1
Silicoman,2023-04-06,france,7,2,0,1
Silicoman,2023-04-07,france,295,1,0,1
SimJeg,2023-03-24,france,715,1,0,0
SimJeg,2023-03-29,france,1417,2,0,0
SimJeg,2023-04-04,france,671,1,0,1
SimJeg,2023-04-06,france,722,1,0,1
Simon-L,2023-03-30,france,1375,1,0,0
SimonBellucci,2023-03-27,france,411,1,0,0
SimonFrauenschuh,2023-03-28,austria,236,1,0,0
SimonMarquis,2023-03-18,france,396,1,0,0
SimonMarquis,2023-03-24,france,1218,2,0,0
SimonTheWay,2023-04-01,italy,336,1,1,1
SimoneAncona,2023-04-01,italy,91,1,1,1
SimoneGasperini,2023-03-22,italy,2633,2,1,0
SimoneGasperini,2023-03-28,italy,263,1,1,0
SimoneGasperini,2023-03-29,italy,620,1,1,0
SimoneGasperini,2023-03-31,italy,753,1,1,0
SinaArdehali,2023-03-24,france,894,1,0,0
SirLynix,2023-03-30,france,1466,1,0,0
SirStone,2023-03-26,italy,994,1,1,0
SiriHackYT,2023-04-02,france,453,1,0,1
SiriosDev,2023-04-04,italy,422,1,1,1
Siropdebanane59,2023-03-21,france,360,1,0,0
Sispheor,2023-03-21,france,45,1,0,0
Sispheor,2023-04-06,france,602,1,0,1
Skraye,2023-03-21,france,1181,3,0,0
Skraye,2023-03-22,france,597,1,0,0
Skraye,2023-03-23,france,912,2,0,0
SkytAsul,2023-03-19,france,98,1,0,0
SkytAsul,2023-03-21,france,1048,1,0,0
Slamdunk,2023-03-31,italy,30,1,1,0
Slashgear,2023-03-26,france,662,2,0,0
Slays-Officiel,2023-04-02,france,79,1,0,1
Smaug6739,2023-04-06,france,1216,1,0,1
Smig0l,2023-04-04,italy,70,1,1,1
Smiril,2023-04-04,austria,399,1,0,1
Smrtnyk,2023-03-20,austria,1478,1,0,0
Smrtnyk,2023-03-21,austria,163,1,0,0
SofianeLasri,2023-03-22,france,390,1,0,0
SofienM,2023-04-03,france,786,1,0,1
SoftwareMagicIT,2023-04-03,italy,563,1,1,1
Solido,2023-04-01,france,231,1,0,1
SombrAbsol,2023-03-24,france,443,1,0,0
Sonatai,2023-03-21,austria,79,1,0,0
Sora-yx,2023-04-03,france,316,1,0,1
SoraGD,2023-03-25,italy,427,1,1,0
Soulou,2023-03-29,france,660,1,0,0
Soulou,2023-04-05,france,50,1,0,1
SozoKa,2023-03-23,france,126,1,0,0
SpaceIm,2023-03-18,france,416,1,0,0
SpaceIm,2023-03-20,france,1549,1,0,0
SpaceIm,2023-03-21,france,1024,1,0,0
SpaceIm,2023-03-22,france,849,1,0,0
SpaceIm,2023-03-24,france,1099,1,0,0
SpaceIm,2023-03-25,france,635,1,0,0
SpaceIm,2023-03-26,france,815,1,0,0
SpaceIm,2023-03-27,france,442,1,0,0
SpaceIm,2023-03-29,france,1012,1,0,0
SpaceIm,2023-03-31,france,576,1,0,0
SpaceIm,2023-04-02,france,393,1,0,1
SpaceIm,2023-04-03,france,1301,1,0,1
Spacechild1,2023-03-30,austria,460,1,0,0
Spacelord-XaN,2023-04-01,austria,190,3,0,1
Spacelord-XaN,2023-04-04,austria,254,3,0,1
Spacelord-XaN,2023-04-06,austria,188,1,0,1
Spacelord-XaN,2023-04-08,austria,74,1,0,1
Spartan0nix,2023-03-26,france,0,1,0,0
Spartan0nix,2023-04-02,france,1462,3,0,1
Spartan0nix,2023-04-07,france,259,1,0,1
Spawnrad,2023-03-27,france,1439,1,0,0
Sphinkie,2023-03-31,france,521,1,0,0
SpidFightFR,2023-04-02,france,559,1,0,1
Spitfireap,2023-03-31,france,1248,1,0,0
SplattyDev,2023-03-24,italy,458,1,1,0
SpodoY,2023-03-27,austria,307,1,0,0
Srynetix,2023-03-19,france,0,1,0,0
Srynetix,2023-03-21,france,0,1,0,0
Srynetix,2023-03-23,france,208,1,0,0
Srynetix,2023-03-30,france,0,1,0,0
Srynetix,2023-04-04,france,10,1,0,1
StRigaud,2023-03-22,france,222,1,0,0
StRigaud,2023-03-23,france,1193,1,0,0
StabiloTheMarker,2023-03-19,austria,275,1,0,0
StabiloTheMarker,2023-03-21,austria,112,1,0,0
StabiloTheMarker,2023-03-23,austria,0,3,0,0
StabiloTheMarker,2023-03-28,austria,137,1,0,0
StabiloTheMarker,2023-04-01,austria,149,1,0,1
Stack-it-up,2023-03-31,italy,671,1,1,0
Staelion,2023-04-05,france,49,2,0,1
Staelion,2023-04-06,france,1103,1,0,1
Staelion,2023-04-08,france,534,1,0,1
Starmania,2023-03-27,france,1920,2,0,0
Starmania,2023-03-28,france,162,1,0,0
Starmania,2023-04-06,france,336,1,0,1
Starmania,2023-04-07,france,362,1,0,1
Startouf,2023-03-20,france,1312,1,0,0
Stccl,2023-03-18,france,684,1,0,0
Stccl,2023-03-19,france,747,1,0,0
SteRiccio,2023-03-27,italy,0,1,1,0
SteRiccio,2023-03-29,italy,0,1,1,0
SteRiccio,2023-04-04,italy,0,1,1,1
SteRiccio,2023-04-05,italy,0,1,1,1
Steccah,2023-03-27,italy,0,1,1,0
Steellgold,2023-03-22,france,169,1,0,0
Steellgold,2023-03-23,france,113,1,0,0
Steellgold,2023-04-03,france,57,1,0,1
Steellgold,2023-04-05,france,154,1,0,1
StefThomas,2023-03-27,france,220,1,0,0
StefanH-AT,2023-03-19,austria,694,1,0,0
StefanH-AT,2023-03-26,austria,30,1,0,0
Stefano-Labianca,2023-04-05,italy,335,1,1,1
StefanoB2018,2023-03-23,italy,92,1,1,0
StefanoBalocco,2023-04-02,italy,81,1,1,1
StefanoCretti,2023-03-24,italy,1476,1,1,0
Steffi3rd,2023-03-27,france,815,2,0,0
Steffi3rd,2023-03-31,france,231,1,0,0
Steffo99,2023-03-22,italy,62,2,1,0
Steffo99,2023-03-28,italy,0,1,1,0
Stell0,2023-03-29,italy,1301,11,1,0
Stell0,2023-03-30,italy,0,3,1,0
Stell0,2023-04-05,italy,937,2,1,1
Stell0,2023-04-07,italy,191,1,1,1
StephSako,2023-03-20,france,0,2,0,0
StephSako,2023-03-22,france,0,1,0,0
StephSako,2023-03-23,france,0,3,0,0
StephSako,2023-03-25,france,0,3,0,0
StephSako,2023-03-26,france,0,1,0,0
StephSako,2023-04-02,france,0,1,0,1
StephaneCouturier,2023-03-18,france,0,2,0,0
StephaneCouturier,2023-03-19,france,173,7,0,0
StephaneCouturier,2023-03-20,france,0,3,0,0
StephaneCouturier,2023-03-21,france,0,2,0,0
StephaneCouturier,2023-03-31,france,0,3,0,0
StephaneCouturier,2023-04-01,france,0,2,0,1
StephaneCouturier,2023-04-04,france,0,1,0,1
StephaneCouturier,2023-04-08,france,0,1,0,1
Steuf,2023-03-28,france,1101,2,0,0
StevenCostiou,2023-03-22,france,218,2,0,0
StevenCostiou,2023-03-27,france,0,2,0,0
StevenCostiou,2023-03-29,france,0,1,0,0
StevenCostiou,2023-04-04,france,0,5,0,1
Steyfix,2023-04-07,france,220,1,0,1
Stigmi-Stephane,2023-03-28,france,134,1,0,0
Stilic,2023-03-18,france,64,1,0,0
Stilic,2023-04-03,france,156,1,0,1
StonedHesus,2023-03-24,france,268,1,0,0
StonedHesus,2023-04-03,france,361,1,0,1
StonedHesus,2023-04-06,france,86,1,0,1
StorkST,2023-04-06,france,966,1,0,1
Stormiswe1,2023-04-07,france,1120,1,0,1
StyMaar,2023-04-03,france,609,1,0,1
Sulfyderz,2023-03-28,france,482,1,0,0
SunHaozhe,2023-04-04,france,1071,1,0,1
SuperMitic,2023-03-24,italy,2151,2,1,0
SuperPat45,2023-04-05,france,374,1,0,1
Supercaly,2023-04-04,italy,1893,4,1,1
Supercaly,2023-04-07,italy,521,3,1,1
Superpaul209,2023-03-29,france,293,1,0,0
Superpaul209,2023-03-31,france,1034,2,0,0
SurfingNerd,2023-03-30,austria,295,2,0,0
Surfingnet,2023-03-31,france,175,1,0,0
Swatinem,2023-03-28,austria,951,1,0,0
Swatinem,2023-04-06,austria,395,1,0,1
Swop,2023-03-20,france,618,1,0,0
SylvainBoudacher,2023-03-18,france,0,1,0,0
SylvainCorlay,2023-03-22,france,986,4,0,0
SylvainCorlay,2023-03-30,france,436,1,0,0
SylvainCorlay,2023-03-31,france,311,1,0,0
SylvainCorlay,2023-04-02,france,933,2,0,1
SylvainCorlay,2023-04-04,france,540,2,0,1
SylvainCorlay,2023-04-05,france,1416,3,0,1
SylvainDevidal,2023-03-24,france,53,1,0,0
SylvainDevidal,2023-04-04,france,84,1,0,1
SylvainJoube,2023-03-22,france,0,1,0,0
SylvainLegrand,2023-03-20,france,167,1,0,0
Synchro,2023-03-31,france,357,1,0,0
Synchrones,2023-04-08,france,634,1,0,1
System-Glitch,2023-03-30,france,299,1,0,0
T13nou,2023-03-28,france,179,1,0,0
T1xx1,2023-04-01,italy,307,1,1,1
TARS-bot,2023-03-25,italy,1212,1,1,0
TARS-bot,2023-03-31,italy,1114,1,1,0
TTiip,2023-03-20,italy,74,1,1,0
TTiip,2023-03-21,italy,80,1,1,0
TTiip,2023-03-22,italy,84,1,1,0
TTiip,2023-03-23,italy,74,1,1,0
TTiip,2023-03-25,italy,59,1,1,0
TTiip,2023-03-27,italy,74,1,1,0
TTiip,2023-03-28,italy,75,1,1,0
TTiip,2023-03-29,italy,77,1,1,0
TTiip,2023-03-30,italy,86,1,1,0
TTiip,2023-04-06,italy,79,1,1,1
TTiip,2023-04-07,italy,53,1,1,1
TakieddineSOUALHI,2023-04-04,france,1118,1,0,1
Tambouil,2023-04-03,france,169,1,0,1
TanZng,2023-03-27,france,693,2,0,0
TanguySoto,2023-03-24,france,411,1,0,0
Tarmil,2023-03-18,france,1196,2,0,0
Tarmil,2023-03-19,france,23,1,0,0
Tarnyko,2023-03-29,france,434,1,0,0
Tarubain,2023-04-07,austria,490,1,0,1
Tarubain,2023-04-08,austria,900,1,0,1
TarunoDev,2023-03-19,france,0,1,0,0
Tayebsed93,2023-03-24,france,2259,3,0,0
Tazeg,2023-03-23,france,105,1,0,0
Te-k,2023-03-21,france,765,3,0,0
Te-k,2023-03-22,france,363,1,0,0
TeFiLeDo,2023-03-25,austria,769,1,0,0
TechWatching,2023-04-03,france,286,1,0,1
TeddyCr,2023-03-22,france,1104,2,0,0
TeddyCr,2023-03-27,france,380,1,0,0
TeddyCr,2023-03-31,france,498,1,0,0
TeddyCr,2023-04-04,france,0,1,0,1
Telemaco019,2023-03-24,italy,1131,1,1,0
Telemaco019,2023-03-27,italy,468,1,1,0
Telemaco019,2023-03-28,italy,859,1,1,0
Telemaco019,2023-03-30,italy,508,1,1,0
Telemaco019,2023-03-31,italy,1386,1,1,0
Tenrys,2023-04-03,france,604,1,0,1
TeoColuccio,2023-03-24,italy,1380,1,1,0
TeoColuccio,2023-03-31,italy,928,1,1,0
TesteurManiak,2023-04-03,france,184,1,0,1
Teyir,2023-04-06,france,421,1,0,1
Tguisnet,2023-03-20,france,0,1,0,0
Tguisnet,2023-03-21,france,0,1,0,0
Tguisnet,2023-04-07,france,488,1,0,1
Th0rgal,2023-04-07,france,0,1,0,1
Th3Dilli,2023-03-31,austria,859,1,0,0
TheElectronWill,2023-04-01,france,1029,1,0,1
TheElysium,2023-04-07,france,0,1,0,1
TheFrenchGhosty,2023-04-01,france,698,2,0,1
TheJoin95,2023-03-30,italy,0,2,1,0
TheJoin95,2023-03-31,italy,103,1,1,0
TheJoin95,2023-04-03,italy,0,1,1,1
TheJoin95,2023-04-07,italy,0,1,1,1
TheMalloum,2023-04-02,france,417,1,0,1
TheMeinerLP,2023-03-18,france,0,8,0,0
TheMeinerLP,2023-03-19,france,754,1,0,0
TheMeinerLP,2023-04-02,france,764,1,0,1
TheNoobRoxas,2023-03-28,italy,0,2,1,0
TheNoobRoxas,2023-04-01,italy,0,1,1,1
ThePrincelle,2023-04-02,france,398,1,0,1
TheRealBoiler,2023-04-03,italy,393,1,1,1
TheRealPayPaul,2023-04-02,austria,139,1,0,1
TheWonderfulTartiflette,2023-03-24,france,1861,2,0,0
TheWonderfulTartiflette,2023-04-05,france,234,1,0,1
Themimitoof,2023-03-22,france,278,1,0,0
TheoBrigitte,2023-03-21,france,1164,2,0,0
TheoBrigitte,2023-03-24,france,729,1,0,0
TheoBrigitte,2023-04-04,france,1126,6,0,1
TheoChevalier,2023-04-05,france,695,1,0,1
TheoJQM,2023-03-29,france,0,5,0,0
TheophileDiot,2023-04-03,france,260,1,0,1
Thesola10,2023-03-25,france,388,1,0,0
Thesola10,2023-03-28,france,278,1,0,0
ThibClnt,2023-03-18,france,0,1,0,0
ThibClnt,2023-03-24,france,800,4,0,0
ThibHlln,2023-04-01,france,1501,1,0,1
ThibaultDelaune-pro,2023-03-24,france,450,1,0,0
ThibaultEbroussard,2023-03-27,france,326,1,0,0
ThibaultFy,2023-03-27,france,522,1,0,0
ThierryThevenet,2023-03-18,france,157,3,0,0
ThierryThevenet,2023-03-19,france,973,5,0,0
ThierryThevenet,2023-03-20,france,112,2,0,0
ThierryThevenet,2023-03-21,france,0,1,0,0
ThierryThevenet,2023-03-24,france,81,1,0,0
ThierryThevenet,2023-03-26,france,348,1,0,0
ThierryThevenet,2023-03-28,france,37,1,0,0
ThierryThevenet,2023-03-29,france,24,2,0,0
ThierryThevenet,2023-03-30,france,368,3,0,0
ThierryThevenet,2023-04-01,france,120,3,0,1
ThierryThevenet,2023-04-03,france,92,1,0,1
ThierryThevenet,2023-04-04,france,317,1,0,1
ThierryThevenet,2023-04-06,france,0,2,0,1
ThierryThevenet,2023-04-07,france,0,1,0,1
ThinkingAbout,2023-04-05,italy,1528,1,1,1
ThomasAyr,2023-03-25,france,0,1,0,0
ThomasAyr,2023-04-03,france,0,1,0,1
ThomasFaria,2023-03-24,france,0,1,0,0
ThomasFercher,2023-04-04,austria,208,5,0,1
ThomasG77,2023-03-30,france,828,2,0,0
ThomasHezard,2023-03-18,france,637,1,0,0
ThomasLandauer,2023-04-07,austria,35,1,0,1
ThomasLandauer,2023-04-08,austria,871,1,0,1
ThomasPiellard,2023-04-06,france,810,2,0,1
ThomasPof,2023-04-06,france,517,1,0,1
ThomasSanson,2023-03-21,france,444,1,0,0
Thomlam,2023-03-27,france,0,2,0,0
Thomlam,2023-03-28,france,40,1,0,0
Thomlam,2023-03-29,france,0,1,0,0
Thomlam,2023-03-30,france,0,1,0,0
Thooto,2023-03-22,france,758,1,0,0
Thopterulu,2023-03-26,france,0,1,0,0
Thopterulu,2023-04-01,france,109,1,0,1
ThorbenStaufer,2023-03-20,austria,291,1,0,0
ThorbenStaufer,2023-03-24,austria,90,1,0,0
ThorbenStaufer,2023-03-30,austria,170,1,0,0
ThounyBreasty,2023-04-06,france,419,1,0,1
Thvnvtos,2023-03-31,france,1207,1,0,0
Thytu,2023-03-19,france,256,1,0,0
Tiduster,2023-03-20,france,1194,1,0,0
Tifaifai,2023-03-21,france,124,1,0,0
Tiflo62,2023-03-22,france,162,2,0,0
Tiflo62,2023-03-23,france,458,1,0,0
Tig3r98,2023-04-04,italy,1365,1,1,1
Tigriz,2023-03-27,france,232,1,0,0
Tigriz,2023-04-08,france,158,1,0,1
Tijawk,2023-03-20,france,102,1,0,0
Tilian-HURE,2023-03-23,france,42,6,0,0
Tilian-HURE,2023-03-29,france,126,2,0,0
Tilian-HURE,2023-03-30,france,59,2,0,0
Tilian-HURE,2023-03-31,france,0,2,0,0
Tilian-HURE,2023-04-01,france,0,1,0,1
Tilian-HURE,2023-04-02,france,0,1,0,1
Timdev0,2023-03-28,france,0,1,0,0
Timdev0,2023-03-31,france,0,2,0,0
TimeEngineer,2023-03-20,france,1240,1,0,0
TimeEngineer,2023-04-03,france,0,1,0,1
TimeEngineer,2023-04-07,france,0,1,0,1
TimerErTim,2023-03-23,austria,400,1,0,0
TimerErTim,2023-03-29,austria,139,1,0,0
TiphTech,2023-03-27,france,235,1,0,0
Tiranisu,2023-03-23,france,0,2,0,0
Tirguy,2023-03-18,france,193,1,0,0
Tirke,2023-03-28,france,725,1,0,0
Tirke,2023-04-08,france,85,1,0,1
TituxMetal,2023-03-24,france,68,1,0,0
TkDodo,2023-03-25,austria,994,1,0,0
Tlahey,2023-04-07,france,881,2,0,1
To-om,2023-04-03,france,323,1,0,1
ToeiRei,2023-03-18,austria,1255,1,0,0
ToeiRei,2023-03-26,austria,38,1,0,0
ToeiRei,2023-03-27,austria,0,1,0,0
ToeiRei,2023-03-29,austria,111,1,0,0
ToeiRei,2023-03-30,austria,338,1,0,0
ToeiRei,2023-04-01,austria,1746,2,0,1
Toilal,2023-04-06,france,1063,2,0,1
TomOne,2023-04-05,italy,1172,1,1,1
Tomciii,2023-03-27,austria,433,3,0,0
Tomciii,2023-03-28,austria,1714,18,0,0
TommyTheTribe,2023-04-06,france,598,1,0,1
TommyTheTribe,2023-04-07,france,1258,1,0,1
TomyGamy,2023-04-02,france,554,1,0,1
TomyGamy,2023-04-06,france,2299,3,0,1
TomyGamy,2023-04-07,france,456,1,0,1
TonybynMp4,2023-03-25,france,134,1,0,0
Tonynux,2023-04-02,italy,641,1,1,1
TopSolid,2023-03-20,france,799,1,0,0
Tortar,2023-04-02,italy,713,1,1,1
Totto16,2023-04-03,italy,0,2,1,1
Totto16,2023-04-08,italy,218,1,1,1
TrAsKiN,2023-03-23,france,55,1,0,0
Tracnac,2023-04-01,france,311,1,0,1
Trevizanzan,2023-04-01,italy,2276,7,1,1
Trevizanzan,2023-04-02,italy,385,1,1,1
Tri0L,2023-03-31,austria,257,1,0,0
Trifase,2023-04-08,italy,809,1,1,1
Trompettesib,2023-03-31,france,0,1,0,0
Tronix117,2023-03-21,france,790,1,0,0
Tructruc,2023-03-28,france,478,9,0,0
TrueBabyChaise,2023-04-04,france,0,5,0,1
TrueBabyChaise,2023-04-05,france,922,2,0,1
TryKatChup,2023-04-07,italy,333,1,1,1
TsimpDim,2023-04-07,austria,37,10,0,1
TsimpDim,2023-04-08,austria,0,3,0,1
TsumikiVR,2023-03-31,france,154,1,0,0
Tudor44,2023-03-31,italy,373,2,1,0
Tudor44,2023-04-03,italy,224,1,1,1
TurboGit,2023-03-19,france,580,1,0,0
TurboGit,2023-03-26,france,836,1,0,0
TuxVinyards,2023-03-24,italy,1470,1,1,0
Tuxem,2023-03-28,france,901,1,0,0
Twisterking,2023-03-24,austria,515,1,0,0
TxMat,2023-03-26,france,86,1,0,0
Typhon0,2023-03-23,france,1511,1,0,0
Tyrben,2023-04-03,france,826,1,0,1
UTrosh,2023-03-20,france,117,1,0,0
Uguigi,2023-03-20,france,203,1,0,0
Uinelj,2023-03-26,france,0,1,0,0
Uinelj,2023-03-31,france,76,1,0,0
Uinelj,2023-04-01,france,0,1,0,1
Uinelj,2023-04-07,france,0,1,0,1
Un3x,2023-03-21,france,469,1,0,0
Un3x,2023-03-27,france,287,1,0,0
Un3x,2023-04-04,france,662,1,0,1
UnSeulT,2023-03-26,france,206,1,0,0
UnSeulT,2023-04-02,france,220,1,0,1
UnSeulT,2023-04-03,france,189,1,0,1
UnSeulT,2023-04-06,france,189,1,0,1
Unarray,2023-03-21,france,255,1,0,0
Unarray,2023-04-08,france,629,1,0,1
UnelDev,2023-04-07,france,45,9,0,1
Unknown-user-dev,2023-03-19,france,1087,1,0,0
UnknownEnergy,2023-03-24,austria,1558,1,0,0
Unknownman21229,2023-04-05,italy,376,1,1,1
UnleashSpirit,2023-03-29,france,259,1,0,0
Unlighted666,2023-04-02,france,1386,1,0,1
UnoCheSiAnnoia,2023-04-04,italy,446,1,1,1
Uptip,2023-03-22,france,0,1,0,0
Uruknara,2023-04-01,france,129,1,0,1
VDuchauffour,2023-03-21,france,1016,1,0,0
Vaarlion,2023-04-06,france,270,1,0,1
VaiTon,2023-03-18,italy,222,2,1,0
VaiTon,2023-03-19,italy,677,3,1,0
VaiTon,2023-03-21,italy,222,1,1,0
VaiTon,2023-03-22,italy,1197,3,1,0
VaiTon,2023-03-23,italy,225,1,1,0
VaiTon,2023-03-24,italy,450,2,1,0
VaiTon,2023-03-26,italy,447,2,1,0
VaiTon,2023-03-27,italy,219,1,1,0
VaiTon,2023-03-28,italy,447,2,1,0
VaiTon,2023-03-29,italy,447,2,1,0
VaiTon,2023-03-30,italy,222,1,1,0
VaiTon,2023-04-02,italy,0,1,1,1
ValMgr,2023-03-27,france,0,1,0,0
ValMgr,2023-03-31,france,0,3,0,0
ValMgr,2023-04-02,france,206,1,0,1
ValMgr,2023-04-03,france,0,2,0,1
ValMgr,2023-04-07,france,0,1,0,1
Valbou,2023-03-21,france,412,2,0,0
Valbou,2023-03-24,france,271,1,0,0
Valbou,2023-03-25,france,323,4,0,0
Valbou,2023-03-26,france,22,1,0,0
Valbou,2023-03-27,france,565,2,0,0
ValdoGhafoor,2023-03-22,france,571,1,0,0
ValdoGhafoor,2023-03-23,france,243,1,0,0
ValentinTrinque,2023-03-21,france,329,3,0,0
ValentinTrinque,2023-03-22,france,127,1,0,0
ValentinTrinque,2023-03-23,france,0,1,0,0
ValentinTrinque,2023-03-24,france,0,1,0,0
ValentinTrinque,2023-03-27,france,106,1,0,0
ValentinTrinque,2023-03-28,france,371,1,0,0
ValentinTrinque,2023-04-04,france,697,1,0,1
ValentinTrinque,2023-04-05,france,455,2,0,1
ValentinTrinque,2023-04-07,france,184,3,0,1
Valentina16,2023-03-19,italy,727,1,1,0
ValerianGregoire,2023-03-25,france,45,1,0,0
ValerioMa,2023-03-20,italy,207,1,1,0
ValgulNecron,2023-03-27,france,197,1,0,0
ValgulNecron,2023-04-06,france,607,1,0,1
Valimp,2023-03-28,france,195,1,0,0
Valkhes,2023-04-04,france,601,2,0,1
Valkirie,2023-03-29,france,370,1,0,0
Vanguard-Fx,2023-04-03,italy,200,1,1,1
Vanguard-Fx,2023-04-08,italy,117,1,1,1
VanilleAngeles,2023-04-05,france,158,1,0,1
Vanskjaere,2023-03-21,france,533,1,0,0
VarChar42,2023-04-04,austria,124,1,0,1
Vasolix,2023-04-03,france,1152,1,0,1
Venatum,2023-03-31,france,267,1,0,0
Venodez,2023-04-05,france,239,3,0,1
VerticaDataScientist,2023-03-21,france,535,1,0,0
Vforcell,2023-03-29,france,729,1,0,0
VianneyMI,2023-03-25,france,0,1,0,0
Vichingo455,2023-03-26,italy,447,1,1,0
Viczei,2023-04-07,france,35,1,0,1
Vikingfr,2023-03-31,france,172,1,0,0
Vikingfr,2023-04-06,france,3042,17,0,1
Vikingfr,2023-04-07,france,523,3,0,1
Vikingfr,2023-04-08,france,537,3,0,1
ViktorHofer,2023-03-24,austria,349,1,0,0
Vilquid,2023-04-07,france,188,1,0,1
Vinalti,2023-04-07,france,483,4,0,1
VincentAntoine,2023-03-20,france,0,1,0,0
VincentAntoine,2023-03-24,france,11,1,0,0
VincentAntoine,2023-04-03,france,325,1,0,1
VincentAntoine,2023-04-05,france,0,1,0,1
VincentCucchietti,2023-04-03,france,216,1,0,1
VincentGonnet,2023-03-20,france,31,1,0,0
Virinas-code,2023-03-28,france,646,2,0,0
Virinas-code,2023-03-29,france,343,1,0,0
Vladimir9595,2023-03-23,france,0,2,0,0
Vladimir9595,2023-03-24,france,0,4,0,0
Vladimir9595,2023-03-25,france,0,3,0,0
Vladimir9595,2023-03-26,france,0,5,0,0
Vladimir9595,2023-03-29,france,0,9,0,0
Vladimir9595,2023-03-31,france,0,3,0,0
Volcomix,2023-03-22,france,794,1,0,0
VolkmarR,2023-03-21,italy,539,1,1,0
VxTedxV,2023-03-26,france,1145,1,0,0
VxlerieUwU,2023-03-26,france,292,2,0,0
VxlerieUwU,2023-04-01,france,263,1,0,1
W-M-B,2023-04-02,austria,726,1,0,1
W4RH4WK,2023-03-31,austria,664,1,0,0
W4RH4WK,2023-04-05,austria,656,1,0,1
Wabri,2023-03-29,italy,29,1,1,0
Wabri,2023-03-30,italy,17,1,1,0
Wabri,2023-04-04,italy,0,1,1,1
WalTho,2023-03-20,france,22,1,0,0
Waldi1975,2023-04-05,austria,135,1,0,1
WanzenBug,2023-03-27,austria,702,1,0,0
WarC0zes,2023-04-06,france,388,1,0,1
WarnDa,2023-03-24,france,1898,2,0,0
WarnDa,2023-03-30,france,713,2,0,0
WarnDa,2023-04-01,france,464,1,0,1
WarnDa,2023-04-08,france,1178,2,0,1
Weakky,2023-04-05,france,511,1,0,1
WesleyTheGeolien,2023-03-23,france,547,1,0,0
Wicpar,2023-03-28,france,120,1,0,0
Wicpar,2023-04-03,france,429,1,0,1
Wicpar,2023-04-06,france,123,1,0,1
Willy-JL,2023-03-20,italy,65,1,1,0
Willy-JL,2023-03-26,italy,1368,1,1,0
WinterWind33,2023-03-27,italy,633,1,1,0
WinterWind33,2023-03-29,italy,267,1,1,0
WinterWind33,2023-03-31,italy,194,1,1,0
WirzRexTon,2023-04-05,france,0,1,0,1
WissamAntoun,2023-03-30,france,126,1,0,0
Wizz1337,2023-03-19,france,113,1,0,0
WojciechKusa,2023-03-28,austria,188,1,0,0
Woljtek,2023-03-29,france,869,1,0,0
WordPresseur,2023-03-29,france,875,1,0,0
Wurzelmann,2023-03-20,austria,177,1,0,0
Wurzelmann,2023-04-07,austria,430,1,0,1
X-Raym,2023-03-30,france,203,1,0,0
X-Raym,2023-04-06,france,245,1,0,1
X-dark,2023-03-31,france,371,1,0,0
X-dark,2023-04-03,france,603,1,0,1
XLIU-1993,2023-03-20,france,1191,1,0,0
Xavier2p,2023-03-23,france,0,5,0,0
Xavier2p,2023-03-25,france,54,5,0,0
Xavier2p,2023-03-28,france,363,4,0,0
Xavier2p,2023-03-29,france,32,2,0,0
Xavier2p,2023-03-30,france,68,2,0,0
Xavier2p,2023-03-31,france,37,1,0,0
Xavier2p,2023-04-01,france,0,2,0,1
Xavier2p,2023-04-04,france,123,7,0,1
Xavier2p,2023-04-05,france,841,22,0,1
Xavier2p,2023-04-06,france,33,2,0,1
Xavier2p,2023-04-07,france,126,3,0,1
Xavier2p,2023-04-08,france,307,2,0,1
XavierJp,2023-03-22,france,0,3,0,0
XavierJp,2023-03-24,france,0,1,0,0
XavierJp,2023-03-27,france,0,2,0,0
XavierJp,2023-03-28,france,0,1,0,0
XavierJp,2023-03-29,france,0,3,0,0
XavierJp,2023-03-31,france,0,1,0,0
XavierJp,2023-04-03,france,0,2,0,1
XavierJp,2023-04-05,france,0,3,0,1
XavierJp,2023-04-06,france,0,3,0,1
XavierLeTohic,2023-04-06,france,1098,1,0,1
Xdavius,2023-03-24,france,918,1,0,0
Xdavius,2023-03-27,france,95,1,0,0
XdoctorwhoZ,2023-03-30,france,104,1,0,0
Xefir,2023-03-23,france,376,1,0,0
Xefir,2023-04-06,france,571,1,0,1
Xen0Xys,2023-03-20,france,3322,7,0,0
Xen0Xys,2023-03-28,france,72,1,0,0
Xen0Xys,2023-03-30,france,126,3,0,0
Xen0Xys,2023-03-31,france,184,3,0,0
Xen0Xys,2023-04-02,france,162,1,0,1
Xen0Xys,2023-04-04,france,52,1,0,1
Xevel,2023-03-29,france,833,1,0,0
Xharos,2023-03-29,france,81,2,0,0
Xharos,2023-03-30,france,390,4,0,0
Xharos,2023-04-03,france,75,4,0,1
Xharos,2023-04-04,france,17,1,0,1
Xharos,2023-04-05,france,371,4,0,1
Xharos,2023-04-06,france,2044,3,0,1
XibalbaM,2023-04-06,france,323,1,0,1
XioNoX,2023-03-21,france,549,1,0,0
Xlinx64,2023-03-28,austria,978,1,0,0
Xoaib007,2023-03-23,italy,0,1,1,0
Xriuk,2023-03-31,italy,684,1,1,0
Xriuk,2023-04-03,italy,187,1,1,1
YaWK,2023-03-18,austria,108,1,0,0
YaWK,2023-03-19,austria,49,1,0,0
YaWK,2023-03-21,austria,312,3,0,0
YaWK,2023-03-22,austria,180,2,0,0
YaWK,2023-03-25,austria,113,1,0,0
YaWK,2023-03-26,austria,157,2,0,0
YaWK,2023-03-27,austria,97,1,0,0
YaWK,2023-03-28,austria,122,2,0,0
YaWK,2023-03-30,austria,522,3,0,0
YaWK,2023-03-31,austria,429,1,0,0
YaWK,2023-04-01,austria,200,2,0,1
YaWK,2023-04-03,austria,196,1,0,1
YaWK,2023-04-08,austria,92,1,0,1
YanKlInnomme,2023-03-27,france,114,1,0,0
YanLabarthe,2023-03-20,france,0,1,0,0
YanLabarthe,2023-03-22,france,0,1,0,0
Yannis-Alouache,2023-03-20,france,150,4,0,0
Yannis-Alouache,2023-04-05,france,0,3,0,1
YannisHaismann,2023-04-01,france,0,2,0,1
YannisHaismann,2023-04-04,france,0,1,0,1
Yashiru,2023-03-26,france,1168,4,0,0
Ymajine,2023-04-08,france,173,1,0,1
Yoanf26,2023-04-08,france,39,1,0,1
YoannQDQ,2023-04-04,france,1417,1,0,1
YohanGrember,2023-03-27,france,1184,1,0,0
Yomguithereal,2023-03-21,france,197,2,0,0
Yomguithereal,2023-03-22,france,0,2,0,0
Yomguithereal,2023-03-25,france,0,1,0,0
Yomguithereal,2023-03-27,france,0,2,0,0
Yomguithereal,2023-03-29,france,0,3,0,0
Yomguithereal,2023-04-02,france,94,1,0,1
Yomguithereal,2023-04-04,france,0,1,0,1
Yomguithereal,2023-04-05,france,0,1,0,1
YoruKiwi,2023-03-31,france,150,4,0,0
YoruKiwi,2023-04-01,france,195,3,0,1
YoruKiwi,2023-04-03,france,25,4,0,1
YoruKiwi,2023-04-08,france,365,5,0,1
Youssef535,2023-04-01,italy,201,1,1,1
YuriDevAT,2023-03-25,austria,43,1,0,0
YuriDevAT,2023-04-02,austria,500,3,0,1
ZIRTR0X,2023-03-23,france,0,2,0,0
ZLoverty,2023-03-20,france,1645,2,0,0
Zabriskije,2023-04-07,italy,500,1,1,1
Zaelee,2023-03-18,france,255,1,0,0
ZanovelloAlberto,2023-03-21,italy,0,1,1,0
Zayon,2023-03-29,france,584,1,0,0
ZeeD,2023-03-22,italy,249,1,1,0
ZeeD,2023-03-28,italy,930,1,1,0
ZeeD,2023-03-29,italy,1021,1,1,0
ZeeD,2023-03-30,italy,715,1,1,0
Zehir,2023-03-22,france,249,2,0,0
Zehir,2023-03-27,france,891,1,0,0
Zehir,2023-03-28,france,127,1,0,0
Zehir,2023-03-30,france,1331,1,0,0
Zekariaa,2023-03-18,france,423,1,0,0
ZenoLC,2023-03-29,austria,2382,3,0,0
ZenoX-TV,2023-03-18,france,231,1,0,0
ZerLock,2023-03-19,france,452,2,0,0
Zerbaib,2023-03-21,france,585,9,0,0
Zerbaib,2023-03-27,france,65,1,0,0
Zerbaib,2023-03-28,france,65,1,0,0
Zerbaib,2023-03-31,france,361,1,0,0
ZeroKun265,2023-03-30,italy,780,1,1,0
Zetanova,2023-03-21,austria,648,1,0,0
Zetanova,2023-03-23,austria,231,1,0,0
ZheFrench,2023-04-07,france,761,1,0,1
ZigRazor,2023-03-20,italy,215,1,1,0
ZigRazor,2023-03-21,italy,239,1,1,0
ZigRazor,2023-03-27,italy,263,1,1,0
Zimmi48,2023-03-29,france,214,1,0,0
Zrufy,2023-03-21,italy,225,1,1,0
Zykino,2023-04-04,france,1202,1,0,1
aaaldo,2023-03-27,france,158,1,0,0
aabadie,2023-03-27,france,42,1,0,0
aakodadi,2023-03-26,france,574,1,0,0
aandrea,2023-04-06,france,777,1,0,1
aangelot,2023-03-23,france,1313,5,0,0
aangelot,2023-03-30,france,0,1,0,0
aaryswastaken,2023-03-20,france,0,1,0,0
aaryswastaken,2023-03-21,france,37,1,0,0
aaryswastaken,2023-04-04,france,1006,1,0,1
aaugustin,2023-03-28,france,191,1,0,0
aaugustin,2023-03-29,france,482,3,0,0
aaugustin,2023-03-31,france,384,1,0,0
aaugustin,2023-04-01,france,206,2,0,1
aaugustin,2023-04-02,france,776,1,0,1
ab-smith,2023-03-19,france,466,1,0,0
ababoum,2023-03-28,france,175,1,0,0
abaertsoen,2023-03-21,france,1687,9,0,0
abaertsoen,2023-03-25,france,184,1,0,0
abailly-iohk,2023-03-27,france,1169,1,0,0
abalam666,2023-04-04,france,286,1,0,1
abarbare,2023-03-30,france,2129,2,0,0
abbedsedk,2023-03-27,france,175,1,0,0
abdounikarim,2023-04-04,france,0,2,0,1
abenhamdine,2023-03-20,france,518,1,0,0
abenhamo,2023-03-23,france,317,1,0,0
abennici,2023-04-07,france,50,1,0,1
abernier,2023-03-19,france,1512,3,0,0
abernier,2023-03-25,france,340,1,0,0
abiardeau,2023-04-03,france,489,1,0,1
abikouo,2023-04-04,france,17,2,0,1
abikouo,2023-04-05,france,0,1,0,1
abisz,2023-03-19,austria,320,1,0,0
abitofevrything,2023-03-22,france,818,13,0,0
abocquet,2023-04-03,france,192,1,0,1
abogani,2023-03-31,italy,341,1,1,0
abohntek,2023-03-28,austria,1578,1,0,0
abollini,2023-04-05,italy,1717,2,1,1
abompard,2023-03-29,france,123,2,0,0
abompard,2023-03-31,france,704,1,0,0
abou961,2023-03-31,france,85,3,0,0
abou961,2023-04-04,france,0,3,0,1
abougouffa,2023-03-18,france,1072,1,0,0
abretaud,2023-03-23,france,402,1,0,0
abretaud,2023-04-06,france,483,1,0,1
abwii,2023-04-03,france,1,1,0,1
acanidio,2023-03-29,italy,907,1,1,0
acanidio,2023-03-30,italy,800,1,1,0
acappelletti,2023-03-31,italy,1230,1,1,0
acarpe,2023-04-06,italy,1582,1,1,1
acecconato,2023-03-21,france,112,1,0,0
acesyde,2023-03-18,france,662,1,0,0
acesyde,2023-03-31,france,781,1,0,0
achappard,2023-04-06,france,729,1,0,1
acheronian,2023-03-30,austria,840,1,0,0
achimb,2023-03-29,austria,882,1,0,0
achorein,2023-04-07,france,683,1,0,1
achrafameur,2023-03-23,france,375,1,0,0
aciceri,2023-03-26,italy,1560,1,1,0
aciceri,2023-04-07,italy,958,1,1,1
acolovini,2023-03-30,italy,889,1,1,0
acroquelois,2023-03-21,france,0,1,0,0
acroquelois,2023-03-22,france,0,1,0,0
acroquelois,2023-03-25,france,0,1,0,0
actionthomas,2023-04-03,france,988,1,0,1
adan-ea,2023-03-29,france,108,2,0,0
adautzza,2023-03-21,austria,0,2,0,0
adebowaledaniel,2023-03-29,france,255,1,0,0
adehecq,2023-03-24,france,404,1,0,0
adejanovski,2023-03-22,france,206,1,0,0
adejanovski,2023-03-28,france,643,1,0,0
adejanovski,2023-03-29,france,610,2,0,0
adelin-b,2023-03-25,france,423,1,0,0
adelin-b,2023-04-03,france,1234,1,0,1
adelin-b,2023-04-04,france,1477,1,0,1
adelnoureddine,2023-03-28,france,164,3,0,0
adelnoureddine,2023-04-05,france,42,2,0,1
adevinwild,2023-03-23,france,1065,1,0,0
adiguba,2023-03-18,france,1115,1,0,0
adipasquale,2023-03-20,france,0,1,0,0
adipasquale,2023-03-26,france,56,1,0,0
adipasquale,2023-04-04,france,72,1,0,1
adityaravi9034,2023-03-19,italy,0,1,1,0
adnan-saood,2023-04-06,france,199,1,0,1
adniang75,2023-03-28,france,110,1,0,0
adolfintel,2023-03-23,italy,698,1,1,0
adolfintel,2023-03-28,italy,536,1,1,0
adren,2023-03-23,france,778,1,0,0
adriacabeza,2023-03-27,france,357,1,0,0
adriacabeza,2023-04-05,france,1535,1,0,1
adriantompkins,2023-03-30,italy,526,1,1,0
adricarda,2023-03-30,italy,155,1,1,0
adrien-cotte,2023-04-04,france,202,1,0,1
adrienaury,2023-03-31,france,46,1,0,0
adrienpacifico,2023-04-05,france,186,1,0,1
adrienpessu,2023-03-27,france,49,1,0,0
adtzlr,2023-03-23,austria,497,1,0,0
adtzlr,2023-03-26,austria,613,1,0,0
adtzlr,2023-03-27,austria,506,1,0,0
adtzlr,2023-03-31,austria,22,2,0,0
adtzlr,2023-04-01,austria,255,3,0,1
adtzlr,2023-04-02,austria,0,2,0,1
adtzlr,2023-04-03,austria,19,3,0,1
adtzlr,2023-04-05,austria,126,1,0,1
adtzlr,2023-04-06,austria,191,2,0,1
adtzlr,2023-04-07,austria,42,2,0,1
adussarps,2023-04-03,france,400,1,0,1
aelhadi,2023-04-08,france,1129,1,0,1
aentinger,2023-03-29,austria,104,1,0,0
aeporreca,2023-03-28,france,94,1,0,0
aeporreca,2023-03-29,france,112,1,0,0
aeporreca,2023-04-06,france,65,1,0,1
aerogus,2023-03-29,france,443,1,0,0
aestheticsdata,2023-03-30,france,1297,1,0,0
aetherstrata,2023-03-22,italy,1502,1,1,0
afabiani,2023-03-22,italy,469,1,1,0
afabri,2023-04-06,france,168,1,0,1
afercia,2023-03-24,italy,1422,1,1,0
afrahB,2023-04-05,france,434,1,0,1
afumagalli98,2023-03-21,italy,0,1,1,0
afumagalli98,2023-03-22,italy,0,1,1,0
afumagalli98,2023-03-30,italy,47,2,1,0
agateblue,2023-04-02,france,131,2,0,1
agatocherry,2023-04-03,france,205,1,0,1
agcty,2023-04-08,austria,80,1,0,1
agiliopadua,2023-03-24,france,545,1,0,0
aglie,2023-03-27,france,293,1,0,0
agreselin,2023-03-23,italy,594,1,1,0
agreselin,2023-03-29,italy,220,1,1,0
agreselin,2023-04-05,italy,226,1,1,1
agreselin,2023-04-07,italy,201,1,1,1
agriffard,2023-04-01,france,2170,2,0,1
agrignard,2023-03-23,france,69,1,0,0
agrignard,2023-03-29,france,897,2,0,0
agrouaze,2023-03-20,france,0,1,0,0
agrouaze,2023-03-22,france,739,1,0,0
agrouaze,2023-04-06,france,542,1,0,1
ahamez,2023-03-24,france,242,1,0,0
ahamlat,2023-04-03,france,1393,1,0,1
aheissenberger,2023-03-18,austria,590,1,0,0
ahirner,2023-04-01,austria,174,1,0,1
ahmadSum1,2023-04-08,france,1122,1,0,1
ahmed-bhs,2023-03-29,france,381,1,0,0
ahmedfourti,2023-03-20,france,442,1,0,0
ahmedfourti,2023-03-21,france,293,1,0,0
ahochsteger,2023-03-24,austria,413,1,0,0
ahochsteger,2023-03-30,austria,439,1,0,0
ahoy-jon,2023-03-18,france,0,1,0,0
ahoy-jon,2023-04-06,france,379,1,0,1
ahsan-raza,2023-03-20,italy,1336,1,1,0
ahuret,2023-03-30,france,1281,1,0,0
aidnurs,2023-04-03,austria,110,1,0,1
aime-risson,2023-03-22,france,0,1,0,0
aime-risson,2023-03-23,france,164,1,0,0
air-v,2023-03-31,france,312,2,0,0
airmoi,2023-03-29,france,1452,1,0,0
aizensoosuke,2023-03-29,france,0,1,0,0
aizensoosuke,2023-03-30,france,0,1,0,0
aizensoosuke,2023-03-31,france,259,7,0,0
ajeanselme,2023-03-21,france,0,2,0,0
ajreckof,2023-03-20,france,2300,5,0,0
ajreckof,2023-03-25,france,859,1,0,0
ajreckof,2023-04-08,france,773,1,0,1
ajstorre,2023-03-21,france,0,1,0,0
akiross,2023-03-27,italy,462,1,1,0
akoeplinger,2023-03-29,austria,1165,1,0,0
akoeplinger,2023-04-06,austria,700,1,0,1
akouete-kpakpo,2023-04-01,france,0,1,0,1
aksiome,2023-03-28,france,1065,1,0,0
alacuku,2023-03-21,italy,1094,1,1,0
alaendro,2023-03-27,italy,208,1,1,0
alafanechere,2023-03-20,france,577,1,0,0
alafanechere,2023-03-21,france,2533,4,0,0
alafanechere,2023-03-22,france,1810,4,0,0
alafanechere,2023-03-23,france,0,2,0,0
alafanechere,2023-04-04,france,654,1,0,1
alafanechere,2023-04-05,france,1322,1,0,1
alaimos,2023-04-07,italy,0,1,1,1
alalazo,2023-03-18,italy,1040,1,1,0
alalazo,2023-03-23,italy,1385,1,1,0
alalazo,2023-03-30,italy,843,1,1,0
alalazo,2023-04-04,italy,228,1,1,1
alalazo,2023-04-05,italy,977,1,1,1
alancolant,2023-04-03,france,660,1,0,1
alanhamlett,2023-03-21,austria,0,1,0,0
alanhamlett,2023-03-22,austria,383,2,0,0
alanhamlett,2023-03-24,austria,595,2,0,0
alanhamlett,2023-03-27,austria,118,1,0,0
alanhamlett,2023-03-28,austria,263,1,0,0
alanhamlett,2023-03-30,austria,58,1,0,0
alanhamlett,2023-04-02,austria,239,1,0,1
albanobattistella,2023-03-25,italy,76,1,1,0
albanobattistella,2023-04-01,italy,130,1,1,1
albarron,2023-03-30,italy,196,1,1,0
albarron,2023-04-03,italy,242,1,1,1
albbus-stack,2023-03-21,italy,1378,1,1,0
albedim,2023-04-01,italy,13,1,1,1
albertocasagrande,2023-03-20,italy,285,1,1,0
albertopasqualetto,2023-03-23,italy,15,1,1,0
albertopasqualetto,2023-03-31,italy,1559,1,1,0
albertopasqualetto,2023-04-02,italy,150,1,1,1
albertopasqualetto,2023-04-06,italy,32,1,1,1
albertopasqualetto,2023-04-07,italy,2075,3,1,1
albertored,2023-04-04,italy,0,1,1,1
albertospelta,2023-04-06,italy,383,1,1,1
albertvillanova,2023-03-23,france,165,1,0,0
albertvillanova,2023-03-29,france,142,1,0,0
albertvillanova,2023-03-30,france,777,1,0,0
albertvillanova,2023-04-03,france,134,2,0,1
albertvillanova,2023-04-05,france,844,1,0,1
albilu,2023-04-05,france,3041,8,0,1
albinsopaj,2023-03-27,italy,343,1,1,0
albx79,2023-03-30,italy,328,1,1,0
alcapitan,2023-03-26,france,1553,4,0,0
ale-ben,2023-04-04,italy,617,1,1,1
ale-cota,2023-04-03,austria,923,1,0,1
ale-cota,2023-04-06,austria,2029,3,0,1
alecigne,2023-03-26,france,53,1,0,0
alecigne,2023-03-30,france,52,1,0,0
aledavini7,2023-03-28,italy,465,1,1,0
aledefra,2023-03-28,italy,200,1,1,0
aleene,2023-03-27,france,545,1,0,0
aleflabo,2023-03-31,italy,474,1,1,0
aleflabo,2023-04-06,italy,331,1,1,1
alejoe91,2023-03-20,italy,410,1,1,0
alemangui,2023-04-07,france,256,1,0,1
alepez,2023-03-22,italy,926,1,1,0
aleppax,2023-03-23,italy,95,1,1,0
aleppax,2023-03-24,italy,315,1,1,0
aler9,2023-04-06,italy,529,1,1,1
aler9,2023-04-07,italy,97,1,1,1
alerycserrania,2023-03-20,france,157,1,0,0
alessandro-fazzi,2023-04-06,italy,340,2,1,1
alessandro-massarenti,2023-03-21,italy,251,1,1,0
alessandro-massarenti,2023-04-03,italy,0,1,1,1
alessandro-passerini,2023-03-18,italy,256,1,1,0
alessandro-passerini,2023-03-20,italy,171,2,1,0
alessandro-passerini,2023-04-05,italy,265,1,1,1
alessandrocarminati,2023-03-30,italy,618,1,1,0
alessandrocarminati,2023-04-05,italy,643,2,1,1
alessandrofuda,2023-04-07,italy,220,1,1,1
alessiasimone,2023-03-23,italy,398,1,1,0
alessio-libardi,2023-03-19,italy,730,1,1,0
alessio89g,2023-04-02,italy,790,1,1,1
alessiosavi,2023-04-02,italy,131,1,1,1
alex-1974,2023-03-22,austria,50,1,0,0
alex-zach,2023-03-30,austria,0,3,0,0
alex-zach,2023-04-01,austria,61,2,0,1
alex193a,2023-04-04,italy,71,1,1,1
alexAubin,2023-03-21,france,394,1,0,0
alexAubin,2023-04-01,france,482,2,0,1
alexGuntha,2023-04-05,france,561,1,0,1
alexander-schranz,2023-03-23,austria,1495,2,0,0
alexander-schranz,2023-03-26,austria,838,1,0,0
alexander-schranz,2023-03-27,austria,582,1,0,0
alexander-schranz,2023-03-30,austria,167,1,0,0
alexander-schranz,2023-04-03,austria,818,2,0,1
alexanderaltendorfer,2023-04-03,austria,537,1,0,1
alexanderi96,2023-03-30,italy,1381,1,1,0
alexanderzeillinger,2023-04-05,austria,107,1,0,1
alexandra-valkova,2023-03-31,france,669,3,0,0
alexandredamiron,2023-03-20,france,0,4,0,0
alexandredamiron,2023-04-04,france,0,2,0,1
alexandredamiron,2023-04-05,france,0,1,0,1
alexandrenavarro,2023-03-26,france,329,1,0,0
alexandrevilain,2023-04-02,france,597,1,0,1
alexarchambault,2023-04-04,france,1410,2,0,1
alexarchambault,2023-04-05,france,1058,1,0,1
alexarchambault,2023-04-06,france,1114,1,0,1
alexbn71,2023-03-31,italy,1231,1,1,0
alexdelprete,2023-03-31,italy,607,1,1,0
alexdelprete,2023-04-04,italy,463,1,1,1
alexdelprete,2023-04-08,italy,87,1,1,1
alexgaal,2023-04-02,austria,853,1,0,1
alexgarel,2023-03-20,france,1134,1,0,0
alexgarel,2023-03-29,france,850,1,0,0
alexgarel,2023-03-30,france,1110,3,0,0
alexgarel,2023-03-31,france,401,1,0,0
alexgarel,2023-04-03,france,73,1,0,1
alexgarel,2023-04-04,france,321,1,0,1
alexgarel,2023-04-05,france,308,1,0,1
alexgarel,2023-04-06,france,74,1,0,1
alexgarel,2023-04-07,france,874,2,0,1
alexgenin,2023-04-01,france,552,1,0,1
alexis-michaud,2023-03-30,france,378,1,0,0
alexis-michaud,2023-04-05,france,2958,2,0,1
alexis-michaud,2023-04-06,france,1479,1,0,1
alexisbouchez,2023-03-27,france,0,11,0,0
alexisbouchez,2023-03-28,france,0,1,0,0
alexisbouchez,2023-03-29,france,0,21,0,0
alexisbouchez,2023-03-30,france,0,2,0,0
alexisbouchez,2023-03-31,france,0,1,0,0
alexisbouchez,2023-04-01,france,0,2,0,1
alexisbouchez,2023-04-02,france,0,2,0,1
alexisbouchez,2023-04-03,france,0,1,0,1
alexisbouchez,2023-04-04,france,0,3,0,1
alexislefebvre,2023-04-04,france,431,1,0,1
alexkarargyris,2023-03-21,france,61,1,0,0
alexle-dev,2023-03-21,italy,615,1,1,0
alexmeurant,2023-04-03,france,1186,10,0,1
alexmeurant,2023-04-04,france,121,1,0,1
alexmeurant,2023-04-05,france,110,1,0,1
alexmeurant,2023-04-07,france,110,1,0,1
alexmikhajlovic,2023-04-08,italy,789,1,1,1
alexprengere,2023-03-24,france,274,1,0,0
alexrobin,2023-04-05,france,851,3,0,1
alexrobin,2023-04-06,france,828,1,0,1
alexrobin,2023-04-07,france,393,1,0,1
alexscro,2023-03-31,austria,446,1,0,0
alfogrillo,2023-03-20,italy,198,1,1,0
alfogrillo,2023-03-21,italy,0,4,1,0
alfogrillo,2023-03-22,italy,589,9,1,0
alfogrillo,2023-03-23,italy,0,1,1,0
alfogrillo,2023-03-27,italy,587,4,1,0
ali-zakaria,2023-03-18,france,357,1,0,0
alifirat,2023-03-27,france,652,1,0,0
alkampfergit,2023-03-28,italy,1422,2,1,0
allan-ayamah,2023-03-25,italy,670,1,1,0
allan-simon,2023-04-08,france,325,1,0,1
allenmanning,2023-03-20,france,0,1,0,0
allenmanning,2023-03-23,france,1289,2,0,0
allenmanning,2023-03-24,france,0,6,0,0
allenmanning,2023-03-29,france,300,1,0,0
allenmanning,2023-03-31,france,0,1,0,0
allenmanning,2023-04-03,france,0,1,0,1
allenmanning,2023-04-04,france,752,1,0,1
allenmanning,2023-04-05,france,391,1,0,1
allenmanning,2023-04-06,france,546,1,0,1
allenmanning,2023-04-07,france,0,1,0,1
alsami,2023-03-21,austria,14,1,0,0
alucryd,2023-03-26,france,1611,2,0,0
alucryd,2023-03-28,france,201,1,0,0
alus-,2023-04-08,italy,540,3,1,1
alvessteve,2023-04-06,france,0,2,0,1
alxbilger,2023-04-06,france,303,2,0,1
alxroyer,2023-03-19,france,448,2,0,0
amamory,2023-03-24,italy,1524,1,1,0
amannn,2023-04-02,austria,409,1,0,1
amannn,2023-04-05,austria,272,1,0,1
amanteaux,2023-03-23,france,1082,1,0,0
amaurel,2023-03-18,france,22,3,0,0
amauryval,2023-03-26,france,0,2,0,0
amauryval,2023-04-07,france,0,1,0,1
amazeika,2023-03-30,france,296,1,0,0
amazeika,2023-04-05,france,254,1,0,1
ambroise-leclerc,2023-03-20,france,148,1,0,0
ambroise-leclerc,2023-03-21,france,294,1,0,0
ambroise-leclerc,2023-03-22,france,0,2,0,0
ambroise-leclerc,2023-03-23,france,109,2,0,0
ambroise-leclerc,2023-03-24,france,0,1,0,0
ambroise-leclerc,2023-03-25,france,0,1,0,0
ambroise-leclerc,2023-03-27,france,0,1,0,0
ambroise-leclerc,2023-03-28,france,92,1,0,0
ambroise-leclerc,2023-03-29,france,81,1,0,0
ambroise-leclerc,2023-04-01,france,0,1,0,1
ambroise-leclerc,2023-04-05,france,0,1,0,1
ambroise-leclerc,2023-04-06,france,147,1,0,1
amimart,2023-04-06,france,1763,2,0,1
aminedhobb,2023-03-28,france,412,2,0,0
amirensit,2023-03-28,france,211,1,0,0
amirouche,2023-04-08,france,79,1,0,1
ammerzon,2023-04-06,austria,0,1,0,1
amnezziaa,2023-03-22,france,363,1,0,0
amnezziaa,2023-04-07,france,59,1,0,1
amsdamsgram,2023-04-07,france,704,1,0,1
amtoine,2023-03-27,france,1149,2,0,0
amtoine,2023-03-28,france,185,1,0,0
amtoine,2023-03-31,france,1220,1,0,0
amtoine,2023-04-01,france,2717,3,0,1
amtoine,2023-04-05,france,321,1,0,1
amtoine,2023-04-08,france,3527,4,0,1
anatolinicolae,2023-03-30,italy,1071,2,1,0
anayrat,2023-03-23,france,153,1,0,0
anayrat,2023-04-05,france,181,1,0,1
anddam,2023-03-18,italy,850,1,1,0
anddam,2023-04-02,italy,303,1,1,1
andijcr,2023-04-04,italy,38,1,1,1
andijcr,2023-04-06,italy,181,5,1,1
andiwi,2023-03-23,austria,1497,1,0,0
andmattia,2023-03-24,italy,945,1,1,0
andmattia,2023-03-31,italy,669,1,1,0
andmattia,2023-04-05,italy,802,1,1,1
andre-bisa,2023-03-27,italy,850,2,1,0
andre-cloud,2023-03-21,italy,1507,1,1,0
andrea-marchionni,2023-03-22,italy,1476,1,1,0
andrea-nisco,2023-03-30,italy,372,1,1,0
andreab1997,2023-03-23,italy,347,1,1,0
andreabergia,2023-03-23,italy,361,5,1,0
andreadaou,2023-03-19,france,349,1,0,0
andreadev-it,2023-03-19,italy,467,1,1,0
andreagalle,2023-03-20,italy,87,2,1,0
andreagalle,2023-03-29,italy,405,3,1,0
andreamazzai,2023-04-05,italy,184,2,1,1
andreampiovesana,2023-03-23,italy,502,1,1,0
andreampiovesana,2023-03-24,italy,255,1,1,0
andrearosasco,2023-03-28,italy,670,1,1,0
andrearota,2023-04-04,italy,1391,1,1,1
andreasgerstmayr,2023-03-21,austria,395,2,0,0
andreatosato,2023-03-24,italy,164,1,1,0
andreaval,2023-03-31,italy,258,1,1,0
andreazuna89,2023-03-23,italy,183,1,1,0
andrebellu,2023-04-05,italy,0,3,1,1
andregri,2023-03-27,italy,304,1,1,0
andregri,2023-04-06,italy,222,1,1,1
andremenrath,2023-03-27,austria,221,1,0,0
andremenrath,2023-04-04,austria,186,1,0,1
andreybavt,2023-04-04,france,243,1,0,1
andrmaz,2023-03-19,italy,0,3,1,0
andvea,2023-04-05,italy,187,1,1,1
angelozerr,2023-03-19,france,85,1,0,0
angelozerr,2023-03-21,france,298,1,0,0
angelozerr,2023-04-03,france,1176,1,0,1
angelozerr,2023-04-04,france,1527,5,0,1
angleto,2023-03-26,italy,614,1,1,0
angrybacon,2023-04-06,france,72,1,0,1
anhgelus,2023-03-19,france,494,3,0,0
anhgelus,2023-03-24,france,224,1,0,0
anhgelus,2023-03-29,france,219,1,0,0
anhquancao,2023-03-20,france,293,1,0,0
anhtuduong,2023-04-07,italy,1540,2,1,1
anhtuduong,2023-04-08,italy,1197,6,1,1
anima-libera,2023-03-20,france,0,1,0,0
anis-bougrine,2023-03-28,france,576,2,0,0
anlfdnCoder,2023-04-02,austria,54,2,0,1
anlfdnCoder,2023-04-07,austria,5,1,0,1
annesof,2023-03-21,france,35,1,0,0
annesof,2023-04-05,france,42,1,0,1
annesof,2023-04-07,france,0,1,0,1
antenucci96,2023-04-03,italy,797,1,1,1
anthoninlize,2023-04-05,france,1272,2,0,1
anthony-robin,2023-03-29,france,1093,1,0,0
anthonyBertrant,2023-03-27,france,1337,1,0,0
anthonyissa,2023-03-29,france,1487,1,0,0
anthonypillot,2023-03-25,france,128,3,0,0
anthonyrave,2023-04-03,france,251,4,0,1
anthonytison,2023-04-07,france,1143,1,0,1
antjacquemin,2023-03-24,france,114,1,0,0
antmonnier,2023-03-26,france,1030,4,0,0
antmonnier,2023-04-03,france,544,1,0,1
antmonnier,2023-04-08,france,1440,1,0,1
antobrines,2023-03-27,france,0,2,0,0
antobrines,2023-03-29,france,0,1,0,0
antobrines,2023-03-31,france,0,1,0,0
antoine-gajan,2023-03-24,france,0,2,0,0
antoine13330,2023-03-18,france,0,1,0,0
antoine13330,2023-03-24,france,70,15,0,0
antoinebigard,2023-03-20,france,1427,7,0,0
antoinebigard,2023-03-21,france,2177,15,0,0
antoinebigard,2023-03-22,france,1453,6,0,0
antoinebigard,2023-03-23,france,964,4,0,0
antoinebigard,2023-03-27,france,718,3,0,0
antoinebigard,2023-03-28,france,491,3,0,0
antoinebigard,2023-03-30,france,589,3,0,0
antoinebigard,2023-04-04,france,0,3,0,1
antoinebigard,2023-04-05,france,0,1,0,1
antoinebiogeau,2023-03-21,france,0,2,0,0
antoinebiogeau,2023-03-23,france,0,2,0,0
antoinecarme,2023-03-18,france,2290,3,0,0
antoinecarme,2023-03-20,france,79,1,0,0
antoinecarme,2023-03-22,france,435,1,0,0
antoinecarme,2023-03-24,france,518,1,0,0
antoinecarme,2023-04-02,france,1270,2,0,1
antoinechampion,2023-04-08,france,811,1,0,1
antoinedelplace,2023-04-04,france,395,1,0,1
antoinekh,2023-03-27,france,914,1,0,0
antolonappan,2023-03-26,italy,97,3,1,0
antolonappan,2023-03-31,italy,258,1,1,0
antolonappan,2023-04-01,italy,0,2,1,1
antoninguyot,2023-03-24,france,720,1,0,0
antonio-war,2023-03-28,italy,58,1,1,0
antonio-war,2023-03-29,italy,61,1,1,0
antonio8101,2023-03-24,italy,0,1,1,0
antoniomuso,2023-03-28,italy,1570,1,1,0
antonionardella,2023-03-31,italy,537,1,1,0
antonionardella,2023-04-03,italy,585,1,1,1
antonpirker,2023-03-24,austria,743,2,0,0
antonpirker,2023-04-04,austria,680,1,0,1
antoroll,2023-03-29,france,230,3,0,0
antosubash,2023-03-22,austria,78,3,0,0
antosubash,2023-03-23,austria,0,4,0,0
antosubash,2023-03-26,austria,171,1,0,0
antosubash,2023-03-27,austria,550,10,0,0
antosubash,2023-03-28,austria,0,2,0,0
antosubash,2023-03-29,austria,532,1,0,0
anucreative,2023-03-20,france,1026,1,0,0
aoudiamoncef,2023-03-20,france,345,1,0,0
aoudiamoncef,2023-03-21,france,1108,4,0,0
aoudiamoncef,2023-03-29,france,186,1,0,0
aoudiamoncef,2023-03-30,france,69,1,0,0
aoudiamoncef,2023-03-31,france,0,1,0,0
aoudiamoncef,2023-04-05,france,510,1,0,1
apalala-dev,2023-03-22,france,316,1,0,0
apalala-dev,2023-03-24,france,280,1,0,0
apalala-dev,2023-03-30,france,1433,1,0,0
aparzi,2023-03-23,italy,770,2,1,0
aparzi,2023-03-24,italy,141,1,1,0
aparzi,2023-03-27,italy,281,1,1,0
apiel,2023-03-26,austria,126,1,0,0
apiel,2023-03-30,austria,126,1,0,0
apomili,2023-04-06,italy,149,1,1,1
apoutchika,2023-03-24,france,363,1,0,0
apupier,2023-03-20,france,651,3,0,0
apupier,2023-03-21,france,1933,8,0,0
apupier,2023-03-22,france,238,5,0,0
apupier,2023-03-23,france,795,6,0,0
apupier,2023-03-24,france,664,1,0,0
apupier,2023-03-27,france,6669,8,0,0
apupier,2023-03-28,france,459,1,0,0
apupier,2023-03-29,france,2821,6,0,0
apupier,2023-03-31,france,872,3,0,0
apupier,2023-04-04,france,0,1,0,1
apupier,2023-04-06,france,1327,3,0,1
arabello,2023-04-02,italy,1182,1,1,1
arabine,2023-04-04,france,330,1,0,1
arambazamba,2023-03-20,austria,0,1,0,0
arambazamba,2023-04-06,austria,165,1,0,1
arambazamba,2023-04-08,austria,0,2,0,1
arashn2y,2023-03-31,italy,0,1,1,0
arbrauns,2023-03-28,austria,715,1,0,0
arbrauns,2023-04-04,austria,1520,1,0,1
arcanis,2023-03-30,france,477,1,0,0
arcanis,2023-03-31,france,614,1,0,0
arcanoXIII,2023-03-24,italy,1162,1,1,0
archer-65,2023-04-07,italy,163,1,1,1
argiloff,2023-04-07,austria,780,1,0,1
arindam31,2023-04-04,austria,810,1,0,1
aringenbach,2023-03-21,france,656,1,0,0
aristotle-tek,2023-04-05,france,396,1,0,1
arkpoah,2023-03-21,france,269,1,0,0
arkpoah,2023-03-31,france,932,1,0,0
arl,2023-03-20,italy,451,1,1,0
armandfardeau,2023-04-04,france,85,2,0,1
armandolattaruli,2023-04-06,italy,0,2,1,1
armgilles,2023-03-24,france,371,2,0,0
armgilles,2023-03-25,france,188,2,0,0
armgilles,2023-03-26,france,929,1,0,0
armgilles,2023-03-28,france,200,1,0,0
arminfuerst,2023-03-28,austria,1437,1,0,0
armru,2023-04-03,italy,128,1,1,1
arnaduga,2023-03-18,france,259,1,0,0
arnaudbirk,2023-03-27,france,195,1,0,0
arnaudbriche,2023-03-23,france,613,1,0,0
arnaudceol,2023-03-29,italy,0,1,1,0
arnaudlecam,2023-03-25,france,248,1,0,0
arnaudlevy,2023-03-20,france,229,1,0,0
arnaudlevy,2023-03-22,france,493,2,0,0
arnaudlevy,2023-03-28,france,183,1,0,0
arnaudlevy,2023-03-30,france,339,1,0,0
arnaudmilet,2023-04-03,france,177,1,0,1
arnobl,2023-04-04,france,214,1,0,1
arnobl,2023-04-07,france,614,1,0,1
arnobl,2023-04-08,france,601,2,0,1
arrenglover,2023-03-24,italy,574,1,1,0
arshesney,2023-04-04,italy,155,1,1,1
arteteco,2023-03-27,italy,565,1,1,0
arthur-fontaine,2023-03-25,france,0,1,0,0
arthur-trt,2023-03-23,france,1290,1,0,0
arthurbambou,2023-04-07,france,75,1,0,1
arthursaunier,2023-04-04,france,615,1,0,1
arthurzenika,2023-03-20,france,1385,1,0,0
arthurzenika,2023-03-29,france,269,1,0,0
arthurzenika,2023-04-06,france,250,1,0,1
arthurzinck,2023-03-21,france,545,1,0,0
artourkin,2023-03-26,austria,456,2,0,0
arv,2023-03-23,france,2488,2,0,0
arv,2023-03-28,france,97,1,0,0
arzhed,2023-03-29,france,203,1,0,0
asarubbo,2023-03-22,italy,2864,3,1,0
asarubbo,2023-03-23,italy,638,1,1,0
asarubbo,2023-03-29,italy,1508,2,1,0
asbhat,2023-03-31,italy,631,1,1,0
aschelch,2023-03-24,france,751,1,0,0
ascpial,2023-03-18,france,252,1,0,0
ascpial,2023-04-03,france,727,1,0,1
aserpi,2023-03-18,italy,245,1,1,0
aserpi,2023-04-07,italy,149,3,1,1
aserpi,2023-04-08,italy,0,1,1,1
ashishva,2023-03-23,austria,121,1,0,0
ashishva,2023-03-27,austria,568,4,0,0
ashishva,2023-03-29,austria,426,3,0,0
asiffer,2023-04-05,france,823,1,0,1
aslafy-z,2023-03-22,france,107,1,0,0
aslafy-z,2023-03-27,france,297,1,0,0
aslafy-z,2023-03-30,france,193,1,0,0
aslafy-z,2023-03-31,france,0,1,0,0
aslafy-z,2023-04-07,france,0,2,0,1
asmirbelkic,2023-03-28,france,157,1,0,0
asnaeb,2023-03-21,italy,367,1,1,0
asnaeb,2023-03-24,italy,1092,1,1,0
asolimando,2023-04-06,france,628,1,0,1
aspitaleri,2023-03-25,italy,99,1,1,0
assynour,2023-03-18,france,313,1,0,0
astamm,2023-03-24,france,0,1,0,0
astamm,2023-04-01,france,100,1,0,1
astamm,2023-04-07,france,384,1,0,1
astefanutti,2023-03-31,france,459,1,0,0
astefanutti,2023-04-03,france,1551,1,0,1
at062084,2023-03-22,austria,0,3,0,0
ate47,2023-03-21,france,677,1,0,0
ate47,2023-03-22,france,433,1,0,0
ate47,2023-03-23,france,15,1,0,0
ate47,2023-03-27,france,296,1,0,0
ate47,2023-03-28,france,366,1,0,0
atierant,2023-03-24,france,290,1,0,0
atmaxinger,2023-03-27,austria,830,2,0,0
atmaxinger,2023-04-01,austria,1247,1,0,1
atmaxinger,2023-04-04,austria,1246,1,0,1
auanasgheps,2023-03-22,italy,879,1,1,0
aubinaso,2023-03-20,france,61,1,0,0
aubinaso,2023-03-23,france,0,1,0,0
aubincleme,2023-03-20,france,106,1,0,0
aubincleme,2023-03-21,france,163,1,0,0
aubincleme,2023-03-22,france,239,2,0,0
aubincleme,2023-03-27,france,254,1,0,0
audrandessaint,2023-04-06,france,402,1,0,1
augustin-laurent,2023-04-07,france,48,1,0,1
augustozanellato,2023-03-31,italy,437,1,1,0
auino,2023-04-06,italy,1495,1,1,1
aulamber,2023-03-31,france,395,1,0,0
aumouvantsillage,2023-04-06,france,362,1,0,1
aurelien-m,2023-03-28,france,656,1,0,0
aurelienmaury,2023-04-04,france,110,1,0,1
aurorasmiles,2023-04-03,austria,647,2,0,1
aurrelhebert,2023-03-31,france,141,1,0,0
ausi,2023-03-22,austria,389,1,0,0
avalot,2023-03-20,france,1962,2,0,0
avalot,2023-03-21,france,1475,1,0,0
avandecreme,2023-04-06,france,1000,1,0,1
avinesse,2023-04-04,france,622,1,0,1
avolkov-1221,2023-03-22,france,724,1,0,0
avolkov-1221,2023-03-23,france,1289,2,0,0
axel584,2023-04-02,france,157,1,0,1
axel7083,2023-04-05,france,125,1,0,1
axel7083,2023-04-07,france,1295,1,0,1
axelboc,2023-03-30,france,59,1,0,0
axelcoezard,2023-03-25,france,0,2,0,0
axeldelafosse,2023-03-21,france,218,1,0,0
axeleroy,2023-03-18,france,218,1,0,0
axi92,2023-04-03,austria,1431,1,0,1
axkibe,2023-03-28,austria,985,1,0,0
axkibe,2023-04-07,austria,696,1,0,1
axoulc,2023-04-01,france,7,1,0,1
aybe,2023-03-20,france,736,1,0,0
aymericcucherousset,2023-04-04,france,105,1,0,1
aymericcucherousset,2023-04-05,france,73,1,0,1
ayralth,2023-04-07,france,441,1,0,1
ayyoubelamrani4,2023-04-04,france,422,1,0,1
azarz,2023-04-06,france,8,1,0,1
azerpas,2023-04-07,france,621,1,0,1
azmeuk,2023-03-18,france,752,1,0,0
azmeuk,2023-04-06,france,189,1,0,1
azrod,2023-03-22,france,719,4,0,0
azrod,2023-03-23,france,276,1,0,0
azrod,2023-03-24,france,750,3,0,0
azrod,2023-03-27,france,1841,8,0,0
b-remy,2023-03-27,france,123,1,0,0
b0guslaw,2023-03-28,austria,820,2,0,0
b3n3w,2023-03-31,austria,784,1,0,0
babgyy,2023-03-30,france,317,1,0,0
bacherfl,2023-04-05,austria,726,1,0,1
badnames,2023-03-31,austria,688,1,0,0
badnames,2023-04-02,austria,1042,1,0,1
badouralix,2023-03-28,france,1300,1,0,0
badouralix,2023-03-29,france,550,1,0,0
badouralix,2023-04-01,france,822,1,0,1
badowhp,2023-03-27,austria,0,1,0,0
baeyc,2023-04-05,france,610,1,0,1
bambax,2023-03-21,france,376,1,0,0
bambax,2023-03-27,france,1541,1,0,0
bameur,2023-03-24,france,918,1,0,0
bamthomas,2023-03-22,france,1015,1,0,0
banditkroot,2023-03-22,france,237,1,0,0
baptiste-cn,2023-04-07,france,0,1,0,1
baptisteArno,2023-03-19,france,0,1,0,0
baptisteArno,2023-03-20,france,0,1,0,0
baptisteArno,2023-03-22,france,156,7,0,0
baptisteArno,2023-03-23,france,0,1,0,0
baptisteArno,2023-03-28,france,0,2,0,0
baptisteArno,2023-04-01,france,58,1,0,1
baptisteArno,2023-04-03,france,60,2,0,1
baptisteArno,2023-04-04,france,646,1,0,1
baptisteArno,2023-04-07,france,0,4,0,1
baptisteArno,2023-04-08,france,0,1,0,1
baptisteRiviere,2023-03-21,france,237,3,0,0
baptisteRiviere,2023-03-27,france,1246,3,0,0
baptisteRiviere,2023-03-28,france,310,1,0,0
baptisteRiviere,2023-03-30,france,1039,3,0,0
baptisteRiviere,2023-03-31,france,210,1,0,0
baptisteRiviere,2023-04-03,france,704,1,0,1
baptisteRiviere,2023-04-04,france,439,1,0,1
barais,2023-04-07,france,0,4,0,1
barmic,2023-03-27,france,1082,1,0,0
barnabasJ,2023-04-04,austria,1094,1,0,1
barnabasJ,2023-04-07,austria,1537,1,0,1
barnabywalters,2023-03-23,austria,1788,2,0,0
barnabywalters,2023-04-03,austria,413,1,0,1
barollet,2023-04-04,france,223,1,0,1
barrycumbie,2023-03-21,italy,243,1,1,0
barrycumbie,2023-03-23,italy,0,1,1,0
barrycumbie,2023-04-05,italy,383,1,1,1
barrycumbie,2023-04-06,italy,118,5,1,1
barrycumbie,2023-04-07,italy,218,2,1,1
barthofu,2023-03-20,france,1096,1,0,0
bartosik-hep,2023-03-23,italy,253,1,1,0
bartosik-hep,2023-03-27,italy,102,1,1,0
bartosik-hep,2023-03-29,italy,0,1,1,0
bartosik-hep,2023-04-03,italy,93,1,1,1
basille,2023-04-05,france,1322,1,0,1
bassosimone,2023-04-04,italy,115,1,1,1
bastienperez,2023-04-03,france,232,1,0,1
bastienperez,2023-04-04,france,195,1,0,1
batleforc,2023-04-04,france,0,1,0,1
battosai30,2023-03-20,france,753,1,0,0
baxyz,2023-04-04,france,157,1,0,1
bayerhonza,2023-03-29,france,1269,1,0,0
bbalet,2023-03-26,france,1447,2,0,0
bblacher,2023-04-03,austria,0,1,0,1
bblanchon,2023-03-26,france,268,1,0,0
bcag2,2023-03-29,france,784,1,0,0
bcal-lds,2023-03-31,france,128,1,0,0
bchaintreuil,2023-03-31,france,32,2,0,0
bchanot,2023-03-21,france,175,1,0,0
bclozel,2023-03-20,france,0,13,0,0
bclozel,2023-03-27,france,782,1,0,0
bclozel,2023-03-30,france,178,1,0,0
bclozel,2023-04-03,france,1036,1,0,1
bclozel,2023-04-06,france,1121,1,0,1
bcroq,2023-04-07,france,391,1,0,1
bdbais,2023-03-30,italy,634,2,1,0
beaud76,2023-03-26,france,1132,1,0,0
beaufortfrancois,2023-04-03,france,1331,1,0,1
beaufortfrancois,2023-04-04,france,1150,1,0,1
beauthi,2023-04-01,france,620,1,0,1
bebatut,2023-03-21,france,1136,3,0,0
bebatut,2023-03-27,france,3399,7,0,0
bebatut,2023-04-04,france,0,1,0,1
bebatut,2023-04-06,france,150,1,0,1
beboche,2023-03-24,france,906,1,0,0
beeNotice,2023-03-24,france,952,1,0,0
beeirl,2023-04-05,austria,4,1,0,1
behackl,2023-04-05,austria,426,1,0,1
beikov,2023-03-27,austria,181,1,0,0
belkiss,2023-04-08,france,822,1,0,1
ben-barbier,2023-03-23,france,44,2,0,0
ben-barbier,2023-03-27,france,0,1,0,0
benel,2023-03-25,france,195,1,0,0
benel,2023-03-26,france,726,3,0,0
benichka,2023-03-21,france,870,7,0,0
benjamin-fleet,2023-04-03,france,1044,1,0,1
benjamin83690,2023-03-20,france,0,3,0,0
benjamin83690,2023-03-22,france,0,2,0,0
benjamin83690,2023-03-24,france,0,2,0,0
benjamin83690,2023-03-25,france,0,3,0,0
benjamin83690,2023-03-26,france,0,1,0,0
benjaminBoboul,2023-04-05,france,3,1,0,1
benjaminbrgs,2023-03-22,france,62,1,0,0
benjaminbrgs,2023-03-27,france,104,1,0,0
benjaminjost,2023-04-05,austria,431,3,0,1
benjben,2023-03-20,france,501,1,0,0
benjben,2023-03-23,france,1436,1,0,0
benjben,2023-03-27,france,940,2,0,0
benjben,2023-04-05,france,846,2,0,1
benjben,2023-04-07,france,0,1,0,1
benjione,2023-04-03,france,554,1,0,1
benmandrew,2023-03-20,france,1329,1,0,0
benniblot,2023-03-31,austria,127,1,0,0
benniblot,2023-04-04,austria,2546,2,0,1
benoit-cty,2023-03-21,france,119,1,0,0
benoitkugler,2023-03-26,france,747,1,0,0
benpaquier,2023-03-21,france,514,1,0,0
benpaquier,2023-03-22,france,1077,1,0,0
benpaquier,2023-03-23,france,206,2,0,0
benr77,2023-03-31,france,1550,1,0,0
benr77,2023-04-06,france,413,1,0,1
benstaf,2023-04-02,france,1177,2,0,1
benstaf,2023-04-05,france,262,1,0,1
bentsku,2023-03-27,france,227,1,0,0
beppe2hd,2023-03-27,italy,1023,2,1,0
berguner,2023-04-08,austria,360,1,0,1
berlinodeveloper,2023-03-23,italy,214,1,1,0
bernard357,2023-03-22,france,2049,3,0,0
bernard357,2023-03-31,france,915,1,0,0
bernard357,2023-04-02,france,1390,1,0,1
bernard357,2023-04-07,france,416,1,0,1
bernardocaldarulo,2023-04-07,italy,164,1,1,1
bernhardberger,2023-03-21,austria,197,1,0,0
bernhardh,2023-03-27,austria,454,1,0,0
berni2288,2023-04-05,austria,719,1,0,1
berni2288,2023-04-07,austria,1237,1,0,1
bersace,2023-03-24,france,697,1,0,0
bersace,2023-04-05,france,910,1,0,1
berthelemy,2023-03-22,france,620,1,0,0
bertrand-benoit,2023-04-06,france,1071,1,0,1
bertysentry,2023-03-27,france,894,1,0,0
bettysteger,2023-03-25,austria,337,1,0,0
bevzzz,2023-04-06,austria,949,1,0,1
bew,2023-03-25,france,1327,2,0,0
bew,2023-03-26,france,471,1,0,0
bew,2023-04-07,france,1874,2,0,1
bfabio,2023-03-20,italy,168,1,1,0
bfabio,2023-03-24,italy,185,1,1,0
bfontaine,2023-03-23,france,376,1,0,0
bfontaine,2023-04-04,france,59,1,0,1
bfoujols,2023-03-23,france,219,5,0,0
bfoujols,2023-03-24,france,0,2,0,0
bfoujols,2023-03-25,france,0,2,0,0
bfoujols,2023-03-28,france,141,1,0,0
bfourgeaud,2023-03-20,france,874,1,0,0
bfovez,2023-04-01,france,723,1,0,1
bgatellier,2023-03-19,france,0,1,0,0
bgatellier,2023-03-28,france,655,1,0,0
bgirschig,2023-03-21,france,1274,1,0,0
bgoglin,2023-03-21,france,1043,1,0,0
bgoglin,2023-03-31,france,867,1,0,0
bguerout,2023-03-18,france,217,1,0,0
bguerout,2023-03-24,france,1381,1,0,0
bguil,2023-04-01,france,1235,2,0,1
bhomaidan1990,2023-04-08,france,370,1,0,1
bhou,2023-04-03,france,926,2,0,1
bhrousseau,2023-03-30,france,227,4,0,0
bhrousseau,2023-04-03,france,0,1,0,1
bhrousseau,2023-04-08,france,755,5,0,1
biagioT,2023-04-07,italy,568,1,1,1
biagioboi,2023-03-22,italy,155,1,1,0
bidoubiwa,2023-03-21,france,556,1,0,0
bidoubiwa,2023-03-29,france,988,1,0,0
bidoubiwa,2023-04-04,france,2917,4,0,1
bidoubiwa,2023-04-05,france,204,1,0,1
bidoubiwa,2023-04-06,france,230,1,0,1
bigludo7,2023-03-28,france,1252,1,0,0
bigludo7,2023-03-30,france,378,1,0,0
bilAlid,2023-04-06,france,172,1,0,1
bilelomrani1,2023-03-24,france,670,1,0,0
bilelomrani1,2023-04-02,france,631,1,0,1
billmetangmo,2023-03-18,france,1408,1,0,0
billmetangmo,2023-03-21,france,199,1,0,0
billmetangmo,2023-03-23,france,1005,3,0,0
billmetangmo,2023-03-24,france,617,4,0,0
billmetangmo,2023-03-27,france,646,1,0,0
billmetangmo,2023-04-05,france,125,1,0,1
billmetangmo,2023-04-07,france,0,1,0,1
billouboq,2023-04-08,france,265,1,0,1
billyboy35,2023-03-18,france,0,5,0,0
billyboy35,2023-03-20,france,0,4,0,0
billyboy35,2023-03-22,france,2232,2,0,0
billyboy35,2023-03-24,france,1160,1,0,0
billyboy35,2023-03-26,france,0,6,0,0
billyboy35,2023-03-31,france,0,6,0,0
billykiwee,2023-03-26,france,0,1,0,0
binabik,2023-03-20,austria,488,1,0,0
binick,2023-03-24,italy,306,1,1,0
binick,2023-03-26,italy,202,1,1,0
birros,2023-03-22,france,377,1,0,0
birros,2023-04-05,france,626,1,0,1
bitliner,2023-04-06,italy,942,2,1,1
bitmonti,2023-03-23,austria,393,1,0,0
bitpredator,2023-03-18,italy,409,2,1,0
bjlaa,2023-04-04,france,413,1,0,1
bjlaa,2023-04-05,france,8635,10,0,1
bjlaa,2023-04-06,france,757,2,0,1
bkhelifi,2023-03-22,france,40,1,0,0
bkhelifi,2023-03-24,france,220,2,0,0
blacelle,2023-03-30,france,4277,6,0,0
blacelle,2023-04-07,france,745,2,0,1
blanquicet,2023-04-05,italy,1351,2,1,1
blanquicet,2023-04-06,italy,535,2,1,1
blastrock,2023-03-26,france,376,1,0,0
blastrock,2023-03-27,france,865,1,0,0
blastrock,2023-04-07,france,1092,1,0,1
blaumeise20,2023-03-28,austria,454,1,0,0
blaumeise20,2023-03-31,austria,315,1,0,0
blaze534,2023-04-01,italy,731,1,1,1
bleepsandblops,2023-04-03,france,534,1,0,1
bleierr,2023-03-27,austria,81,1,0,0
bleierr,2023-04-04,austria,615,1,0,1
blinard-BIOINFO,2023-03-23,france,1226,1,0,0
blondie63,2023-03-19,italy,2523,2,1,0
blondie63,2023-03-21,italy,1417,1,1,0
blondie63,2023-03-29,italy,826,1,1,0
blondie63,2023-04-02,italy,47,1,1,1
blondie63,2023-04-03,italy,86,1,1,1
blondie63,2023-04-05,italy,1076,1,1,1
blotus,2023-03-21,france,809,1,0,0
blotus,2023-03-22,france,369,1,0,0
bltzr,2023-04-06,france,130,1,0,1
blu-IT,2023-03-30,italy,3154,2,1,0
bluantinoo,2023-03-29,italy,617,1,1,0
blue3121,2023-04-04,italy,387,1,1,1
blue3121,2023-04-05,italy,330,1,1,1
blushi,2023-03-20,france,10,1,0,0
blushi,2023-03-28,france,557,1,0,0
blushi,2023-04-04,france,361,1,0,1
bmaggi,2023-03-23,france,793,1,0,0
bmalum,2023-03-22,austria,1116,1,0,0
bmarid,2023-03-24,france,48,2,0,0
bmarid,2023-04-04,france,355,2,0,1
bmarid,2023-04-05,france,18,2,0,1
bmarid,2023-04-06,france,310,3,0,1
bmatthieu3,2023-04-03,france,822,2,0,1
bmatthieu3,2023-04-04,france,517,1,0,1
bnasslahsen,2023-03-28,france,75,1,0,0
bnasslahsen,2023-03-30,france,0,1,0,0
bnasslahsen,2023-04-05,france,1281,1,0,1
bnasslahsen,2023-04-06,france,2576,3,0,1
bnasslahsen,2023-04-08,france,663,1,0,1
bnbc,2023-03-25,france,252,1,0,0
bnjbvr,2023-04-04,france,452,1,0,1
bnjbvr,2023-04-06,france,237,1,0,1
bnjjj,2023-03-27,france,149,1,0,0
bnjjj,2023-03-30,france,957,1,0,0
bobeal,2023-03-21,france,0,2,0,0
bobeal,2023-03-29,france,220,1,0,0
boborbt,2023-03-25,italy,281,1,1,0
boherm,2023-04-06,france,583,1,0,1
bojanvidanovic,2023-04-02,italy,1085,1,1,1
bokub,2023-03-28,france,1350,1,0,0
bomdia,2023-03-30,italy,1240,1,1,0
bonclay7,2023-03-26,france,695,2,0,0
bonclay7,2023-03-27,france,144,1,0,0
bonnebulle,2023-04-03,france,457,1,0,1
bonnebulle,2023-04-06,france,177,1,0,1
bonnebulle,2023-04-08,france,309,1,0,1
boogheta,2023-03-29,france,153,1,0,0
boogheta,2023-04-03,france,944,1,0,1
boquetmathieu,2023-04-03,france,379,1,0,1
bordam,2023-03-18,italy,183,1,1,0
bosy0,2023-03-28,france,36,1,0,0
bosy0,2023-03-31,france,346,2,0,0
bosy0,2023-04-01,france,157,1,0,1
bosy0,2023-04-02,france,1115,14,0,1
bourdier,2023-04-04,france,599,1,0,1
bourgeoa,2023-03-22,france,292,2,0,0
bourgeoa,2023-03-23,france,432,2,0,0
bourgeoa,2023-03-26,france,342,2,0,0
bourgeoa,2023-04-02,france,1288,1,0,1
bourgeoa,2023-04-03,france,0,1,0,1
bourgeoa,2023-04-04,france,411,1,0,1
bouttier,2023-03-22,france,0,1,0,0
bouttier,2023-03-24,france,214,1,0,0
bouttier,2023-03-27,france,0,1,0,0
bovirus,2023-03-19,italy,594,1,1,0
bovirus,2023-03-20,italy,661,1,1,0
bovirus,2023-03-24,italy,771,1,1,0
bovirus,2023-03-30,italy,426,1,1,0
bovirus,2023-04-03,italy,136,1,1,1
bovirus,2023-04-04,italy,653,1,1,1
bovirus,2023-04-05,italy,2551,2,1,1
bozzelliandrea,2023-03-23,italy,137,1,1,0
bpetit,2023-03-28,france,1216,1,0,0
bplessis-swi,2023-03-24,france,589,1,0,0
bquintas,2023-03-29,france,535,1,0,0
br0wsa,2023-04-06,france,1217,1,0,1
braccinocorto,2023-03-30,italy,124,1,1,0
brambuz,2023-04-07,italy,976,1,1,1
brancomat,2023-03-20,italy,558,1,1,0
brancomat,2023-03-24,italy,576,1,1,0
brandon-welsch,2023-03-23,france,885,1,0,0
brandon-welsch,2023-03-29,france,69,1,0,0
brberis,2023-03-28,italy,0,1,1,0
bregeon,2023-03-31,france,256,2,0,0
brey,2023-03-18,italy,184,1,1,0
brey,2023-03-19,italy,235,1,1,0
briacp,2023-03-27,france,198,1,0,0
briacp,2023-03-31,france,647,1,0,0
bric3,2023-03-20,france,704,1,0,0
bric3,2023-03-23,france,1070,1,0,0
bric3,2023-03-29,france,922,1,0,0
bric3,2023-03-30,france,578,2,0,0
bric3,2023-04-03,france,816,2,0,1
bric3,2023-04-06,france,1117,5,0,1
bricewge,2023-03-25,france,191,1,0,0
brmuloot,2023-04-07,france,0,15,0,1
brodo97,2023-03-25,italy,145,1,1,0
brozorec,2023-03-23,france,0,1,0,0
brozorec,2023-04-03,france,131,1,0,1
brozorec,2023-04-04,france,1890,3,0,1
brrd,2023-04-03,france,104,1,0,1
bruce965,2023-03-19,italy,651,7,1,0
brunetton,2023-03-20,france,44,1,0,0
brunetton,2023-03-21,france,1292,1,0,0
brunetton,2023-03-24,france,543,1,0,0
brunetton,2023-04-08,france,894,1,0,1
bruno185,2023-04-08,france,843,1,0,1
brunodomenici,2023-04-07,france,389,1,0,1
brunof0d2,2023-03-20,france,296,2,0,0
brunolune,2023-03-30,france,40,1,0,0
brunopistone,2023-04-07,italy,185,1,1,1
brunosimon,2023-03-22,france,221,1,0,0
brunosimon,2023-04-08,france,221,1,0,1
brusch,2023-03-22,austria,238,2,0,0
brusch,2023-03-28,austria,1668,12,0,0
brusch,2023-03-30,austria,50,1,0,0
brusch,2023-03-31,austria,246,1,0,0
brusch,2023-04-01,austria,111,1,0,1
brusch,2023-04-03,austria,506,3,0,1
brusch,2023-04-05,austria,1142,2,0,1
brusch,2023-04-06,austria,0,4,0,1
brusch,2023-04-07,austria,110,1,0,1
bruschin,2023-04-02,france,315,1,0,1
bruschin,2023-04-07,france,106,1,0,1
brvtalcake,2023-04-03,france,1514,1,0,1
bsctl,2023-04-04,italy,968,1,1,1
bsctl,2023-04-07,italy,28,1,1,1
bseclier,2023-03-30,france,670,1,0,0
bsorrentino,2023-03-27,italy,69,1,1,0
bsorrentino,2023-04-02,italy,81,2,1,1
bsorrentino,2023-04-06,italy,0,1,1,1
bsoufflet,2023-03-21,france,392,1,0,0
bstarynk,2023-03-29,france,889,1,0,0
bt0r,2023-03-27,france,453,1,0,0
btpemercier,2023-04-04,france,601,1,0,1
bud4,2023-03-22,italy,581,1,1,0
buenaflor,2023-03-22,austria,391,1,0,0
buenaflor,2023-03-31,austria,329,1,0,0
buenaflor,2023-04-04,austria,165,1,0,1
bugsysop,2023-04-08,france,118,1,0,1
burgerni10,2023-04-04,france,190,1,0,1
bustre,2023-03-25,italy,1637,18,1,0
bustre,2023-03-26,italy,103,2,1,0
busybox11,2023-03-19,france,135,1,0,0
busybox11,2023-03-23,france,277,1,0,0
buxx,2023-03-24,france,2887,3,0,0
bvernoux,2023-03-18,france,723,2,0,0
bvernoux,2023-03-26,france,850,2,0,0
bvernoux,2023-04-02,france,907,1,0,1
bwindels,2023-03-31,france,0,1,0,0
bwindels,2023-04-04,france,94,1,0,1
bynicodevelop,2023-03-19,france,1273,3,0,0
bynicodevelop,2023-03-23,france,1643,4,0,0
bynicodevelop,2023-03-24,france,2502,7,0,0
bynicodevelop,2023-03-26,france,356,1,0,0
bynicodevelop,2023-03-28,france,1319,3,0,0
bynicodevelop,2023-03-29,france,3577,8,0,0
bynicodevelop,2023-03-30,france,1855,4,0,0
bynicodevelop,2023-03-31,france,947,2,0,0
bynicodevelop,2023-04-02,france,878,2,0,1
bynicodevelop,2023-04-04,france,396,1,0,1
bynicodevelop,2023-04-05,france,2319,5,0,1
bynicodevelop,2023-04-06,france,1462,3,0,1
bynicodevelop,2023-04-07,france,1344,3,0,1
byron-hawkins,2023-04-02,france,541,1,0,1
c-ehrlich,2023-03-27,austria,880,1,0,0
c-schicho,2023-03-18,austria,1136,4,0,0
c-schicho,2023-03-29,austria,482,1,0,0
c-w,2023-04-04,italy,407,1,1,1
c0ncentus,2023-03-24,france,407,1,0,0
c33s,2023-03-21,austria,100,1,0,0
c33s,2023-03-29,austria,321,1,0,0
c33s,2023-04-07,austria,979,1,0,1
c3d,2023-03-30,france,372,1,0,0
caglarkucuk,2023-04-03,austria,302,1,0,1
cagnulein,2023-03-30,italy,766,2,1,0
cagnulein,2023-04-08,italy,271,2,1,1
cahnory,2023-03-30,france,626,1,0,0
cahya-wirawan,2023-03-30,austria,52,1,0,0
cala-br,2023-03-30,italy,312,1,1,0
calummackervoy,2023-03-30,france,1226,1,0,0
camarm-dev,2023-03-18,france,156,2,0,0
camarm-dev,2023-03-19,france,107,1,0,0
camarm-dev,2023-03-27,france,1328,2,0,0
camarm-dev,2023-03-30,france,269,1,0,0
camelaissani,2023-03-18,france,0,1,0,0
cannavit,2023-03-23,italy,215,1,1,0
cannavit,2023-03-27,italy,212,1,1,0
cannavit,2023-03-30,italy,216,1,1,0
cannavit,2023-03-31,italy,216,1,1,0
carlo-dev-git,2023-03-30,italy,239,1,1,0
carlocorradini,2023-03-27,italy,439,1,1,0
carlotm,2023-03-21,austria,472,1,0,0
carlotm,2023-03-28,austria,355,1,0,0
carolisteia,2023-03-31,france,69,1,0,0
casatir,2023-04-08,france,357,1,0,1
casella,2023-03-27,italy,2423,2,1,0
casella,2023-03-28,italy,2477,2,1,0
casella,2023-03-31,italy,919,1,1,0
casella,2023-04-03,italy,753,1,1,1
casperisfine,2023-04-06,france,100,1,0,1
catapillie,2023-04-08,france,601,1,0,1
catsch,2023-04-07,france,525,2,0,1
caugner,2023-04-05,france,2435,2,0,1
cbeauchesne,2023-03-21,france,32,1,0,0
cbeauchesne,2023-03-22,france,28,1,0,0
cbeauchesne,2023-04-06,france,421,1,0,1
cbentejac,2023-03-19,france,278,2,0,0
cblavier,2023-04-06,france,410,1,0,1
cbornet,2023-03-25,france,807,1,0,0
cbrandlehner,2023-03-27,austria,1207,1,0,0
cbrnr,2023-03-28,austria,982,1,0,0
ccamel,2023-03-20,france,605,1,0,0
ccamel,2023-03-22,france,1462,1,0,0
ccamel,2023-03-27,france,2339,4,0,0
ccamel,2023-03-29,france,1461,2,0,0
ccamel,2023-03-31,france,702,1,0,0
ccamel,2023-04-03,france,1026,1,0,1
ccamel,2023-04-07,france,1543,1,0,1
cchet,2023-04-08,austria,85,1,0,1
cclecle,2023-03-19,france,1061,1,0,0
ccomb,2023-03-20,france,429,1,0,0
ccztux,2023-03-21,austria,211,1,0,0
cderv,2023-03-20,france,3375,5,0,0
cderv,2023-03-21,france,291,1,0,0
cderv,2023-03-22,france,2050,2,0,0
cderv,2023-03-24,france,2903,4,0,0
cderv,2023-03-28,france,746,1,0,0
cderv,2023-03-29,france,1802,3,0,0
cderv,2023-03-30,france,2194,3,0,0
cderv,2023-03-31,france,293,1,0,0
cderv,2023-04-04,france,991,1,0,1
cderv,2023-04-05,france,587,1,0,1
cderv,2023-04-06,france,352,2,0,1
ceccocats,2023-03-30,italy,271,2,1,0
cedric-montagne,2023-03-21,france,96,3,0,0
cedric-montagne,2023-03-27,france,0,1,0,0
cedricbriandgithub,2023-04-03,france,257,1,0,1
cedrox,2023-04-04,france,51,1,0,1
cesar-cardinale,2023-03-23,france,356,1,0,0
cescarment,2023-03-29,france,1151,1,0,0
ceymard,2023-03-30,france,946,1,0,0
cgrand,2023-03-28,france,292,1,0,0
cgrand,2023-03-29,france,152,1,0,0
cguimaraes,2023-03-21,france,537,1,0,0
cguimaraes,2023-04-05,france,236,1,0,1
cguimaraes,2023-04-07,france,1009,2,0,1
cgustave,2023-03-23,france,1542,2,0,0
ch-cbna,2023-03-21,france,838,1,0,0
ch1bo,2023-03-21,austria,548,1,0,0
chainria,2023-03-23,austria,882,1,0,0
chainyo,2023-03-23,france,17,1,0,0
chainyo,2023-03-24,france,74,2,0,0
chainyo,2023-03-30,france,27,1,0,0
chainyo,2023-04-02,france,302,1,0,1
chainyo,2023-04-03,france,172,3,0,1
chaithyagr,2023-03-21,france,367,1,0,0
champax,2023-03-23,france,654,1,0,0
chanmix51,2023-04-04,france,426,1,0,1
chapuisk,2023-04-03,france,994,1,0,1
charnould,2023-04-07,france,576,1,0,1
chassing,2023-04-07,austria,787,1,0,1
chatainsim,2023-03-18,france,950,5,0,0
chatainsim,2023-03-19,france,950,5,0,0
chatainsim,2023-03-20,france,570,3,0,0
chatainsim,2023-03-21,france,190,1,0,0
chatainsim,2023-03-22,france,192,1,0,0
chatainsim,2023-03-24,france,192,1,0,0
chatainsim,2023-03-25,france,380,2,0,0
chatainsim,2023-03-30,france,192,1,0,0
chatainsim,2023-04-06,france,382,2,0,1
chatainsim,2023-04-08,france,190,1,0,1
chaudhuri,2023-03-31,france,710,1,0,0
chausch,2023-03-25,austria,1300,1,0,0
chauve-dev,2023-03-19,france,0,2,0,0
chavacava,2023-04-06,france,222,1,0,1
chenlijun99,2023-03-22,italy,215,1,1,0
chenlijun99,2023-04-05,italy,251,1,1,1
cherob67,2023-03-18,france,812,1,0,0
chesio,2023-03-25,austria,101,1,0,0
chess4ever,2023-04-07,italy,374,1,1,1
chf-6309,2023-03-29,france,1200,1,0,0
chfoidl,2023-03-21,austria,110,1,0,0
chfoidl,2023-04-05,austria,126,1,0,1
chinecc,2023-04-03,france,571,1,0,1
chkworks,2023-03-25,austria,8,1,0,0
chleeb,2023-04-06,austria,1309,1,0,1
chmouel,2023-03-21,france,1464,1,0,0
chmouel,2023-03-27,france,96,1,0,0
chmouel,2023-03-30,france,348,1,0,0
chmouel,2023-04-01,france,0,1,0,1
chmouel,2023-04-05,france,549,1,0,1
chouaibMo,2023-03-25,france,449,3,0,0
chouaibMo,2023-03-26,france,831,1,0,0
chrc,2023-03-20,france,152,2,0,0
chripf,2023-03-22,austria,756,1,0,0
chrisalexlegoff,2023-03-18,france,67,1,0,0
chrisb34,2023-03-31,france,271,1,0,0
chriscool,2023-04-01,france,439,1,0,1
chrisnoisel,2023-03-28,france,1566,1,0,0
chrisse74,2023-04-06,austria,849,1,0,1
christiankaindl,2023-03-29,austria,1264,1,0,0
christiannagel,2023-03-21,austria,0,1,0,0
christiannagel,2023-03-23,austria,44,6,0,0
christophbuehler,2023-03-31,austria,588,2,0,0
christophe-calmejane,2023-04-03,france,69,1,0,1
christopheblin,2023-03-21,france,1570,1,0,0
christophejunke,2023-04-06,france,363,1,0,1
christophemacabiau,2023-04-03,france,438,1,0,1
christophemacabiau,2023-04-05,france,937,1,0,1
christophfink,2023-03-22,austria,805,1,0,0
christophfink,2023-03-28,austria,0,2,0,0
christophfink,2023-03-30,austria,0,1,0,0
christophfink,2023-04-03,austria,0,1,0,1
christophfink,2023-04-04,austria,109,3,0,1
christophfink,2023-04-05,austria,0,1,0,1
christophfink,2023-04-06,austria,158,1,0,1
christophs78,2023-03-19,austria,1236,1,0,0
christophs78,2023-04-04,austria,193,1,0,1
christophscheuch,2023-03-30,austria,247,2,0,0
christophscheuch,2023-03-31,austria,244,1,0,0
christophstrobl,2023-03-20,austria,0,31,0,0
christophwille,2023-03-19,austria,354,1,0,0
christophwille,2023-03-23,austria,183,1,0,0
christophwille,2023-03-30,austria,936,2,0,0
christophwille,2023-03-31,austria,184,1,0,0
christophwille,2023-04-03,austria,168,1,0,1
chrysn,2023-03-21,austria,482,1,0,0
chrysn,2023-03-31,austria,504,1,0,0
chuanjin-su,2023-04-01,france,141,1,0,1
chuchuw,2023-03-31,france,0,1,0,0
ciampo,2023-03-24,italy,401,1,1,0
cimaja,2023-04-04,france,1052,1,0,1
cinnamonmatexfce,2023-04-07,italy,905,1,1,1
cippaciong,2023-04-03,italy,1357,1,1,1
cirolosapio,2023-04-04,italy,369,1,1,1
ciruz,2023-03-28,austria,419,1,0,0
ciruz,2023-03-29,austria,841,1,0,0
cknitt,2023-03-22,austria,362,1,0,0
ckvsoft,2023-03-22,austria,356,1,0,0
ckvsoft,2023-03-24,austria,292,1,0,0
clabnet,2023-03-24,italy,391,1,1,0
clabnet,2023-03-25,italy,501,1,1,0
clabnet,2023-03-31,italy,119,1,1,0
clabnet,2023-04-05,italy,1444,2,1,1
clairenollet,2023-03-20,france,466,1,0,0
clairenollet,2023-03-21,france,561,1,0,0
clairenollet,2023-03-22,france,87,1,0,0
clairenollet,2023-03-23,france,625,2,0,0
clairenollet,2023-03-31,france,339,2,0,0
clairenollet,2023-04-05,france,0,1,0,1
clairenollet,2023-04-06,france,209,1,0,1
claracousin1,2023-03-30,france,939,1,0,0
clarus,2023-03-23,france,953,7,0,0
clason,2023-03-19,austria,722,1,0,0
clason,2023-03-31,austria,1105,1,0,0
claudefauconnet,2023-04-07,france,448,2,0,1
claudiodemarzo,2023-03-30,italy,916,5,1,0
claudiodemarzo,2023-04-03,italy,331,2,1,1
claudioferrari,2023-03-21,italy,84,1,1,0
claustres,2023-03-20,france,458,1,0,0
claustres,2023-03-21,france,282,2,0,0
claustres,2023-03-23,france,372,1,0,0
claustres,2023-03-29,france,237,1,0,0
claustres,2023-04-03,france,218,1,0,1
claustres,2023-04-07,france,79,1,0,1
clement-michelet,2023-03-23,france,665,1,0,0
clementbiron,2023-03-29,france,236,1,0,0
clementdevos,2023-03-29,france,213,1,0,0
clementleger,2023-03-20,france,14,1,0,0
clementleger,2023-03-21,france,404,3,0,0
clementlize,2023-03-28,france,235,1,0,0
clementperon,2023-04-06,france,443,1,0,1
clemlatz,2023-04-07,france,210,1,0,1
clemlesne,2023-04-07,france,680,1,0,1
clemsgrs,2023-04-05,france,503,1,0,1
clemsos,2023-03-18,france,1085,1,0,0
clemsos,2023-04-04,france,1483,2,0,1
clemsos,2023-04-05,france,201,1,0,1
clemzarch,2023-04-06,france,207,1,0,1
cleptric,2023-04-03,austria,715,1,0,1
cleptric,2023-04-04,austria,679,1,0,1
cleptric,2023-04-05,austria,305,1,0,1
clezag,2023-03-28,italy,370,1,1,0
clm-a,2023-03-24,france,17,1,0,0
clm-msch,2023-03-22,france,0,1,0,0
clm-msch,2023-03-23,france,50,2,0,0
clmanu75,2023-04-04,france,197,1,0,1
clotairer,2023-03-20,france,635,1,0,0
cloud-walker,2023-03-19,italy,188,1,1,0
clun,2023-04-06,france,449,3,0,1
cmartin6,2023-04-04,austria,697,1,0,1
cmcdonald6,2023-03-20,italy,0,3,1,0
cmcdonald6,2023-03-23,italy,0,2,1,0
cmcdonald6,2023-04-04,italy,0,5,1,1
cmcdonald6,2023-04-05,italy,0,1,1,1
cmock,2023-03-25,austria,940,1,0,0
cmuellner,2023-03-21,austria,620,1,0,0
cmuellner,2023-04-03,austria,1013,3,0,1
cmuellner,2023-04-04,austria,496,2,0,1
cmuellner,2023-04-06,austria,2052,2,0,1
cmvcordova,2023-03-22,austria,0,6,0,0
cnicodeme,2023-03-29,france,847,1,0,0
cnouguier,2023-03-18,france,153,1,0,0
cnouguier,2023-03-21,france,0,1,0,0
cnouguier,2023-03-29,france,269,1,0,0
cnouguier,2023-03-30,france,32,1,0,0
cnouguier,2023-04-02,france,0,1,0,1
cnouguier,2023-04-04,france,95,3,0,1
cnouguier,2023-04-06,france,0,2,0,1
coastalwhite,2023-03-30,france,661,1,0,0
coastalwhite,2023-04-01,france,99,1,0,1
coccoinomane,2023-03-22,italy,298,1,1,0
coco33920,2023-03-24,france,66,1,0,0
codanator,2023-03-25,austria,216,1,0,0
codeJack,2023-03-18,france,1429,1,0,0
codebender828,2023-03-23,france,896,1,0,0
codeflyer,2023-03-24,italy,0,1,1,0
codeflyer,2023-03-27,italy,108,1,1,0
codeflyer,2023-03-28,italy,108,1,1,0
codeflyer,2023-04-04,italy,0,1,1,1
codeflyer,2023-04-05,italy,245,1,1,1
codingstuff91,2023-03-25,france,203,1,0,0
codingstuff91,2023-03-30,france,599,3,0,0
cokelaer,2023-03-28,france,53,1,0,0
cokelaer,2023-04-03,france,76,1,0,1
cokelaer,2023-04-05,france,424,1,0,1
cokelaer,2023-04-08,france,61,1,0,1
collimarco,2023-03-31,italy,472,1,1,0
comecattin,2023-03-23,france,0,1,0,0
comecattin,2023-03-31,france,58,1,0,0
comio,2023-04-07,italy,391,1,1,1
conseilgouz,2023-03-23,france,521,1,0,0
cooperspencer,2023-03-22,austria,508,1,0,0
copdips,2023-03-20,france,847,1,0,0
copdips,2023-03-23,france,871,1,0,0
copdips,2023-03-24,france,384,1,0,0
copdips,2023-03-25,france,1916,2,0,0
copdips,2023-03-31,france,1516,2,0,0
cor3ntin,2023-03-30,france,570,1,0,0
corentin-gautier,2023-03-28,france,789,1,0,0
corentin-larose,2023-03-21,france,1444,1,0,0
cormo1990,2023-04-07,italy,233,1,1,1
cornerman,2023-03-20,france,441,1,0,0
cornerman,2023-03-22,france,1249,1,0,0
cosmic-flood,2023-03-22,france,0,1,0,0
cosmic-flood,2023-03-23,france,0,2,0,0
cosmic-flood,2023-03-24,france,0,2,0,0
cosmic-flood,2023-04-07,france,852,1,0,1
cosmo0,2023-03-21,france,537,1,0,0
cossartque,2023-03-21,france,21,1,0,0
cossartque,2023-03-22,france,121,1,0,0
cossartque,2023-03-28,france,0,1,0,0
cossartque,2023-04-04,france,233,1,0,1
cossartque,2023-04-07,france,567,1,0,1
costavale,2023-03-24,italy,317,1,1,0
coudot,2023-04-03,france,641,3,0,1
couleurm,2023-04-02,france,653,1,0,1
cpop-fr,2023-03-23,france,618,1,0,0
cprodhomme,2023-03-31,france,708,1,0,0
craff,2023-04-06,france,72,1,0,1
crazy-max,2023-03-21,france,658,1,0,0
crazy-max,2023-03-31,france,462,1,0,0
creativeprogramming,2023-03-29,italy,211,1,1,0
creekorful,2023-03-20,france,80,1,0,0
crendl,2023-03-29,austria,641,1,0,0
crestaa,2023-04-05,italy,0,1,1,1
crevete,2023-04-04,france,773,1,0,1
criamico,2023-03-22,italy,1473,1,1,0
criamico,2023-03-28,italy,351,1,1,0
criamico,2023-04-04,italy,1022,1,1,1
crisidev,2023-03-21,italy,0,3,1,0
crisidev,2023-03-22,italy,0,1,1,0
crisidev,2023-04-04,italy,665,1,1,1
crisidev,2023-04-06,italy,762,2,1,1
cristian-5,2023-03-18,italy,122,1,1,0
cristian-5,2023-03-19,italy,470,1,1,0
cristianorevil,2023-03-24,italy,940,2,1,0
cromoteca,2023-03-20,france,90,1,0,0
cromoteca,2023-03-22,france,689,1,0,0
cromoteca,2023-03-24,france,1416,1,0,0
cromoteca,2023-03-29,france,3456,3,0,0
cromoteca,2023-03-30,france,2696,5,0,0
cromoteca,2023-04-05,france,1641,2,0,1
crondaemon,2023-04-07,italy,288,1,1,1
crownedgrouse,2023-03-21,france,185,1,0,0
crybot,2023-03-28,italy,156,2,1,0
cryptohgb,2023-03-22,austria,192,1,0,0
csaggo,2023-03-28,austria,1117,1,0,0
cskiraly,2023-03-27,italy,612,2,1,0
cstenglein,2023-03-23,austria,0,1,0,0
cstenglein,2023-03-24,austria,0,1,0,0
cstenglein,2023-03-27,austria,202,4,0,0
ctasca,2023-03-30,italy,364,1,1,0
ctorgalson,2023-03-28,france,325,1,0,0
ctorgalson,2023-04-07,france,530,1,0,1
ctot-nondef,2023-03-20,austria,135,1,0,0
ctot-nondef,2023-04-03,austria,209,1,0,1
cub,2023-03-30,france,593,1,0,0
cuihtlauac,2023-03-21,france,167,1,0,0
cuihtlauac,2023-03-24,france,235,1,0,0
cuihtlauac,2023-03-29,france,323,1,0,0
cuihtlauac,2023-03-30,france,639,2,0,0
cuihtlauac,2023-03-31,france,847,2,0,0
cuihtlauac,2023-04-03,france,279,2,0,1
cuihtlauac,2023-04-04,france,302,1,0,1
cuihtlauac,2023-04-05,france,481,1,0,1
cuihtlauac,2023-04-06,france,847,2,0,1
cuihtlauac,2023-04-07,france,1841,4,0,1
curquiza,2023-03-28,france,4649,5,0,0
curquiza,2023-03-29,france,1072,1,0,0
cursan-a,2023-04-05,france,518,1,0,1
cusci,2023-04-06,italy,77,1,1,1
cusma,2023-03-31,italy,197,1,1,0
cyberphone,2023-03-23,france,1292,1,0,0
cyberpunk256,2023-03-29,france,30,1,0,0
cykl,2023-04-03,france,892,1,0,1
cyrheel,2023-04-05,france,159,2,0,1
cyrheel,2023-04-06,france,128,2,0,1
cyril-lamotte,2023-03-22,france,1023,1,0,0
cyrille-leclerc,2023-03-19,france,1558,1,0,0
cyrille-leclerc,2023-03-21,france,1186,2,0,0
cyrille-leclerc,2023-03-29,france,962,1,0,0
cyrille-leclerc,2023-03-30,france,0,1,0,0
cyrilmayance,2023-03-26,france,417,1,0,0
cyriltovena,2023-03-28,france,423,1,0,0
cyrusbehr,2023-03-22,italy,790,1,1,0
cyrusbehr,2023-03-23,italy,451,1,1,0
cyrusbehr,2023-03-28,italy,102,1,1,0
cyrusbehr,2023-03-29,italy,264,1,1,0
cyrusbehr,2023-04-05,italy,1443,1,1,1
cyyynthia,2023-03-21,france,673,1,0,0
cyyynthia,2023-03-30,france,213,1,0,0
czackl,2023-03-28,austria,117,1,0,0
czerkies,2023-03-18,france,108,1,0,0
czerkies,2023-04-03,france,23,1,0,1
d-hain,2023-04-03,austria,1386,1,0,1
d-ivashchuk,2023-03-25,austria,0,1,0,0
d0tiKs,2023-03-22,france,482,1,0,0
d4ilyrun,2023-03-23,france,560,2,0,0
d9beuD,2023-03-24,france,621,1,0,0
da-ekchajzer,2023-03-20,france,1318,1,0,0
dabcorp,2023-03-27,france,378,1,0,0
daboom,2023-04-04,italy,553,1,1,1
dadodasyra,2023-03-19,france,1405,1,0,0
dadodasyra,2023-03-29,france,48,1,0,0
dadoonet,2023-03-21,france,294,1,0,0
dadoonet,2023-04-05,france,134,1,0,1
daffarizaldi6,2023-03-25,italy,0,1,1,0
daisvke,2023-04-07,france,264,1,0,1
dalboris,2023-03-19,france,195,1,0,0
dalboris,2023-03-21,france,0,1,0,0
dalboris,2023-03-22,france,1535,1,0,0
dalboris,2023-03-23,france,102,1,0,0
dalboris,2023-03-24,france,35,1,0,0
dalboris,2023-03-29,france,83,1,0,0
damianofranzo,2023-03-29,italy,74,1,1,0
damidani,2023-03-18,france,5292,28,0,0
damidani,2023-03-19,france,1512,8,0,0
damidani,2023-03-20,france,3207,17,0,0
damidani,2023-03-21,france,181,1,0,0
damidani,2023-03-29,france,191,1,0,0
damidani,2023-03-30,france,384,2,0,0
damidani,2023-04-04,france,575,3,0,1
damidani,2023-04-05,france,563,3,0,1
damidani,2023-04-06,france,181,1,0,1
damidani,2023-04-07,france,191,1,0,1
damidani,2023-04-08,france,4874,26,0,1
damienmillet,2023-04-01,france,598,2,0,1
damienroche,2023-03-28,france,330,1,0,0
daminetreg,2023-04-06,france,209,1,0,1
dancamdev,2023-03-20,italy,1599,2,1,0
dancamdev,2023-03-27,italy,353,1,1,0
danco2022,2023-04-07,france,211,5,0,1
dani,2023-03-23,france,510,1,0,0
dani3l3,2023-03-29,italy,859,1,1,0
danielbeeke,2023-03-31,austria,337,1,0,0
danielbeeke,2023-04-05,austria,642,2,0,1
danielbeeke,2023-04-07,austria,758,1,0,1
danielbigler,2023-04-03,austria,1215,1,0,1
daniele-athome,2023-04-07,italy,184,1,1,1
danielecr,2023-03-24,italy,640,1,1,0
danieleongari,2023-03-25,italy,268,1,1,0
danieleongari,2023-03-26,italy,130,1,1,0
danielkelemen,2023-03-20,austria,0,1,0,0
danielkhan,2023-04-02,austria,696,1,0,1
danielm322,2023-03-20,france,40,1,0,0
danielm322,2023-04-01,france,45,1,0,1
danielm322,2023-04-08,france,293,1,0,1
danielpeintner,2023-03-30,italy,1336,1,1,0
danielthedifficult,2023-04-06,france,504,1,0,1
danielwagn3r,2023-03-19,austria,86,2,0,0
danilovmy,2023-03-23,austria,423,1,0,0
danjde,2023-03-28,italy,454,1,1,0
danroc,2023-03-28,france,120,1,0,0
danubie,2023-03-30,austria,701,1,0,0
danvy,2023-03-27,france,322,1,0,0
danyf90,2023-03-22,italy,918,1,1,0
danyf90,2023-03-31,italy,650,1,1,0
dapicard,2023-03-26,france,285,1,0,0
dar-dev,2023-04-07,italy,1246,1,1,1
dario-loi,2023-03-20,italy,199,1,1,0
darkbasic,2023-03-21,italy,2283,2,1,0
daudmalik06,2023-04-05,italy,472,1,1,1
daute,2023-03-25,austria,435,1,0,0
daute,2023-04-04,austria,241,1,0,1
davcri,2023-04-08,italy,490,1,1,1
david-dasilva,2023-04-05,france,819,1,0,1
david-guenault,2023-03-24,france,151,1,0,0
david-moreau,2023-03-30,france,418,1,0,0
davidbrochart,2023-03-20,france,928,2,0,0
davidbrochart,2023-03-21,france,670,2,0,0
davidbrochart,2023-04-05,france,794,3,0,1
davide-baldo,2023-03-24,italy,375,1,1,0
davide-f,2023-03-19,italy,297,1,1,0
davide-ravasi,2023-03-22,france,206,1,0,0
davidefiocco,2023-04-02,italy,626,1,1,1
davidegiacometti,2023-03-19,italy,148,1,1,0
davideicardi,2023-03-20,italy,827,1,1,0
davideilmito,2023-03-19,italy,0,1,1,0
davideilmito,2023-03-21,italy,0,1,1,0
davideilmito,2023-03-25,italy,0,3,1,0
davideilmito,2023-03-26,italy,0,1,1,0
davideilmito,2023-04-08,italy,43,1,1,1
davideimola,2023-04-04,italy,0,1,1,1
davidejensen,2023-03-29,italy,0,1,1,0
davidemalgarise,2023-03-26,italy,825,3,1,0
davidemalgarise,2023-03-28,italy,57,1,1,0
davidemalgarise,2023-04-01,italy,0,5,1,1
davidemorazzo,2023-03-19,italy,1317,1,1,0
davideroffo,2023-03-21,italy,917,1,1,0
davidmondok,2023-03-30,austria,564,1,0,0
davidp57,2023-03-23,france,1062,1,0,0
davidp57,2023-03-27,france,183,2,0,0
davidp57,2023-04-01,france,70,1,0,1
davidp57,2023-04-02,france,802,2,0,1
davidp57,2023-04-04,france,1036,11,0,1
davidp57,2023-04-06,france,902,3,0,1
davidp57,2023-04-08,france,525,2,0,1
davidy4ng,2023-04-05,france,476,1,0,1
davitof,2023-03-22,france,483,1,0,0
davnn,2023-03-23,austria,1205,1,0,0
davvoz,2023-03-25,italy,722,1,1,0
dawadam,2023-03-24,france,1053,2,0,0
dawadam,2023-03-25,france,166,2,0,0
dawadam,2023-04-02,france,1038,1,0,1
dawadam,2023-04-04,france,1005,1,0,1
dawadam,2023-04-05,france,1043,1,0,1
dbendaou,2023-03-24,france,735,4,0,0
dbouchabou,2023-04-06,france,648,1,0,1
dcferreira,2023-03-31,austria,146,1,0,0
dcoeurjo,2023-04-03,france,259,1,0,1
dcoudert,2023-04-08,france,1108,1,0,1
ddahan,2023-03-24,france,712,1,0,0
ddahan,2023-03-25,france,345,1,0,0
ddahan,2023-03-27,france,1076,2,0,0
ddbrierton,2023-03-27,france,727,1,0,0
ddesvillechabrol,2023-04-05,france,85,1,0,1
ddotta,2023-03-20,france,650,2,0,0
ddotta,2023-03-22,france,981,1,0,0
ddotta,2023-03-23,france,184,1,0,0
ddotta,2023-03-24,france,0,1,0,0
ddotta,2023-03-29,france,1023,1,0,0
ddotta,2023-04-03,france,803,1,0,1
ddotta,2023-04-04,france,955,1,0,1
ddotta,2023-04-05,france,0,2,0,1
ddotta,2023-04-07,france,1812,3,0,1
deajan,2023-03-24,france,1316,1,0,0
deajan,2023-03-29,france,945,2,0,0
deajan,2023-03-30,france,2194,9,0,0
decaroa,2023-03-29,italy,585,1,1,0
decathorpe,2023-03-21,austria,1002,1,0,0
decathorpe,2023-04-01,austria,318,1,0,1
dedece35,2023-03-26,france,326,1,0,0
dedece35,2023-04-02,france,68,1,0,1
dedece35,2023-04-03,france,804,1,0,1
dedece35,2023-04-07,france,517,1,0,1
deepnight,2023-03-27,france,0,1,0,0
deepnight,2023-03-28,france,0,1,0,0
deepnight,2023-03-31,france,0,1,0,0
dehmer,2023-04-02,austria,666,1,0,1
dehmer,2023-04-07,austria,587,1,0,1
dej611,2023-03-20,italy,1179,1,1,0
dej611,2023-03-22,italy,1521,1,1,0
dej611,2023-03-24,italy,2532,3,1,0
dej611,2023-04-04,italy,1529,2,1,1
dej611,2023-04-05,italy,286,1,1,1
dekefake,2023-03-22,france,225,1,0,0
delphes99,2023-04-03,france,0,2,0,1
demigrigo,2023-03-22,austria,1128,3,0,0
demonixis,2023-04-02,france,1478,1,0,1
demurgos,2023-03-21,france,599,1,0,0
denics,2023-04-02,france,162,1,0,1
denis-stepanov,2023-04-03,france,335,1,0,1
denis-stepanov,2023-04-08,france,281,1,0,1
denisebitca,2023-03-29,france,102,1,0,0
denisebitca,2023-03-30,france,86,1,0,0
denisebitca,2023-03-31,france,56,1,0,0
dennisangemi,2023-03-21,italy,14,1,1,0
dennisangemi,2023-04-03,italy,391,4,1,1
dennisangemi,2023-04-05,italy,516,1,1,1
dennisangemi,2023-04-07,italy,358,3,1,1
dennisangemi,2023-04-08,italy,1000,9,1,1
deraw,2023-03-21,france,135,1,0,0
deraw,2023-03-28,france,495,1,0,0
deronnax,2023-03-23,france,542,2,0,0
deronnax,2023-03-24,france,435,1,0,0
derritter88,2023-03-24,austria,258,1,0,0
derritter88,2023-03-25,austria,731,1,0,0
descrysama,2023-03-28,france,0,4,0,0
deshiloh,2023-04-04,france,34,1,0,1
desruisseaux,2023-04-04,france,1176,1,0,1
dessireugarte,2023-04-02,france,864,1,0,1
dev-Fabi,2023-03-20,austria,0,1,0,0
dev-Fabi,2023-03-21,austria,0,3,0,0
dev-Fabi,2023-03-22,austria,0,1,0,0
dev-Fabi,2023-03-24,austria,0,1,0,0
dev-Fabi,2023-03-27,austria,115,3,0,0
dev-Fabi,2023-04-01,austria,0,1,0,1
devamin,2023-03-20,france,246,1,0,0
devdiegofr,2023-04-01,france,0,2,0,1
developeroliver,2023-04-02,france,212,1,0,1
deveric06,2023-03-20,france,892,1,0,0
devingfx,2023-04-04,france,554,1,0,1
devvv4ever,2023-03-27,austria,248,1,0,0
devzhr,2023-03-23,france,1071,1,0,0
dewiweb,2023-03-25,france,459,1,0,0
dewiweb,2023-03-28,france,327,2,0,0
dewiweb,2023-04-03,france,485,1,0,1
dfaure-kdab,2023-04-05,france,564,1,0,1
dfilaretti,2023-03-19,italy,0,1,1,0
dfolio,2023-04-03,france,303,1,0,1
dgagg,2023-03-22,italy,14,1,1,0
dgagg,2023-04-04,italy,254,1,1,1
dgasparri,2023-03-27,italy,1007,1,1,0
dgtlntv,2023-03-26,austria,252,1,0,0
dhmacs,2023-03-23,italy,166,1,1,0
dhmacs,2023-03-27,italy,0,1,1,0
dhmacs,2023-03-28,italy,1113,1,1,0
dhmacs,2023-03-29,italy,210,1,1,0
dhmacs,2023-04-04,italy,0,2,1,1
dhmacs,2023-04-05,italy,0,1,1,1
dhmacs,2023-04-06,italy,322,3,1,1
dhmmasson,2023-03-19,france,207,1,0,0
dhopfm,2023-03-30,austria,875,1,0,0
dhuynh95,2023-03-27,france,547,1,0,0
dhuynh95,2023-04-06,france,572,1,0,1
dhuzard,2023-03-29,france,369,1,0,0
dichotommy,2023-04-03,france,561,3,0,1
dichotommy,2023-04-04,france,472,2,0,1
dichotommy,2023-04-06,france,176,1,0,1
didier-wenzek,2023-03-20,france,0,1,0,0
didmar,2023-03-21,france,474,1,0,0
didrocks,2023-04-05,france,343,1,0,1
diegozea,2023-03-31,france,1464,2,0,0
difrancosimone,2023-04-06,italy,87,1,1,1
dimejo,2023-03-28,austria,798,1,0,0
dinelliascom,2023-04-06,italy,984,1,1,1
diox,2023-03-23,france,831,2,0,0
diox,2023-03-24,france,655,2,0,0
diox,2023-03-28,france,887,1,0,0
diox,2023-03-29,france,1718,4,0,0
diox,2023-03-30,france,771,1,0,0
dippi,2023-03-27,italy,643,1,1,0
disvst,2023-04-04,france,1134,1,0,1
divadretlaw,2023-03-24,austria,128,2,0,0
divadretlaw,2023-03-28,austria,59,1,0,0
divarvel,2023-03-23,france,370,3,0,0
divarvel,2023-03-30,france,171,1,0,0
divarvel,2023-04-03,france,127,1,0,1
divarvel,2023-04-05,france,146,1,0,1
divarvel,2023-04-06,france,474,6,0,1
dix,2023-04-05,france,942,1,0,1
djcaesar9114,2023-03-26,france,889,2,0,0
djerfy,2023-03-22,france,145,2,0,0
djerfy,2023-03-25,france,79,1,0,0
djessich,2023-04-05,austria,1171,1,0,1
djpadbit,2023-04-08,france,567,1,0,1
dkm,2023-03-21,france,451,1,0,0
dkm,2023-03-23,france,271,1,0,0
dkm,2023-03-27,france,237,1,0,0
dlax,2023-03-28,france,662,1,0,0
dleurs,2023-04-04,france,481,1,0,1
dleurs,2023-04-05,france,186,1,0,1
dmachard,2023-03-28,france,180,2,0,0
dmachard,2023-03-29,france,27,1,0,0
dmachard,2023-03-30,france,0,1,0,0
dmalzl,2023-04-06,austria,475,1,0,1
dmetivie,2023-04-04,france,1055,1,0,1
dmicheneau,2023-03-21,france,309,1,0,0
dmorcellet,2023-03-19,france,0,2,0,0
dmorcellet,2023-03-20,france,35,2,0,0
dmorcellet,2023-03-21,france,0,2,0,0
dmorcellet,2023-03-26,france,56,1,0,0
dmorcellet,2023-03-27,france,105,2,0,0
dmorcellet,2023-03-31,france,122,2,0,0
dmorcellet,2023-04-03,france,218,2,0,1
dmorcellet,2023-04-05,france,0,1,0,1
dmorcellet,2023-04-06,france,0,1,0,1
dmorcellet,2023-04-08,france,0,2,0,1
dmsch,2023-04-03,austria,637,1,0,1
dngraphisme,2023-03-24,france,161,1,0,0
dni,2023-03-31,austria,492,1,0,0
dnim,2023-04-05,austria,1118,1,0,1
dobl1,2023-03-27,france,510,1,0,0
doctolivier,2023-03-30,france,428,1,0,0
dogawaf,2023-03-27,france,1087,1,0,0
dolanor,2023-03-21,france,878,1,0,0
dolmen,2023-03-22,france,290,1,0,0
dolmen,2023-03-28,france,1094,1,0,0
dolmen,2023-04-03,france,279,1,0,1
dolmen,2023-04-06,france,227,1,0,1
domalb,2023-04-06,france,742,1,0,1
domedellolio,2023-04-06,italy,340,1,1,1
domenico1982,2023-03-22,italy,345,1,1,0
dominikradl,2023-04-07,austria,718,1,0,1
domiq44,2023-03-24,france,1933,2,0,0
domiq44,2023-03-30,france,250,1,0,0
domiq44,2023-03-31,france,1053,1,0,0
donho,2023-03-25,france,73,1,0,0
donho,2023-03-31,france,148,1,0,0
donho,2023-04-02,france,131,2,0,1
dov118,2023-04-01,france,300,1,0,1
dpensi,2023-03-29,italy,1224,1,1,0
dpfaffenbauer,2023-03-26,austria,252,1,0,0
dpfaffenbauer,2023-03-30,austria,174,1,0,0
dpfurners,2023-03-19,austria,0,2,0,0
dpretet,2023-03-26,france,196,1,0,0
dpurgin,2023-04-02,austria,0,1,0,1
dputhier,2023-03-20,france,76,1,0,0
dputhier,2023-03-21,france,0,1,0,0
dputhier,2023-03-27,france,0,1,0,0
dputhier,2023-03-31,france,145,1,0,0
dputhier,2023-04-04,france,579,4,0,1
dragonis41,2023-03-27,france,494,1,0,0
drallgood,2023-03-18,austria,565,1,0,0
dralos,2023-04-02,italy,0,1,1,1
drasko,2023-04-02,france,728,1,0,1
drawbu,2023-04-02,france,0,1,0,1
drawbu,2023-04-03,france,0,1,0,1
dridk,2023-03-29,france,162,1,0,0
dridk,2023-03-31,france,255,1,0,0
dridk,2023-04-07,france,100,1,0,1
drighelli,2023-03-22,italy,1681,4,1,0
dros1986,2023-04-05,italy,985,1,1,1
drosofff,2023-04-06,france,137,1,0,1
droumanet,2023-03-19,france,2050,10,0,0
droumanet,2023-04-01,france,178,1,0,1
droumanet,2023-04-02,france,61,1,0,1
dsarrut,2023-03-27,france,100,1,0,0
dsarrut,2023-03-28,france,80,1,0,0
dschrempf,2023-03-23,austria,1937,2,0,0
dsunnerer,2023-03-23,austria,0,1,0,0
dt-lizac,2023-04-03,france,165,1,0,1
dtonon,2023-03-21,italy,282,1,1,0
dtonon,2023-03-25,italy,454,1,1,0
dtonon,2023-04-02,italy,206,1,1,1
dtouzet,2023-03-28,france,1515,1,0,0
dtrucs,2023-03-22,france,0,1,0,0
dtrucs,2023-03-30,france,899,2,0,0
dubzzz,2023-04-03,france,311,1,0,1
dubzzz,2023-04-04,france,285,1,0,1
dulvui,2023-03-30,italy,485,1,1,0
dumbbell,2023-03-27,france,567,1,0,0
dumbbell,2023-03-30,france,438,1,0,0
dumbbell,2023-04-07,france,209,1,0,1
dunzolo,2023-03-23,italy,105,3,1,0
dunzolo,2023-03-24,italy,181,3,1,0
dunzolo,2023-03-29,italy,70,2,1,0
dunzolo,2023-04-03,italy,92,2,1,1
dunzolo,2023-04-07,italy,108,2,1,1
dupremathieu,2023-03-21,france,164,1,0,0
durierem,2023-03-23,france,210,1,0,0
dviry,2023-04-07,austria,517,1,0,1
dvkch,2023-04-07,france,3290,7,0,1
dvojtise,2023-04-06,france,1467,2,0,1
e-gallis,2023-03-30,france,954,1,0,0
eSattoh,2023-03-22,italy,35,1,1,0
eVisualUser,2023-03-31,france,0,3,0,0
eakl,2023-03-19,france,926,1,0,0
eamon0989,2023-03-20,austria,306,1,0,0
eamon0989,2023-04-04,austria,483,1,0,1
eblondel,2023-03-22,france,143,2,0,0
eblondel,2023-03-27,france,448,2,0,0
eblondel,2023-03-29,france,0,1,0,0
eblondel,2023-03-30,france,0,1,0,0
eblondel,2023-03-31,france,754,1,0,0
eblondel,2023-04-04,france,156,1,0,1
eblondel,2023-04-05,france,107,3,0,1
eblondel,2023-04-06,france,478,4,0,1
ebz8,2023-03-26,france,369,1,0,0
eckelj,2023-03-20,austria,687,5,0,0
eckelj,2023-03-21,austria,48,1,0,0
eckelj,2023-03-30,austria,1196,3,0,0
eckelj,2023-04-02,austria,0,1,0,1
eckelj,2023-04-03,austria,157,3,0,1
eclipseo,2023-03-18,france,1518,1,0,0
ecnivtwelve,2023-03-23,france,0,1,0,0
ecnivtwelve,2023-04-06,france,415,1,0,1
ecow,2023-04-07,italy,275,1,1,1
ecyrbe,2023-03-25,france,320,1,0,0
ed-rhilbert,2023-03-19,france,95,1,0,0
edbeeching,2023-03-21,france,248,1,0,0
edbeeching,2023-03-23,france,0,1,0,0
edbzn,2023-03-19,france,212,1,0,0
edbzn,2023-03-28,france,83,1,0,0
edelans,2023-04-07,france,4,1,0,1
edevosc2c,2023-03-30,france,331,1,0,0
edevosc2c,2023-03-31,france,325,1,0,0
edgar-bonet,2023-04-04,france,662,1,0,1
edgarogh,2023-03-20,france,191,1,0,0
edhelas,2023-03-18,france,404,2,0,0
edhelas,2023-03-28,france,57,1,0,0
edhelas,2023-04-03,france,67,1,0,1
edigiacomo,2023-03-21,italy,458,1,1,0
edimitchel,2023-03-20,france,2017,2,0,0
edimitchel,2023-03-27,france,693,1,0,0
edimitchel,2023-03-29,france,524,1,0,0
edimitchel,2023-03-30,france,69,1,0,0
edimitchel,2023-04-05,france,595,1,0,1
edoardocavazza,2023-03-31,italy,403,1,1,0
edoardottt,2023-03-22,italy,130,1,1,0
edoardottt,2023-03-23,italy,427,1,1,0
edoardottt,2023-03-25,italy,1701,4,1,0
edoardottt,2023-03-31,italy,38,1,1,0
edoput,2023-04-08,italy,691,1,1,1
edornd,2023-03-19,italy,578,1,1,0
edouard-lopez,2023-03-20,france,1463,1,0,0
edouardkleinhans,2023-03-21,france,133,1,0,0
edouardparis,2023-03-31,france,114,1,0,0
edspeedy,2023-04-01,france,1560,1,0,1
eduble,2023-03-24,france,174,1,0,0
eedev,2023-03-26,france,880,1,0,0
eglerean,2023-03-23,italy,7,1,1,0
egraba,2023-03-31,france,0,2,0,0
egrath,2023-04-03,austria,1662,3,0,1
ehemmerlin,2023-03-23,france,1505,1,0,0
eirys,2023-03-18,france,36,1,0,0
eirys,2023-03-19,france,164,1,0,0
eirys,2023-03-23,france,45,1,0,0
eirys,2023-04-08,france,74,2,0,1
ejgallego,2023-03-23,france,93,1,0,0
ejgallego,2023-03-29,france,747,1,0,0
ejgallego,2023-04-05,france,296,1,0,1
ekg,2023-03-22,italy,42,1,1,0
ekolivero,2023-03-24,italy,89,2,1,0
el-hadji-mamadou-sarr,2023-04-06,france,137,1,0,1
elbywan,2023-03-29,france,353,2,0,0
elbywan,2023-03-30,france,131,1,0,0
elbywan,2023-04-01,france,173,2,0,1
elbywan,2023-04-03,france,136,1,0,1
elbywan,2023-04-08,france,39,1,0,1
elegaanz,2023-04-03,france,0,1,0,1
elekSENDER,2023-03-25,austria,1014,1,0,0
eliaszanotti,2023-04-06,france,222,1,0,1
eliemichel,2023-03-19,france,64,1,0,0
eliemichel,2023-03-22,france,656,2,0,0
eliemichel,2023-04-07,france,271,3,0,1
elimf,2023-03-20,france,0,1,0,0
elimf,2023-03-24,france,0,1,0,0
elimf,2023-03-27,france,0,1,0,0
elimf,2023-03-28,france,0,1,0,0
elineda,2023-03-22,france,1501,1,0,0
eliottness,2023-03-29,france,609,1,0,0
elirasza,2023-04-01,france,644,1,0,1
elirasza,2023-04-02,france,430,1,0,1
elisa34,2023-04-07,france,600,1,0,1
eljeko,2023-03-24,italy,88,1,1,0
elliottrabac,2023-03-19,france,1474,1,0,0
elmattic,2023-03-23,france,911,1,0,0
elmattic,2023-03-27,france,1370,1,0,0
elmattic,2023-03-28,france,582,1,0,0
elpaso,2023-04-05,italy,1189,1,1,1
elpimous,2023-03-18,france,494,1,0,0
elpimous,2023-03-20,france,191,1,0,0
elpimous,2023-03-22,france,252,1,0,0
elquchiri,2023-03-20,france,65,1,0,0
elquchiri,2023-03-22,france,0,1,0,0
elquchiri,2023-03-23,france,37,1,0,0
elquchiri,2023-03-26,france,63,1,0,0
elquchiri,2023-04-08,france,152,1,0,1
elthariel,2023-04-04,france,957,1,0,1
elyahk,2023-04-02,italy,0,1,1,1
emanuelavilla,2023-03-27,italy,216,1,1,0
emanuele-em,2023-03-18,italy,711,1,1,0
emanuele-em,2023-03-22,italy,263,1,1,0
emanuele246gi,2023-03-24,italy,570,1,1,0
emanuele246gi,2023-03-30,italy,226,1,1,0
emanuele246gi,2023-04-02,italy,692,1,1,1
emanuele6,2023-04-06,italy,270,1,1,1
emanuelecavalleri,2023-04-01,italy,487,1,1,1
emanuelemaz,2023-04-08,italy,993,2,1,1
emersion,2023-03-29,france,709,2,0,0
emersion,2023-03-30,france,364,1,0,0
emersion,2023-04-03,france,348,2,0,1
emidiomorgia,2023-04-07,italy,52,3,1,1
emilchitas,2023-03-27,austria,1326,1,0,0
emilianocapasso,2023-03-19,italy,701,1,1,0
emillon,2023-04-03,france,138,1,0,1
emilschn,2023-03-21,france,183,1,0,0
emilschn,2023-03-22,france,0,1,0,0
emisca,2023-03-21,italy,505,1,1,0
emmamarichal,2023-03-24,france,1438,1,0,0
emmamarichal,2023-03-27,france,1488,1,0,0
emmamarichal,2023-03-29,france,253,1,0,0
emmanuel-pastor,2023-04-01,france,0,1,0,1
emmanuelgautier,2023-04-06,france,0,1,0,1
emmanuelgautier,2023-04-08,france,0,1,0,1
emmanuelmathot,2023-03-22,france,533,1,0,0
empierre,2023-03-21,france,292,1,0,0
emuskardin,2023-03-29,austria,46,1,0,0
enigma131,2023-03-19,france,23,1,0,0
enigma131,2023-03-31,france,1368,1,0,0
enigma131,2023-04-06,france,72,1,0,1
eniocarboni,2023-03-23,italy,0,1,1,0
eniocarboni,2023-03-29,italy,346,1,1,0
enitrat,2023-03-21,france,1100,2,0,0
enitrat,2023-04-01,france,425,3,0,1
enitrat,2023-04-02,france,292,1,0,1
enitrat,2023-04-03,france,1132,5,0,1
enitrat,2023-04-05,france,1038,5,0,1
ennioVisco,2023-03-23,austria,735,1,0,0
ennioVisco,2023-03-25,austria,400,1,0,0
ennioVisco,2023-04-05,austria,761,1,0,1
ennioitaliano,2023-03-20,italy,775,4,1,0
enri90,2023-03-18,italy,47,1,1,0
enrichman,2023-03-24,italy,1102,1,1,0
enrichman,2023-03-27,italy,358,2,1,0
enrichman,2023-04-03,italy,67,3,1,1
enrico-ghidoni,2023-03-30,italy,714,1,1,0
enrico-ghidoni,2023-04-06,italy,777,1,1,1
enrico-lattuada,2023-03-23,austria,616,3,0,0
enrico-usai,2023-04-04,italy,749,1,1,1
enricobattocchi,2023-03-20,italy,603,1,1,0
enricobattocchi,2023-03-22,italy,0,1,1,0
enricoboldrini,2023-03-23,italy,80,1,1,0
enricosutera,2023-03-24,italy,731,1,1,0
enricovianello,2023-03-22,italy,685,1,1,0
enryolto,2023-04-05,italy,0,1,1,1
enzomtpYT,2023-04-05,france,279,1,0,1
eonpatapon,2023-03-23,france,611,1,0,0
eostis,2023-03-20,france,396,1,0,0
eostis,2023-03-27,france,206,1,0,0
eostis,2023-03-29,france,956,2,0,0
eostis,2023-04-04,france,571,2,0,1
eostis,2023-04-06,france,3077,4,0,1
epatrizio,2023-03-31,france,2941,3,0,0
epsilon-0311,2023-03-22,austria,76,1,0,0
epsilon-0311,2023-03-31,austria,264,3,0,0
epsilonrt,2023-03-20,france,69,1,0,0
equinton,2023-03-20,france,28,1,0,0
equinton,2023-03-28,france,0,2,0,0
equinton,2023-03-30,france,1028,1,0,0
equinton,2023-03-31,france,1032,2,0,0
ercoppa,2023-03-24,italy,2208,2,1,0
ercoppa,2023-04-06,italy,2011,3,1,1
eremid,2023-03-21,france,286,1,0,0
eremid,2023-03-23,france,283,1,0,0
eremid,2023-03-24,france,239,1,0,0
eremid,2023-04-06,france,235,1,0,1
eremid,2023-04-07,france,234,1,0,1
eri-trabiccolo,2023-04-07,italy,0,1,1,1
eric-burel,2023-04-06,france,1126,1,0,1
eric-laporte,2023-03-23,france,173,1,0,0
ericafenyo,2023-03-23,france,290,1,0,0
ericgaspar,2023-03-20,france,80,1,0,0
ericgaspar,2023-03-24,france,202,1,0,0
ericleponner,2023-03-23,france,671,1,0,0
ericmorand,2023-04-05,france,227,1,0,1
ericproulx,2023-04-05,france,132,1,0,1
ericprud,2023-03-19,france,647,1,0,0
erikmd,2023-03-21,france,6675,9,0,0
erikmd,2023-03-22,france,1493,1,0,0
erikmd,2023-03-23,france,605,1,0,0
erikmd,2023-03-26,france,673,1,0,0
erikmd,2023-03-31,france,335,1,0,0
erikmd,2023-04-07,france,897,1,0,1
erikyo,2023-03-18,italy,681,1,1,0
erikyo,2023-03-24,italy,484,1,1,0
erikyo,2023-03-29,italy,294,1,1,0
erikyo,2023-04-03,italy,975,1,1,1
eristich,2023-03-25,france,0,1,0,0
erossi,2023-03-21,italy,179,1,1,0
erossi,2023-03-27,italy,81,1,1,0
eroux,2023-03-18,france,1372,3,0,0
eroux,2023-03-23,france,627,2,0,0
erralb,2023-03-20,france,441,1,0,0
erwango,2023-03-31,france,481,1,0,0
erwanp,2023-04-03,france,328,1,0,1
erwanp,2023-04-06,france,406,1,0,1
erwanvivien,2023-03-20,france,607,2,0,0
escapemanuele,2023-03-20,italy,341,1,1,0
escapemanuele,2023-03-22,italy,385,1,1,0
escapemanuele,2023-03-29,italy,309,1,1,0
escapemanuele,2023-04-03,italy,723,1,1,1
escapemanuele,2023-04-05,italy,233,1,1,1
esfandiaryfard,2023-03-27,italy,490,1,1,0
eskatos,2023-03-28,france,1128,2,0,0
essepuntato,2023-03-26,italy,2894,4,1,0
essobedo,2023-03-29,france,514,2,0,0
essobedo,2023-04-06,france,110,1,0,1
estefan3112,2023-04-08,austria,0,1,0,1
etj,2023-03-21,italy,661,1,1,0
etj,2023-03-28,italy,319,1,1,0
etj,2023-04-04,italy,840,2,1,1
eugenio53390,2023-03-27,italy,0,1,1,0
eunjae-lee,2023-03-23,france,44,1,0,0
euri10,2023-04-02,france,257,1,0,1
ev94,2023-03-27,france,1568,1,0,0
ev94,2023-04-05,france,128,1,0,1
evantill,2023-03-19,france,177,1,0,0
evantill,2023-03-21,france,381,1,0,0
evantill,2023-03-23,france,438,1,0,0
evantill,2023-04-03,france,927,1,0,1
evantill,2023-04-08,france,1520,1,0,1
evertedsphere,2023-04-06,france,0,2,0,1
eviltik,2023-03-31,france,479,2,0,0
ewen-lbh,2023-04-02,france,308,4,0,1
ewen-lbh,2023-04-03,france,1430,10,0,1
eweracs,2023-03-27,france,367,1,0,0
exalted,2023-03-24,italy,1609,1,1,0
exalted,2023-03-29,italy,543,1,1,0
exalted,2023-04-06,italy,2873,3,1,1
eyssette,2023-04-08,france,151,1,0,1
eytanProxi,2023-03-22,france,850,1,0,0
ezawadzki,2023-03-24,france,398,1,0,0
ezimuel,2023-03-27,italy,32,1,1,0
ezimuel,2023-04-06,italy,548,1,1,1
eziocangialosi,2023-04-01,france,26,1,0,1
eziocangialosi,2023-04-05,france,136,2,0,1
eziocangialosi,2023-04-08,france,103,1,0,1
f-lawe,2023-03-30,france,160,1,0,0
f-lopes,2023-03-21,france,162,1,0,0
f-rakete,2023-03-24,austria,744,3,0,0
f14m07,2023-03-26,france,246,1,0,0
f4iey,2023-04-02,france,1393,1,0,1
fBedecarrats,2023-03-31,france,624,1,0,0
fBedecarrats,2023-04-05,france,657,1,0,1
fa201,2023-03-19,france,0,2,0,0
fabest1,2023-03-23,france,483,2,0,0
fabgio,2023-04-04,italy,199,1,1,1
fabianpimminger,2023-03-20,austria,1052,1,0,0
fabien-ml,2023-03-22,france,159,1,0,0
fabien-ml,2023-03-24,france,305,1,0,0
fabien-ml,2023-03-31,france,101,1,0,0
fabien-ml,2023-04-01,france,275,1,0,1
fabien-ml,2023-04-02,france,184,1,0,1
fabienbranchel,2023-04-04,france,742,1,0,1
fabienfoerster,2023-04-07,france,1092,1,0,1
fabinou,2023-03-19,france,630,1,0,0
fabiobrz,2023-03-18,italy,0,1,1,0
fabiobrz,2023-03-19,italy,1073,2,1,0
fabiobrz,2023-03-29,italy,199,1,1,0
fabiobrz,2023-04-01,italy,318,1,1,1
fabiobrz,2023-04-03,italy,144,1,1,1
fabiobrz,2023-04-07,italy,889,1,1,1
fabiocaccamo,2023-03-23,italy,0,1,1,0
fabiocaccamo,2023-03-29,italy,624,2,1,0
fabiocaccamo,2023-04-04,italy,41,1,1,1
fabiocaccamo,2023-04-06,italy,0,1,1,1
fabiodelogu,2023-03-21,italy,936,1,1,0
fabiodelogu,2023-03-31,italy,198,1,1,0
fabiooo4,2023-03-22,italy,62,3,1,0
fabpot,2023-03-19,france,1929,4,0,0
fabpot,2023-03-20,france,1928,4,0,0
fabpot,2023-03-25,france,959,2,0,0
fabpot,2023-04-05,france,483,1,0,1
fabpot,2023-04-08,france,1445,3,0,1
fabricebrito,2023-03-28,italy,1488,1,1,0
fabriceliut,2023-03-29,france,388,1,0,0
fabrizio-ottati,2023-03-20,italy,0,4,1,0
fabriziopandini,2023-03-27,italy,1267,2,1,0
fabriziopandini,2023-04-03,italy,633,1,1,1
fabriziopandini,2023-04-04,italy,1042,1,1,1
fabriziosestito,2023-03-22,italy,531,1,1,0
fabriziosestito,2023-03-23,italy,82,1,1,0
fabschurt,2023-03-19,france,0,1,0,0
facundofc,2023-03-27,italy,1244,1,1,0
faenuccio,2023-03-31,france,494,1,0,0
fahedouch,2023-03-30,france,484,1,0,0
falk-stefan,2023-03-31,austria,1388,1,0,0
fallais,2023-03-21,france,126,1,0,0
famassar,2023-03-22,italy,498,1,1,0
faresd,2023-03-31,france,422,1,0,0
farmio,2023-03-19,austria,736,3,0,0
farmio,2023-03-20,austria,250,1,0,0
farmio,2023-03-21,austria,204,2,0,0
farmio,2023-03-23,austria,22,1,0,0
farmio,2023-03-31,austria,533,1,0,0
farmio,2023-04-02,austria,1082,2,0,1
farvardin,2023-03-27,france,778,1,0,0
fathzer,2023-03-19,france,347,1,0,0
faulgurke,2023-03-29,austria,399,1,0,0
fauresebast,2023-03-20,france,490,1,0,0
fbessai,2023-03-20,france,970,1,0,0
fbiville,2023-03-31,france,393,1,0,0
fbiville,2023-04-04,france,117,3,0,1
fblanqui,2023-03-24,france,179,1,0,0
fblanqui,2023-03-31,france,1452,1,0,0
fblanqui,2023-04-05,france,677,1,0,1
fbricon,2023-03-21,france,915,1,0,0
fbricon,2023-03-28,france,864,1,0,0
fbricon,2023-03-30,france,1006,2,0,0
fbricon,2023-04-04,france,587,1,0,1
fbricon,2023-04-05,france,2309,2,0,1
fbvdka,2023-03-29,france,1231,1,0,0
fcamblor,2023-03-24,france,447,1,0,0
fcamblor,2023-04-01,france,505,1,0,1
fchabouis,2023-04-03,france,427,1,0,1
fcrozatier,2023-03-23,france,1139,1,0,0
fdaugan,2023-03-19,france,200,1,0,0
fdaugan,2023-03-26,france,192,1,0,0
fdecampredon,2023-04-02,france,1271,1,0,1
fdelaneau,2023-04-07,france,167,1,0,1
fdila,2023-03-31,italy,61,1,1,0
fdservices,2023-03-24,france,475,1,0,0
feanor12,2023-03-20,austria,352,1,0,0
fedebona,2023-03-23,italy,157,1,1,0
fedelibre,2023-04-04,italy,236,1,1,1
fedelibre,2023-04-05,italy,629,2,1,1
fedepaol,2023-03-21,italy,598,1,1,0
fedepaol,2023-03-22,italy,504,1,1,0
federico123579,2023-03-23,italy,213,1,1,0
federicochiesa,2023-03-30,italy,589,1,1,0
federicoiosue,2023-03-24,italy,548,1,1,0
federicoiosue,2023-04-01,italy,1146,2,1,1
federicoiosue,2023-04-03,italy,1300,1,1,1
federicoiosue,2023-04-05,italy,280,2,1,1
federicoiosue,2023-04-08,italy,1458,1,1,1
federicopalma-pro,2023-04-08,italy,161,1,1,1
federicoromeo,2023-03-22,italy,201,1,1,0
federicotorrielli,2023-03-30,italy,175,1,1,0
fedfontana,2023-04-03,italy,0,1,1,1
fel-mazo,2023-04-05,france,412,1,0,1
felipeleon73,2023-03-20,italy,525,1,1,0
felipeleon73,2023-03-31,italy,148,1,1,0
felix-commits,2023-03-23,france,0,1,0,0
felixbardy,2023-03-21,france,0,3,0,0
felixbardy,2023-03-25,france,85,3,0,0
felixchalumeau,2023-03-30,france,1204,1,0,0
felixgirault,2023-03-24,france,165,1,0,0
felixpekarek,2023-04-06,austria,670,1,0,1
felixtech-msp,2023-03-26,austria,1046,2,0,0
feloy,2023-03-28,france,246,1,0,0
feloy,2023-03-29,france,1431,1,0,0
feloy,2023-04-06,france,728,1,0,1
feltroidprime,2023-04-05,france,387,3,0,1
feltroidprime,2023-04-08,france,280,1,0,1
fepitre,2023-03-19,france,1232,2,0,0
ferdiga,2023-03-26,austria,1141,1,0,0
fermaud,2023-03-28,france,536,1,0,0
ferponcem,2023-03-31,france,841,1,0,0
feutl,2023-03-28,austria,1018,1,0,0
ffloimair,2023-04-05,austria,1091,1,0,1
ffoodd,2023-03-29,france,280,2,0,0
ffries,2023-03-26,france,262,1,0,0
ffromani,2023-03-23,italy,402,1,1,0
ffromani,2023-03-24,italy,221,2,1,0
ffromani,2023-03-29,italy,431,1,1,0
ffromani,2023-04-04,italy,262,2,1,1
ffromani,2023-04-05,italy,498,2,1,1
ffromani,2023-04-06,italy,74,1,1,1
fgaravaglia,2023-03-18,italy,242,2,1,0
fgarganese,2023-03-22,italy,346,1,1,0
fgaz,2023-03-19,italy,135,1,1,0
fgaz,2023-04-03,italy,1181,2,1,1
fgiorgio,2023-04-05,italy,296,1,1,1
fgrotta,2023-04-07,italy,128,1,1,1
fguiet,2023-03-22,france,219,1,0,0
fiastros,2023-04-01,france,151,1,0,1
fileman,2023-03-23,italy,737,1,1,0
filgra96,2023-03-29,italy,763,1,1,0
filippetrovicAT,2023-03-28,austria,47,1,0,0
filippetrovicAT,2023-04-02,austria,32,1,0,1
filippetrovicAT,2023-04-03,austria,49,2,0,1
filippetrovicAT,2023-04-05,austria,74,2,0,1
filippobuletto,2023-03-24,italy,576,1,1,0
filipporomani,2023-04-08,italy,95,1,1,1
fillobotto,2023-04-06,italy,578,1,1,1
filougeeknick,2023-03-31,france,6158,6,0,0
findinpath,2023-04-04,austria,1468,1,0,1
findinpath,2023-04-06,austria,67,1,0,1
finex,2023-04-04,italy,145,1,1,1
finex,2023-04-06,italy,124,1,1,1
finom,2023-03-29,austria,247,1,0,0
fiorins,2023-03-26,italy,318,1,1,0
fireport,2023-04-01,italy,1051,1,1,1
fkabs,2023-04-02,austria,0,1,0,1
fkanout,2023-03-23,france,391,1,0,0
fkanout,2023-03-24,france,293,1,0,0
fkanout,2023-03-27,france,145,1,0,0
fkanout,2023-04-03,france,544,1,0,1
fkroepfl,2023-03-29,austria,825,1,0,0
flagrede,2023-03-28,france,0,1,0,0
flanb,2023-04-06,france,0,1,0,1
flashcode,2023-04-06,france,178,1,0,1
flavienbwk,2023-04-08,france,326,1,0,1
flaviendelangle,2023-03-22,france,251,1,0,0
flaviendelangle,2023-03-24,france,438,1,0,0
flaviendelangle,2023-04-03,france,0,1,0,1
flaviendelangle,2023-04-04,france,627,1,0,1
flbla,2023-04-03,france,512,1,0,1
flbla,2023-04-07,france,1101,2,0,1
flde,2023-03-27,austria,701,1,0,0
fleboulch,2023-03-26,france,87,4,0,0
fleboulch,2023-03-27,france,47,2,0,0
fleboulch,2023-04-03,france,0,1,0,1
flemzord,2023-03-26,france,266,1,0,0
flenoir,2023-03-28,france,0,1,0,0
flescio,2023-04-03,italy,428,1,1,1
flescio,2023-04-05,italy,193,1,1,1
flescio,2023-04-07,italy,1429,3,1,1
flo-dup,2023-03-31,france,976,1,0,0
flomnes,2023-03-20,france,72,1,0,0
flomnes,2023-03-22,france,0,1,0,0
flomnes,2023-03-28,france,667,1,0,0
flomnes,2023-03-31,france,1240,1,0,0
flomonster,2023-03-20,france,703,5,0,0
flomonster,2023-04-03,france,851,1,0,1
flomonster,2023-04-04,france,637,1,0,1
flomonster,2023-04-07,france,948,1,0,1
florenceclavaud,2023-03-30,france,359,1,0,0
florenceclavaud,2023-04-04,france,2408,4,0,1
florentdestremau,2023-03-21,france,880,1,0,0
florentmaitre,2023-03-29,france,0,1,0,0
florentmaitre,2023-04-07,france,0,1,0,1
florian-jaeger,2023-04-03,austria,0,1,0,1
florian-jaeger,2023-04-05,austria,429,2,0,1
florianarnau,2023-03-31,france,0,2,0,0
florianbouvot,2023-03-29,france,190,1,0,0
florianessl,2023-04-04,austria,534,1,0,1
florianmulatz,2023-03-22,austria,498,1,0,0
floridoo,2023-04-04,austria,168,1,0,1
florimondmanca,2023-03-20,france,735,1,0,0
flosrn,2023-04-06,france,4,1,0,1
flouis1,2023-03-23,france,971,1,0,0
fluca1978,2023-03-23,italy,657,1,1,0
fluca1978,2023-03-27,italy,957,1,1,0
flyjgh,2023-03-22,france,992,2,0,0
fmancardi,2023-03-21,italy,730,1,1,0
fmancardi,2023-03-27,italy,1258,1,1,0
fmarzocca,2023-03-30,italy,286,2,1,0
fmarzocca,2023-03-31,italy,681,1,1,0
fmarzocca,2023-04-05,italy,1398,1,1,1
fmassot,2023-03-18,france,0,1,0,0
fmassot,2023-03-20,france,2805,2,0,0
fmassot,2023-03-23,france,200,1,0,0
fmassot,2023-03-24,france,223,1,0,0
fmassot,2023-03-25,france,481,2,0,0
fmassot,2023-03-27,france,1324,2,0,0
fmassot,2023-03-28,france,1132,4,0,0
fmassot,2023-04-04,france,213,2,0,1
fmassot,2023-04-05,france,326,4,0,1
fmaussion,2023-03-22,austria,811,1,0,0
fmaussion,2023-03-24,austria,1969,2,0,0
fmaussion,2023-03-25,austria,448,2,0,0
fmsabatini,2023-04-07,italy,414,1,1,1
fnzv,2023-03-23,italy,179,1,1,0
footcow,2023-03-23,france,542,1,0,0
forart,2023-04-02,italy,663,1,1,1
forart,2023-04-04,italy,291,1,1,1
forart,2023-04-08,italy,428,1,1,1
forkeer,2023-03-19,italy,117,1,1,0
forkeer,2023-04-08,italy,185,1,1,1
fosfrancesco,2023-03-22,austria,130,1,0,0
fotosettore,2023-04-03,italy,662,1,1,1
foulehistory,2023-03-22,france,498,1,0,0
fox1t,2023-04-07,italy,1177,1,1,1
foxhound87,2023-04-04,italy,727,1,1,1
foxyseta,2023-03-19,italy,277,1,1,0
foxyseta,2023-03-23,italy,175,1,1,0
foxyseta,2023-04-04,italy,462,1,1,1
foxyseta,2023-04-05,italy,550,1,1,1
foyarash,2023-03-27,france,691,1,0,0
fpapon,2023-04-05,france,118,1,0,1
fpapon,2023-04-07,france,205,1,0,1
fpesari,2023-04-01,italy,1662,2,1,1
fpesari,2023-04-03,italy,1069,1,1,1
fpom,2023-04-05,france,427,1,0,1
fpoto,2023-03-25,italy,360,1,1,0
fpottier,2023-03-23,france,746,1,0,0
fraca98,2023-03-26,italy,106,1,1,0
frague59,2023-03-24,france,414,1,0,0
francesco-ooops,2023-04-05,italy,631,1,1,1
francesco-plt,2023-03-25,italy,874,1,1,0
francescoaracu,2023-03-24,italy,377,1,1,0
francescocervone,2023-04-05,italy,877,1,1,1
francescomiliani,2023-04-06,italy,325,1,1,1
francescopellegrini,2023-03-18,italy,314,1,1,0
francescopioscognamiglio,2023-03-29,italy,727,1,1,0
franck-paul,2023-03-24,france,805,1,0,0
franck-paul,2023-04-05,france,82,1,0,1
franco27,2023-04-07,france,1118,2,0,1
francois-ferrandis,2023-03-27,france,957,1,0,0
francois-ferrandis,2023-03-28,france,1133,1,0,0
francois2metz,2023-04-02,france,248,1,0,1
francoisledroff,2023-04-06,france,127,1,0,1
francoisthire,2023-04-06,france,2905,2,0,1
francoisthire,2023-04-08,france,1177,1,0,1
frankbracq,2023-03-31,france,267,1,0,0
frankie567,2023-04-04,france,563,1,0,1
franklinselva,2023-04-03,france,1152,1,0,1
franklupo,2023-03-28,italy,41,1,1,0
franzbona,2023-04-04,italy,367,1,1,1
franzkruhm,2023-03-22,france,0,1,0,0
frapinson,2023-03-30,france,71,1,0,0
fraxken,2023-03-18,france,321,1,0,0
fraxken,2023-03-19,france,358,3,0,0
fraxken,2023-03-21,france,229,1,0,0
fraxken,2023-03-22,france,279,1,0,0
fredbi,2023-03-25,france,679,1,0,0
fredericDelaporte,2023-04-04,france,0,1,0,1
fredericlesueurs,2023-04-03,france,346,1,0,1
fredldotme,2023-03-31,austria,190,1,0,0
fredleger,2023-03-31,france,775,1,0,0
fredleger,2023-04-03,france,395,1,0,1
fredleput,2023-04-05,france,770,1,0,1
fredplante,2023-03-25,france,906,1,0,0
fredrik-johansson,2023-03-18,france,774,1,0,0
fredrik-johansson,2023-04-06,france,204,2,0,1
freechelmi,2023-04-04,france,646,1,0,1
freinbichler,2023-03-24,austria,798,1,0,0
frett27,2023-03-18,france,210,1,0,0
frett27,2023-03-19,france,118,1,0,0
fricoben,2023-03-24,france,419,2,0,0
fricoben,2023-04-03,france,1109,3,0,1
frieljames,2023-04-07,italy,367,1,1,1
friol,2023-03-18,italy,127,1,1,0
frjnn,2023-04-06,italy,745,2,1,1
frodrigo,2023-03-30,france,282,2,0,0
frodrigo,2023-04-03,france,105,1,0,1
frodrigo,2023-04-07,france,260,1,0,1
fromatlantis,2023-03-22,france,0,1,0,0
frouioui,2023-03-22,france,3128,2,0,0
frouioui,2023-03-30,france,572,1,0,0
frtrax,2023-04-07,france,35,1,0,1
frykten,2023-03-28,france,824,1,0,0
fsaccone,2023-04-08,italy,245,1,1,1
fsevestre,2023-03-28,france,418,1,0,0
fspindle,2023-03-26,france,471,1,0,0
fspindle,2023-04-07,france,366,1,0,1
fstarred,2023-03-31,italy,386,1,1,0
ftabaro,2023-04-07,italy,722,1,1,1
ftadel,2023-04-03,france,1114,1,0,1
ftaiolivista,2023-04-07,italy,1164,2,1,1
ftomassetti,2023-03-23,italy,773,2,1,0
ftomassetti,2023-04-03,italy,76,1,1,1
ftomassetti,2023-04-05,italy,416,1,1,1
ftucky,2023-03-30,france,1211,2,0,0
fubhy,2023-03-22,austria,728,1,0,0
fubhy,2023-03-23,austria,1325,1,0,0
fubhy,2023-04-01,austria,604,1,0,1
fuco809,2023-03-28,austria,201,1,0,0
fugudesign,2023-04-07,france,0,1,0,1
fume,2023-03-30,italy,0,1,1,0
funkycram,2023-03-28,france,500,1,0,0
fuomag9,2023-03-22,italy,1089,1,1,0
fuomag9,2023-03-25,italy,1022,1,1,0
fuomag9,2023-03-28,italy,672,1,1,0
fusillicode,2023-03-26,italy,0,4,1,0
fusillicode,2023-03-27,italy,0,1,1,0
fusillicode,2023-04-01,italy,127,3,1,1
fusillicode,2023-04-02,italy,65,3,1,1
fusillicode,2023-04-07,italy,0,1,1,1
fusillicode,2023-04-08,italy,0,2,1,1
fuzailpalnak,2023-04-03,austria,1563,1,0,1
fvalle1,2023-04-07,italy,1159,1,1,1
fvanderbiest,2023-03-19,france,306,1,0,0
fvanderbiest,2023-03-23,france,1414,1,0,0
fvanderbiest,2023-03-28,france,541,1,0,0
fvanderbiest,2023-03-31,france,81,1,0,0
fvanderbiest,2023-04-02,france,357,1,0,1
fvictorio,2023-04-04,italy,141,1,1,1
fxmarty,2023-03-20,france,714,1,0,0
fxmarty,2023-03-23,france,595,1,0,0
fxmarty,2023-03-24,france,969,1,0,0
fxpar,2023-03-19,france,0,12,0,0
fxpar,2023-03-22,france,415,56,0,0
fxpar,2023-03-26,france,0,17,0,0
fxrobin,2023-03-30,france,0,1,0,0
fzaninotto,2023-04-04,france,1580,1,0,1
g-apparence,2023-03-18,france,398,1,0,0
g-clems,2023-03-25,france,538,3,0,0
g-iannelli,2023-03-29,italy,1160,1,1,0
g-vidal,2023-03-23,france,2689,2,0,0
g-vidal,2023-03-25,france,609,1,0,0
g0blin79,2023-03-31,italy,0,1,1,0
g123k,2023-03-25,france,2841,7,0,0
g123k,2023-03-29,france,692,1,0,0
g123k,2023-03-31,france,1367,2,0,0
g123k,2023-04-08,france,1481,2,0,1
g1sbi,2023-03-23,italy,257,1,1,0
g1sbi,2023-04-05,italy,676,1,1,1
g33ky00,2023-03-18,france,779,1,0,0
g3r4n,2023-04-04,france,192,1,0,1
g4challenge,2023-03-23,austria,585,1,0,0
g8a9,2023-03-22,italy,693,1,1,0
g8a9,2023-03-28,italy,1196,2,1,0
gaambo,2023-03-27,austria,173,1,0,0
gabrielcolson,2023-03-27,france,821,1,0,0
gabrielenava,2023-03-21,italy,447,1,1,0
gabrieletassoni,2023-03-27,italy,770,1,1,0
gabrielnvian,2023-04-03,italy,262,1,1,1
gabrjc,2023-04-05,italy,474,1,1,1
gabsoftware,2023-03-23,france,157,1,0,0
gaelfoppolo,2023-04-05,france,571,2,0,1
gaelreyrol,2023-03-23,france,361,2,0,0
gaelreyrol,2023-03-28,france,71,1,0,0
gaelreyrol,2023-04-04,france,507,7,0,1
gaelreyrol,2023-04-05,france,59,2,0,1
gaelreyrol,2023-04-06,france,39,1,0,1
gaetanHerve,2023-03-31,france,0,3,0,0
gaetanHerve,2023-04-02,france,0,1,0,1
gaetanars,2023-03-24,france,1165,1,0,0
gaetansenn,2023-04-06,france,1509,1,0,1
gaetansnl,2023-04-06,france,418,1,0,1
gagbo,2023-03-21,france,653,1,0,0
gagbo,2023-03-23,france,305,1,0,0
gagbo,2023-03-31,france,308,2,0,0
galcha,2023-04-03,france,513,1,0,1
gallart,2023-03-22,france,813,1,0,0
galleon,2023-04-06,france,1252,1,0,1
gammaray05,2023-04-01,italy,84,1,1,1
gand3lf,2023-03-20,italy,1154,1,1,0
gandous,2023-03-22,france,189,1,0,0
gansheer,2023-03-24,france,929,1,0,0
gansheer,2023-03-28,france,212,1,0,0
garak,2023-03-21,italy,314,1,1,0
garaud,2023-03-20,france,578,1,0,0
garis,2023-03-31,italy,919,1,1,0
garis,2023-04-04,italy,986,1,1,1
garronej,2023-03-22,france,0,1,0,0
garronej,2023-03-31,france,0,1,0,0
garronej,2023-04-06,france,423,1,0,1
garryde,2023-03-27,italy,181,1,1,0
gary-van-woerkens,2023-03-28,france,0,1,0,0
gasilber,2023-03-27,france,459,2,0,0
gaspachoo,2023-03-22,france,84,1,0,0
gaugau3000,2023-03-27,france,284,1,0,0
gaugau3000,2023-03-28,france,694,1,0,0
gaugau3000,2023-03-30,france,1176,1,0,0
gaurvigoyal,2023-04-07,italy,820,2,1,1
gautier-gdx,2023-03-18,france,1057,1,0,0
gautier-gdx,2023-03-20,france,6053,6,0,0
gautier-gdx,2023-03-21,france,26946,27,0,0
gautier-laurent,2023-03-23,france,729,1,0,0
gautierbureau,2023-03-23,france,247,1,0,0
gautierbureau,2023-04-06,france,0,3,0,1
gautierronan,2023-03-28,france,350,1,0,0
gautierronan,2023-03-29,france,610,1,0,0
gautierronan,2023-03-30,france,970,1,0,0
gazorby,2023-04-04,france,117,1,0,1
gbagan,2023-03-22,france,292,1,0,0
gbartolini,2023-03-20,italy,0,1,1,0
gbartolini,2023-03-21,italy,385,1,1,0
gbartolini,2023-03-23,italy,815,1,1,0
gbelardelli,2023-03-24,italy,104,1,1,0
gberche-orange,2023-03-21,france,639,1,0,0
gberche-orange,2023-03-22,france,1936,2,0,0
gberche-orange,2023-03-24,france,835,1,0,0
gberche-orange,2023-03-27,france,3480,3,0,0
gberche-orange,2023-03-28,france,2412,3,0,0
gberche-orange,2023-03-30,france,746,1,0,0
gberche-orange,2023-04-04,france,922,1,0,1
gberche-orange,2023-04-05,france,733,2,0,1
gberche-orange,2023-04-07,france,2147,2,0,1
gbettinazzi,2023-04-07,italy,961,1,1,1
gbrah,2023-04-08,france,0,1,0,1
gbrivady,2023-03-24,france,102,1,0,0
gcerretani,2023-03-20,italy,831,1,1,0
gcoter,2023-03-28,france,165,1,0,0
gd-harco,2023-04-07,france,176,1,0,1
gdassori,2023-03-19,italy,1312,2,1,0
gdassori,2023-04-01,italy,1534,7,1,1
gdassori,2023-04-02,italy,797,1,1,1
gdassori,2023-04-03,italy,279,1,1,1
gdevailly,2023-03-30,france,270,1,0,0
gdevailly,2023-03-31,france,32,1,0,0
gdevailly,2023-04-03,france,42,1,0,1
gdevailly,2023-04-04,france,104,1,0,1
gdevillele,2023-03-28,france,253,1,0,0
geleeroyale,2023-03-30,austria,419,1,0,0
gendy54,2023-03-29,france,245,1,0,0
gendy54,2023-04-06,france,121,1,0,1
genglert,2023-04-01,france,211,1,0,1
genma,2023-03-21,france,166,1,0,0
geo-tp,2023-03-18,france,665,1,0,0
geo-tp,2023-03-23,france,1058,1,0,0
geo-tp,2023-03-24,france,1323,2,0,0
geo-tp,2023-03-25,france,4723,9,0,0
geo-tp,2023-03-26,france,5684,6,0,0
geo-tp,2023-03-27,france,686,1,0,0
geo-tp,2023-03-29,france,1307,1,0,0
geo-tp,2023-03-30,france,824,2,0,0
geo-tp,2023-03-31,france,3054,3,0,0
geo-tp,2023-04-01,france,536,1,0,1
geo-tp,2023-04-04,france,2785,4,0,1
geo-tp,2023-04-06,france,499,1,0,1
geo-tp,2023-04-07,france,456,1,0,1
geonux,2023-03-18,france,206,1,0,0
geonux,2023-03-22,france,206,1,0,0
geonux,2023-03-23,france,624,3,0,0
geonux,2023-03-25,france,206,1,0,0
geonux,2023-03-26,france,206,1,0,0
geonux,2023-03-27,france,206,1,0,0
geonux,2023-03-28,france,206,1,0,0
geonux,2023-03-29,france,206,1,0,0
geonux,2023-03-30,france,206,1,0,0
geonux,2023-03-31,france,206,1,0,0
geonux,2023-04-01,france,206,1,0,1
geonux,2023-04-02,france,206,1,0,1
geonux,2023-04-04,france,417,2,0,1
geonux,2023-04-05,france,215,1,0,1
geonux,2023-04-06,france,215,1,0,1
georgd,2023-04-04,austria,414,1,0,1
georges-g,2023-03-27,france,1065,1,0,0
geraldhe,2023-03-22,austria,797,1,0,0
geraldo,2023-03-21,austria,157,1,0,0
geraldo,2023-03-23,austria,62,1,0,0
gerardlemetayerc,2023-03-24,france,60,1,0,0
germainlefebvre4,2023-03-27,france,387,1,0,0
geryogam,2023-03-24,france,1405,1,0,0
gerzin,2023-03-26,italy,0,1,1,0
gerzin,2023-03-27,italy,0,1,1,0
getlarge,2023-03-21,austria,308,1,0,0
getlarge,2023-03-27,austria,226,1,0,0
getlarge,2023-03-31,austria,128,1,0,0
getlarge,2023-04-04,austria,363,1,0,1
getlarge,2023-04-05,austria,592,1,0,1
getvega,2023-03-31,france,838,1,0,0
geustache,2023-03-29,france,1500,1,0,0
geustache,2023-04-04,france,813,1,0,1
gforien,2023-03-28,france,788,1,0,0
gfriloux,2023-03-30,france,1223,1,0,0
gfriloux,2023-03-31,france,1074,1,0,0
gfursin,2023-04-08,france,298,2,0,1
ggalimba56,2023-03-23,italy,248,1,1,0
ggardin,2023-03-27,italy,243,1,1,0
ggardin,2023-03-31,italy,243,1,1,0
ggoffy,2023-04-08,austria,235,1,0,1
ggreco,2023-04-07,italy,788,1,1,1
ggrossetie,2023-03-19,france,334,1,0,0
ggrossetie,2023-03-20,france,57,1,0,0
ggrossetie,2023-03-22,france,318,1,0,0
ggrossetie,2023-03-24,france,314,2,0,0
ggrossetie,2023-04-05,france,2771,4,0,1
ghazivakili,2023-03-30,italy,676,1,1,0
ghbob,2023-03-28,austria,627,1,0,0
ghisvail,2023-03-24,france,242,1,0,0
ghisvail,2023-03-27,france,215,1,0,0
ghisvail,2023-04-04,france,1299,1,0,1
ghusta,2023-04-03,france,422,2,0,1
ghys,2023-04-01,france,1159,1,0,1
giacgbj,2023-03-21,italy,334,1,1,0
giacomociti,2023-03-29,italy,1276,1,1,0
giacomolicari,2023-03-28,italy,68,1,1,0
giadasp,2023-03-23,italy,44,1,1,0
giamo,2023-04-05,italy,1162,1,1,1
giampaolo,2023-03-28,italy,490,1,1,0
gianfranco-l,2023-03-21,italy,0,1,1,0
gianfranco-l,2023-03-23,italy,1053,1,1,0
gianfranco-l,2023-03-28,italy,0,1,1,0
gianfranco-l,2023-03-29,italy,0,2,1,0
gianluca-pepe,2023-03-24,italy,0,1,1,0
gianluca-pepe,2023-04-03,italy,968,1,1,1
gianluca-sabena,2023-04-04,italy,281,1,1,1
gianlucadonato,2023-03-20,italy,1022,1,1,0
gianlucadonato,2023-04-04,italy,1196,3,1,1
gianlucag,2023-04-07,italy,229,1,1,1
gianlucamazza,2023-03-29,italy,872,1,1,0
giann,2023-03-29,france,138,1,0,0
gianscarpe,2023-03-29,italy,268,1,1,0
gianscarpe,2023-03-30,italy,362,1,1,0
gianscarpe,2023-04-04,italy,0,1,1,1
gidden,2023-03-18,austria,304,2,0,0
gigitux,2023-03-22,italy,1682,2,1,0
gigitux,2023-03-23,italy,946,1,1,0
gigitux,2023-03-26,italy,538,1,1,0
gilles-duboscq,2023-04-07,france,840,4,0,1
gilles-peskine-arm,2023-04-08,france,259,1,0,1
ginifizz,2023-03-22,france,0,3,0,0
giobber,2023-03-20,italy,1153,6,1,0
giobber,2023-03-21,italy,136,1,1,0
giobber,2023-03-22,italy,0,1,1,0
giobber,2023-03-23,italy,0,3,1,0
giobber,2023-03-25,italy,253,4,1,0
giobber,2023-03-26,italy,0,1,1,0
gioboa,2023-04-03,italy,131,1,1,1
gioboa,2023-04-05,italy,99,1,1,1
giomex123,2023-04-07,italy,365,1,1,1
gionn,2023-03-22,italy,1292,1,1,0
giorgiga,2023-04-03,italy,449,1,1,1
giorgiga,2023-04-04,italy,249,1,1,1
giorgiga,2023-04-06,italy,634,1,1,1
giorgiga,2023-04-08,italy,561,1,1,1
giorgionocera,2023-04-07,italy,1115,1,1,1
giorio94,2023-03-29,italy,407,1,1,0
giosteh,2023-03-24,italy,80,1,1,0
giosteh,2023-04-05,italy,168,1,1,1
giovannialberto,2023-03-20,italy,721,2,1,0
giovannialberto,2023-03-21,italy,0,1,1,0
giovannialberto,2023-04-06,italy,198,1,1,1
giovanniberti,2023-03-31,italy,280,1,1,0
giovannilamarmora,2023-03-30,italy,62,1,1,0
giovannilamarmora,2023-03-31,italy,237,4,1,0
gipi,2023-03-30,italy,931,1,1,0
git001,2023-04-06,austria,1281,1,0,1
git001,2023-04-07,austria,1438,2,0,1
gitgabrio,2023-03-31,italy,0,8,1,0
gitgabrio,2023-04-07,italy,0,1,1,1
githubharald,2023-03-23,austria,252,1,0,0
giulianopz,2023-03-27,italy,0,3,1,0
giuliopons,2023-04-07,italy,244,2,1,1
giuliopons,2023-04-08,italy,40,1,1,1
giuseppe,2023-03-22,italy,84,1,1,0
giuseppemacc,2023-04-06,italy,320,1,1,1
giuseppemilicia,2023-03-22,italy,569,1,1,0
gjhuizing,2023-04-03,france,1491,1,0,1
gjhuizing,2023-04-07,france,61,1,0,1
gl,2023-04-07,france,366,1,0,1
glacambre,2023-03-24,france,906,2,0,0
glacambre,2023-04-01,france,1460,1,0,1
glacambre,2023-04-02,france,765,1,0,1
glanc,2023-03-30,italy,1004,1,1,0
glefait,2023-03-18,france,8059,37,0,0
glefait,2023-03-19,france,8258,38,0,0
glefait,2023-03-20,france,6376,29,0,0
glefait,2023-03-21,france,7900,36,0,0
glefait,2023-03-22,france,7232,33,0,0
glefait,2023-03-23,france,8938,41,0,0
glefait,2023-03-24,france,7021,32,0,0
glefait,2023-03-25,france,9308,43,0,0
glefait,2023-03-26,france,8128,37,0,0
glefait,2023-03-27,france,10045,46,0,0
glefait,2023-03-28,france,7665,35,0,0
glefait,2023-03-29,france,7292,33,0,0
glefait,2023-03-30,france,6779,31,0,0
glefait,2023-03-31,france,10091,46,0,0
glefait,2023-04-01,france,10238,47,0,1
glefait,2023-04-02,france,9861,45,0,1
glefait,2023-04-03,france,8570,39,0,1
glefait,2023-04-04,france,9411,43,0,1
glefait,2023-04-05,france,8094,37,0,1
glefait,2023-04-06,france,10911,50,0,1
glefait,2023-04-07,france,8745,40,0,1
glefait,2023-04-08,france,10357,47,0,1
glehmann,2023-03-23,france,452,1,0,0
glemaitre,2023-03-29,france,449,1,0,0
glennreyes,2023-04-07,austria,1536,1,0,1
glihm,2023-03-27,france,456,1,0,0
glihm,2023-03-28,france,496,1,0,0
glihm,2023-04-07,france,1170,1,0,1
gmacario,2023-03-19,italy,491,1,1,0
gmacario,2023-03-24,italy,506,1,1,0
gmacario,2023-03-25,italy,695,1,1,0
gmaze,2023-04-04,france,1246,1,0,1
gmaze,2023-04-05,france,508,1,0,1
gmcusaro,2023-03-20,italy,111,1,1,0
gmella,2023-04-04,france,134,1,0,1
gmonacho,2023-03-18,france,300,1,0,0
gmpetrov,2023-03-28,france,1273,2,0,0
gmpetrov,2023-03-31,france,0,3,0,0
gmpetrov,2023-04-07,france,0,3,0,1
gmzu,2023-03-21,italy,392,1,1,0
gnos28,2023-03-27,france,398,2,0,0
gnuletik,2023-03-30,france,582,1,0,0
gnuton,2023-03-27,italy,377,1,1,0
godmodegalactus,2023-04-06,france,129,1,0,1
golgor,2023-03-24,austria,69,1,0,0
googleanalyticsresoneo,2023-03-26,france,1019,1,0,0
googol7,2023-04-03,austria,22,1,0,1
gordon0001,2023-03-25,austria,1034,1,0,0
goswinr,2023-03-22,austria,1533,1,0,0
goulinkh,2023-04-04,france,978,3,0,1
goulinkh,2023-04-05,france,0,2,0,1
goulvench,2023-03-28,france,1326,1,0,0
goulvench,2023-04-07,france,672,1,0,1
gounux,2023-03-25,france,888,11,0,0
gouvinb,2023-03-29,france,1301,2,0,0
gozus19p,2023-03-29,italy,425,1,1,0
gpad,2023-04-06,italy,267,1,1,1
gpakosz,2023-04-08,france,312,1,0,1
gparant,2023-04-05,france,60,1,0,1
gpoudrel,2023-04-02,france,1008,5,0,1
gpoudrel,2023-04-03,france,198,1,0,1
gprossliner,2023-03-31,austria,983,1,0,0
gquerret,2023-04-04,france,753,1,0,1
gquintana,2023-04-07,france,1294,1,0,1
gre,2023-04-04,france,0,1,0,1
greg0ire,2023-03-22,france,284,1,0,0
greg0ire,2023-03-24,france,886,1,0,0
greg0ire,2023-03-30,france,505,1,0,0
gregfr,2023-03-22,france,462,1,0,0
gregharvey,2023-03-23,france,302,1,0,0
gregharvey,2023-03-24,france,498,1,0,0
gregor-j,2023-04-05,austria,650,2,0,1
gregorpirgie,2023-03-21,austria,2288,6,0,0
gregorpirgie,2023-04-04,austria,735,1,0,1
gremo,2023-03-21,italy,1021,1,1,0
grey10110,2023-04-02,france,668,1,0,1
greyhairredbear,2023-03-21,austria,0,1,0,0
gromon42,2023-03-29,france,271,1,0,0
grospelliergilles,2023-03-29,france,139,1,0,0
grst,2023-03-23,austria,369,1,0,0
grst,2023-03-24,austria,2105,3,0,0
grst,2023-03-29,austria,2021,5,0,0
grst,2023-04-03,austria,141,1,0,1
grst,2023-04-05,austria,1506,2,0,1
grst,2023-04-06,austria,356,2,0,1
grst,2023-04-07,austria,1836,2,0,1
grzi,2023-03-19,france,614,2,0,0
gsaielli,2023-03-23,italy,62,1,1,0
gsarrco,2023-03-18,italy,0,2,1,0
gschoenberger,2023-03-22,austria,1020,1,0,0
gschurck,2023-03-25,france,646,1,0,0
gsemet,2023-03-27,france,453,1,0,0
gsemet,2023-04-03,france,675,1,0,1
gsmet,2023-03-29,france,2483,4,0,0
gsora,2023-03-22,italy,1327,2,1,0
gsora,2023-03-28,italy,313,1,1,0
gsora,2023-04-03,italy,287,1,1,1
gspinaci,2023-04-05,italy,0,1,1,1
gturpin-dev,2023-03-18,france,388,4,0,0
gturpin-dev,2023-03-20,france,517,3,0,0
gturpin-dev,2023-03-23,france,126,1,0,0
guedressel,2023-03-31,austria,1100,1,0,0
guenterhack,2023-04-03,austria,241,1,0,1
guentherwieser,2023-04-04,austria,934,2,0,1
guerrap,2023-03-24,italy,325,1,1,0
guerrap,2023-03-27,italy,711,2,1,0
guerrap,2023-04-05,italy,406,1,1,1
guerro323,2023-04-03,france,826,1,0,1
guidobuldrighini,2023-03-21,italy,1258,1,1,0
guidouil,2023-04-05,france,136,1,0,1
guigautier,2023-03-24,france,485,1,0,0
guillaume-chervet,2023-03-26,france,315,1,0,0
guillaume-gagnaire,2023-03-20,france,391,2,0,0
guillaume-gagnaire,2023-03-27,france,206,1,0,0
guillaume-gagnaire,2023-03-31,france,193,1,0,0
guillaume-michel,2023-03-22,france,726,1,0,0
guillaumefontes,2023-04-04,france,457,1,0,1
guillaumekln,2023-03-30,france,1544,1,0,0
guillobits,2023-04-04,france,189,4,0,1
guillp,2023-03-28,france,874,1,0,0
guimachiavelli,2023-04-05,italy,1901,2,1,1
guimachiavelli,2023-04-06,italy,2062,5,1,1
guimarqu,2023-03-29,france,212,1,0,0
guimarqu,2023-03-30,france,0,1,0,0
guimarqu,2023-04-07,france,39,1,0,1
guime7000,2023-03-27,france,695,2,0,0
guizer,2023-03-24,france,153,1,0,0
guizmo51,2023-03-25,france,560,1,0,0
gungun974,2023-04-07,france,778,2,0,1
gunterze,2023-03-20,austria,55,1,0,0
gunterze,2023-03-22,austria,125,1,0,0
gunterze,2023-03-23,austria,297,1,0,0
gunterze,2023-03-25,austria,86,1,0,0
gunterze,2023-03-27,austria,683,1,0,0
gunterze,2023-03-29,austria,147,1,0,0
gunterze,2023-03-30,austria,1207,1,0,0
gunterze,2023-04-01,austria,438,2,0,1
gunterze,2023-04-03,austria,94,1,0,1
gunterze,2023-04-05,austria,227,2,0,1
gunterze,2023-04-06,austria,299,3,0,1
gunterze,2023-04-07,austria,185,2,0,1
gustaveWPM,2023-03-20,france,1394,1,0,0
gustaveWPM,2023-03-22,france,1298,1,0,0
gustaveWPM,2023-03-24,france,64,1,0,0
gustaveWPM,2023-03-25,france,176,2,0,0
gustaveWPM,2023-03-27,france,6,2,0,0
gustaveWPM,2023-03-31,france,672,2,0,0
guy038,2023-03-25,france,595,1,0,0
guyguy333,2023-03-21,france,977,1,0,0
guyguy333,2023-03-28,france,511,1,0,0
gwarf,2023-03-20,france,77,1,0,0
gwen001,2023-03-24,france,1032,1,0,0
gwen001,2023-03-25,france,7736,10,0,0
gwen001,2023-03-26,france,2579,2,0,0
gwen001,2023-03-27,france,752,1,0,0
gwen001,2023-03-28,france,1941,4,0,0
gwen001,2023-03-30,france,1682,2,0,0
gwen001,2023-04-03,france,2694,3,0,1
gwen001,2023-04-05,france,1901,2,0,1
gwen001,2023-04-06,france,2487,3,0,1
gwen001,2023-04-07,france,6248,7,0,1
gwen1230,2023-03-24,france,221,1,0,0
gwenn,2023-03-25,france,575,1,0,0
gzotti,2023-04-02,austria,720,1,0,1
h0pes,2023-04-01,italy,522,1,1,1
h2o64,2023-03-28,france,771,1,0,0
h4c5,2023-03-29,france,545,1,0,0
hackademix,2023-03-28,italy,1371,1,1,0
hackademix,2023-04-03,italy,1060,1,1,1
hackpirodev,2023-04-05,italy,232,1,1,1
hadess,2023-04-01,france,520,1,0,1
hadess,2023-04-04,france,588,1,0,1
hadouin,2023-03-21,france,0,3,0,0
hadouin,2023-04-04,france,0,1,0,1
hagen1778,2023-03-21,austria,795,1,0,0
hagen1778,2023-03-22,austria,1443,1,0,0
hagen1778,2023-03-27,austria,220,1,0,0
hagen1778,2023-03-28,austria,1004,1,0,0
hagen1778,2023-03-29,austria,350,1,0,0
hagen1778,2023-03-30,austria,445,1,0,0
haimat,2023-03-29,austria,1191,1,0,0
haimat,2023-04-03,austria,508,1,0,1
hakilebara,2023-03-22,france,122,1,0,0
haldo98,2023-03-24,italy,324,1,1,0
haldo98,2023-04-02,italy,615,1,1,1
haldo98,2023-04-05,italy,442,1,1,1
halejo-as,2023-03-30,france,322,1,0,0
hamza-tam,2023-03-18,france,170,1,0,0
handgull,2023-03-23,italy,167,1,1,0
hanikoussa,2023-03-27,france,1497,1,0,0
hannescam,2023-03-21,italy,276,1,1,0
hannescam,2023-03-24,italy,80,1,1,0
hannesjung,2023-03-21,austria,654,1,0,0
hannestschofenig,2023-03-26,austria,289,1,0,0
hannestschofenig,2023-03-30,austria,57,1,0,0
hansdav,2023-03-18,austria,1304,13,0,0
hansratzinger,2023-04-01,austria,649,1,0,1
haraldschilly,2023-03-24,austria,738,1,0,0
haraldschilly,2023-03-30,austria,592,1,0,0
haraldschilly,2023-04-04,austria,757,1,0,1
haraldschilly,2023-04-05,austria,175,1,0,1
haraldsteinlechner,2023-04-07,austria,566,2,0,1
harlem88,2023-03-21,italy,847,1,1,0
harlem88,2023-03-28,italy,425,3,1,0
harlem88,2023-03-31,italy,247,5,1,0
harlem88,2023-04-05,italy,0,1,1,1
harlem88,2023-04-06,italy,737,4,1,1
hartundweich,2023-04-05,austria,1397,1,0,1
haslinger,2023-03-28,austria,1142,1,0,0
haubourg,2023-03-20,france,1377,1,0,0
haubourg,2023-03-21,france,417,1,0,0
hawkbee1,2023-03-18,france,501,2,0,0
hawkbee1,2023-03-22,france,0,1,0,0
hawkbee1,2023-03-24,france,737,4,0,0
hawkbee1,2023-03-27,france,0,1,0,0
hawkbee1,2023-03-29,france,811,4,0,0
hawkbee1,2023-03-30,france,0,1,0,0
hawkbee1,2023-03-31,france,113,1,0,0
hawkbee1,2023-04-03,france,0,1,0,1
hawkbee1,2023-04-05,france,547,3,0,1
hax1,2023-04-05,austria,205,1,0,1
hbadi,2023-03-22,france,446,1,0,0
hbadi,2023-04-03,france,671,1,0,1
hboutemy,2023-03-29,france,1114,1,0,0
hboutemy,2023-03-30,france,333,1,0,0
hboutemy,2023-04-04,france,523,1,0,1
hbredin,2023-03-29,france,586,1,0,0
hdinia,2023-03-28,france,944,1,0,0
hdost,2023-03-23,france,332,1,0,0
hdost,2023-03-30,france,415,1,0,0
hdsdi3g,2023-03-20,france,0,1,0,0
hdsdi3g,2023-03-23,france,0,1,0,0
hdtrinh,2023-03-21,italy,424,1,1,0
heboquet,2023-04-06,france,884,1,0,1
hedibouattour,2023-03-24,france,702,1,0,0
hedjour,2023-03-27,france,156,1,0,0
hellais,2023-03-19,italy,144,1,1,0
hemroda,2023-03-22,france,198,2,0,0
hemroda,2023-04-04,france,0,1,0,1
hemroda,2023-04-05,france,58,1,0,1
henon,2023-03-29,austria,1705,2,0,0
henryx,2023-04-07,italy,324,1,1,1
herbievine,2023-03-23,france,691,1,0,0
herewithme,2023-03-22,france,0,4,0,0
heristop,2023-03-25,france,0,1,0,0
heruan,2023-03-29,italy,1367,5,1,0
heryoff,2023-04-02,italy,153,1,1,1
heryoff,2023-04-06,italy,0,1,1,1
heurtematte,2023-03-29,france,926,1,0,0
hfmrow,2023-03-22,france,671,1,0,0
hgroschaus,2023-04-05,france,1516,2,0,1
hhirtz,2023-03-21,france,150,1,0,0
hibadjebabria169,2023-03-20,france,764,1,0,0
hifly81,2023-03-22,italy,70,3,1,0
hifly81,2023-04-03,italy,203,1,1,1
hifly81,2023-04-05,italy,0,1,1,1
hillmich,2023-03-21,austria,1154,2,0,0
hirnschmalz,2023-04-05,austria,67,1,0,1
hknet,2023-03-21,austria,636,1,0,0
hknet,2023-04-08,austria,2672,2,0,1
hmeneuvrier,2023-03-20,france,367,5,0,0
hmeneuvrier,2023-03-21,france,199,2,0,0
hmeneuvrier,2023-03-22,france,0,1,0,0
hmeneuvrier,2023-03-23,france,104,3,0,0
hmeneuvrier,2023-03-28,france,150,3,0,0
hmeneuvrier,2023-03-31,france,437,1,0,0
hmeneuvrier,2023-04-04,france,449,1,0,1
hnegadi,2023-03-21,france,122,1,0,0
hoangthang1607,2023-04-04,france,371,1,0,1
hoermannklaus,2023-04-06,austria,177,3,0,1
hogoww,2023-03-20,france,289,1,0,0
hogoww,2023-03-21,france,568,1,0,0
hola-soy-milk,2023-03-20,austria,20,1,0,0
hola-soy-milk,2023-03-28,austria,288,1,0,0
holtzy,2023-03-24,france,264,1,0,0
holzeis,2023-03-20,austria,178,1,0,0
holzeis,2023-03-21,austria,1503,2,0,0
holzeis,2023-03-24,austria,536,1,0,0
holzeis,2023-03-25,austria,289,1,0,0
holzeis,2023-03-27,austria,1012,1,0,0
homeostasie,2023-03-21,france,0,1,0,0
homeostasie,2023-03-28,france,0,2,0,0
homersimpsons,2023-03-25,france,1685,2,0,0
homersimpsons,2023-03-28,france,976,1,0,0
houseofai,2023-03-30,france,1217,1,0,0
houssemradhouane,2023-03-29,france,196,1,0,0
houssems,2023-03-30,france,605,1,0,0
hpreki,2023-03-20,austria,927,1,0,0
hrasoa,2023-03-27,france,204,1,0,0
hrasoa,2023-04-07,france,545,1,0,1
hsandt,2023-03-18,france,2297,3,0,0
hsandt,2023-03-22,france,379,1,0,0
hsandt,2023-03-24,france,1434,1,0,0
hsandt,2023-03-28,france,1290,1,0,0
hteumeuleu,2023-04-01,france,1057,4,0,1
hteumeuleu,2023-04-02,france,181,1,0,1
hteumeuleu,2023-04-07,france,346,1,0,1
huang-julien,2023-03-23,france,748,1,0,0
hubertba,2023-03-22,austria,567,1,0,0
hugoattal,2023-04-05,france,1196,1,0,1
hugoattal,2023-04-06,france,813,1,0,1
hugocaillard,2023-03-22,france,69,1,0,0
hugocaillard,2023-03-24,france,1259,2,0,0
hugocartwright,2023-03-30,france,65,1,0,0
hugocartwright,2023-04-01,france,31,1,0,1
hugofintecture,2023-03-28,france,1351,1,0,0
hugokernel,2023-03-22,france,848,1,0,0
hugolpz,2023-03-20,france,449,1,0,0
hugolpz,2023-03-26,france,47,1,0,0
hugolpz,2023-04-04,france,444,1,0,1
hugopanel,2023-03-18,france,598,6,0,0
hugtalbot,2023-04-05,france,513,3,0,1
humanoidcreature,2023-03-23,austria,627,1,0,0
hunoutl,2023-04-03,france,689,2,0,1
hurrikaanig,2023-04-01,france,32,1,0,1
huyhoang8398,2023-03-31,france,1093,1,0,0
huynhdoo,2023-03-20,france,113,7,0,0
huynhdoo,2023-04-05,france,28,1,0,1
hyperfraise,2023-03-28,france,876,1,0,0
hyyking,2023-03-26,france,128,1,0,0
iDevelopper,2023-03-30,france,131,1,0,0
iEnderman55,2023-03-26,italy,39,1,1,0
iEnderman55,2023-03-30,italy,483,2,1,0
iFairPlay22,2023-03-23,france,221,1,0,0
iPazu,2023-04-01,france,0,1,0,1
iPazu,2023-04-07,france,40,1,0,1
iQuickDev,2023-03-20,italy,182,1,1,0
iTEEECH,2023-03-22,france,856,1,0,0
iTrooz,2023-03-24,france,147,1,0,0
iTrooz,2023-03-29,france,532,1,0,0
iacobucci,2023-04-04,italy,0,1,1,1
iago-lito,2023-03-28,france,1131,1,0,0
iambriccardo,2023-03-20,austria,0,1,0,0
iambriccardo,2023-03-21,austria,0,1,0,0
iambriccardo,2023-03-22,austria,0,3,0,0
iambriccardo,2023-03-31,austria,0,1,0,0
iambriccardo,2023-04-03,austria,447,1,0,1
iamcryptoki,2023-04-04,france,482,1,0,1
iannellog,2023-03-21,italy,5,1,1,0
iannellog,2023-03-29,italy,939,1,1,0
iannellog,2023-04-01,italy,342,1,1,1
iannellog,2023-04-02,italy,1372,2,1,1
ianzone,2023-03-24,france,187,1,0,0
ianzone,2023-03-26,france,113,1,0,0
ianzone,2023-04-01,france,166,1,0,1
ianzone,2023-04-06,france,385,1,0,1
ianzone,2023-04-08,france,38,1,0,1
iburrows,2023-03-24,austria,1002,1,0,0
iccicci,2023-03-28,italy,813,1,1,0
ich777,2023-03-29,austria,965,1,0,0
icyz,2023-03-23,italy,863,1,1,0
iddq,2023-04-06,austria,177,1,0,1
idrisschebak,2023-03-24,france,140,1,0,0
ievred,2023-03-24,france,30,1,0,0
if-web-dev,2023-03-18,france,97,1,0,0
if-web-dev,2023-03-22,france,0,1,0,0
if-web-dev,2023-03-23,france,0,1,0,0
if-web-dev,2023-03-25,france,108,5,0,0
if-web-dev,2023-03-27,france,0,1,0,0
if-web-dev,2023-04-01,france,0,1,0,1
ifl0w,2023-04-02,austria,270,2,0,1
ifndev,2023-03-25,france,0,11,0,0
ifndev,2023-03-26,france,173,1,0,0
iheb-chakroun,2023-04-05,france,756,1,0,1
iherman,2023-03-18,france,434,1,0,0
iherman,2023-03-28,france,1537,2,0,0
iherman,2023-04-07,france,1581,1,0,1
ihsaan-ullah,2023-04-04,france,248,1,0,1
ikeas68,2023-03-21,france,904,1,0,0
ilPas,2023-04-04,italy,187,1,1,1
ilaborie,2023-03-29,france,118,1,0,0
ilariiiiia,2023-03-19,italy,0,10,1,0
ild0tt0re,2023-04-01,italy,1100,1,1,1
ilendemli,2023-03-31,austria,1579,1,0,0
ilgrosso,2023-03-23,italy,838,1,1,0
illwieckz,2023-03-29,france,1062,1,0,0
illwieckz,2023-04-06,france,204,1,0,1
illwieckz,2023-04-07,france,920,1,0,1
illwieckz,2023-04-08,france,413,1,0,1
ilteoood,2023-03-29,italy,578,1,1,0
ilyichv,2023-03-29,italy,0,6,1,0
ilyichv,2023-04-07,italy,112,1,1,1
imath,2023-03-24,france,466,3,0,0
imath,2023-03-26,france,141,1,0,0
imclem,2023-03-24,france,577,1,0,0
imdoxy,2023-03-20,italy,461,1,1,0
indie-rok,2023-04-05,france,0,2,0,1
indyteo,2023-03-20,france,0,1,0,0
indyteo,2023-04-07,france,0,1,0,1
infabo,2023-03-23,austria,177,1,0,0
ingoboerner,2023-03-28,austria,120,2,0,0
ingoboerner,2023-04-05,austria,540,1,0,1
inklingboy97,2023-04-01,italy,525,1,1,1
innocenzi,2023-03-30,france,1886,2,0,0
innocenzi,2023-04-05,france,1265,1,0,1
innovimax,2023-04-04,france,1204,2,0,1
inpefess,2023-03-25,france,207,2,0,0
inqrt,2023-03-28,austria,1509,2,0,0
integrajerome,2023-03-20,france,272,1,0,0
intisar91,2023-03-31,france,367,4,0,0
intisar91,2023-04-04,france,0,1,0,1
inukshuk,2023-03-30,austria,518,2,0,0
inukshuk,2023-03-31,austria,187,1,0,0
inukshuk,2023-04-01,austria,0,1,0,1
inukshuk,2023-04-03,austria,65,1,0,1
inukshuk,2023-04-07,austria,102,2,0,1
ioggstream,2023-03-21,italy,164,1,1,0
ioggstream,2023-03-24,italy,644,2,1,0
ipfaze,2023-03-22,france,154,1,0,0
ipfaze,2023-03-23,france,118,1,0,0
ipfaze,2023-03-24,france,0,1,0,0
ipfaze,2023-04-07,france,424,2,0,1
irevoire,2023-03-28,france,578,1,0,0
irevoire,2023-03-29,france,241,2,0,0
irevoire,2023-04-05,france,287,1,0,1
ismael-elatifi,2023-04-01,france,758,1,0,1
ismaelguerrib,2023-03-30,france,718,1,0,0
ismailbay,2023-03-18,austria,339,2,0,0
ismailbay,2023-03-19,austria,0,3,0,0
ismailbay,2023-03-20,austria,0,1,0,0
ismailbay,2023-03-21,austria,139,2,0,0
ismailbay,2023-03-26,austria,344,4,0,0
ismailbay,2023-03-31,austria,53,1,0,0
ismailbay,2023-04-03,austria,57,1,0,1
ismailbay,2023-04-08,austria,67,1,0,1
isontheline,2023-03-18,france,249,1,0,0
isontheline,2023-03-20,france,143,1,0,0
isontheline,2023-03-22,france,498,1,0,0
isontheline,2023-03-23,france,288,1,0,0
isontheline,2023-03-29,france,89,1,0,0
isontheline,2023-03-31,france,818,2,0,0
isontheline,2023-04-06,france,1070,2,0,1
isontheline,2023-04-07,france,546,2,0,1
isylhdin,2023-04-07,france,414,1,0,1
itsanalias,2023-03-21,france,788,1,0,0
itshog,2023-04-08,italy,1038,1,1,1
itsmylife44,2023-03-18,italy,109,1,1,0
iusergii,2023-04-05,france,117,1,0,1
ivan86to,2023-03-30,italy,0,1,1,0
ivanfelicite,2023-03-18,france,1237,1,0,0
ivanhofer,2023-03-23,italy,791,1,1,0
ivanhofer,2023-03-27,italy,373,2,1,0
ivanhofer,2023-03-30,italy,1064,1,1,0
ivanhofer,2023-03-31,italy,560,1,1,0
ivanhofer,2023-04-02,italy,482,2,1,1
ivanhofer,2023-04-06,italy,2198,9,1,1
ivanjeremic,2023-03-28,austria,792,1,0,0
ivanminutillo,2023-03-27,italy,0,1,1,0
ivanminutillo,2023-03-30,italy,812,2,1,0
ivelter,2023-03-23,france,52,1,0,0
iz0qwm,2023-03-19,italy,459,1,1,0
iz8mbw,2023-03-21,italy,956,1,1,0
iz8mbw,2023-03-23,italy,473,1,1,0
iz8mbw,2023-03-26,italy,882,2,1,0
iz8mbw,2023-03-29,italy,651,2,1,0
iz8mbw,2023-04-05,italy,693,2,1,1
iz8mbw,2023-04-07,italy,513,1,1,1
izi-p,2023-03-28,france,1423,1,0,0
j-bruel,2023-04-06,france,443,1,0,1
j-morano,2023-03-29,austria,0,1,0,0
j13m126,2023-03-23,austria,750,1,0,0
j2l,2023-03-22,france,587,1,0,0
j2l,2023-03-24,france,2228,2,0,0
j2l,2023-04-03,france,673,1,0,1
j2l,2023-04-04,france,34,1,0,1
j2l,2023-04-06,france,139,1,0,1
j314h,2023-03-20,france,149,1,0,0
jBernavaPrah,2023-04-05,italy,555,1,1,1
jackBrioschi,2023-03-23,italy,468,1,1,0
jackw,2023-04-06,italy,2650,2,1,1
jacobmaugoust,2023-04-04,france,1241,1,0,1
jacomyal,2023-03-20,france,940,1,0,0
jacomyal,2023-03-21,france,0,1,0,0
jacomyal,2023-03-22,france,0,1,0,0
jacomyal,2023-03-28,france,577,2,0,0
jacomyal,2023-03-31,france,0,1,0,0
jacomyal,2023-04-03,france,0,1,0,1
jacomyal,2023-04-04,france,55,5,0,1
jacomyal,2023-04-06,france,59,1,0,1
jacop5,2023-04-03,italy,1175,1,1,1
jacopobonomi,2023-04-05,italy,585,1,1,1
jadebowl,2023-03-21,italy,482,1,1,0
jado95,2023-03-31,italy,117,1,1,0
jaghili,2023-04-07,france,426,1,0,1
jailln,2023-03-22,france,629,1,0,0
jailln,2023-04-07,france,514,1,0,1
jajupmochi,2023-04-06,france,587,1,0,1
jakob,2023-03-31,austria,1273,1,0,0
jakobwgnr,2023-03-26,austria,510,1,0,0
jan4843,2023-03-24,austria,1095,1,0,0
janetournois,2023-03-23,france,459,1,0,0
janroudaut,2023-04-01,france,191,1,0,1
janroudaut,2023-04-03,france,121,1,0,1
japf,2023-04-04,france,0,1,0,1
jasondellaluce,2023-03-20,italy,2126,2,1,0
jaybird1291,2023-03-28,france,347,1,0,0
jaylinski,2023-03-27,austria,819,1,0,0
jazzzz,2023-03-30,france,318,1,0,0
jbcaillau,2023-03-19,france,213,1,0,0
jbcaillau,2023-03-20,france,1618,2,0,0
jbcaillau,2023-03-26,france,172,1,0,0
jbcaillau,2023-03-27,france,350,1,0,0
jbcaillau,2023-03-28,france,375,1,0,0
jbcaillau,2023-03-31,france,107,1,0,0
jbigot,2023-03-28,france,0,1,0,0
jbijoux,2023-04-01,france,78,1,0,1
jblechinger,2023-04-04,austria,504,1,0,1
jboillot,2023-03-29,france,767,1,0,0
jbonofre,2023-03-27,france,0,1,0,0
jbpenrath,2023-03-20,france,2358,3,0,0
jbpenrath,2023-03-22,france,473,1,0,0
jbroutier,2023-03-23,france,132,1,0,0
jbroutier,2023-04-01,france,185,1,0,1
jbtrystram,2023-03-28,france,93,1,0,0
jbtrystram,2023-03-29,france,1587,2,0,0
jcarpent,2023-04-07,france,161,1,0,1
jchiquet,2023-04-06,france,932,1,0,1
jclaveau,2023-03-22,france,441,2,0,0
jclaveau,2023-03-24,france,784,1,0,0
jclaveau,2023-03-28,france,227,1,0,0
jczic,2023-04-03,france,625,1,0,1
jdauphant,2023-03-21,france,0,3,0,0
jdauphant,2023-03-23,france,112,1,0,0
jdauphant,2023-03-24,france,721,3,0,0
jdauphant,2023-04-01,france,191,1,0,1
jdauphant,2023-04-03,france,116,2,0,1
jdauphant,2023-04-04,france,0,1,0,1
jdauphant,2023-04-06,france,219,1,0,1
jdauphant,2023-04-07,france,1078,2,0,1
jdauphant,2023-04-08,france,411,1,0,1
jdecool,2023-03-31,france,252,1,0,0
jdesboeufs,2023-03-23,france,242,1,0,0
jdesboeufs,2023-04-06,france,1235,1,0,1
jdirand,2023-03-29,france,220,1,0,0
jdmichaud,2023-03-29,france,528,1,0,0
jdrouet,2023-03-21,france,1328,1,0,0
jean-io,2023-04-08,france,141,1,0,1
jean-pasqualini,2023-03-30,france,153,1,0,0
jeanbmar,2023-03-23,france,1255,1,0,0
jeanbruder,2023-03-20,france,286,1,0,0
jeanmatthieud,2023-03-24,france,534,1,0,0
jeanmatthieud,2023-04-05,france,129,1,0,1
jeanollion,2023-03-24,france,467,1,0,0
jeanphibaconnais,2023-03-26,france,200,2,0,0
jeanphibaconnais,2023-03-28,france,139,1,0,0
jeanphibaconnais,2023-03-29,france,62,1,0,0
jeanphibaconnais,2023-04-03,france,161,1,0,1
jeanpierrefortune,2023-03-27,france,1351,1,0,0
jeanpommier,2023-03-28,france,748,1,0,0
jeanslack,2023-03-24,italy,551,1,1,0
jeansordes,2023-03-24,france,546,1,0,0
jeansordes,2023-03-29,france,239,1,0,0
jeansordes,2023-03-30,france,377,1,0,0
jebisseySidel,2023-03-23,france,1603,1,0,0
jecampagne,2023-03-20,france,198,1,0,0
jecampagne,2023-03-25,france,1594,1,0,0
jecampagne,2023-03-27,france,2638,2,0,0
jecisc,2023-03-20,france,471,3,0,0
jecisc,2023-03-21,france,555,2,0,0
jecisc,2023-03-22,france,512,2,0,0
jecisc,2023-03-23,france,119,1,0,0
jecisc,2023-03-24,france,627,3,0,0
jecisc,2023-03-30,france,1107,3,0,0
jecisc,2023-03-31,france,1344,2,0,0
jecisc,2023-04-01,france,128,1,0,1
jecisc,2023-04-03,france,1435,3,0,1
jecisc,2023-04-04,france,1246,2,0,1
jecisc,2023-04-05,france,3291,5,0,1
jecisc,2023-04-06,france,1662,3,0,1
jecisc,2023-04-07,france,921,3,0,1
jedisct1,2023-03-19,france,886,1,0,0
jedisct1,2023-04-04,france,86,2,0,1
jeffmaury,2023-03-20,france,1336,2,0,0
jeffmaury,2023-03-24,france,533,1,0,0
jeffmaury,2023-03-29,france,373,1,0,0
jeffmaury,2023-04-04,france,388,1,0,1
jeffmaury,2023-04-06,france,666,2,0,1
jeherve,2023-03-22,france,896,1,0,0
jeherve,2023-03-27,france,1260,5,0,0
jeherve,2023-03-30,france,1188,1,0,0
jeherve,2023-03-31,france,733,1,0,0
jeherve,2023-04-03,france,1068,1,0,1
jeherve,2023-04-06,france,1173,1,0,1
jejjohnson,2023-04-03,france,273,1,0,1
jelber2,2023-03-22,austria,1114,1,0,0
jendib,2023-03-19,france,45,1,0,0
jensens,2023-03-27,austria,46,1,0,0
jensens,2023-03-31,austria,171,1,0,0
jeremie-H,2023-03-22,france,1277,1,0,0
jeremy-mls,2023-04-02,france,3992,15,0,1
jeremy-mls,2023-04-08,france,0,5,0,1
jeremyVignelles,2023-03-31,france,684,1,0,0
jeremyneveu,2023-03-24,france,185,1,0,0
jermp,2023-03-26,italy,195,1,1,0
jermp,2023-04-01,italy,809,1,1,1
jerome-benoit,2023-03-23,france,261,1,0,0
jerome-benoit,2023-03-30,france,910,1,0,0
jerome-laforge,2023-03-21,france,594,2,0,0
jerome6994,2023-03-29,france,642,1,0,0
jeromeBRM,2023-04-05,france,372,3,0,1
jeromeBRM,2023-04-06,france,209,2,0,1
jeromecoutant,2023-03-31,france,1303,1,0,0
jeromedejaegher,2023-03-28,france,321,1,0,0
jeromeperez,2023-03-28,france,1393,1,0,0
jershon,2023-03-21,france,182,1,0,0
jershon,2023-03-22,france,186,1,0,0
jershon,2023-03-25,france,558,3,0,0
jershon,2023-03-27,france,186,1,0,0
jershon,2023-03-30,france,186,1,0,0
jessefilho,2023-03-29,france,132,1,0,0
jesuisstan,2023-03-26,france,641,4,0,0
jesuisstan,2023-03-27,france,690,2,0,0
jesuisstan,2023-03-28,france,843,4,0,0
jesuisstan,2023-03-30,france,482,1,0,0
jesuisstan,2023-03-31,france,0,1,0,0
jesuisstan,2023-04-04,france,192,2,0,1
jesuisstan,2023-04-05,france,791,2,0,1
jesuisstan,2023-04-08,france,61,1,0,1
jetlime,2023-04-05,france,324,1,0,1
jetzlstorfer,2023-03-26,austria,372,2,0,0
jetzlstorfer,2023-04-06,austria,0,2,0,1
jetzlstorfer,2023-04-07,austria,226,2,0,1
jf-viguier,2023-04-07,france,285,1,0,1
jfbu,2023-03-26,france,708,1,0,0
jfbu,2023-03-27,france,1456,1,0,0
jfbu,2023-03-29,france,933,1,0,0
jfdenise,2023-03-27,france,0,1,0,0
jfdenise,2023-03-29,france,181,1,0,0
jfigui,2023-03-22,france,428,1,0,0
jfigui,2023-03-31,france,545,1,0,0
jfmengels,2023-03-22,france,509,1,0,0
jfmengels,2023-04-01,france,1414,1,0,1
jforissier,2023-03-24,france,1318,1,0,0
jforissier,2023-04-03,france,434,1,0,1
jgerstmayr,2023-03-24,austria,1208,1,0,0
jgollenz,2023-03-28,austria,886,1,0,0
jgollenz,2023-04-02,austria,470,1,0,1
jgoux,2023-04-07,france,502,1,0,1
jgrumboe,2023-04-05,austria,997,1,0,1
jhjourdan,2023-03-30,france,950,1,0,0
jhoeller,2023-03-30,austria,1710,2,0,0
jiargei,2023-03-24,austria,95,1,0,0
jibees,2023-03-27,france,1482,2,0,0
jibees,2023-04-05,france,745,1,0,1
jifox,2023-03-31,austria,72,1,0,0
jifox,2023-04-06,austria,830,1,0,1
jifox,2023-04-08,austria,784,1,0,1
jilt,2023-03-27,italy,809,1,1,0
jimasr,2023-03-30,france,578,6,0,0
jimasr,2023-04-06,france,169,1,0,1
jipolanco,2023-03-30,france,26,1,0,0
jipolanco,2023-04-05,france,26,1,0,1
jjazzboss,2023-03-25,france,0,3,0,0
jjazzboss,2023-03-26,france,89,1,0,0
jjazzboss,2023-03-28,france,0,1,0,0
jjazzboss,2023-04-06,france,149,1,0,1
jjf21,2023-03-29,france,430,1,0,0
jjf21,2023-03-30,france,478,1,0,0
jjloheac,2023-04-08,france,989,1,0,1
jkleinlercher,2023-03-30,austria,1190,1,0,0
jkomyno,2023-04-03,italy,0,1,1,1
jkrivine,2023-04-06,france,1257,1,0,1
jlandure,2023-03-28,france,56,1,0,0
jlelong,2023-03-22,france,1433,1,0,0
jlelong,2023-03-25,france,823,1,0,0
jlelong,2023-03-27,france,400,2,0,0
jlelong,2023-04-04,france,550,2,0,1
jlesquembre,2023-03-19,austria,1231,1,0,0
jlesquembre,2023-04-06,austria,278,1,0,1
jlind23,2023-03-29,france,596,1,0,0
jlind23,2023-03-30,france,0,1,0,0
jlind23,2023-03-31,france,816,5,0,0
jlind23,2023-04-03,france,254,1,0,1
jlind23,2023-04-05,france,548,1,0,1
jlirochon,2023-03-30,france,244,1,0,0
jlowcs,2023-03-28,france,772,1,0,0
jlowcs,2023-04-03,france,1490,1,0,1
jmarrec,2023-03-22,france,877,1,0,0
jmarrec,2023-04-04,france,736,1,0,1
jmarrec,2023-04-05,france,226,1,0,1
jmarrec,2023-04-07,france,506,1,0,1
jmcollin78,2023-03-18,france,1408,1,0,0
jmcollin78,2023-03-19,france,366,2,0,0
jmcx,2023-04-04,france,1442,1,0,1
jmcx,2023-04-07,france,812,1,0,1
jmeiss,2023-03-22,france,808,1,0,0
jmeiss,2023-03-23,france,761,1,0,0
jmeiss,2023-03-24,france,459,1,0,0
jmfrancois,2023-04-07,france,1303,1,0,1
jmmartinez,2023-03-21,france,0,1,0,0
jnaulet,2023-03-18,france,67,2,0,0
jnaulet,2023-04-01,france,1281,1,0,1
jnischler,2023-03-31,austria,139,1,0,0
jnischler,2023-04-07,austria,1446,1,0,1
jnizet,2023-03-30,france,585,1,0,0
jnpn,2023-03-28,france,658,1,0,0
jo2b54,2023-03-29,france,637,2,0,0
joazco,2023-03-27,france,0,1,0,0
joda01,2023-03-24,austria,759,1,0,0
jodydonetti,2023-03-22,italy,1035,1,1,0
joelguittet,2023-03-27,france,313,1,0,0
joellesenne,2023-03-28,france,0,1,0,0
joelwurtz,2023-03-21,france,726,1,0,0
joenio,2023-03-20,france,748,1,0,0
johannchopin,2023-03-26,france,0,2,0,0
johannchopin,2023-04-02,france,251,1,0,1
johannes-z,2023-03-22,austria,507,1,0,0
johannes-z,2023-03-27,austria,610,1,0,0
johannesWen,2023-03-22,austria,278,1,0,0
johanricher,2023-03-22,france,1581,2,0,0
johanricher,2023-03-23,france,1332,2,0,0
johanricher,2023-03-29,france,283,1,0,0
johnfosborneiii,2023-03-31,austria,602,1,0,0
johnsudaar,2023-04-04,france,58,1,0,1
jojojojojoj5564656465465,2023-03-21,france,621,1,0,0
jojojojojoj5564656465465,2023-03-23,france,1065,1,0,0
jomtek,2023-03-22,france,213,1,0,0
jonathanboris,2023-04-03,france,328,1,0,1
jonathanboris,2023-04-06,france,443,1,0,1
jonathanroze,2023-04-04,france,439,1,0,1
jonatjano,2023-04-06,france,740,1,0,1
jonleverrier,2023-03-19,france,1716,2,0,0
jonquet,2023-03-23,france,1811,3,0,0
jonquet,2023-04-07,france,2646,3,0,1
jonwright,2023-03-21,france,343,1,0,0
jorainer,2023-04-05,italy,558,1,1,1
jordan-olv,2023-03-28,france,783,2,0,0
jordanmontt,2023-03-21,france,318,2,0,0
jordanmontt,2023-03-24,france,1074,2,0,0
jordanmontt,2023-03-25,france,0,1,0,0
jordanmontt,2023-04-03,france,651,1,0,1
jordanmontt,2023-04-08,france,0,1,0,1
jorisguerin,2023-04-07,france,679,1,0,1
jorisre,2023-03-29,france,1328,1,0,0
jorisre,2023-04-02,france,359,1,0,1
joschi99,2023-03-20,italy,152,1,1,0
joschi99,2023-03-23,italy,382,1,1,0
joschi99,2023-03-24,italy,804,1,1,0
joschi99,2023-03-28,italy,1512,1,1,0
josefglatz,2023-03-23,austria,617,1,0,0
josephprem,2023-03-23,france,487,1,0,0
joshuachp,2023-04-03,italy,1540,1,1,1
joshuagame,2023-04-04,italy,95,1,1,1
jossefaz,2023-03-28,france,2193,2,0,0
josuah,2023-03-20,france,110,1,0,0
josuah,2023-03-24,france,178,1,0,0
josuah,2023-03-27,france,1166,1,0,0
josuah,2023-04-03,france,485,1,0,1
josuah,2023-04-06,france,1068,1,0,1
josuah,2023-04-07,france,248,1,0,1
josura,2023-03-24,italy,287,1,1,0
josura,2023-04-05,italy,483,2,1,1
jotak,2023-03-21,france,625,1,0,0
jotak,2023-04-02,france,434,1,0,1
jotak,2023-04-05,france,441,1,0,1
joyearnaud,2023-03-30,france,51,1,0,0
jpatterson933,2023-03-29,italy,133,1,1,0
jpatterson933,2023-03-31,italy,0,2,1,0
jpatterson933,2023-04-01,italy,0,3,1,1
jpatterson933,2023-04-02,italy,0,3,1,1
jpatterson933,2023-04-04,italy,0,1,1,1
jpatterson933,2023-04-05,italy,0,1,1,1
jpatterson933,2023-04-06,italy,0,1,1,1
jpbourgeon,2023-03-26,france,560,1,0,0
jpbourgeon,2023-03-27,france,1059,2,0,0
jpbourgeon,2023-03-31,france,0,1,0,0
jpdfr-msft,2023-03-20,france,1168,1,0,0
jpjarnoux,2023-04-06,france,441,1,0,1
jpountz,2023-03-20,france,776,1,0,0
jpr105,2023-04-04,france,363,1,0,1
jpraynaud,2023-03-20,france,420,7,0,0
jpraynaud,2023-03-22,france,478,2,0,0
jpraynaud,2023-03-23,france,412,3,0,0
jpraynaud,2023-03-30,france,769,1,0,0
jpraynaud,2023-04-05,france,1166,9,0,1
jpyrat,2023-04-05,france,81,1,0,1
jrfaller,2023-04-06,france,712,1,0,1
jrief,2023-03-23,austria,90,1,0,0
jrief,2023-03-28,austria,169,1,0,0
jrief,2023-04-02,austria,841,1,0,1
jrobinAV,2023-03-22,france,42,1,0,0
jrobinAV,2023-03-27,france,799,4,0,0
jsaintvanne,2023-03-23,france,108,1,0,0
jschaeff,2023-03-27,france,949,4,0,0
jschaeff,2023-04-03,france,210,1,0,1
jschaeff,2023-04-04,france,2085,2,0,1
jschaeff,2023-04-05,france,298,1,0,1
jschaeff,2023-04-06,france,2639,6,0,1
jsparber,2023-03-21,italy,83,1,1,0
jspitz,2023-03-29,austria,1513,1,0,0
jtama,2023-03-31,france,770,1,0,0
jtanguy,2023-03-20,france,0,1,0,0
jtcohen6,2023-03-20,france,993,2,0,0
jtcohen6,2023-03-28,france,0,1,0,0
jtcohen6,2023-03-29,france,869,1,0,0
jtcohen6,2023-04-01,france,1385,2,0,1
jtkech,2023-03-18,france,0,1,0,0
jtremesay,2023-03-24,france,773,1,0,0
juba,2023-03-26,france,715,1,0,0
juba,2023-03-29,france,633,3,0,0
juba,2023-04-04,france,306,3,0,1
juba,2023-04-05,france,127,1,0,1
juba,2023-04-06,france,718,1,0,1
juergenbr,2023-04-02,austria,772,1,0,1
julessanglier,2023-04-05,france,454,2,0,1
julessanglier,2023-04-06,france,395,2,0,1
juliacarbajal,2023-04-07,france,890,1,0,1
julianainpe,2023-03-21,italy,1517,1,1,0
julieSalha,2023-03-23,france,777,2,0,0
julien-deramond,2023-03-21,france,822,1,0,0
julien-deramond,2023-03-30,france,1513,2,0,0
julien-deramond,2023-04-04,france,978,1,0,1
julien-deramond,2023-04-05,france,1551,1,0,1
julien-devatom,2023-03-22,france,1314,1,0,0
julien-devatom,2023-03-28,france,2116,2,0,0
julien-devatom,2023-03-29,france,442,1,0,0
julienV,2023-04-07,france,7,1,0,1
julienbeisel,2023-04-04,france,946,1,0,1
julienbeisel,2023-04-05,france,1598,1,0,1
julienbrg,2023-04-07,france,25,3,0,1
julienchaudet,2023-03-28,france,617,1,0,0
julienfumey,2023-04-04,france,203,1,0,1
julienlau,2023-04-05,france,1110,1,0,1
julienlopez,2023-03-24,france,51,3,0,0
julienmalik,2023-03-30,france,204,1,0,0
julienmalik,2023-04-08,france,322,1,0,1
juliensie,2023-03-22,france,0,3,0,0
juliensie,2023-03-23,france,50,4,0,0
juliensie,2023-04-01,france,0,6,0,1
juliensie,2023-04-02,france,0,1,0,1
juliensie,2023-04-03,france,0,5,0,1
juliensie,2023-04-04,france,32,1,0,1
julio-matarranz,2023-03-23,france,490,1,0,0
juliomateoslangerak,2023-04-03,france,287,1,0,1
julioromano,2023-04-06,italy,903,1,1,1
jusstol,2023-03-27,france,2372,2,0,0
just-hms,2023-03-18,italy,273,1,1,0
just-hms,2023-03-19,italy,481,1,1,0
just-hms,2023-03-20,italy,200,1,1,0
just-hms,2023-03-21,italy,707,2,1,0
just-hms,2023-03-23,italy,587,1,1,0
just-hms,2023-03-26,italy,387,2,1,0
just-hms,2023-04-04,italy,225,2,1,1
justRunnz,2023-03-23,france,0,1,0,0
justekoro,2023-03-30,france,1524,1,0,0
justoverclockl,2023-03-25,italy,961,1,1,0
jvasseur,2023-03-20,france,238,1,0,0
jvermillard,2023-03-20,france,829,1,0,0
jvermillard,2023-04-05,france,275,1,0,1
jvondermarck,2023-03-25,france,302,3,0,0
jvondermarck,2023-03-26,france,0,1,0,0
jvondermarck,2023-03-31,france,91,1,0,0
jvondermarck,2023-04-04,france,305,1,0,1
jvondermarck,2023-04-05,france,0,2,0,1
jxxp9,2023-04-02,italy,50,1,1,1
jxxp9,2023-04-07,italy,62,1,1,1
jyotiyadav94,2023-03-30,italy,793,1,1,0
jzy3d,2023-03-31,france,1096,1,0,0
kLabz,2023-03-27,france,31,1,0,0
kLabz,2023-03-29,france,51,1,0,0
kLabz,2023-04-07,france,225,1,0,1
kLabz,2023-04-08,france,76,5,0,1
kaandesu,2023-03-30,italy,0,5,1,0
kaandesu,2023-04-02,italy,70,2,1,1
kahest,2023-03-18,austria,624,1,0,0
kahest,2023-03-29,austria,420,1,0,0
kahest,2023-04-06,austria,0,2,0,1
kaipk,2023-03-29,austria,609,1,0,0
kali,2023-03-28,france,760,1,0,0
kalidiagne,2023-03-20,italy,74,1,1,0
kalwalt,2023-03-28,italy,624,1,1,0
kamil-bentounes,2023-04-06,france,353,1,0,1
kamzata,2023-03-23,italy,804,1,1,0
kandros,2023-03-24,italy,191,1,1,0
kapoorlab,2023-03-29,france,461,1,0,0
karamo,2023-04-01,austria,860,2,0,1
karamo,2023-04-03,austria,241,1,0,1
karawitan,2023-03-21,france,695,1,0,0
karawitan,2023-03-23,france,589,1,0,0
karawitan,2023-03-30,france,1103,1,0,0
karimkod,2023-03-18,france,0,5,0,0
karlhorky,2023-03-23,austria,1273,1,0,0
karlhorky,2023-03-24,austria,666,1,0,0
karlhorky,2023-03-28,austria,1027,1,0,0
karlhorky,2023-03-30,austria,325,1,0,0
karlhorky,2023-04-02,austria,383,1,0,1
karlhorky,2023-04-03,austria,320,1,0,1
karlhorky,2023-04-05,austria,1696,2,0,1
karlhorky,2023-04-07,austria,696,1,0,1
karnhack,2023-04-02,italy,111,1,1,1
kartben,2023-03-22,france,367,12,0,0
kartben,2023-03-30,france,4,1,0,0
karukes,2023-03-22,italy,231,1,1,0
kaulex99,2023-03-18,austria,0,3,0,0
kaulex99,2023-03-24,austria,0,1,0,0
kaulex99,2023-03-25,austria,0,5,0,0
kava81,2023-03-22,italy,242,1,1,0
kazerlelutin,2023-03-30,france,206,3,0,0
kb173,2023-03-29,austria,173,1,0,0
kbeaugrand,2023-03-18,france,474,1,0,0
kbeaugrand,2023-03-20,france,0,5,0,0
kbeaugrand,2023-03-31,france,660,1,0,0
kbeaugrand,2023-04-02,france,534,1,0,1
kcat4lina,2023-04-07,italy,150,1,1,1
kdubuc,2023-04-05,france,505,1,0,1
kebciSofiane,2023-03-22,france,523,1,0,0
keguira,2023-04-04,france,1147,1,0,1
kekel87,2023-03-25,france,259,3,0,0
keltia,2023-03-31,france,1018,1,0,0
keltia,2023-04-03,france,36,1,0,1
kema-dev,2023-03-24,france,1366,1,0,0
kennethrrosen,2023-04-07,italy,327,1,1,1
kennyadsl,2023-03-29,italy,675,1,1,0
ker0x,2023-03-20,france,0,2,0,0
ker0x,2023-03-22,france,1440,1,0,0
ker0x,2023-03-24,france,0,1,0,0
ker0x,2023-03-28,france,956,2,0,0
ker0x,2023-04-01,france,0,1,0,1
kerautret,2023-04-08,france,537,1,0,1
keriati,2023-04-03,austria,1061,1,0,1
kerphi,2023-03-20,france,1368,1,0,0
kerphi,2023-03-21,france,1146,1,0,0
kerstin-w,2023-03-18,austria,302,2,0,0
kerstin-w,2023-03-20,austria,283,2,0,0
kerstin-w,2023-04-07,austria,17546,38,0,1
kerstin97,2023-03-24,austria,0,1,0,0
kerstin97,2023-03-28,austria,0,1,0,0
kerstin97,2023-03-29,austria,0,1,0,0
kerstin97,2023-03-31,austria,0,2,0,0
kertal,2023-03-24,austria,422,1,0,0
kertal,2023-03-31,austria,758,1,0,0
kervala,2023-04-06,france,278,1,0,1
kescherCode,2023-04-07,austria,628,1,0,1
ketourneau,2023-03-20,france,760,1,0,0
keul,2023-03-23,italy,1355,1,1,0
keul,2023-03-30,italy,691,1,1,0
keul,2023-04-05,italy,996,1,1,1
kevin-valerio,2023-03-24,france,691,1,0,0
kevin-valerio,2023-03-27,france,1573,2,0,0
kevin5806,2023-03-27,italy,327,3,1,0
kevin5806,2023-04-03,italy,565,4,1,1
kevinbleakley,2023-03-27,france,1101,1,0,0
kevinchalet,2023-04-05,france,1491,2,0,1
kevinmeetooa,2023-03-21,france,0,1,0,0
kevinpapst,2023-03-20,austria,464,1,0,0
kevinpapst,2023-03-28,austria,921,1,0,0
kevinpapst,2023-03-30,austria,639,1,0,0
kevinpapst,2023-04-03,austria,314,1,0,1
kevinpolisano,2023-03-27,france,617,1,0,0
kevinsmouts,2023-04-05,france,577,1,0,1
kgonella,2023-03-21,france,677,1,0,0
kgonella,2023-03-22,france,429,1,0,0
khaller93,2023-03-27,austria,93,1,0,0
khaller93,2023-03-29,austria,190,1,0,0
khancyr,2023-03-24,france,1023,1,0,0
khocef,2023-04-03,france,88,1,0,1
kif,2023-03-27,france,57,1,0,0
kif,2023-03-28,france,0,1,0,0
killianrochet,2023-03-24,france,855,1,0,0
kimhsn,2023-03-27,france,0,1,0,0
kind84,2023-03-23,italy,190,1,1,0
kingjia90,2023-04-07,austria,1064,1,0,1
kingjr,2023-03-29,france,328,1,0,0
kingjr,2023-04-04,france,195,1,0,1
kirisakow,2023-03-24,france,365,1,0,0
kirisakow,2023-04-08,france,917,1,0,1
kissifrot,2023-03-29,france,513,1,0,0
kitsunekyo,2023-04-03,austria,1104,1,0,1
kitzbergerg,2023-03-26,austria,190,1,0,0
kivutar,2023-03-18,france,289,2,0,0
kivutar,2023-03-22,france,1230,1,0,0
kizu,2023-03-19,france,891,1,0,0
kkevinm,2023-04-01,italy,0,2,1,1
kladiv,2023-03-20,italy,568,1,1,0
klar42,2023-03-30,austria,305,1,0,0
klausi,2023-03-22,austria,1181,1,0,0
klausi,2023-04-01,austria,1175,1,0,1
klausi,2023-04-02,austria,1003,1,0,1
kleinph,2023-03-20,austria,1102,1,0,0
klettier,2023-03-24,france,335,1,0,0
kludikovsky,2023-04-07,austria,3485,33,0,1
klues,2023-03-30,austria,661,1,0,0
koalie,2023-03-20,france,994,1,0,0
koalie,2023-04-04,france,863,1,0,1
kocierik,2023-03-19,italy,124,1,1,0
kolok,2023-03-22,france,0,1,0,0
konnov,2023-03-21,austria,1603,2,0,0
konnov,2023-03-22,austria,508,1,0,0
konnov,2023-03-23,austria,405,2,0,0
konnov,2023-03-24,austria,338,1,0,0
konnov,2023-03-27,austria,610,2,0,0
konnov,2023-03-28,austria,1174,2,0,0
konnov,2023-03-31,austria,801,2,0,0
konnov,2023-04-05,austria,131,2,0,1
konnov,2023-04-07,austria,1765,2,0,1
koraykoska,2023-04-07,austria,1309,1,0,1
korli,2023-03-23,austria,218,1,0,0
kornerc,2023-03-31,austria,926,1,0,0
kosarkazemi,2023-04-03,france,91,1,0,1
kostebudinoski,2023-03-23,austria,1113,1,0,0
kovzol,2023-03-31,austria,372,2,0,0
kozaka-tv,2023-03-20,austria,557,1,0,0
kozaka-tv,2023-03-31,austria,1594,1,0,0
kozaka-tv,2023-04-05,austria,2415,7,0,1
kozaka-tv,2023-04-06,austria,2796,5,0,1
kpgtek,2023-04-04,france,212,1,0,1
kpgtek,2023-04-07,france,553,3,0,1
kr1zz,2023-03-30,italy,201,1,1,0
kr1zz,2023-04-06,italy,80,1,1,1
krabina,2023-03-20,austria,611,1,0,0
krabina,2023-03-22,austria,475,1,0,0
krabina,2023-03-23,austria,1207,2,0,0
krabina,2023-04-03,austria,308,1,0,1
krasserm,2023-03-30,austria,149,1,0,0
krasserm,2023-04-05,austria,0,1,0,1
kratess,2023-04-08,italy,1916,2,1,1
krichtof,2023-03-21,france,0,1,0,0
krichtof,2023-04-04,france,0,1,0,1
krichtof,2023-04-05,france,0,1,0,1
kroepke,2023-03-22,italy,1919,2,1,0
krtab,2023-03-31,france,1197,1,0,0
krystofwoldrich,2023-03-22,austria,1533,3,0,0
krystofwoldrich,2023-03-31,austria,491,1,0,0
krystofwoldrich,2023-04-07,austria,1033,2,0,1
krzysztofjeziorny,2023-04-04,austria,1368,1,0,1
kskollepara,2023-03-21,france,688,1,0,0
ksol,2023-03-20,france,331,1,0,0
kugge,2023-03-19,france,322,1,0,0
kugge,2023-03-22,france,1216,1,0,0
kugge,2023-03-31,france,425,1,0,0
kugge,2023-04-01,france,1792,2,0,1
kugge,2023-04-02,france,881,2,0,1
kugge,2023-04-03,france,96,1,0,1
kugge,2023-04-04,france,227,1,0,1
kutrumbo,2023-03-22,italy,1473,1,1,0
kvnlblc,2023-03-24,france,0,1,0,0
kvog82,2023-03-20,austria,0,1,0,0
kwiky,2023-04-04,france,485,1,0,1
kwizart,2023-03-22,france,417,1,0,0
kydos,2023-03-31,france,359,1,0,0
kydos,2023-04-03,france,193,1,0,1
kyrena,2023-03-29,france,340,1,0,0
kzm-arief,2023-03-23,france,1113,1,0,0
l-laino,2023-04-01,italy,808,10,1,1
l0rd,2023-03-21,france,4251,4,0,0
l0rd,2023-03-22,france,981,1,0,0
l0rd,2023-03-27,france,2347,2,0,0
labordep,2023-03-18,france,1845,4,0,0
labordep,2023-03-25,france,1396,1,0,0
labordep,2023-03-31,france,2602,3,0,0
labordep,2023-04-01,france,1934,3,0,1
labordep,2023-04-02,france,475,1,0,1
lacer2k,2023-03-26,france,1207,1,0,0
laem,2023-03-20,france,1744,2,0,0
laem,2023-03-25,france,289,1,0,0
laem,2023-03-27,france,401,1,0,0
laem,2023-04-05,france,823,2,0,1
laem,2023-04-07,france,115,1,0,1
laggron42,2023-03-30,france,845,1,0,0
laggron42,2023-04-04,france,257,1,0,1
laggron42,2023-04-06,france,700,3,0,1
laggron42,2023-04-08,france,354,2,0,1
lahabana,2023-03-21,france,144,1,0,0
lahabana,2023-03-22,france,863,1,0,0
lahabana,2023-03-23,france,238,1,0,0
lahabana,2023-03-24,france,1981,3,0,0
lahabana,2023-03-27,france,411,1,0,0
lahabana,2023-04-03,france,422,4,0,1
lahabana,2023-04-05,france,117,2,0,1
lahabana,2023-04-07,france,96,2,0,1
laitifranz,2023-04-04,italy,959,1,1,1
lalmeras,2023-03-20,france,1010,1,0,0
lalmeras,2023-03-28,france,223,1,0,0
lambda-science,2023-04-01,france,1106,1,0,1
lampajr,2023-04-06,italy,659,1,1,1
lamuertepeluda,2023-04-05,italy,1376,1,1,1
landure,2023-03-24,france,1077,1,0,0
lanougue,2023-03-22,france,0,1,0,0
lanougue,2023-03-30,france,0,1,0,0
lanougue,2023-03-31,france,0,1,0,0
lantiga,2023-03-28,italy,0,1,1,0
lantiga,2023-03-29,italy,273,2,1,0
lantiga,2023-04-06,italy,1092,1,1,1
lanubile,2023-03-22,italy,54,1,1,0
lanubile,2023-03-24,italy,117,1,1,0
lanubile,2023-03-28,italy,151,2,1,0
lapineige,2023-03-31,france,640,1,0,0
lapineige,2023-04-03,france,1616,3,0,1
lapineige,2023-04-07,france,1499,1,0,1
lapineige,2023-04-08,france,1565,1,0,1
larmarange,2023-03-18,france,870,1,0,0
larmarange,2023-03-23,france,665,2,0,0
larmarange,2023-03-29,france,0,1,0,0
larmarange,2023-03-30,france,1006,1,0,0
larueli,2023-04-06,france,1178,3,0,1
laruiss,2023-04-03,france,0,1,0,1
lasconic,2023-03-24,france,34,1,0,0
laurent-bientz,2023-04-07,france,262,2,0,1
laurent-laporte-pro,2023-03-28,france,339,1,0,0
laurent-laporte-pro,2023-03-29,france,0,1,0,0
laurent-laporte-pro,2023-04-04,france,729,1,0,1
laurent-laporte-pro,2023-04-06,france,1380,1,0,1
laurentkempe,2023-03-18,france,0,1,0,0
laurentperez,2023-03-18,france,2779,2,0,0
laurentperez,2023-03-20,france,809,1,0,0
laurentsenta,2023-03-23,france,650,2,0,0
laurentsenta,2023-03-24,france,1113,1,0,0
lauridskern,2023-04-04,austria,861,1,0,1
lazka,2023-03-22,austria,367,1,0,0
lb90,2023-03-25,italy,466,1,1,0
lb90,2023-03-27,italy,793,1,1,0
lboue,2023-03-23,france,1387,1,0,0
lboue,2023-03-25,france,226,1,0,0
lbranaa,2023-03-20,france,49,1,0,0
lbranaa,2023-03-21,france,572,3,0,0
lbranaa,2023-04-04,france,0,1,0,1
lbroudoux,2023-03-22,france,84,1,0,0
lbroudoux,2023-04-05,france,395,2,0,1
lbroudoux,2023-04-06,france,1474,4,0,1
lburgazzoli,2023-04-04,italy,1127,1,1,1
lbusoni,2023-03-20,italy,561,1,1,0
lcaouen,2023-03-31,france,103,1,0,0
lcarnevale,2023-03-28,italy,565,1,1,0
lcfd,2023-03-24,italy,105,1,1,0
lcfd,2023-04-05,italy,791,1,1,1
lcheylus,2023-03-28,france,153,1,0,0
lcheylus,2023-04-04,france,151,1,0,1
lcswillems,2023-04-01,france,143,1,0,1
ldennery,2023-03-28,france,634,1,0,0
ldevulder,2023-03-23,france,0,1,0,0
ldevulder,2023-03-29,france,0,1,0,0
ldevulder,2023-04-06,france,215,1,0,1
leana8959,2023-04-04,france,427,1,0,1
lecault,2023-03-31,france,470,1,0,0
lecoqlibre,2023-04-03,france,95,2,0,1
lecorguille,2023-04-05,france,1330,1,0,1
lecriste,2023-03-29,italy,797,1,1,0
leedavi,2023-03-29,france,112,1,0,0
leedavi,2023-04-04,france,165,1,0,1
leedavi,2023-04-06,france,157,1,0,1
lefuturiste,2023-03-25,france,1319,1,0,0
lefuturiste,2023-03-26,france,156,1,0,0
legalsylvain,2023-04-06,france,1110,2,0,1
legalsylvain,2023-04-07,france,743,1,0,1
leguennecj,2023-03-29,france,833,1,0,0
lekesiz,2023-03-27,france,115,1,0,0
lekesiz,2023-04-05,france,35,1,0,1
lelegard,2023-03-30,france,310,1,0,0
leleueri,2023-04-05,france,646,1,0,1
leleueri,2023-04-06,france,333,1,0,1
lemomar,2023-03-30,france,433,1,0,0
lemonmojo,2023-03-18,austria,190,1,0,0
lemonmojo,2023-03-20,austria,106,3,0,0
lemonmojo,2023-04-01,austria,562,1,0,1
lemonmojo,2023-04-02,austria,392,3,0,1
lemonmojo,2023-04-03,austria,264,2,0,1
lemonmojo,2023-04-05,austria,567,2,0,1
lemonmojo,2023-04-06,austria,520,1,0,1
lemonmojo,2023-04-08,austria,149,1,0,1
leoNord462,2023-04-02,france,0,2,0,1
leochras,2023-04-03,austria,550,1,0,1
leogr,2023-03-19,italy,618,1,1,0
leomil72,2023-04-08,italy,549,1,1,1
leomlr,2023-03-28,france,1425,1,0,0
leomoille,2023-03-31,france,0,1,0,0
leonardoce,2023-03-19,italy,180,1,1,0
leonardodanelutti,2023-04-04,italy,0,2,1,1
leonardstruck,2023-04-08,austria,557,2,0,1
leopaul36,2023-03-22,france,67,1,0,0
leopaul36,2023-03-27,france,409,2,0,0
leovalais,2023-03-21,france,283,1,0,0
leovalais,2023-03-24,france,715,1,0,0
leovalais,2023-04-04,france,213,1,0,1
lepeli,2023-03-19,france,426,1,0,0
lerenn,2023-03-19,france,699,1,0,0
lerenn,2023-03-26,france,0,1,0,0
lescaudr,2023-04-07,france,661,1,0,1
lesinigo,2023-03-31,italy,519,1,1,0
letochagone,2023-03-24,france,345,1,0,0
leuhvraiminoryo,2023-03-18,france,113,1,0,0
level-antoine,2023-04-05,france,306,1,0,1
levertr,2023-03-31,france,485,1,0,0
lewisyng,2023-03-18,austria,0,1,0,0
lexinor,2023-03-31,france,180,1,0,0
lforst,2023-03-26,austria,87,1,0,0
lforst,2023-03-29,austria,131,2,0,0
lforst,2023-04-06,austria,154,1,0,1
lgeretti,2023-03-31,italy,441,2,1,0
lgmorand,2023-03-27,france,1373,1,0,0
lgmorand,2023-04-04,france,551,1,0,1
lhirlimann,2023-03-23,france,692,1,0,0
lhoestq,2023-04-01,france,1206,2,0,1
lhoestq,2023-04-03,france,500,1,0,1
lhuynh-cs,2023-04-07,france,595,1,0,1
liZe,2023-03-29,france,10,1,0,0
liayn,2023-03-20,austria,803,1,0,0
liayn,2023-04-05,austria,249,1,0,1
libremente,2023-03-29,italy,394,2,1,0
lichfolky,2023-03-29,italy,398,2,1,0
lilian-delouvy,2023-03-23,france,53,1,0,0
lillois59,2023-03-20,france,364,1,0,0
limagolf22,2023-03-23,france,165,1,0,0
lingtalfi,2023-04-01,france,632,1,0,1
linguisticcom,2023-03-22,france,299,2,0,0
linogaliana,2023-03-23,france,156,1,0,0
lionjohnFENG,2023-04-07,france,3349,22,0,1
lipki,2023-03-24,france,2780,3,0,0
lissyx,2023-03-27,france,1187,1,0,0
littlegamer757,2023-03-20,austria,335,3,0,0
livingsilver94,2023-03-27,italy,216,1,1,0
lk77,2023-03-27,france,824,1,0,0
lkppo,2023-04-07,france,642,1,0,1
lkrzyzanek,2023-03-23,austria,89,2,0,0
lkrzyzanek,2023-03-29,austria,248,1,0,0
lkugler,2023-04-05,austria,1334,1,0,1
llaumgui,2023-03-29,france,254,3,0,0
llaville,2023-03-22,france,1563,2,0,0
llaville,2023-03-23,france,537,1,0,0
llaville,2023-03-26,france,327,1,0,0
llaville,2023-03-29,france,2435,2,0,0
llaville,2023-03-30,france,761,1,0,0
llaville,2023-03-31,france,1036,1,0,0
llaville,2023-04-08,france,199,1,0,1
llfbandit,2023-03-27,france,297,1,0,0
lmag,2023-03-21,france,371,3,0,0
lmag,2023-03-24,france,275,3,0,0
lmag,2023-03-31,france,0,1,0,0
lmag,2023-04-06,france,1797,3,0,1
lmichelin,2023-03-22,france,3496,3,0,0
lmzuccarelli,2023-04-04,italy,302,1,1,1
lngb,2023-04-02,italy,594,1,1,1
lo-th,2023-03-29,france,1547,1,0,0
loan-talvat,2023-03-31,france,1572,1,0,0
localhosthd,2023-04-04,france,442,2,0,1
loclamor,2023-04-03,france,1572,1,0,1
loganmzz,2023-03-27,france,318,1,0,0
loic-fejoz,2023-03-30,france,1290,2,0,0
loic-fejoz,2023-04-01,france,184,1,0,1
loic-roux-404,2023-04-03,france,0,5,0,1
loic-roux-404,2023-04-04,france,1074,11,0,1
loic-roux-404,2023-04-07,france,0,1,0,1
loic-roux-404,2023-04-08,france,25,12,0,1
loic425,2023-03-18,france,0,1,0,0
loic425,2023-03-20,france,106,3,0,0
loic425,2023-03-21,france,0,1,0,0
loic425,2023-03-22,france,0,1,0,0
loic425,2023-03-24,france,162,3,0,0
loic425,2023-03-27,france,156,4,0,0
loic425,2023-03-29,france,0,1,0,0
loic425,2023-03-30,france,106,1,0,0
loic425,2023-04-06,france,0,5,0,1
loicginoux,2023-04-05,france,738,1,0,1
loicgriffie,2023-04-04,france,642,1,0,1
loichuder,2023-04-04,france,668,1,0,1
loicknuchel,2023-04-07,france,707,4,0,1
loicmathieu,2023-03-23,france,1006,1,0,0
loicmathieu,2023-03-24,france,742,1,0,0
loicmathieu,2023-04-03,france,100,1,0,1
loicmathieu,2023-04-07,france,248,1,0,1
loicpantano,2023-03-31,france,1051,2,0,0
loicteixeira,2023-03-18,france,992,1,0,0
lokomass,2023-04-05,france,249,1,0,1
lolgab,2023-03-23,italy,281,1,1,0
lolgab,2023-03-28,italy,1015,1,1,0
lolo101,2023-03-26,france,16,1,0,0
lolo101,2023-03-28,france,795,1,0,0
lolo32,2023-03-24,france,1306,2,0,0
lolodomo,2023-04-08,france,594,1,0,1
lolottetheclash,2023-03-22,france,943,1,0,0
lolottetheclash,2023-03-24,france,1258,1,0,0
lolottetheclash,2023-03-31,france,2522,2,0,0
lonardonifabio,2023-03-20,italy,533,1,1,0
loraine-gueguen,2023-03-20,france,485,2,0,0
loraine-gueguen,2023-03-27,france,1075,3,0,0
lordgordon,2023-03-31,italy,252,1,1,0
lordzurp,2023-03-25,france,274,1,0,0
loreV,2023-04-05,italy,0,2,1,1
loreabad6,2023-03-23,austria,429,1,0,0
lorenzofelletti,2023-04-06,italy,132,1,1,1
lorenzosu,2023-03-25,italy,879,1,1,0
lorenzovngl,2023-03-20,italy,220,2,1,0
lorenzovngl,2023-03-21,italy,130,1,1,0
loresuso,2023-04-05,italy,1048,1,1,1
loretoparisi,2023-03-22,italy,112,1,1,0
loretoparisi,2023-03-23,italy,241,1,1,0
loretoparisi,2023-03-24,italy,2517,2,1,0
loretoparisi,2023-03-25,italy,117,1,1,0
loretoparisi,2023-03-26,italy,601,2,1,0
loretoparisi,2023-03-27,italy,1044,1,1,0
loretoparisi,2023-03-29,italy,578,1,1,0
loretoparisi,2023-03-30,italy,426,1,1,0
loretoparisi,2023-04-03,italy,1566,1,1,1
loretoparisi,2023-04-05,italy,124,1,1,1
loretoparisi,2023-04-07,italy,1973,2,1,1
lota,2023-04-02,italy,856,1,1,1
louim-lbs,2023-03-24,france,536,1,0,0
louim-lbs,2023-03-25,france,547,1,0,0
louis-etne,2023-04-05,france,1107,1,0,1
louis1706,2023-04-04,france,128,1,0,1
louisabraham,2023-03-19,france,257,1,0,0
louisabricot,2023-04-05,france,807,1,0,1
louisabricot,2023-04-06,france,639,4,0,1
louisdecharson,2023-03-19,france,983,1,0,0
louishourcade,2023-03-27,france,1834,2,0,0
louisjdmartin,2023-03-21,france,379,1,0,0
louisnfr,2023-03-18,france,0,1,0,0
louisnfr,2023-03-28,france,0,4,0,0
louisnfr,2023-03-29,france,0,4,0,0
louisreberga,2023-03-29,france,46,1,0,0
louptheron,2023-03-31,france,0,1,0,0
louptheron,2023-04-03,france,213,1,0,1
louptheron,2023-04-04,france,0,1,0,1
louptheron,2023-04-05,france,519,1,0,1
louptheron,2023-04-06,france,0,1,0,1
loutr,2023-03-30,france,162,1,0,0
lovasoa,2023-03-29,france,1006,1,0,0
lovasoa,2023-04-07,france,1105,1,0,1
loxinchi,2023-03-19,france,561,1,0,0
lpaolini,2023-03-27,italy,1328,1,1,0
lpellegr,2023-03-23,france,1457,1,0,0
lperamo,2023-03-26,france,894,1,0,0
lperamo,2023-04-06,france,218,1,0,1
lperron,2023-04-05,france,994,1,0,1
lpicci96,2023-03-30,france,45,1,0,0
lpicci96,2023-04-04,france,320,1,0,1
lpoirothattermann,2023-03-19,france,269,1,0,0
lppedd,2023-04-03,italy,1114,1,1,1
lrineau,2023-04-06,france,0,1,0,1
lroffia,2023-03-28,italy,295,1,1,0
lruozzi9,2023-03-29,italy,696,1,1,0
lserio,2023-04-07,italy,358,1,1,1
lsorba,2023-03-27,austria,433,1,0,0
lstocchi,2023-03-25,italy,1269,1,1,0
lstocchi,2023-03-30,italy,1217,1,1,0
lstocchi,2023-04-04,italy,689,1,1,1
ltabis,2023-03-20,france,55,1,0,0
ltabis,2023-03-23,france,151,1,0,0
ltabis,2023-04-06,france,0,1,0,1
lthms,2023-03-30,france,464,1,0,0
lthms,2023-03-31,france,1152,1,0,0
ltrzesniewski,2023-03-19,france,654,1,0,0
luc-j-bourhis,2023-03-31,france,801,1,0,0
luca-martial,2023-03-21,france,243,1,0,0
luca-martial,2023-03-22,france,0,1,0,0
luca-martial,2023-03-27,france,0,7,0,0
luca-martial,2023-03-28,france,0,1,0,0
luca-martial,2023-03-29,france,0,2,0,0
luca-martial,2023-03-31,france,0,2,0,0
luca-martial,2023-04-01,france,1103,2,0,1
luca-martial,2023-04-02,france,409,3,0,1
luca-martial,2023-04-03,france,0,1,0,1
luca-martial,2023-04-04,france,0,2,0,1
luca-martial,2023-04-05,france,0,1,0,1
luca-martial,2023-04-06,france,1437,4,0,1
luca-martial,2023-04-07,france,0,2,0,1
luca1388,2023-04-04,italy,137,8,1,1
luca1388,2023-04-06,italy,617,3,1,1
luca1388,2023-04-07,italy,0,2,1,1
lucaato,2023-03-19,italy,230,1,1,0
lucaborsato,2023-03-31,italy,1517,2,1,0
lucaborsato,2023-04-05,italy,310,1,1,1
lucadivit,2023-03-18,italy,225,1,1,0
lucadivit,2023-03-31,italy,170,1,1,0
lucafabbian,2023-03-18,italy,585,1,1,0
lucagasparini,2023-03-21,italy,260,1,1,0
lucagiorgino,2023-04-06,italy,294,2,1,1
lucaonnis,2023-04-05,italy,701,1,1,1
lucarossini-iit,2023-04-07,italy,1206,1,1,1
lucas-jacques,2023-03-27,france,0,2,0,0
lucas-jacques,2023-03-30,france,0,1,0,0
lucas-jacques,2023-03-31,france,0,5,0,0
lucas-jacques,2023-04-05,france,0,4,0,1
lucas-maia-morais,2023-04-05,france,0,6,0,1
lucas-maia-morais,2023-04-06,france,0,1,0,1
lucashervier,2023-03-21,france,0,2,0,0
lucaslg,2023-04-06,france,630,1,0,1
lucavenir,2023-03-18,italy,491,1,1,0
lucavenir,2023-03-20,italy,570,2,1,0
lucazanna,2023-03-19,france,1484,1,0,0
lucazanna,2023-03-21,france,1527,1,0,0
lucazanna,2023-03-24,france,869,1,0,0
lucazanna,2023-03-28,france,592,1,0,0
lucazanna,2023-03-29,france,4105,3,0,0
lucazanna,2023-04-04,france,2057,2,0,1
lucazanna,2023-04-08,france,481,1,0,1
lucgerrits,2023-04-04,france,201,1,0,1
lucianomurr,2023-04-01,italy,0,1,1,1
luciegaba,2023-04-07,france,818,5,0,1
lucluclucluclucluc,2023-03-23,france,254,1,0,0
lucmos,2023-04-07,italy,246,1,1,1
lucydjo,2023-04-03,france,125,1,0,1
ludo6577,2023-04-01,france,640,2,0,1
ludolpif,2023-03-25,france,959,1,0,0
ludonoel1,2023-03-22,france,197,1,0,0
ludonoel1,2023-03-24,france,718,1,0,0
ludoo,2023-04-04,italy,101,1,1,1
ludovicm67,2023-03-20,france,657,1,0,0
luigibonati,2023-03-23,italy,741,4,1,0
luigibonati,2023-03-30,italy,97,3,1,0
luigibonati,2023-04-03,italy,115,1,1,1
luigidemasi,2023-03-26,italy,129,1,1,0
luigig93,2023-03-31,italy,0,4,1,0
luigig93,2023-04-05,italy,129,1,1,1
luigimolinaro,2023-03-18,italy,441,1,1,0
lukasbindreiter,2023-03-29,austria,1524,1,0,0
lukasertl,2023-04-06,austria,210,1,0,1
lukashartl,2023-03-26,austria,347,1,0,0
lukaspfitscher,2023-04-07,italy,1722,2,1,1
lukd06,2023-03-27,austria,55,1,0,0
lukepistrol,2023-03-25,austria,521,1,0,0
lukpueh,2023-03-22,austria,3072,5,0,0
lukpueh,2023-03-29,austria,425,1,0,0
lukpueh,2023-03-31,austria,865,1,0,0
lukwe,2023-04-06,italy,644,1,1,1
luluhoc,2023-03-18,france,121,1,0,0
luluhoc,2023-03-19,france,277,1,0,0
lululock71,2023-04-04,france,1197,1,0,1
lumarel,2023-03-25,austria,1897,2,0,0
lunar-d,2023-04-01,france,220,1,0,1
lunar-d,2023-04-08,france,421,2,0,1
lunika,2023-03-22,france,985,2,0,0
lunika,2023-03-28,france,420,1,0,0
lunika,2023-03-30,france,622,1,0,0
lunika,2023-04-03,france,684,1,0,1
lunika,2023-04-04,france,657,1,0,1
lupin3rd,2023-03-21,italy,194,1,1,0
lutangar,2023-03-28,france,396,6,0,0
lutangar,2023-04-04,france,426,2,0,1
lutangar,2023-04-07,france,382,1,0,1
lutaok,2023-03-28,italy,603,1,1,0
lvaudor,2023-03-21,france,1555,3,0,0
lvaudor,2023-03-24,france,1623,2,0,0
lverret,2023-03-21,france,540,1,0,0
lyrixx,2023-04-03,france,535,1,0,1
lzecca78,2023-03-28,italy,281,1,1,0
m-albert,2023-04-05,france,854,1,0,1
m-bdf,2023-03-26,france,1340,1,0,0
m-djml,2023-03-30,france,118,1,0,0
m-doescode,2023-03-20,france,344,1,0,0
m-i-k-e-y,2023-03-23,austria,646,1,0,0
m-marini,2023-03-20,italy,0,1,1,0
m-marini,2023-03-22,italy,0,1,1,0
m-marini,2023-03-23,italy,0,1,1,0
m-marini,2023-04-07,italy,0,1,1,1
m4ss1m0g,2023-03-29,italy,1127,1,1,0
maboa,2023-03-30,italy,0,2,1,0
maboa,2023-04-07,italy,0,1,1,1
macarie,2023-04-01,italy,1590,1,1,1
mackoj,2023-04-04,france,75,1,0,1
mackwic,2023-03-20,france,597,1,0,0
macutko,2023-03-27,austria,531,1,0,0
madchicken,2023-03-30,italy,110,1,1,0
madeInLagny,2023-04-07,france,212,1,0,1
madiele,2023-04-04,italy,150,3,1,1
madpew,2023-04-06,austria,348,1,0,1
madpilot78,2023-03-23,italy,1077,1,1,0
maelchiotti,2023-04-05,france,104,1,0,1
maelle,2023-03-20,france,167,2,0,0
maelle,2023-03-21,france,119,2,0,0
maelle,2023-03-23,france,22,3,0,0
maelle,2023-03-24,france,150,3,0,0
maelle,2023-03-28,france,485,2,0,0
maelle,2023-03-30,france,44,2,0,0
maelle,2023-03-31,france,691,5,0,0
maelle,2023-04-03,france,693,10,0,1
maelle,2023-04-04,france,722,2,0,1
maelle,2023-04-06,france,172,2,0,1
maelle,2023-04-07,france,872,6,0,1
magistermilitum,2023-04-06,france,240,1,0,1
maguzzz,2023-03-25,austria,0,1,0,0
mahaupt,2023-04-05,austria,0,3,0,1
mahendrapaipuri,2023-03-28,france,638,1,0,0
mahendrapaipuri,2023-04-05,france,994,1,0,1
maikuITA,2023-04-02,italy,87,1,1,1
maikuITA,2023-04-06,italy,352,1,1,1
maingoh,2023-03-19,france,293,1,0,0
maingoh,2023-03-22,france,697,1,0,0
maiosoft,2023-03-24,italy,451,1,1,0
majkamichal,2023-03-27,austria,236,1,0,0
makohoek,2023-04-07,france,1567,1,0,1
malishav,2023-04-04,france,191,1,0,1
malishav,2023-04-05,france,1651,4,0,1
mallibus,2023-03-25,italy,694,1,1,0
malobre,2023-03-22,france,750,1,0,0
mammique,2023-04-02,france,582,1,0,1
mancellin,2023-03-28,france,151,1,0,0
mancellin,2023-03-29,france,487,1,0,0
mancellin,2023-03-30,france,173,1,0,0
mancellin,2023-04-01,france,315,1,0,1
mancellin,2023-04-02,france,257,1,0,1
mandrasch,2023-04-01,austria,228,1,0,1
mandrasch,2023-04-08,austria,879,1,0,1
manekinekko,2023-04-06,france,369,1,0,1
manfred-kaiser,2023-04-05,austria,331,1,0,1
manfredsteyer,2023-04-03,austria,508,1,0,1
manfredw,2023-03-20,austria,1164,1,0,0
maniglia,2023-03-30,italy,547,1,1,0
manolo-battista,2023-03-28,italy,0,4,1,0
manolo-battista,2023-03-29,italy,0,1,1,0
manolo-battista,2023-04-07,italy,28,5,1,1
manolol1,2023-03-21,austria,213,1,0,0
manoskary,2023-04-06,austria,300,1,0,1
mantovani,2023-03-20,italy,312,1,1,0
manuelcoppotelli,2023-04-08,italy,675,1,1,1
manuelkamp,2023-03-30,austria,1097,1,0,0
manuelkoso,2023-03-25,italy,43,1,1,0
manuelkoso,2023-03-29,italy,994,1,1,0
manuelkoso,2023-04-02,italy,0,1,1,1
manuelkoso,2023-04-03,italy,89,2,1,1
manusimidt,2023-03-19,austria,63,1,0,0
manuvai,2023-03-31,france,0,2,0,0
mapellil,2023-04-06,italy,421,1,1,1
mapio,2023-03-24,italy,1350,1,1,0
mapio,2023-03-26,italy,1528,1,1,0
mapreri,2023-03-24,italy,716,1,1,0
marandaneto,2023-03-20,austria,519,1,0,0
marandaneto,2023-03-22,austria,261,1,0,0
marandaneto,2023-03-23,austria,927,1,0,0
marandaneto,2023-03-24,austria,141,2,0,0
marandaneto,2023-03-29,austria,313,1,0,0
marandaneto,2023-03-30,austria,77,1,0,0
marandaneto,2023-04-05,austria,640,1,0,1
marc-dll,2023-03-21,france,259,1,0,0
marc-gavanier,2023-03-18,france,0,5,0,0
marcalff,2023-04-03,france,0,2,0,1
marcalff,2023-04-05,france,1003,1,0,1
marcalff,2023-04-07,france,50,1,0,1
marcalff,2023-04-08,france,39,1,0,1
marcbelmont,2023-03-28,france,250,1,0,0
marco-c,2023-03-21,italy,111,1,1,0
marco-c,2023-03-22,italy,844,3,1,0
marco-ippolito,2023-04-05,italy,437,1,1,1
marco-maroni-spot-software,2023-03-23,italy,336,1,1,0
marco-maroni-spot-software,2023-03-31,italy,524,1,1,0
marco-svitol,2023-04-07,italy,424,1,1,1
marcoBros,2023-03-31,france,1032,1,0,0
marcoadurno,2023-04-05,italy,227,1,1,1
marcoautiero,2023-04-07,italy,1364,1,1,1
marcobaro1991,2023-03-26,italy,354,1,1,0
marcoceppi,2023-03-20,austria,182,1,0,0
marcoclg19,2023-04-02,italy,203,1,1,1
marcodefelice,2023-03-21,italy,941,7,1,0
marcomameli1992,2023-03-24,italy,227,1,1,0
marcomarsala,2023-03-24,italy,761,1,1,0
marcomarsala,2023-03-27,italy,775,2,1,0
marcomatteo,2023-03-18,italy,807,1,1,0
marcominerva,2023-03-18,italy,565,2,1,0
marcominerva,2023-03-19,italy,1403,2,1,0
marcominerva,2023-03-20,italy,319,1,1,0
marcominerva,2023-03-21,italy,201,1,1,0
marcominerva,2023-03-22,italy,308,1,1,0
marcominerva,2023-03-23,italy,367,2,1,0
marcominerva,2023-03-29,italy,168,1,1,0
marcopalumbo,2023-03-23,italy,582,1,1,0
marcopiraccini,2023-03-26,italy,214,1,1,0
marcosbagno,2023-04-06,italy,1130,1,1,1
marcosh,2023-03-23,italy,163,1,1,0
marcostudios,2023-03-21,italy,1363,1,1,0
marcostudios,2023-03-25,italy,383,1,1,0
marcpinet,2023-04-02,france,42,1,0,1
marcpinet,2023-04-08,france,524,1,0,1
marcwrobel,2023-03-20,france,611,1,0,0
marcwrobel,2023-03-22,france,289,1,0,0
marcwrobel,2023-03-29,france,137,1,0,0
marcwrobel,2023-03-30,france,292,1,0,0
marek-iiasa,2023-04-08,austria,511,2,0,1
marieBvr,2023-03-21,france,266,1,0,0
marieflorescontact,2023-03-28,france,569,1,0,0
marienilba,2023-03-18,france,743,7,0,0
marienilba,2023-03-19,france,115,1,0,0
marienilba,2023-03-20,france,487,6,0,0
marienilba,2023-03-23,france,122,3,0,0
marienilba,2023-03-25,france,421,4,0,0
marienilba,2023-03-26,france,203,3,0,0
marienilba,2023-03-28,france,1280,9,0,0
marienilba,2023-03-29,france,0,1,0,0
marienilba,2023-03-30,france,227,2,0,0
marienilba,2023-04-01,france,411,10,0,1
marienilba,2023-04-02,france,143,4,0,1
marienilba,2023-04-03,france,173,2,0,1
marienilba,2023-04-06,france,496,6,0,1
marienilba,2023-04-07,france,1203,9,0,1
marienilba,2023-04-08,france,826,8,0,1
marinecourtin,2023-04-06,france,350,1,0,1
mariobaldini,2023-03-23,france,297,1,0,0
mariobaldini,2023-03-24,france,1534,1,0,0
mariomurrent-softwaresolutions,2023-04-02,austria,48,1,0,1
marionvilain,2023-04-07,france,24,1,0,1
mariusvn,2023-03-21,france,578,1,0,0
mariusvn,2023-03-27,france,205,1,0,0
markand,2023-03-28,france,1282,1,0,0
markehammons,2023-03-23,france,274,3,0,0
markehammons,2023-03-25,france,767,4,0,0
markehammons,2023-03-26,france,0,4,0,0
markehammons,2023-03-27,france,126,1,0,0
markehammons,2023-03-31,france,122,1,0,0
markehammons,2023-04-08,france,72,2,0,1
marko-knoebl,2023-04-03,austria,598,1,0,1
markov00,2023-04-03,italy,270,1,1,1
markov00,2023-04-05,italy,557,1,1,1
marnheus,2023-04-03,france,562,1,0,1
marob,2023-03-30,france,826,1,0,0
marob,2023-04-07,france,342,2,0,1
martabal,2023-03-28,france,256,1,0,0
martinRenou,2023-04-05,france,38,1,0,1
martinRenou,2023-04-07,france,164,2,0,1
martinantonmueller,2023-03-22,austria,186,1,0,0
martinantonmueller,2023-03-28,austria,0,2,0,0
martinantonmueller,2023-03-29,austria,75,2,0,0
martinantonmueller,2023-03-30,austria,87,3,0,0
martinantonmueller,2023-03-31,austria,817,3,0,0
martinantonmueller,2023-04-05,austria,35,3,0,1
martinantonmueller,2023-04-06,austria,36,6,0,1
martinbonnin,2023-03-21,france,114,3,0,0
martinbonnin,2023-03-22,france,342,2,0,0
martinbonnin,2023-03-23,france,161,1,0,0
martinbonnin,2023-03-24,france,221,1,0,0
martinbonnin,2023-03-25,france,140,1,0,0
martinbonnin,2023-03-27,france,0,1,0,0
martinbonnin,2023-04-03,france,2600,2,0,1
martinbonnin,2023-04-04,france,399,1,0,1
martinbonnin,2023-04-06,france,276,1,0,1
martinbonnin,2023-04-07,france,136,1,0,1
martindoublem,2023-03-20,italy,153,1,1,0
martineiber,2023-03-21,austria,443,1,0,0
martineiber,2023-03-29,austria,51,1,0,0
martineiber,2023-04-07,austria,1161,1,0,1
martinig94,2023-03-19,italy,140,1,1,0
martinit18,2023-03-27,france,0,9,0,0
martinit18,2023-03-30,france,0,1,0,0
martinit18,2023-03-31,france,0,1,0,0
martinit18,2023-04-03,france,0,1,0,1
martinit18,2023-04-06,france,0,3,0,1
martinit18,2023-04-07,france,0,3,0,1
martinkilbinger,2023-03-29,france,241,1,0,0
martinkilbinger,2023-04-07,france,324,1,0,1
martinkirch,2023-03-19,france,1220,1,0,0
martinkunev,2023-03-24,france,427,1,0,0
martinmildner,2023-03-22,austria,393,1,0,0
martinuray,2023-04-03,austria,339,1,0,1
martusi61,2023-03-19,italy,1407,1,1,0
marylou-gabrie,2023-03-18,france,259,2,0,0
marzojr,2023-04-01,france,1341,1,0,1
masciugo,2023-03-20,italy,744,1,1,0
masciugo,2023-03-21,italy,968,1,1,0
massimo-nocentini,2023-03-27,italy,0,1,1,0
massimo-nocentini,2023-03-30,italy,0,3,1,0
massimo-nocentini,2023-03-31,italy,0,3,1,0
massimo-nocentini,2023-04-04,italy,0,1,1,1
massimoaria,2023-04-01,italy,947,1,1,1
massimoliani,2023-04-01,italy,1439,2,1,1
mat-m,2023-04-07,france,428,1,0,1
mat-xc,2023-03-22,italy,188,1,1,0
mataxelle,2023-04-08,france,0,1,0,1
matchaxnb,2023-03-29,france,148,1,0,0
matchaxnb,2023-03-30,france,309,2,0,0
matejminar,2023-03-31,austria,108,8,0,0
matejminar,2023-04-02,austria,15522,44,0,1
matejminar,2023-04-03,austria,731,6,0,1
matejminar,2023-04-04,austria,127,1,0,1
matejminar,2023-04-05,austria,687,2,0,1
matejminar,2023-04-06,austria,2178,7,0,1
matejminar,2023-04-07,austria,0,8,0,1
mateonunez,2023-04-01,italy,10,1,1,1
mateonunez,2023-04-08,italy,471,3,1,1
matfire,2023-03-23,france,38,1,0,0
math-fehr,2023-03-27,france,51,1,0,0
math-fehr,2023-03-31,france,279,1,0,0
math-fehr,2023-04-03,france,125,1,0,1
math-fehr,2023-04-08,france,122,1,0,1
mathieu-pousse,2023-04-05,france,1361,1,0,1
mathieuhervouetlbc,2023-03-21,france,0,1,0,0
mathix420,2023-04-07,france,0,2,0,1
matks,2023-03-20,france,1497,7,0,0
matks,2023-03-24,france,320,1,0,0
matmair,2023-04-02,austria,232,1,0,1
matsamaaa,2023-04-01,france,1555,1,0,1
matt32106,2023-03-30,france,1065,1,0,0
matt32106,2023-03-31,france,377,1,0,0
matt32106,2023-04-05,france,190,1,0,1
mattamon,2023-03-20,austria,132,1,0,0
mattamon,2023-03-23,austria,185,1,0,0
mattamon,2023-03-30,austria,250,1,0,0
mattamon,2023-04-01,austria,179,1,0,1
mattamon,2023-04-03,austria,255,1,0,1
matteo-cristino,2023-03-27,italy,1292,1,1,0
matteo-cristino,2023-03-29,italy,833,1,1,0
matteo-cristino,2023-04-06,italy,143,1,1,1
matteocarnelos,2023-03-31,italy,301,1,1,0
matteocostantini,2023-04-08,italy,111,1,1,1
matteoerrera,2023-04-08,italy,374,1,1,1
matteogll,2023-03-21,italy,346,1,1,0
matteokeole,2023-03-25,france,344,1,0,0
matteokeole,2023-04-01,france,628,2,0,1
matteokeole,2023-04-02,france,111,1,0,1
matteokeole,2023-04-08,france,289,1,0,1
matteoredz,2023-03-31,italy,0,1,1,0
matteozamu,2023-04-05,italy,670,1,1,1
matthias-samwald,2023-03-28,austria,123,1,0,0
matthias-samwald,2023-03-30,austria,0,1,0,0
matthiaskemmer,2023-03-31,austria,54,1,0,0
matthiaslischka,2023-03-24,austria,515,1,0,0
matthieu66100,2023-03-31,france,0,1,0,0
matthieutirelli-pro,2023-03-20,france,243,1,0,0
matthisholleville,2023-03-29,france,932,1,0,0
matthisholleville,2023-03-30,france,3850,3,0,0
mattia-b89,2023-03-28,italy,267,1,1,0
mattiacurri,2023-04-05,italy,536,3,1,1
mattiagiupponi,2023-04-07,italy,568,1,1,1
mattiapv,2023-04-07,italy,734,1,1,1
mattiaverga,2023-03-25,italy,443,1,1,0
mattiaz9,2023-04-06,italy,37,1,1,1
mattrighetti,2023-04-05,italy,217,1,1,1
matttam,2023-04-07,austria,235,1,0,1
matypist,2023-04-06,italy,1603,10,1,1
maur1th,2023-03-20,france,269,1,0,0
maurizioandreotti,2023-04-06,italy,483,1,1,1
maurocarlu,2023-04-07,italy,1117,4,1,1
mauroservienti,2023-03-22,italy,0,1,1,0
mauroservienti,2023-04-08,italy,204,1,1,1
max-moser,2023-03-29,austria,1101,2,0,0
max-moser,2023-03-30,austria,470,1,0,0
max-moser,2023-04-05,austria,1480,1,0,1
maxb-d,2023-03-23,france,0,5,0,0
maxbader,2023-03-31,austria,486,1,0,0
maxcanna,2023-04-07,italy,101,1,1,1
maxence-lagalle,2023-03-22,france,697,1,0,0
maxensas,2023-03-21,france,394,1,0,0
maxgfr,2023-03-27,france,0,1,0,0
maxgfr,2023-04-06,france,0,2,0,1
maxgfr,2023-04-07,france,86,2,0,1
maxime1907,2023-03-19,france,244,1,0,0
maxime1907,2023-03-23,france,182,1,0,0
maxime1907,2023-04-02,france,104,1,0,1
maximeallanic,2023-03-24,france,51,1,0,0
maximeallanic,2023-03-27,france,1058,1,0,0
maximeallanic,2023-03-30,france,0,1,0,0
maximebochon,2023-03-26,france,356,1,0,0
maximelebreton,2023-04-05,france,402,1,0,1
maximelehericy,2023-04-04,france,924,1,0,1
maximelucas,2023-03-21,italy,91,1,1,0
maximelucas,2023-03-22,italy,1075,2,1,0
maximelucas,2023-03-27,italy,127,1,1,0
maximelucas,2023-03-28,italy,703,2,1,0
maximeozenne,2023-04-01,france,814,1,0,1
maximepvrt,2023-03-26,france,603,1,0,0
maximeseth,2023-03-21,france,246,1,0,0
maximeseth,2023-03-22,france,492,1,0,0
maximetoma,2023-04-04,france,4,1,0,1
maximilianMairinger,2023-03-24,austria,0,3,0,0
maximilianMairinger,2023-03-25,austria,66,1,0,0
maximilianMairinger,2023-03-27,austria,0,1,0,0
maximus80,2023-03-29,austria,1275,1,0,0
maxmorozoff,2023-04-01,italy,1159,1,1,1
maxmorozoff,2023-04-03,italy,260,1,1,1
maxmorozoff,2023-04-07,italy,959,1,1,1
maxperei,2023-03-23,france,331,1,0,0
maxperso,2023-03-25,france,0,1,0,0
maxtoulouse31,2023-04-07,france,1595,1,0,1
mayaCostantini,2023-03-21,france,447,2,0,0
mayaCostantini,2023-03-26,france,358,1,0,0
mayaCostantini,2023-04-06,france,988,1,0,1
mazedesign,2023-04-06,italy,1090,1,1,1
mazouakh,2023-03-18,france,263,1,0,0
mbovo,2023-03-22,italy,227,1,1,0
mcanevet,2023-04-06,france,232,2,0,1
mcanouil,2023-03-25,france,351,1,0,0
mcarbonneaux,2023-03-19,france,939,2,0,0
mcaserta,2023-04-01,italy,707,1,1,1
mcastagnetti,2023-04-05,france,1033,1,0,1
mcgivrer,2023-03-30,france,0,1,0,0
mchaabaoui,2023-03-29,france,296,1,0,0
mchev,2023-04-02,france,396,1,0,1
mcm1957,2023-03-18,austria,318,1,0,0
mcm1957,2023-03-20,austria,694,1,0,0
mcm1957,2023-03-22,austria,1724,3,0,0
mcm1957,2023-03-23,austria,28,1,0,0
mcm1957,2023-03-25,austria,382,3,0,0
mcm1957,2023-03-26,austria,96,1,0,0
mcm1957,2023-03-28,austria,170,1,0,0
mcm1957,2023-03-29,austria,73,1,0,0
mcm1957,2023-03-31,austria,448,2,0,0
mcm1957,2023-04-02,austria,33,4,0,1
mcm1957,2023-04-04,austria,669,5,0,1
mcm1957,2023-04-06,austria,1854,4,0,1
mcm1957,2023-04-07,austria,888,6,0,1
mcm1957,2023-04-08,austria,1326,3,0,1
mcollina,2023-03-18,italy,2198,5,1,0
mcollina,2023-03-21,italy,891,1,1,0
mcollina,2023-03-22,italy,97,1,1,0
mcollina,2023-03-28,italy,168,1,1,0
mcollina,2023-04-04,italy,1163,2,1,1
mcombeau,2023-03-27,france,0,11,0,0
mcombeau,2023-04-03,france,0,3,0,1
mcombeau,2023-04-07,france,0,3,0,1
mcondarelli,2023-03-24,italy,631,1,1,0
mcosta3tc,2023-03-24,france,172,7,0,0
mcosta3tc,2023-03-25,france,285,8,0,0
mcosta3tc,2023-03-26,france,85,2,0,0
mcosta3tc,2023-04-06,france,0,2,0,1
mdantonio,2023-04-01,italy,14623,13,1,1
mdartic,2023-03-22,france,152,1,0,0
mdartic,2023-04-04,france,1515,1,0,1
mdesantis,2023-03-22,italy,85,1,1,0
mdesantis,2023-03-30,italy,1059,1,1,0
mdeweerd,2023-03-24,france,390,1,0,0
mdeweerd,2023-04-06,france,2179,2,0,1
mduvernon,2023-03-25,france,47,1,0,0
medarchiver,2023-03-28,italy,629,1,1,0
mehdi-aouadi,2023-03-20,france,0,1,0,0
mehdigmira,2023-04-05,france,1329,1,0,1
meis91,2023-04-05,austria,128,1,0,1
melbesnard85,2023-03-21,france,30,1,0,0
melindafekete,2023-04-03,italy,365,1,1,1
melisa-abuin,2023-03-19,italy,0,1,1,0
melissaoml,2023-03-30,italy,0,1,1,0
melix99,2023-03-27,italy,0,1,1,0
melix99,2023-03-28,italy,0,1,1,0
melix99,2023-04-04,italy,409,1,1,1
melvynator,2023-04-03,france,446,1,0,1
mepto,2023-04-03,france,2067,7,0,1
mercury1337,2023-04-01,austria,886,1,0,1
meredrica,2023-03-19,austria,198,1,0,0
merlin145160,2023-04-06,france,87,1,0,1
merveenoyan,2023-03-29,france,862,1,0,0
metachris,2023-03-30,austria,150,1,0,0
metachris,2023-03-31,austria,578,1,0,0
metachris,2023-04-01,austria,193,1,0,1
metacosm,2023-03-28,france,341,1,0,0
metacosm,2023-04-07,france,97,5,0,1
methusalah,2023-04-05,france,905,1,0,1
mfabiani53,2023-03-29,italy,43,1,1,0
mfinotti,2023-03-22,italy,0,2,1,0
mfl28,2023-04-01,austria,31,1,0,1
mfl28,2023-04-02,austria,71,1,0,1
mfortini,2023-03-20,italy,207,1,1,0
mgaonach,2023-03-28,france,127,2,0,0
mgaonach,2023-03-30,france,59,1,0,0
mgautierfr,2023-03-20,france,542,1,0,0
mgautierfr,2023-03-22,france,1175,1,0,0
mgautierfr,2023-03-29,france,149,1,0,0
mgenet,2023-03-21,france,1297,1,0,0
mgiugliano,2023-03-24,italy,116,1,1,0
mgiugliano,2023-04-01,italy,341,1,1,1
mgkprod,2023-03-27,france,0,1,0,0
mgregorich,2023-03-30,austria,414,1,0,0
mgrosperrin,2023-03-18,france,1316,1,0,0
mgrubinger,2023-03-22,austria,36,1,0,0
mgrubinger,2023-04-06,austria,821,1,0,1
mgrzybek,2023-03-27,france,894,1,0,0
mguessan,2023-03-26,france,123,1,0,0
mherrmann,2023-04-03,austria,1199,1,0,1
mhesselbarth,2023-03-29,austria,289,1,0,0
mhils,2023-03-24,austria,217,1,0,0
mhils,2023-03-27,austria,909,1,0,0
mhils,2023-03-28,austria,208,1,0,0
mhils,2023-03-30,austria,631,1,0,0
mhils,2023-04-03,austria,512,1,0,1
mhils,2023-04-06,austria,0,1,0,1
mi0772,2023-03-25,italy,0,2,1,0
miaourapide,2023-04-06,france,0,1,0,1
miaulalala,2023-03-27,austria,248,2,0,0
miaulalala,2023-04-07,austria,179,1,0,1
micfio,2023-04-06,italy,123,1,1,1
michabirklbauer,2023-03-23,austria,44,1,0,0
michabirklbauer,2023-03-31,austria,135,1,0,0
michael-bouvy,2023-03-24,france,623,1,0,0
michael-bouvy,2023-03-26,france,977,1,0,0
michael-dm,2023-03-31,france,0,1,0,0
michael-mezgo,2023-04-05,austria,252,2,0,1
michael-mezgo,2023-04-08,austria,591,5,0,1
michaeldesigaud,2023-04-04,france,0,1,0,1
michaelhaar,2023-04-02,austria,0,3,0,1
michaelhaar,2023-04-03,austria,53,3,0,1
michaelmaillot,2023-03-27,france,510,1,0,0
michaelopdenacker,2023-03-23,france,395,1,0,0
michel-thomas,2023-03-27,france,848,1,0,0
micheldiemer,2023-03-31,france,107,1,0,0
michelececcacci,2023-03-18,italy,44,1,1,0
michelececcacci,2023-03-23,italy,210,1,1,0
michelececcacci,2023-04-04,italy,245,1,1,1
micheles,2023-03-28,italy,206,1,1,0
micheles,2023-03-30,italy,1164,1,1,0
michig4b,2023-03-31,italy,570,6,1,0
michmattera,2023-03-21,italy,319,2,1,0
micka-fdz,2023-03-23,france,142,1,0,0
micka-fdz,2023-03-24,france,245,2,0,0
micka-fdz,2023-03-27,france,113,1,0,0
mickaelandrieu,2023-03-24,france,117,1,0,0
mickaelgudin,2023-03-28,france,496,1,0,0
mickaelgudin,2023-03-29,france,185,1,0,0
mickaelgudin,2023-03-31,france,298,1,0,0
mickaelistria,2023-03-21,france,618,3,0,0
mickaelistria,2023-03-28,france,229,1,0,0
mickaelistria,2023-03-29,france,868,1,0,0
mickaelistria,2023-04-04,france,2915,3,0,1
mickaelistria,2023-04-05,france,1643,2,0,1
mickaelistria,2023-04-06,france,1208,2,0,1
mickahell,2023-03-28,france,858,3,0,0
mickahell,2023-03-31,france,475,2,0,0
micker,2023-03-28,france,251,1,0,0
micolsalomone,2023-03-22,italy,735,3,1,0
microniko,2023-03-20,france,400,1,0,0
midium81,2023-03-31,italy,938,1,1,0
migasar,2023-03-27,france,0,1,0,0
migasar,2023-03-29,france,0,1,0,0
migoldfinger,2023-03-20,austria,515,1,0,0
mihaigalos,2023-03-20,austria,891,1,0,0
mijorus,2023-03-31,italy,481,1,1,0
mijorus,2023-04-03,italy,409,1,1,1
mijorus,2023-04-05,italy,154,1,1,1
mika,2023-03-31,austria,1578,1,0,0
mika-sims,2023-04-06,italy,1128,8,1,1
mikaoelitiana,2023-03-30,france,1127,1,0,0
mikaoelitiana,2023-04-05,france,705,1,0,1
mikimpe,2023-03-31,italy,285,1,1,0
miku0129,2023-04-05,france,90,1,0,1
millsp,2023-04-05,france,624,1,0,1
milyin,2023-03-24,france,680,1,0,0
mimok,2023-03-20,france,367,1,0,0
mineraux,2023-03-24,france,0,1,0,0
minichma,2023-03-27,austria,982,1,0,0
minichma,2023-04-08,austria,1193,1,0,1
miquik,2023-03-20,italy,412,1,1,0
miragecentury,2023-03-18,france,1366,1,0,0
miragecentury,2023-03-26,france,0,2,0,0
mirkobrombin,2023-03-18,italy,126,2,1,0
mischnic,2023-03-27,austria,750,1,0,0
mischnic,2023-03-30,austria,1431,1,0,0
misl6,2023-03-19,italy,289,1,1,0
mistermax80,2023-03-19,italy,199,1,1,0
mitermitek,2023-03-30,france,0,5,0,0
mitschabaude,2023-03-20,austria,0,1,0,0
mitschabaude,2023-03-28,austria,0,2,0,0
mitschabaude,2023-04-05,austria,0,2,0,1
mjordan79,2023-04-07,italy,1343,1,1,1
mkSaBtsy,2023-03-26,austria,477,1,0,0
mkemmerling,2023-03-29,austria,348,1,0,0
mkhennoussi,2023-03-18,france,324,1,0,0
mkjsix,2023-04-05,italy,1045,1,1,1
mkmik,2023-03-19,italy,273,1,1,0
mkmik,2023-03-21,italy,107,1,1,0
mknotzer,2023-03-26,austria,208,1,0,0
mkreuzmayr,2023-03-29,austria,1571,1,0,0
mkubdev,2023-03-20,france,220,1,0,0
mkubdev,2023-03-30,france,299,1,0,0
mkubdev,2023-04-03,france,208,1,0,1
mkukiro,2023-03-18,italy,402,1,1,0
mkukiro,2023-03-28,italy,0,1,1,0
mkurz,2023-03-22,austria,374,1,0,0
mkurz,2023-03-28,austria,1142,1,0,0
mkurz,2023-04-04,austria,247,1,0,1
mkurz,2023-04-07,austria,1710,6,0,1
mlangc,2023-04-02,austria,223,1,0,1
mlavacca,2023-04-05,italy,707,1,1,1
mlcdf,2023-03-28,france,1069,1,0,0
mlcdf,2023-03-29,france,0,2,0,0
mlcsthor,2023-04-04,france,0,1,0,1
mlcsthor,2023-04-07,france,0,3,0,1
mlejeunedev,2023-04-02,france,4,1,0,1
mlhoutel,2023-04-08,france,117,2,0,1
mlocati,2023-03-20,italy,1217,2,1,0
mlocati,2023-03-28,italy,318,1,1,0
mlocati,2023-03-30,italy,459,1,1,0
mlocati,2023-03-31,italy,323,1,1,0
mm-edtake,2023-03-22,france,1589,1,0,0
mm0806son,2023-03-23,france,1042,1,0,0
mmaksi,2023-03-30,italy,234,1,1,0
mmarchois,2023-04-07,france,125,1,0,1
mmattel,2023-03-21,austria,1926,2,0,0
mmattel,2023-03-22,austria,2915,5,0,0
mmattel,2023-03-24,austria,1630,2,0,0
mmattel,2023-03-30,austria,567,2,0,0
mmattel,2023-04-03,austria,586,1,0,1
mmattel,2023-04-04,austria,1217,3,0,1
mmattel,2023-04-06,austria,566,2,0,1
mmattel,2023-04-07,austria,1320,1,0,1
mmazzarolo,2023-04-08,italy,284,1,1,1
mmmarcos,2023-04-02,france,628,1,0,1
mmmarcos,2023-04-03,france,971,2,0,1
mmomtchev,2023-03-20,france,191,1,0,0
mmomtchev,2023-03-24,france,70,1,0,0
mmomtchev,2023-04-02,france,157,1,0,1
mmomtchev,2023-04-06,france,154,2,0,1
mmomtchev,2023-04-07,france,519,1,0,1
mmornati,2023-03-24,france,910,1,0,0
mmpagani,2023-03-30,italy,1045,1,1,0
mnapoli,2023-04-06,france,914,1,0,1
mnencia,2023-03-28,italy,518,1,1,0
moas,2023-03-28,france,351,7,0,0
mockersf,2023-03-28,france,0,1,0,0
moevbiz,2023-03-20,austria,325,1,0,0
mohadesebasirati,2023-03-20,france,427,1,0,0
mohd-afeef-badri,2023-04-08,france,0,1,0,1
momokinou,2023-03-31,france,190,1,0,0
momokinou,2023-04-03,france,79,1,0,1
monfo068,2023-03-25,italy,23,1,1,0
monfo068,2023-03-28,italy,0,1,1,0
montasIET,2023-03-20,italy,809,1,1,0
moopat,2023-04-06,austria,1138,1,0,1
moreirathomas,2023-03-28,france,153,1,0,0
moreirathomas,2023-03-31,france,317,1,0,0
morgandavidson,2023-03-25,france,241,1,0,0
morgandavidson,2023-04-03,france,167,1,0,1
morgandavidson,2023-04-04,france,697,1,0,1
morgandavidson,2023-04-07,france,660,1,0,1
morhue,2023-03-18,france,0,1,0,0
mormat,2023-03-20,france,550,4,0,0
mormat,2023-03-21,france,46,1,0,0
mormat,2023-03-22,france,71,1,0,0
mormat,2023-03-24,france,103,2,0,0
mormat,2023-03-31,france,217,1,0,0
morpheustao,2023-04-06,italy,1012,1,1,1
mortim,2023-04-04,france,53,2,0,1
morucci,2023-04-07,france,164,2,0,1
mottelet,2023-04-06,france,160,1,0,1
moueza,2023-03-23,france,1469,1,0,0
moueza,2023-04-01,france,0,3,0,1
moueza,2023-04-03,france,0,1,0,1
moueza,2023-04-06,france,0,1,0,1
mouhannadali,2023-03-28,austria,1255,1,0,0
mouzkolit,2023-04-07,austria,0,2,0,1
mowies,2023-03-22,austria,720,2,0,0
mowies,2023-03-23,austria,1245,2,0,0
mowies,2023-04-04,austria,289,1,0,1
mpaglia0,2023-03-29,italy,59,1,1,0
mpg,2023-03-27,france,650,1,0,0
mpg,2023-03-28,france,683,1,0,0
mpg,2023-04-03,france,600,2,0,1
mpg,2023-04-05,france,3292,3,0,1
mpg,2023-04-07,france,651,1,0,1
mpizenberg,2023-03-27,france,1340,1,0,0
mpizenberg,2023-03-30,france,989,1,0,0
mpizenberg,2023-04-07,france,874,1,0,1
mpl,2023-03-27,france,208,1,0,0
mprevel,2023-04-05,france,1208,1,0,1
mquandalle,2023-03-23,france,710,1,0,0
mquandalle,2023-04-05,france,893,2,0,1
mquandalle,2023-04-07,france,820,1,0,1
mrFlick72,2023-03-23,italy,88,2,1,0
mraaroncruz,2023-04-05,austria,297,1,0,1
mrbuds,2023-03-19,france,182,1,0,0
mrbuds,2023-03-21,france,20,3,0,0
mrcnski,2023-03-20,italy,440,1,1,0
mrcnski,2023-03-27,italy,793,1,1,0
mrcnski,2023-04-02,italy,521,1,1,1
mrcnski,2023-04-07,italy,100,1,1,1
mrdoinel,2023-03-27,france,768,1,0,0
mregnauld,2023-03-27,france,411,1,0,0
mrosati84,2023-03-21,italy,904,1,1,0
mrothauer,2023-03-19,austria,689,1,0,0
mrothauer,2023-04-03,austria,93,1,0,1
mrpinkcat,2023-03-27,france,0,1,0,0
mrpinkcat,2023-03-28,france,224,1,0,0
mrpinkcat,2023-03-29,france,866,11,0,0
mrpinkcat,2023-03-30,france,147,1,0,0
mrpinkcat,2023-03-31,france,173,5,0,0
mrschick,2023-03-25,italy,1037,1,1,0
msciacca,2023-03-23,italy,202,1,1,0
msdarck,2023-04-05,france,419,1,0,1
mshea,2023-03-21,austria,352,1,0,0
msonnberger,2023-03-29,austria,0,1,0,0
msonnberger,2023-03-31,austria,0,1,0,0
msreport,2023-04-06,france,481,3,0,1
mstimberg,2023-03-22,france,1094,2,0,0
mstimberg,2023-04-05,france,475,1,0,1
mtancoigne,2023-04-04,france,522,1,0,1
mtauban,2023-03-19,france,191,1,0,0
mtauban,2023-03-20,france,191,1,0,0
mtauban,2023-03-21,france,191,1,0,0
mtauban,2023-03-23,france,191,1,0,0
mtauban,2023-03-24,france,191,1,0,0
mtauban,2023-03-25,france,191,1,0,0
mtauban,2023-03-27,france,386,2,0,0
mtauban,2023-03-28,france,191,1,0,0
mtauban,2023-03-29,france,191,1,0,0
mtauban,2023-03-30,france,191,1,0,0
mtauban,2023-03-31,france,190,1,0,0
mtauban,2023-04-02,france,191,1,0,1
mtauban,2023-04-03,france,191,1,0,1
mtauban,2023-04-05,france,191,1,0,1
mtauban,2023-04-06,france,191,1,0,1
mtauban,2023-04-07,france,191,1,0,1
mteillet,2023-03-20,france,311,2,0,0
mteillet,2023-03-22,france,265,1,0,0
mteillet,2023-03-27,france,502,2,0,0
mteillet,2023-03-31,france,297,2,0,0
mthebaud,2023-03-20,france,0,1,0,0
mthebaud,2023-03-21,france,20,1,0,0
mthebaud,2023-03-28,france,87,1,0,0
mthebaud,2023-03-30,france,77,2,0,0
mthebaud,2023-04-06,france,18,2,0,1
mtrevisan,2023-04-07,italy,322,1,1,1
mts88,2023-03-18,italy,390,5,1,0
mts88,2023-03-20,italy,27,1,1,0
mts88,2023-03-22,italy,118,3,1,0
mts88,2023-03-23,italy,82,2,1,0
mudler,2023-03-21,italy,1418,2,1,0
mudler,2023-03-28,italy,0,1,1,0
mudler,2023-03-30,italy,1261,1,1,0
mudler,2023-04-03,italy,77,1,1,1
mudler,2023-04-05,italy,803,1,1,1
mudler,2023-04-06,italy,873,1,1,1
mueslirieger,2023-03-31,austria,382,2,0,0
mueslirieger,2023-04-04,austria,196,1,0,1
mueslirieger,2023-04-07,austria,208,1,0,1
mundschenk-at,2023-03-26,austria,67,1,0,0
mundschenk-at,2023-03-31,austria,525,1,0,0
murdos,2023-04-02,france,1107,1,0,1
musitdev,2023-03-23,france,717,1,0,0
mutachre,2023-03-24,italy,259,1,1,0
mvahowe,2023-04-04,france,1244,1,0,1
mvergez,2023-04-06,france,303,1,0,1
mvertes,2023-04-06,france,529,1,0,1
mxmeunier,2023-03-20,france,0,2,0,0
mxmeunier,2023-03-22,france,0,1,0,0
mxmeunier,2023-03-23,france,0,3,0,0
mxmeunier,2023-03-27,france,0,8,0,0
mxmeunier,2023-03-29,france,0,1,0,0
mxmeunier,2023-03-30,france,31,2,0,0
mxmeunier,2023-04-03,france,332,13,0,1
mxmeunier,2023-04-04,france,120,7,0,1
mxschumacher,2023-03-19,france,1083,1,0,0
myNicole98,2023-03-21,italy,328,1,1,0
mycaule,2023-03-29,france,402,1,0,0
mydea,2023-03-23,austria,1068,2,0,0
mydea,2023-03-28,austria,990,1,0,0
mydea,2023-04-04,austria,540,1,0,1
mydea,2023-04-05,austria,647,1,0,1
myieye,2023-03-22,austria,745,2,0,0
myieye,2023-04-07,austria,973,1,0,1
mysterty,2023-03-31,france,554,1,0,0
n-Arno,2023-04-06,france,1169,1,0,1
n-elie,2023-03-30,france,68,1,0,0
n-elie,2023-03-31,france,203,1,0,0
n-osborne,2023-04-05,france,440,1,0,1
n-rodriguez,2023-03-19,france,10,1,0,0
n-rodriguez,2023-03-24,france,10,1,0,0
n-rodriguez,2023-04-07,france,1538,1,0,1
n0ct,2023-04-08,france,251,1,0,1
n1c01a5,2023-03-20,france,0,1,0,0
n1c01a5,2023-03-22,france,140,1,0,0
n1c01a5,2023-03-30,france,159,2,0,0
n1c01a5,2023-04-04,france,0,2,0,1
n3wborn,2023-04-02,france,0,1,0,1
n3wborn,2023-04-04,france,90,1,0,1
n4th4ndev,2023-03-26,france,216,1,0,0
nabdali,2023-04-08,france,110,1,0,1
nahoj,2023-03-22,france,417,1,0,0
naighes,2023-03-29,italy,639,1,1,0
nalepae,2023-04-05,france,1068,1,0,1
nalka0,2023-03-28,france,264,1,0,0
namansnegi,2023-03-23,france,4,1,0,0
namjul,2023-04-05,austria,572,1,0,1
nanu-c,2023-03-31,austria,54,1,0,0
napaalm,2023-03-19,italy,767,1,1,0
nardil,2023-03-20,italy,304,1,1,0
narf,2023-03-27,france,353,1,0,0
natema,2023-03-29,france,620,1,0,0
natema,2023-04-03,france,1154,2,0,1
natinusala,2023-03-20,france,325,1,0,0
natrius,2023-03-22,austria,1360,1,0,0
natrius,2023-03-24,austria,517,1,0,0
natterstefan,2023-04-03,austria,689,2,0,1
navidemad,2023-03-31,france,719,1,0,0
nazmifr,2023-03-30,france,693,1,0,0
nbelyh,2023-03-30,austria,373,1,0,0
nbraud,2023-03-28,austria,1610,1,0,0
nbrugger-tgm,2023-03-21,austria,1215,2,0,0
nbrugger-tgm,2023-03-29,austria,111,1,0,0
ncannasse,2023-04-07,france,291,1,0,1
ncldlbn,2023-03-23,italy,179,2,1,0
ncldlbn,2023-03-28,italy,274,1,1,0
ncldlbn,2023-03-30,italy,652,1,1,0
nclsppr,2023-03-31,france,215,1,0,0
ncrocfer,2023-03-26,france,1239,1,0,0
ncvescera,2023-03-30,italy,302,1,1,0
ncvescera,2023-03-31,italy,372,1,1,0
ncvescera,2023-04-01,italy,71,1,1,1
ncvescera,2023-04-07,italy,1167,2,1,1
ndevplanque,2023-03-29,france,545,1,0,0
ndoschek,2023-04-07,austria,710,2,0,1
nedimAT,2023-03-22,austria,433,1,0,0
nefarius,2023-03-26,austria,212,1,0,0
neil3000,2023-03-20,france,401,1,0,0
neimheadh,2023-04-07,france,406,2,0,1
nekowinston,2023-03-21,austria,749,1,0,0
nekowinston,2023-03-31,austria,529,1,0,0
nelimee,2023-04-03,france,1229,1,0,1
nelimee,2023-04-05,france,862,1,0,1
nelso0,2023-04-07,france,0,1,0,1
nenes25,2023-04-06,france,453,1,0,1
nenes25,2023-04-07,france,566,1,0,1
nenes25,2023-04-08,france,492,1,0,1
neowutran,2023-03-21,france,2231,3,0,0
neowutran,2023-03-27,france,729,1,0,0
nerdoc,2023-04-08,austria,1361,1,0,1
nesrineabdmouleh,2023-04-05,france,1601,1,0,1
nestorhabibi,2023-04-01,france,542,2,0,1
netomi,2023-03-30,austria,810,1,0,0
netomi,2023-03-31,austria,1531,1,0,0
netw0rkf10w,2023-03-21,france,144,1,0,0
netw0rkf10w,2023-04-06,france,367,1,0,1
netw0rkf10w,2023-04-07,france,286,1,0,1
neutrinoceros,2023-03-19,france,753,2,0,0
neutrinoceros,2023-03-20,france,541,2,0,0
neutrinoceros,2023-03-23,france,908,1,0,0
neutrinoceros,2023-04-01,france,538,1,0,1
neutrinoceros,2023-04-02,france,606,1,0,1
neutrinoceros,2023-04-03,france,677,1,0,1
neutrinoceros,2023-04-07,france,1417,1,0,1
neutrinoceros,2023-04-08,france,658,1,0,1
newfla,2023-03-20,italy,1215,1,1,0
neysofu,2023-03-23,italy,0,1,1,0
neysofu,2023-03-27,italy,1345,3,1,0
nfroidure,2023-03-19,france,270,1,0,0
nfroidure,2023-04-04,france,160,1,0,1
nfroidure,2023-04-07,france,235,2,0,1
ngallo,2023-03-29,italy,738,2,1,0
nguyenkims,2023-04-07,france,211,1,0,1
ngxson,2023-04-07,france,1260,1,0,1
nhamilakis,2023-04-03,france,430,1,0,1
nherbaut,2023-03-28,france,0,1,0,0
nhoizey,2023-03-18,france,615,1,0,0
nhoizey,2023-03-19,france,1187,1,0,0
nhoizey,2023-03-24,france,1912,2,0,0
niccolofavari,2023-03-31,italy,836,2,1,0
niccolomineo,2023-04-01,italy,313,1,1,1
niccolomineo,2023-04-08,italy,60,1,1,1
niccolopetti,2023-03-31,italy,325,1,1,0
niccou,2023-03-24,france,0,10,0,0
niccou,2023-04-04,france,211,2,0,1
nicfab,2023-03-18,italy,638,1,1,0
nickwinger,2023-04-07,austria,226,1,0,1
nicloay,2023-03-28,austria,835,1,0,0
nicloay,2023-04-02,austria,331,1,0,1
nico-vrn,2023-04-04,france,28,1,0,1
nico202,2023-04-06,italy,1417,1,1,1
nico73800,2023-04-05,france,138,3,0,1
nico73800,2023-04-06,france,58,1,0,1
nico9889,2023-03-18,italy,290,1,1,0
nicoesiea,2023-04-05,france,949,1,0,1
nicofrand,2023-03-22,france,1433,2,0,0
nicokaiser,2023-03-26,austria,224,1,0,0
nicokaiser,2023-03-31,austria,266,1,0,0
nicokant,2023-03-29,italy,97,1,1,0
nicokant,2023-03-31,italy,1366,1,1,0
nicolaerario,2023-03-20,italy,51,3,1,0
nicolaerario,2023-03-21,italy,0,3,1,0
nicolaerario,2023-03-25,italy,0,1,1,0
nicolaerario,2023-03-27,italy,0,1,1,0
nicolafan,2023-03-19,italy,340,1,1,0
nicolafan,2023-03-21,italy,262,1,1,0
nicolaparo,2023-03-25,italy,1287,1,1,0
nicolargo,2023-04-08,france,503,1,0,1
nicolas-albert,2023-03-29,france,508,1,0,0
nicolas-eoxia,2023-03-20,france,0,1,0,0
nicolas-eoxia,2023-03-21,france,128,8,0,0
nicolas-eoxia,2023-03-22,france,0,11,0,0
nicolas-eoxia,2023-03-23,france,0,2,0,0
nicolas-eoxia,2023-03-27,france,0,8,0,0
nicolas-eoxia,2023-03-28,france,0,4,0,0
nicolas-eoxia,2023-03-30,france,0,1,0,0
nicolas-eoxia,2023-03-31,france,0,1,0,0
nicolas-eoxia,2023-04-05,france,0,6,0,1
nicolas-eoxia,2023-04-06,france,0,4,0,1
nicolas-eoxia,2023-04-07,france,0,5,0,1
nicolas-grekas,2023-03-20,france,1494,3,0,0
nicolas-grekas,2023-03-28,france,978,2,0,0
nicolas-grekas,2023-03-30,france,483,1,0,0
nicolas-grekas,2023-03-31,france,517,1,0,0
nicolas-grekas,2023-04-06,france,489,1,0,1
nicolas-grekas,2023-04-07,france,150,1,0,1
nicolas-roelandt,2023-04-05,france,306,1,0,1
nicolas-viennot-beta,2023-03-20,france,1803,2,0,0
nicolas-viennot-beta,2023-03-22,france,510,1,0,0
nicolas-viennot-beta,2023-03-23,france,1229,2,0,0
nicolas-viennot-beta,2023-04-06,france,0,2,0,1
nicolas2k,2023-03-26,france,453,2,0,0
nicolascouvrat,2023-03-22,france,525,1,0,0
nicolasdecorbez,2023-04-03,france,97,1,0,1
nicolasduminil,2023-03-29,france,499,1,0,0
nicolasne,2023-03-21,france,901,1,0,0
nicolaspernoud,2023-03-29,france,787,1,0,0
nicoloereni,2023-03-22,italy,89,1,1,0
nicompte,2023-04-02,france,351,1,0,1
nicos99,2023-03-22,france,507,1,0,0
nicpuppa,2023-03-21,italy,159,1,1,0
nicpuppa,2023-03-30,italy,0,6,1,0
nicshub,2023-03-24,italy,594,1,1,0
nidrissi,2023-03-24,france,335,1,0,0
niederlec,2023-03-27,france,478,2,0,0
niederlec,2023-04-07,france,808,3,0,1
nik04r,2023-03-19,austria,1072,1,0,0
nikaro,2023-03-23,france,440,1,0,0
nikgraf,2023-03-26,austria,0,1,0,0
nikisalli,2023-03-26,italy,831,1,1,0
nikophil,2023-03-18,france,1224,1,0,0
nikophil,2023-03-21,france,424,1,0,0
nikophil,2023-03-22,france,392,1,0,0
nilleb,2023-03-26,france,678,1,0,0
nils-van-zuijlen,2023-03-18,france,315,1,0,0
niltied,2023-03-24,france,676,2,0,0
nio101,2023-04-08,france,256,1,0,1
nitaku,2023-03-29,italy,145,7,1,0
nitaku,2023-04-04,italy,0,1,1,1
nitaku,2023-04-05,italy,417,4,1,1
nitaku,2023-04-06,italy,0,1,1,1
nitricware,2023-04-03,austria,216,1,0,1
nitricware,2023-04-07,austria,63,1,0,1
nitricware,2023-04-08,austria,128,1,0,1
niv0,2023-03-31,austria,671,1,0,0
njouanin,2023-04-04,france,692,1,0,1
nkarasiak,2023-03-21,france,887,1,0,0
nkrmr,2023-03-29,france,798,1,0,0
nkrmr,2023-04-05,france,264,1,0,1
nlemoine,2023-04-04,france,84,1,0,1
nlewo,2023-04-08,france,207,1,0,1
nliautaud,2023-03-30,france,524,1,0,0
nlunets,2023-04-03,france,165,2,0,1
nmasse-itix,2023-03-31,france,338,1,0,0
nmellado,2023-03-30,france,19,1,0,0
noalak,2023-04-05,france,364,1,0,1
nocte1337,2023-03-20,italy,738,1,1,0
noctisatrae,2023-03-25,france,1654,4,0,0
nodi-bot,2023-03-25,france,212,1,0,0
nodi-bot,2023-04-05,france,212,1,0,1
noemi-mancini,2023-03-23,italy,298,1,1,0
nogaruki,2023-03-29,france,0,2,0,0
nojb,2023-04-07,france,1215,1,0,1
nollium,2023-03-22,france,756,1,0,0
nollium,2023-03-29,france,659,1,0,0
nonce9,2023-04-03,austria,0,1,0,1
nonce9,2023-04-07,austria,701,4,0,1
nonconforme,2023-03-20,france,142,1,0,0
nonno,2023-04-07,italy,490,1,1,1
nononymousse,2023-03-18,france,601,1,0,0
noodle69,2023-03-29,france,706,1,0,0
noook,2023-03-21,france,842,1,0,0
nooxx,2023-03-30,france,999,1,0,0
noraj,2023-03-22,france,81,1,0,0
noraj,2023-03-23,france,51,1,0,0
noraj,2023-04-01,france,220,2,0,1
noraj,2023-04-05,france,372,2,0,1
noraj,2023-04-06,france,0,1,0,1
noraj,2023-04-08,france,713,4,0,1
nos86,2023-03-28,italy,674,1,1,0
not-matthias,2023-03-18,austria,431,1,0,0
not-matthias,2023-03-29,austria,298,1,0,0
nothinghalosix,2023-04-04,austria,1023,1,0,1
nox,2023-03-20,france,1170,1,0,0
npenin,2023-03-28,france,517,1,0,0
npiccolotto,2023-03-22,austria,548,1,0,0
npintaux,2023-03-28,france,459,1,0,0
npirlot,2023-04-05,france,1449,1,0,1
nqb,2023-03-22,france,557,1,0,0
nqb,2023-03-28,france,778,1,0,0
nqb,2023-04-07,france,644,1,0,1
nrinaudo,2023-03-30,france,1412,1,0,0
nriss,2023-03-25,france,408,1,0,0
nriss,2023-04-03,france,104,1,0,1
nriss,2023-04-07,france,230,1,0,1
nservant,2023-03-24,france,1228,1,0,0
ntm,2023-03-21,france,737,1,0,0
ntorquet,2023-03-20,france,131,1,0,0
ntorquet,2023-03-21,france,0,1,0,0
nuberion,2023-03-30,austria,0,1,0,0
nulltoken,2023-03-24,france,1263,1,0,0
nunyvega,2023-03-23,france,270,1,0,0
nunyvega,2023-03-30,france,385,1,0,0
nunyvega,2023-04-08,france,329,1,0,1
nup002,2023-03-31,france,513,1,0,0
nupplaphil,2023-03-25,austria,711,1,0,0
nutellinoit,2023-03-24,italy,0,1,1,0
nutellinoit,2023-04-03,italy,313,1,1,1
nutellinoit,2023-04-06,italy,155,1,1,1
nverhoye,2023-03-30,france,487,1,0,0
nvuillam,2023-03-30,france,396,1,0,0
nxyoo,2023-03-19,france,194,1,0,0
o-reo,2023-03-21,france,0,3,0,0
o-reo,2023-03-23,france,0,1,0,0
o-reo,2023-03-24,france,199,4,0,0
o-reo,2023-03-28,france,155,1,0,0
o-reo,2023-03-31,france,1062,1,0,0
o0Ignition0o,2023-03-21,france,350,1,0,0
o0Ignition0o,2023-03-27,france,605,1,0,0
o0Ignition0o,2023-03-31,france,69,1,0,0
o3web,2023-03-28,france,795,1,0,0
oDevArc,2023-03-28,france,906,1,0,0
oXidFoX,2023-03-22,france,1066,2,0,0
oanguenot,2023-03-22,france,126,1,0,0
oanguenot,2023-04-02,france,322,2,0,1
oasisck,2023-03-29,france,239,1,0,0
obatirou,2023-03-24,france,1533,2,0,0
obeone,2023-03-31,france,412,2,0,0
obeone,2023-04-03,france,460,1,0,1
obeyler,2023-04-04,france,193,1,0,1
obierlaire,2023-03-21,france,444,3,0,0
oc8,2023-04-05,france,278,1,0,1
ocervell,2023-03-29,france,221,1,0,0
ochosi,2023-03-21,austria,1179,1,0,0
ocots,2023-03-19,france,299,1,0,0
ocots,2023-03-22,france,117,1,0,0
ocots,2023-03-24,france,1915,3,0,0
ocots,2023-03-26,france,36,1,0,0
ocots,2023-03-28,france,201,1,0,0
ocots,2023-04-01,france,128,2,0,1
ocots,2023-04-03,france,1712,3,0,1
ocots,2023-04-04,france,1811,2,0,1
ocots,2023-04-05,france,679,2,0,1
ocots,2023-04-06,france,440,1,0,1
ocots,2023-04-07,france,673,1,0,1
ocots,2023-04-08,france,576,1,0,1
ocruze,2023-03-21,france,0,1,0,0
ocruze,2023-03-23,france,608,1,0,0
octo-topi,2023-04-06,france,857,1,0,1
odadoun,2023-03-24,france,40,1,0,0
odadoun,2023-03-31,france,326,1,0,0
odd22,2023-04-04,france,27,1,0,1
odinnou,2023-04-07,france,784,1,0,1
odobrev,2023-03-21,france,885,1,0,0
odrevet,2023-03-31,france,466,1,0,0
odysseu,2023-04-04,france,356,1,0,1
oe3gwu,2023-03-21,austria,1183,2,0,0
oe3gwu,2023-03-26,austria,492,1,0,0
oe3gwu,2023-04-02,austria,410,1,0,1
oe3gwu,2023-04-07,austria,382,1,0,1
offtherailz,2023-03-27,italy,1119,1,1,0
offtherailz,2023-04-05,italy,1375,1,1,1
ofilangi,2023-03-21,france,680,1,0,0
ofilangi,2023-03-31,france,48,1,0,0
ofux,2023-03-28,france,66,4,0,0
ofux,2023-03-29,france,0,2,0,0
ofux,2023-04-03,france,80,4,0,1
ofux,2023-04-04,france,23,1,0,1
ofux,2023-04-05,france,40,2,0,1
ogayot,2023-03-22,france,547,1,0,0
ogrisel,2023-03-20,france,1033,1,0,0
ogrisel,2023-03-25,france,60,1,0,0
ogrisel,2023-04-05,france,2203,4,0,1
ojacques,2023-04-05,france,890,1,0,1
olahaye74,2023-03-31,france,640,1,0,0
olaraym,2023-03-27,austria,418,1,0,0
olaraym,2023-03-31,austria,363,1,0,0
olegoaer,2023-03-21,france,431,1,0,0
olegz,2023-03-21,france,0,1,0,0
olekscode,2023-03-24,france,798,3,0,0
olfahag,2023-04-04,france,0,1,0,1
oliver-zehentleitner,2023-04-06,austria,1166,1,0,1
oliver254,2023-03-18,france,78,1,0,0
oliver254,2023-03-20,france,129,1,0,0
oliver254,2023-03-22,france,105,1,0,0
oliverwolfat,2023-03-23,austria,399,1,0,0
olivierb2,2023-03-23,france,656,1,0,0
olivierchatry,2023-03-30,france,100,1,0,0
olivierfriard,2023-03-28,italy,105,1,1,0
oliviergenest,2023-03-30,france,513,1,0,0
oliviergenest,2023-04-04,france,0,1,0,1
olivierlambert,2023-03-27,france,1452,1,0,0
oliviermilla,2023-03-20,france,287,1,0,0
oliviernguyenquoc,2023-04-06,france,249,1,0,1
oliviertassinari,2023-03-19,france,1274,1,0,0
oliviertassinari,2023-03-20,france,1554,2,0,0
oliviertassinari,2023-04-02,france,2040,2,0,1
oliviertassinari,2023-04-08,france,1055,1,0,1
olofsvensson,2023-03-23,france,118,1,0,0
ololduck,2023-03-31,france,1152,1,0,0
olrenso,2023-03-18,italy,390,1,1,0
olrenso,2023-03-20,italy,719,1,1,0
omar-cherif,2023-03-22,france,331,1,0,0
omar-cherif,2023-04-04,france,594,2,0,1
omarghetti,2023-03-20,italy,680,1,1,0
omarpheus,2023-03-21,france,10,1,0,0
ombr,2023-03-23,france,982,1,0,0
omissis,2023-03-27,italy,170,1,1,0
omissis,2023-03-30,italy,0,2,1,0
omissis,2023-03-31,italy,0,1,1,0
omissis,2023-04-01,italy,874,9,1,1
omissis,2023-04-05,italy,0,2,1,1
omissis,2023-04-08,italy,1748,9,1,1
ondrej1024,2023-03-30,italy,1258,1,1,0
oniram88,2023-03-28,italy,941,1,1,0
onkelandy,2023-03-27,austria,336,1,0,0
opicciotto,2023-03-22,france,211,1,0,0
opicciotto,2023-03-23,france,113,1,0,0
opixelum,2023-04-08,france,58,1,0,1
opop999,2023-04-03,austria,150,1,0,1
orenault,2023-04-07,france,882,1,0,1
orestbida,2023-04-01,italy,397,1,1,1
ornicar,2023-03-23,france,87,1,0,0
ornicar,2023-03-30,france,34,1,0,0
ornolio,2023-04-05,italy,205,1,1,1
orontee,2023-03-28,france,1214,1,0,0
oscarsommerer,2023-03-31,austria,1242,1,0,0
oscarwroche,2023-04-04,france,0,1,0,1
oscarwroche,2023-04-06,france,0,1,0,1
oscerd,2023-03-22,italy,65,1,1,0
oscerd,2023-03-23,italy,0,1,1,0
oscerd,2023-03-28,italy,0,1,1,0
oscerd,2023-03-29,italy,102,1,1,0
oscerd,2023-03-31,italy,0,1,1,0
oscobouhou,2023-04-06,france,0,1,0,1
osmanburucu-ibm,2023-03-21,austria,71,1,0,0
osmanburucu-ibm,2023-04-04,austria,256,1,0,1
osmanburucu-ibm,2023-04-06,austria,428,1,0,1
oteku,2023-03-21,france,197,1,0,0
otherguy,2023-03-24,austria,1120,1,0,0
othmanelhoufi,2023-04-06,france,281,1,0,1
othmanelhoufi,2023-04-08,france,1112,2,0,1
ourspalois,2023-03-31,france,1414,1,0,0
outboundbird,2023-04-07,france,203,2,0,1
outscale-vbr,2023-03-20,france,7050,5,0,0
outscale-vbr,2023-03-21,france,1410,1,0,0
ovanvincq,2023-03-20,france,1228,1,0,0
owosrl,2023-03-25,italy,462,1,1,0
oxcened,2023-03-26,italy,310,1,1,0
oxillo,2023-03-19,france,118,1,0,0
ozeliurs,2023-03-21,france,0,1,0,0
p-avital,2023-03-24,france,1234,5,0,0
p-avital,2023-03-25,france,676,2,0,0
p-gw,2023-03-24,austria,769,1,0,0
pabois,2023-04-03,france,0,1,0,1
pacokleitz,2023-03-29,france,671,2,0,0
pacokleitz,2023-03-30,france,120,1,0,0
pacokleitz,2023-04-02,france,107,1,0,1
paginabianca,2023-04-08,austria,60,1,0,1
pagrumiaux,2023-03-27,france,0,1,0,0
palazzem,2023-03-29,france,217,1,0,0
palexdev,2023-03-25,italy,526,1,1,0
palexdev,2023-04-08,italy,358,1,1,1
paluigi,2023-04-04,italy,635,1,1,1
pamaury,2023-03-29,france,153,1,0,0
pamaury,2023-04-05,france,383,1,0,1
pamoroso,2023-03-25,italy,1053,1,1,0
pampua84,2023-03-28,italy,523,1,1,0
pandark,2023-04-03,france,456,1,0,1
pankajpatel,2023-03-26,france,0,1,0,0
paolo-rossi,2023-03-18,italy,167,1,1,0
paolobarbolini,2023-03-25,italy,355,1,1,0
paolobarbolini,2023-03-31,italy,985,1,1,0
paolobiondo,2023-04-04,italy,197,1,1,1
paolocerto,2023-04-01,italy,619,1,1,1
paololazzari,2023-03-26,italy,0,1,1,0
paololazzari,2023-04-01,italy,1583,1,1,1
paolosantarsiero,2023-04-05,italy,255,1,1,1
paoloteti,2023-04-02,italy,629,1,1,1
papernoise,2023-03-30,italy,1040,1,1,0
papinist,2023-03-25,italy,176,1,1,0
papoteur-mga,2023-03-18,france,1166,1,0,0
paradou,2023-03-22,france,225,1,0,0
parghami,2023-03-26,austria,1252,1,0,0
parmentf,2023-04-07,france,96,1,0,1
parsodyl,2023-03-25,italy,0,1,1,0
partytoni,2023-03-24,italy,200,1,1,0
parweb,2023-03-24,france,440,1,0,0
pasalino,2023-03-29,italy,423,1,1,0
pascalchevrel,2023-03-24,france,87,2,0,0
pascalchevrel,2023-04-03,france,443,1,0,1
pascalgrimaud,2023-03-20,france,0,1,0,0
pascalgrimaud,2023-03-24,france,189,1,0,0
pascalgrimaud,2023-03-28,france,117,1,0,0
pascalgrimaud,2023-04-03,france,132,1,0,1
pasqu4le,2023-03-22,italy,340,1,1,0
pasqu4le,2023-03-31,italy,806,1,1,0
pasqualedante,2023-03-24,italy,953,1,1,0
pasqualedem,2023-03-28,italy,36,1,1,0
pasqualedem,2023-04-01,italy,216,2,1,1
pat-schmitt,2023-04-03,austria,250,1,0,1
pat-schmitt,2023-04-05,austria,0,1,0,1
patchint,2023-04-08,france,1323,2,0,1
patdenice,2023-03-23,france,204,1,0,0
patmtp35,2023-03-31,france,1277,2,0,0
patrice-adp,2023-03-28,france,270,1,0,0
patrice-adp,2023-03-29,france,1430,2,0,0
patriceckhart,2023-03-22,austria,259,1,0,0
patricecolet,2023-04-08,france,254,1,0,1
patrickfav,2023-03-26,austria,0,2,0,0
patrickhrastnik,2023-03-27,austria,665,1,0,0
patrickunterwegs,2023-03-19,austria,577,3,0,0
patrickunterwegs,2023-03-20,austria,820,2,0,0
patrickunterwegs,2023-03-22,austria,28,1,0,0
patrickunterwegs,2023-03-27,austria,0,1,0,0
patrickunterwegs,2023-03-30,austria,1171,1,0,0
patrickunterwegs,2023-04-05,austria,52,1,0,1
pattacini,2023-03-23,italy,289,1,1,0
pattacini,2023-03-30,italy,674,1,1,0
pattacini,2023-03-31,italy,154,1,1,0
pattacini,2023-04-07,italy,204,1,1,1
patzf,2023-04-08,austria,1293,1,0,1
paul-thebaud,2023-03-20,france,660,2,0,0
paul-thebaud,2023-03-21,france,253,2,0,0
paul-thebaud,2023-04-06,france,517,2,0,1
paul-vd,2023-03-20,france,272,1,0,0
paul-vd,2023-04-04,france,1213,1,0,1
pauladam94,2023-03-19,france,409,1,0,0
paulchartres,2023-03-29,france,1444,1,0,0
paulchen,2023-04-06,austria,0,1,0,1
paulchen,2023-04-08,austria,4635,4,0,1
paulcotogno,2023-04-04,france,0,2,0,1
paulduchesne,2023-03-20,france,383,1,0,0
paulduchesne,2023-03-25,france,176,1,0,0
paulduchesne,2023-04-01,france,89,1,0,1
paulduchesne,2023-04-06,france,91,1,0,1
paulgirard,2023-03-20,france,851,8,0,0
paulgirard,2023-03-21,france,0,1,0,0
paulgirard,2023-03-28,france,65,1,0,0
paulgirard,2023-03-31,france,139,1,0,0
paulgirard,2023-04-06,france,336,1,0,1
paulhenri,2023-03-23,france,1023,1,0,0
paulinea,2023-03-27,france,331,1,0,0
paullatzelsperger,2023-03-20,austria,702,1,0,0
paullatzelsperger,2023-03-21,austria,1903,2,0,0
paullatzelsperger,2023-03-22,austria,663,2,0,0
paullatzelsperger,2023-03-29,austria,1896,2,0,0
paulsouche,2023-04-03,france,904,2,0,1
pawamoy,2023-03-19,france,834,1,0,0
pawamoy,2023-04-03,france,774,1,0,1
pawamoy,2023-04-08,france,327,1,0,1
pazzazzo,2023-03-27,france,184,2,0,0
pbek,2023-03-26,austria,122,1,0,0
pbek,2023-04-06,austria,623,1,0,1
pbosab,2023-03-31,italy,537,1,1,0
pbranly,2023-03-19,france,59,1,0,0
pbranly,2023-03-30,france,190,1,0,0
pbuchner,2023-04-06,austria,213,1,0,1
pchaigno,2023-03-22,france,359,1,0,0
pchaigno,2023-03-24,france,392,1,0,0
pchaigno,2023-04-05,france,705,1,0,1
pchaigno,2023-04-06,france,713,1,0,1
pchaigno,2023-04-07,france,447,1,0,1
pchampin,2023-03-18,france,1114,1,0,0
pchampin,2023-03-20,france,420,1,0,0
pchampin,2023-03-22,france,87,1,0,0
pchampin,2023-03-30,france,1872,2,0,0
pchampin,2023-04-04,france,114,2,0,1
pchev,2023-04-01,france,361,1,0,1
pchila,2023-04-07,italy,1152,1,1,1
pcmanus,2023-03-23,france,1323,1,0,0
pdecat,2023-03-31,france,1008,1,0,0
pdesoyres-cc,2023-04-06,france,359,1,0,1
peczenyj,2023-03-27,france,320,1,0,0
pedrobsaila,2023-03-30,france,1274,1,0,0
pedropaulofb,2023-03-24,italy,407,1,1,0
pedropaulofb,2023-03-28,italy,327,1,1,0
peiva-git,2023-03-18,italy,161,2,1,0
peiva-git,2023-03-24,italy,289,3,1,0
peiva-git,2023-03-28,italy,0,3,1,0
peiva-git,2023-03-29,italy,0,1,1,0
peiva-git,2023-04-02,italy,172,2,1,1
penghanyuan,2023-03-23,france,460,1,0,0
perillo,2023-03-21,italy,941,2,1,0
perillo,2023-04-02,italy,651,1,1,1
perillo,2023-04-03,italy,762,1,1,1
perillo,2023-04-04,italy,675,2,1,1
perillo,2023-04-05,italy,723,1,1,1
perillo,2023-04-07,italy,974,2,1,1
perillo,2023-04-08,italy,229,1,1,1
persello,2023-03-27,italy,38,2,1,0
persello,2023-04-08,italy,681,1,1,1
peter-gy,2023-03-19,austria,70,1,0,0
peter-gy,2023-04-06,austria,205,1,0,1
petretiandrea,2023-04-03,italy,320,1,1,1
petretiandrea,2023-04-05,italy,431,5,1,1
petzi53,2023-03-24,austria,397,1,0,0
petzi53,2023-04-06,austria,307,1,0,1
peutch,2023-04-03,france,480,1,0,1
pezi,2023-03-26,austria,126,1,0,0
pglombardo,2023-03-20,italy,1293,1,1,0
pglombardo,2023-03-21,italy,858,1,1,0
pglombardo,2023-03-23,italy,722,1,1,0
pglombardo,2023-04-06,italy,1030,1,1,1
phax,2023-03-22,austria,181,1,0,0
phax,2023-03-24,austria,1244,1,0,0
phax,2023-03-27,austria,596,1,0,0
phax,2023-04-08,austria,77,1,0,1
phbergsmann,2023-04-04,austria,590,2,0,1
philipp-spiess,2023-03-29,austria,539,1,0,0
philippart-s,2023-04-01,france,324,1,0,1
philippelt,2023-03-18,france,832,1,0,0
philipphofmann,2023-03-22,austria,0,4,0,0
philipphofmann,2023-03-28,austria,1229,1,0,0
philipphofmann,2023-03-29,austria,707,2,0,0
philipphofmann,2023-03-31,austria,1680,2,0,0
philipphofmann,2023-04-07,austria,438,2,0,1
philippkahr,2023-03-22,austria,660,1,0,0
philippkahr,2023-03-29,austria,773,1,0,0
philippkalenda,2023-03-30,austria,231,1,0,0
philprime,2023-03-31,austria,375,3,0,0
philprime,2023-04-04,austria,238,1,0,1
phineas-pta,2023-04-02,france,320,1,0,1
phineas-pta,2023-04-03,france,312,1,0,1
phiphou,2023-04-05,france,353,1,0,1
phklive,2023-04-06,france,1120,1,0,1
phpgeekfr,2023-03-24,france,474,2,0,0
phpgeekfr,2023-04-06,france,678,2,0,1
phrizm,2023-04-02,italy,482,1,1,1
physio,2023-03-24,italy,247,1,1,0
picoroma,2023-03-22,italy,174,1,1,0
picrap,2023-03-28,france,625,1,0,0
pielonet,2023-04-06,france,1131,1,0,1
pier-maker92,2023-03-26,italy,0,1,1,0
pierDipi,2023-04-03,italy,7464,6,1,1
pierDipi,2023-04-04,italy,3380,3,1,1
pierDipi,2023-04-05,italy,616,1,1,1
piercus,2023-03-30,france,803,1,0,0
pieroproietti,2023-03-20,italy,149,1,1,0
pieroproietti,2023-03-25,italy,145,1,1,0
pieroproietti,2023-03-31,italy,95,1,1,0
pierpo,2023-03-28,france,607,1,0,0
pierrbt,2023-03-24,france,223,4,0,0
pierre-josselin,2023-03-31,france,132,1,0,0
pierre-manchon,2023-03-19,france,55,1,0,0
pierre-rouanet,2023-03-21,france,0,1,0,0
pierre-rouanet,2023-03-31,france,146,3,0,0
pierreeliseeflory,2023-03-20,france,134,1,0,0
pierrefdz,2023-04-07,france,437,1,0,1
pierreforstmann,2023-03-19,france,1044,1,0,0
pierregm,2023-04-04,france,526,1,0,1
pierregoutheraud,2023-03-22,france,689,1,0,0
pierrehilbert,2023-03-29,france,482,1,0,0
pierrejo,2023-03-25,france,603,1,0,0
pierrelegall,2023-03-19,france,316,1,0,0
pierrepeterlongo,2023-03-26,france,1224,1,0,0
pierromond,2023-03-24,france,198,1,0,0
pietrodicaprio,2023-03-21,italy,344,1,1,0
pietroppeter,2023-03-21,italy,782,2,1,0
pietroppeter,2023-03-27,italy,454,2,1,0
pietroppeter,2023-03-28,italy,1254,2,1,0
pietroppeter,2023-04-01,italy,2166,2,1,1
pigreco,2023-03-31,italy,679,1,1,0
pigreco,2023-04-01,italy,582,1,1,1
pigreco,2023-04-03,italy,1127,1,1,1
pigreco33,2023-03-20,italy,0,1,1,0
pihomeserver,2023-03-22,france,866,1,0,0
pihomeserver,2023-03-25,france,1169,1,0,0
pinage404,2023-03-20,france,0,1,0,0
pinilorenzo,2023-03-19,italy,869,1,1,0
pintaf,2023-03-19,france,1576,1,0,0
piorrro33,2023-03-28,france,677,1,0,0
pioupia,2023-03-18,france,0,1,0,0
pioupia,2023-03-26,france,1609,1,0,0
pioupia,2023-04-01,france,386,6,0,1
pioupia,2023-04-02,france,347,2,0,1
pioupia,2023-04-03,france,510,1,0,1
pioupia,2023-04-06,france,0,1,0,1
pipersw,2023-03-23,france,155,1,0,0
pipiche38,2023-03-19,france,1152,1,0,0
pipiche38,2023-03-29,france,308,1,0,0
pirhoo,2023-04-05,france,344,2,0,1
pirmax,2023-03-27,france,479,1,0,0
pissard,2023-03-21,france,267,1,0,0
pitag-ha,2023-03-19,france,1424,2,0,0
pitag-ha,2023-03-21,france,743,1,0,0
pitag-ha,2023-04-01,france,182,1,0,1
pitag-ha,2023-04-03,france,641,1,0,1
pitmonticone,2023-03-24,italy,1174,1,1,0
pitmonticone,2023-04-04,italy,1123,1,1,1
pitmonticone,2023-04-05,italy,287,1,1,1
pixedelic,2023-03-22,italy,265,1,1,0
pkerschbaum,2023-03-23,austria,1337,1,0,0
pkerschbaum,2023-03-28,austria,1142,1,0,0
pkolmann,2023-03-21,austria,149,1,0,0
pkolmann,2023-03-29,austria,1526,2,0,0
pkomon-tgm,2023-04-07,austria,0,1,0,1
pkriens,2023-03-21,france,335,1,0,0
pkriens,2023-04-01,france,424,1,0,1
plamarque,2023-03-24,france,628,1,0,0
plamarque,2023-04-01,france,855,1,0,1
plamber,2023-03-28,italy,375,1,1,0
plamber,2023-04-07,italy,2262,2,1,1
plantec,2023-04-04,france,390,1,0,1
plantec,2023-04-07,france,186,1,0,1
plazareff,2023-03-20,france,290,1,0,0
plegall,2023-03-24,france,193,1,0,0
pls78,2023-03-23,italy,0,1,1,0
pls78,2023-04-03,italy,191,1,1,1
pls78,2023-04-06,italy,0,1,1,1
plushdohn,2023-03-27,italy,498,1,1,0
pmaroneh,2023-03-24,france,326,1,0,0
pmaroneh,2023-03-28,france,554,1,0,0
pmauduit,2023-03-30,france,419,1,0,0
pmauduit,2023-04-06,france,292,1,0,1
pmavros,2023-04-07,france,437,1,0,1
pmig,2023-03-23,austria,237,1,0,0
pmontrasio,2023-04-05,italy,1059,1,1,1
pmp-p,2023-03-31,france,190,1,0,0
pmp-p,2023-04-04,france,619,1,0,1
pmp-p,2023-04-06,france,706,1,0,1
pmrDev,2023-03-18,austria,43,1,0,0
pneuvial,2023-03-30,france,541,2,0,0
pnicolli,2023-04-04,italy,186,1,1,1
pnrma,2023-03-22,france,650,1,0,0
pnrma,2023-04-07,france,108,1,0,1
poblin-orange,2023-03-30,france,1033,1,0,0
poblin-orange,2023-03-31,france,691,1,0,0
poblin-orange,2023-04-03,france,2742,3,0,1
poblin-orange,2023-04-05,france,862,1,0,1
poblin-orange,2023-04-07,france,749,1,0,1
polinaeterna,2023-03-29,france,414,1,0,0
politoedo,2023-03-20,italy,868,1,1,0
polymorphicengine,2023-03-19,austria,1248,1,0,0
pom421,2023-03-18,france,672,1,0,0
pom421,2023-03-27,france,0,2,0,0
pomdtr,2023-04-04,france,228,1,0,1
pommedeterresautee,2023-03-29,france,258,1,0,0
pommedeterresautee,2023-03-30,france,1079,1,0,0
ponceto,2023-03-22,france,1107,1,0,0
ponsilva,2023-03-24,italy,1762,2,1,0
ponsilva,2023-03-29,italy,1814,2,1,0
pooledge,2023-03-31,austria,1355,1,0,0
pooledge,2023-04-03,austria,1096,1,0,1
potatoqualitee,2023-03-22,france,133,1,0,0
potatoqualitee,2023-03-31,france,458,1,0,0
potatoqualitee,2023-04-04,france,983,1,0,1
potatoqualitee,2023-04-05,france,209,1,0,1
potatoqualitee,2023-04-06,france,289,1,0,1
poulpito,2023-03-29,france,1051,1,0,0
poulpito,2023-04-05,france,1497,1,0,1
poupou-web3,2023-04-06,france,0,1,0,1
pozil,2023-04-05,france,0,1,0,1
pparent76,2023-03-22,france,1052,2,0,0
ppfn,2023-03-19,france,294,1,0,0
ppfn,2023-03-21,france,97,1,0,0
ppfn,2023-03-23,france,316,1,0,0
pracucci,2023-03-31,italy,587,1,1,0
pradal,2023-04-03,france,77,1,0,1
pradel,2023-03-21,france,1052,1,0,0
pradel,2023-03-28,france,60,1,0,0
pradel,2023-04-06,france,131,1,0,1
prb28,2023-03-22,france,561,1,0,0
priscilawebdev,2023-04-07,austria,975,1,0,1
privaloops,2023-03-29,france,193,1,0,0
profiluefter,2023-04-06,austria,131,1,0,1
profmancusoa,2023-03-28,italy,69,1,1,0
profmancusoa,2023-03-29,italy,521,3,1,0
progressify,2023-04-07,italy,675,1,1,1
progval,2023-03-28,france,879,1,0,0
progval,2023-04-08,france,1549,1,0,1
projetmbc,2023-03-20,france,199,1,0,0
prometherion,2023-03-21,italy,186,1,1,0
prometherion,2023-03-24,italy,1375,2,1,0
promocare,2023-03-25,italy,119,1,1,0
promocare,2023-03-27,italy,422,4,1,0
protoxvga,2023-03-23,france,72,1,0,0
protoxvga,2023-03-30,france,0,1,0,0
protoxvga,2023-03-31,france,127,2,0,0
protoxvga,2023-04-02,france,207,4,0,1
protoxvga,2023-04-03,france,0,1,0,1
protoxvga,2023-04-04,france,69,1,0,1
protoxvga,2023-04-05,france,221,3,0,1
protoxvga,2023-04-08,france,0,1,0,1
proux01,2023-03-27,france,693,2,0,0
provok-it,2023-04-07,france,1219,1,0,1
prudhomm,2023-03-22,france,0,4,0,0
prudhomm,2023-03-26,france,1641,2,0,0
prudhomm,2023-03-30,france,38,1,0,0
prudhomm,2023-03-31,france,585,2,0,0
prudhomm,2023-04-02,france,0,4,0,1
pruje,2023-04-01,france,132,2,0,1
pshaddel,2023-03-21,austria,499,1,0,0
pshaddel,2023-03-22,austria,499,1,0,0
pshaddel,2023-03-23,austria,998,2,0,0
pshaddel,2023-03-30,austria,499,7,0,0
pshaddel,2023-03-31,austria,0,1,0,0
pshaddel,2023-04-02,austria,0,2,0,1
pslebre,2023-04-05,france,35,1,0,1
pslebre,2023-04-07,france,0,1,0,1
psommersguter,2023-03-21,austria,700,1,0,0
psykokwak-com,2023-03-24,france,266,1,0,0
ptempier,2023-03-27,france,655,1,0,0
ptempier,2023-04-06,france,462,1,0,1
ptisserand,2023-03-24,france,296,1,0,0
ptisserand,2023-03-28,france,594,1,0,0
ptitjes,2023-04-04,france,176,1,0,1
pubpub-zz,2023-03-22,france,1506,1,0,0
pubpub-zz,2023-03-27,france,89,1,0,0
pums974,2023-03-27,france,900,1,0,0
punisherx,2023-04-04,france,104,1,0,1
punkyard,2023-03-26,france,686,1,0,0
purerstamp,2023-04-05,france,988,1,0,1
pusi77,2023-04-01,italy,60,1,1,1
pvthinker,2023-04-05,france,596,1,0,1
pwallner,2023-03-24,austria,418,1,0,0
pyke369,2023-03-26,france,1377,1,0,0
pyrog,2023-03-30,france,199,1,0,0
pyrog,2023-04-06,france,600,1,0,1
pzuldp,2023-03-29,france,2222,3,0,0
pzuldp,2023-03-30,france,1063,1,0,0
qdrn,2023-04-06,france,0,1,0,1
qeude,2023-04-05,france,456,1,0,1
qhorgues,2023-03-27,france,0,1,0,0
qjoseph,2023-03-28,france,775,1,0,0
qpre,2023-04-06,france,1529,1,0,1
quantumsheep,2023-03-24,france,1778,2,0,0
quellee,2023-04-06,austria,663,4,0,1
quentin-brouillet,2023-04-03,france,156,1,0,1
quentin-decre,2023-04-04,france,770,1,0,1
quentinblampey,2023-03-23,france,918,1,0,0
quentinneyraud,2023-03-22,france,133,3,0,0
quentinneyraud,2023-03-23,france,50,4,0,0
quentinneyraud,2023-03-27,france,0,1,0,0
quentinneyraud,2023-03-28,france,60,3,0,0
quentinovega,2023-03-27,france,0,3,0,0
quentinovega,2023-04-05,france,496,4,0,1
quentint,2023-03-28,france,884,1,0,0
quentinus95,2023-03-24,france,321,1,0,0
quentinus95,2023-04-01,france,563,1,0,1
quesnel,2023-03-20,france,279,1,0,0
quibaritaenperdresatrompe,2023-03-27,france,0,4,0,0
quibaritaenperdresatrompe,2023-03-28,france,0,7,0,0
quibaritaenperdresatrompe,2023-04-03,france,210,1,0,1
quibaritaenperdresatrompe,2023-04-06,france,94,10,0,1
r0xsh,2023-03-21,france,346,1,0,0
r1viollet,2023-03-23,france,125,1,0,0
r2shyyou,2023-03-23,france,717,1,0,0
r2shyyou,2023-03-25,france,1138,2,0,0
r2shyyou,2023-03-26,france,644,1,0,0
r3c,2023-04-07,france,1422,1,0,1
r3n4ud,2023-03-22,france,1251,1,0,0
ra-c,2023-04-06,italy,1323,1,1,1
raaaouf,2023-03-23,france,248,1,0,0
rabahFr,2023-04-02,france,0,2,0,1
raccube,2023-03-31,austria,89,1,0,0
raccube,2023-04-01,austria,0,2,0,1
rachel-labri-tipton,2023-04-03,france,240,2,0,1
raed667,2023-04-06,france,29,1,0,1
raefko,2023-04-03,france,198,3,0,1
raefko,2023-04-04,france,80,1,0,1
rafalkrupinski,2023-03-22,austria,0,1,0,0
rafipiccolo,2023-03-20,france,317,1,0,0
rahra,2023-04-08,austria,744,1,0,1
rainerdema,2023-03-21,italy,678,1,1,0
rainerdema,2023-03-22,italy,1042,1,1,0
rainerdema,2023-03-30,italy,1339,1,1,0
rainerdema,2023-04-07,italy,507,1,1,1
raintonr,2023-03-21,france,306,1,0,0
raintonr,2023-03-22,france,1172,3,0,0
rakoo,2023-04-07,france,1541,1,0,1
ralbertazzi,2023-03-31,italy,658,1,1,0
raldone01,2023-03-27,austria,63,1,0,0
ralgozino,2023-03-21,italy,230,1,1,0
ralgozino,2023-03-29,italy,322,1,1,0
ralokt,2023-03-20,austria,298,2,0,0
ralpheichelberger,2023-04-04,austria,164,1,0,1
ramnes,2023-03-21,france,38,1,0,0
ramnes,2023-03-24,france,1295,2,0,0
rancoud,2023-03-22,france,166,1,0,0
randaz81,2023-03-21,italy,230,1,1,0
randaz81,2023-03-30,italy,402,1,1,0
ranger6,2023-03-24,france,232,1,0,0
raoufkh,2023-03-29,france,463,1,0,0
rapenne-s,2023-04-03,france,1603,1,0,1
rapgenic,2023-04-07,italy,0,2,1,1
raphael0202,2023-04-05,france,731,1,0,1
raphaels17,2023-03-21,france,1566,1,0,0
raphaelvigee,2023-03-28,france,462,1,0,0
raphaelvigee,2023-04-06,france,147,1,0,1
raphodn,2023-03-21,france,282,1,0,0
raphodn,2023-03-31,france,959,1,0,0
raphodn,2023-04-02,france,193,1,0,1
raseidi,2023-03-19,italy,562,1,1,0
raskyer,2023-03-29,france,239,1,0,0
rasos,2023-03-30,austria,504,2,0,0
raspbeguy,2023-03-25,france,282,1,0,0
rastla,2023-04-08,austria,525,1,0,1
raulsenaferreira,2023-04-06,france,209,1,0,1
ravalum,2023-04-03,france,1301,1,0,1
rbino,2023-03-23,italy,2300,3,1,0
rbino,2023-03-24,italy,377,1,1,0
rbottura,2023-03-25,france,585,2,0,0
rbrtbnfgl,2023-03-22,italy,18,1,1,0
rbrtbnfgl,2023-04-05,italy,48,2,1,1
rchakode,2023-03-20,france,1489,1,0,0
rclement,2023-03-21,france,1091,2,0,0
rclement,2023-03-29,france,226,1,0,0
rclement,2023-03-30,france,1068,2,0,0
rdbisme,2023-03-23,france,234,1,0,0
rdbisme,2023-03-25,france,339,1,0,0
rdbisme,2023-04-01,france,0,1,0,1
rdenarie,2023-03-23,france,3453,4,0,0
rdenarie,2023-03-31,france,750,1,0,0
rdicosmo,2023-03-18,france,441,1,0,0
rdlh,2023-03-28,france,665,1,0,0
rdmeneze,2023-03-20,austria,435,1,0,0
rdoursenaud,2023-04-01,france,147,1,0,1
realtebo,2023-03-20,italy,173,1,1,0
redaready,2023-03-29,france,318,1,0,0
redeemer666,2023-04-06,italy,1473,1,1,1
rednaks,2023-04-04,france,1148,1,0,1
redouane-b,2023-03-31,france,545,1,0,0
redryerye,2023-04-02,france,61,1,0,1
redtide,2023-04-05,italy,1030,3,1,1
redtide,2023-04-07,italy,1299,1,1,1
redtyyt,2023-03-21,italy,231,1,1,0
redtyyt,2023-03-22,italy,135,1,1,0
redtyyt,2023-03-23,italy,0,1,1,0
regisb,2023-04-05,france,772,1,0,1
registerrier,2023-03-22,france,215,1,0,0
registerrier,2023-03-23,france,267,1,0,0
registerrier,2023-03-27,france,669,1,0,0
registerrier,2023-04-03,france,206,1,0,1
reiseder,2023-03-31,austria,1126,1,0,0
reitermarkus,2023-03-31,austria,1261,1,0,0
rejetto,2023-03-31,italy,403,1,1,0
relisiuol,2023-04-04,france,186,1,0,1
relu91,2023-03-24,italy,458,1,1,0
rem42,2023-03-30,france,185,1,0,0
rem42,2023-04-06,france,185,1,0,1
remace,2023-03-28,france,128,1,0,0
remi-boivin,2023-04-07,france,0,1,0,1
remi-braun,2023-03-24,france,169,1,0,0
remic33,2023-03-30,france,671,1,0,0
remicollet,2023-03-23,france,111,1,0,0
remicollet,2023-03-30,france,405,2,0,0
remicres,2023-04-06,france,695,1,0,1
remisharrock,2023-03-29,france,349,1,0,0
remisharrock,2023-03-31,france,80,1,0,0
remisharrock,2023-04-06,france,94,1,0,1
remorses,2023-03-23,italy,577,1,1,0
remorses,2023-03-25,italy,763,2,1,0
rems28,2023-03-29,france,107,2,0,0
remyleone,2023-03-20,france,974,2,0,0
remyleone,2023-03-21,france,3467,8,0,0
remyleone,2023-03-23,france,1323,3,0,0
remyleone,2023-03-24,france,3959,5,0,0
remyleone,2023-03-28,france,2487,6,0,0
remyleone,2023-04-06,france,4396,7,0,1
remyoudompheng,2023-03-26,france,1520,1,0,0
renanbr,2023-04-07,france,78,1,0,1
renanbr,2023-04-08,france,0,1,0,1
renanyoy,2023-03-30,france,411,1,0,0
renato-lombardo,2023-04-01,italy,211,1,1,1
rene-coty,2023-03-24,france,503,2,0,0
reneparis,2023-03-29,austria,1508,1,0,0
restyler,2023-03-31,italy,513,1,1,0
retsef,2023-03-20,italy,546,1,1,0
revesansparole,2023-03-30,france,73,1,0,0
revolunet,2023-03-21,france,280,1,0,0
revolunet,2023-03-23,france,0,1,0,0
revolunet,2023-03-31,france,605,2,0,0
revolunet,2023-04-03,france,0,3,0,1
reyman,2023-04-03,france,1170,1,0,1
rezib,2023-03-18,france,140,1,0,0
rezib,2023-03-23,france,178,1,0,0
rezib,2023-03-25,france,1418,3,0,0
rezzalex,2023-03-18,france,447,1,0,0
rezzalex,2023-03-23,france,103,1,0,0
rezzalex,2023-03-30,france,128,1,0,0
rezzalex,2023-03-31,france,286,1,0,0
rfc1036,2023-03-21,italy,944,1,1,0
rfc1036,2023-04-02,italy,1026,1,1,1
rfc2822,2023-03-31,austria,561,1,0,0
rfc2822,2023-04-03,austria,487,1,0,1
rferraton,2023-03-22,france,776,1,0,0
rfuzzo,2023-03-19,austria,114,1,0,0
rfuzzo,2023-03-26,austria,968,3,0,0
rgarrigue,2023-04-03,france,245,1,0,1
rgc2000,2023-03-22,france,302,1,0,0
rgrunbla,2023-03-21,france,572,1,0,0
rguillome,2023-04-03,france,42,1,0,1
rh78,2023-04-07,austria,546,1,0,1
rhanka,2023-03-18,france,4296,15,0,0
rhanka,2023-03-19,france,4361,15,0,0
rhanka,2023-03-20,france,1721,6,0,0
rhanka,2023-03-21,france,1175,4,0,0
rhanka,2023-03-22,france,1753,6,0,0
rhanka,2023-03-23,france,2695,9,0,0
rhanka,2023-03-24,france,5065,18,0,0
rhanka,2023-03-26,france,267,1,0,0
rhanka,2023-03-27,france,799,3,0,0
rhanka,2023-04-01,france,534,2,0,1
rhbalogh,2023-03-28,austria,504,1,0,0
rhoffsch42,2023-04-06,france,1235,1,0,1
riccardogilli,2023-04-08,italy,320,1,1,1
riccardomanfrin,2023-03-21,italy,1364,1,1,0
rich20,2023-03-22,austria,476,1,0,0
rich20,2023-03-25,austria,651,1,0,0
rich20,2023-03-29,austria,33,1,0,0
rich20,2023-03-30,austria,1056,2,0,0
rich20,2023-04-04,austria,906,2,0,1
rich20,2023-04-07,austria,611,1,0,1
rich20,2023-04-08,austria,629,1,0,1
richard-julien,2023-03-24,france,291,2,0,0
richard-julien,2023-03-25,france,184,1,0,0
richard-julien,2023-03-28,france,95,1,0,0
richard-julien,2023-03-29,france,661,3,0,0
richard-julien,2023-03-30,france,80,1,0,0
richard-julien,2023-04-03,france,512,2,0,1
richardlehane,2023-03-25,austria,1078,3,0,0
richardlehane,2023-03-27,austria,163,1,0,0
rickychii,2023-04-02,italy,358,1,1,1
rickyskv,2023-03-18,italy,143,1,1,0
ricnov,2023-03-23,italy,306,1,1,0
riddik14,2023-03-23,italy,55,1,1,0
riddik14,2023-04-02,italy,74,1,1,1
rigazilla,2023-03-22,italy,348,1,1,0
rigazilla,2023-03-23,italy,948,1,1,0
rigazilla,2023-03-27,italy,493,2,1,0
rikyeahh,2023-03-31,italy,761,1,1,0
rinonasti,2023-03-21,italy,342,1,1,0
rinzool,2023-03-21,france,728,1,0,0
rivasbolinga,2023-03-18,france,1468,1,0,0
rivasbolinga,2023-03-22,france,378,5,0,0
rivasbolinga,2023-04-07,france,0,1,0,1
rivasbolinga,2023-04-08,france,546,7,0,1
rivolity,2023-04-06,france,875,1,0,1
rivos-eblot,2023-03-22,france,720,1,0,0
rjahn,2023-03-21,austria,727,2,0,0
rjahn,2023-03-29,austria,247,1,0,0
rjalexa,2023-03-22,italy,712,1,1,0
rjalexa,2023-03-24,italy,702,1,1,0
rladstaetter,2023-03-25,austria,54,1,0,0
rldhont,2023-03-22,france,1131,1,0,0
rlespinasse,2023-03-28,france,647,1,0,0
rm3l,2023-03-20,france,1301,1,0,0
rm3l,2023-03-23,france,0,3,0,0
rm3l,2023-03-24,france,559,1,0,0
rm3l,2023-03-30,france,1364,2,0,0
rmannibucau,2023-04-02,france,1079,1,0,1
rmannibucau,2023-04-04,france,701,1,0,1
rmannibucau,2023-04-07,france,554,1,0,1
rmdevv,2023-03-25,italy,330,5,1,0
rmdevv,2023-03-26,italy,455,6,1,0
rmnvncnt,2023-03-24,france,1446,1,0,0
rmottola,2023-04-06,italy,349,1,1,1
rnixx,2023-03-22,austria,387,1,0,0
robUx4,2023-03-18,france,723,1,0,0
robalb,2023-04-07,italy,69,1,1,1
robbespo00,2023-04-06,italy,498,1,1,1
robergro,2023-03-28,france,0,1,0,0
robergro,2023-04-05,france,0,1,0,1
robertsLando,2023-03-20,italy,211,1,1,0
robertsLando,2023-03-27,italy,0,1,1,0
robertsLando,2023-04-04,italy,14,1,1,1
robigan,2023-04-01,italy,0,3,1,1
robinbourianes-kalisio,2023-03-21,france,34,1,0,0
robinbourianes-kalisio,2023-03-27,france,30,2,0,0
robinbourianes-kalisio,2023-04-03,france,0,4,0,1
robinfla,2023-03-30,france,587,1,0,0
robinmetral,2023-03-22,france,1004,1,0,0
robinmoisson,2023-03-26,france,1645,3,0,0
robinmoisson,2023-03-29,france,0,1,0,0
robinmoisson,2023-04-02,france,1494,2,0,1
robinmoussu,2023-04-04,france,430,1,0,1
robinportigliatti,2023-03-21,france,745,1,0,0
robisim74,2023-03-22,italy,813,1,1,0
robksawyer,2023-03-26,france,626,1,0,0
roblabla,2023-03-26,france,709,1,0,0
robric,2023-04-04,france,61,1,0,1
robric,2023-04-06,france,152,1,0,1
rocchidavide,2023-03-21,italy,229,1,1,0
roccomennea,2023-04-05,italy,127,1,1,1
roccomuso,2023-04-07,italy,41,1,1,1
rock3r,2023-03-27,italy,551,3,1,0
roda82,2023-03-22,france,166,1,0,0
roda82,2023-03-27,france,321,1,0,0
roda82,2023-03-28,france,220,1,0,0
rodolphebertozzo,2023-04-04,france,509,1,0,1
rokkanen,2023-03-19,france,264,1,0,0
rom1504,2023-04-02,france,65,1,0,1
rom1504,2023-04-08,france,0,1,0,1
rom1v,2023-03-27,france,382,1,0,0
romain-cambonie,2023-03-23,france,190,1,0,0
romainbellande,2023-03-20,france,0,8,0,0
romainbellande,2023-03-25,france,0,2,0,0
romaincabassot,2023-03-30,france,1230,1,0,0
romainl,2023-03-22,france,283,1,0,0
romainpanno,2023-03-29,france,30,1,0,0
romainpanno,2023-04-03,france,0,1,0,1
romainreuillon,2023-04-07,france,172,1,0,1
romainst,2023-04-05,france,933,1,0,1
roman204,2023-04-02,austria,343,1,0,1
romann-broque,2023-03-22,france,485,1,0,0
rombat,2023-03-20,france,416,1,0,0
romgrm,2023-03-29,france,202,1,0,0
romtsn,2023-03-22,austria,0,2,0,0
romtsn,2023-03-28,austria,509,1,0,0
romtsn,2023-04-05,austria,338,1,0,1
romtsn,2023-04-06,austria,150,2,0,1
ropery,2023-03-30,austria,144,1,0,0
ropery,2023-03-31,austria,347,1,0,0
rotello,2023-03-18,italy,191,1,1,0
rotello,2023-03-24,italy,589,1,1,0
rotello,2023-04-07,italy,192,1,1,1
rouault,2023-03-20,france,267,1,0,0
rouault,2023-03-22,france,761,1,0,0
rouault,2023-04-08,france,310,1,0,1
roubachof,2023-04-06,france,56,1,0,1
roukmoute,2023-03-29,france,1550,1,0,0
roukmoute,2023-04-07,france,237,1,0,1
rowild,2023-03-28,austria,1245,1,0,0
rowild,2023-04-08,austria,595,1,0,1
rozzilla,2023-03-18,italy,217,1,1,0
rpanic,2023-03-27,austria,3144,3,0,0
rpanic,2023-03-29,austria,1575,1,0,0
rpereira-dev,2023-03-18,france,647,1,0,0
rpignolet,2023-03-21,france,1044,2,0,0
rpignolet,2023-03-26,france,438,1,0,0
rpignolet,2023-03-30,france,186,1,0,0
rpinquie,2023-04-01,france,67,1,0,1
rpispico,2023-03-28,italy,175,1,1,0
rprebot,2023-03-27,france,335,1,0,0
rprebot,2023-03-29,france,436,2,0,0
rprebot,2023-03-31,france,181,1,0,0
rprebot,2023-04-05,france,146,1,0,1
rprebot,2023-04-06,france,324,1,0,1
rprieto,2023-03-19,france,643,1,0,0
rquinio,2023-03-29,france,618,1,0,0
rscheff,2023-04-03,austria,1037,1,0,1
rschnekenbu,2023-03-29,france,374,1,0,0
rschnekenbu,2023-04-04,france,622,3,0,1
rsereir,2023-04-08,france,436,1,0,1
rsimon,2023-03-21,austria,612,1,0,0
rsommerard,2023-04-01,france,798,1,0,1
rsouza,2023-03-23,austria,110,1,0,0
rstephane,2023-03-27,france,898,1,0,0
rstephane,2023-03-31,france,442,1,0,0
rtauziac,2023-03-24,france,970,2,0,0
rtu-dataframe,2023-03-30,italy,1512,1,1,0
rubenfiszel,2023-03-21,france,323,1,0,0
rubenfiszel,2023-03-31,france,0,2,0,0
rubenfiszel,2023-04-03,france,767,1,0,1
ruddenchaux,2023-04-08,italy,544,1,1,1
rufotheone-fr,2023-03-20,france,213,1,0,0
ruggi99,2023-03-24,italy,197,1,1,0
rverchere,2023-04-06,france,896,1,0,1
rvianello,2023-04-05,italy,701,1,1,1
rvion,2023-03-25,france,231,1,0,0
rvion,2023-03-27,france,1237,1,0,0
rvion,2023-03-28,france,101,1,0,0
rvion,2023-03-31,france,420,1,0,0
rvion,2023-04-01,france,112,2,0,1
ryayon,2023-04-02,france,1487,1,0,1
ryhoofr,2023-04-03,france,443,1,0,1
rzeAkbari,2023-04-05,italy,61,1,1,1
s-h-a-d-o-w,2023-03-26,austria,1169,1,0,0
s-leroux,2023-03-28,france,1016,3,0,0
s-leroux,2023-03-29,france,283,1,0,0
s-leroux,2023-03-30,france,638,1,0,0
s-leroux,2023-03-31,france,205,1,0,0
s-rigaud,2023-03-23,france,518,1,0,0
sabas,2023-03-24,italy,39,1,1,0
sabderemane,2023-04-04,france,390,1,0,1
saccarosium,2023-03-27,italy,797,1,1,0
saccarosium,2023-03-28,italy,699,1,1,0
saccarosium,2023-03-30,italy,474,1,1,0
saccarosium,2023-03-31,italy,501,1,1,0
saccarosium,2023-04-03,italy,325,2,1,1
sad270,2023-03-22,france,1334,1,0,0
saeedtkh,2023-03-18,italy,219,1,1,0
saiballo,2023-03-18,italy,1280,3,1,0
saidmohamedali,2023-04-05,france,35,1,0,1
saimn,2023-04-07,france,649,1,0,1
saitokojiro,2023-04-01,france,82,1,0,1
salarshk,2023-04-04,austria,429,1,0,1
salimkanoun,2023-03-19,france,982,1,0,0
salimkanoun,2023-04-04,france,43,2,0,1
salmanjan11,2023-03-31,italy,387,1,1,0
salmanjan11,2023-04-05,italy,552,1,1,1
salmonb,2023-04-01,france,1393,1,0,1
salvarane,2023-04-03,italy,503,1,1,1
salvatorecasalino,2023-03-22,italy,71,1,1,0
salvatorepolverino,2023-04-06,italy,101,1,1,1
salvatorequagliariello,2023-03-27,italy,68,1,1,0
salvatorequagliariello,2023-04-01,italy,0,1,1,1
salvatorequagliariello,2023-04-04,italy,89,1,1,1
salvatorequagliariello,2023-04-06,italy,0,1,1,1
salvorapi,2023-03-21,italy,238,1,1,0
salykovaa,2023-03-31,austria,2207,2,0,0
samber,2023-03-28,france,421,1,0,0
samhocevar,2023-03-31,france,874,1,0,0
samoht,2023-03-23,france,200,1,0,0
samoht,2023-03-30,france,498,1,0,0
sampaccoud,2023-04-03,france,691,1,0,1
samsaggace,2023-04-05,france,810,1,0,1
samuel-rufi,2023-03-27,austria,136,1,0,0
samuelecarpene,2023-04-05,italy,776,1,1,1
samuelefiorini,2023-04-06,italy,694,1,1,1
samuelguenerie,2023-03-28,france,2494,4,0,0
samuelguenerie,2023-03-30,france,5880,6,0,0
samuelguenerie,2023-03-31,france,7716,10,0,0
samuelguesnier,2023-04-04,france,1418,1,0,1
samuelhackwill,2023-03-30,france,403,21,0,0
samuelhackwill,2023-04-01,france,167,2,0,1
samuelhackwill,2023-04-03,france,51,1,0,1
samuelhackwill,2023-04-04,france,0,12,0,1
samuelhackwill,2023-04-05,france,0,1,0,1
samuelhackwill,2023-04-06,france,275,2,0,1
samuelhackwill,2023-04-07,france,38,1,0,1
samul-1,2023-03-26,italy,1112,1,1,0
samysung,2023-04-06,france,120,1,0,1
san57,2023-03-26,france,213,1,0,0
sancelot,2023-03-23,france,992,1,0,0
sandhose,2023-03-30,france,402,1,0,0
sandrobonazzola,2023-03-27,italy,227,1,1,0
sandrobonazzola,2023-04-06,italy,354,2,1,1
sandrobonazzola,2023-04-07,italy,210,1,1,1
sandrock,2023-03-23,france,464,1,0,0
sanketsans,2023-03-29,italy,861,1,1,0
sanketsans,2023-04-03,italy,528,1,1,1
santilland,2023-03-20,austria,205,1,0,0
santilland,2023-03-22,austria,88,2,0,0
santilland,2023-03-31,austria,529,1,0,0
santilland,2023-04-04,austria,450,3,0,1
santilland,2023-04-05,austria,131,2,0,1
santilland,2023-04-06,austria,373,1,0,1
santiviquez,2023-03-23,italy,1325,1,1,0
santurini,2023-03-20,italy,188,1,1,0
sanzoghenzo,2023-03-30,italy,403,1,1,0
sanzoghenzo,2023-03-31,italy,778,1,1,0
saona-raimundo,2023-03-24,austria,1013,1,0,0
saona-raimundo,2023-03-27,austria,216,1,0,0
saona-raimundo,2023-03-30,austria,463,1,0,0
saona-raimundo,2023-04-02,austria,581,1,0,1
saona-raimundo,2023-04-03,austria,597,1,0,1
saona-raimundo,2023-04-08,austria,1077,1,0,1
sapetti9,2023-03-20,italy,210,1,1,0
sapetti9,2023-04-03,italy,156,1,1,1
sapetti9,2023-04-06,italy,1598,1,1,1
saphiresouldier,2023-03-20,austria,394,1,0,0
sarahklippincott,2023-03-22,france,188,1,0,0
sarahklippincott,2023-03-23,france,901,1,0,0
sarahklippincott,2023-03-29,france,1284,1,0,0
sarahklippincott,2023-04-04,france,804,1,0,1
sarahklippincott,2023-04-06,france,119,1,0,1
saturn99,2023-04-02,italy,178,1,1,1
sawcce,2023-04-04,france,750,1,0,1
sb-relaxt-at,2023-03-30,austria,1345,1,0,0
sbegaudeau,2023-03-18,france,28,1,0,0
sbegaudeau,2023-03-19,france,0,1,0,0
sbegaudeau,2023-03-21,france,482,1,0,0
sbegaudeau,2023-03-22,france,295,2,0,0
sbegaudeau,2023-03-24,france,68,1,0,0
sbegaudeau,2023-03-26,france,0,1,0,0
sbegaudeau,2023-03-31,france,65,1,0,0
sbegaudeau,2023-04-02,france,70,4,0,1
sbegaudeau,2023-04-06,france,80,1,0,1
sbenfares,2023-03-21,france,0,6,0,0
sbenfares,2023-03-22,france,0,2,0,0
sbenfares,2023-03-29,france,0,4,0,0
sbenfares,2023-04-03,france,0,1,0,1
sbenfares,2023-04-05,france,0,3,0,1
sbernard31,2023-03-27,france,304,1,0,0
sbernard31,2023-04-06,france,1308,1,0,1
sbernard31,2023-04-07,france,640,1,0,1
sblaisot,2023-03-21,france,713,1,0,0
sboeuf,2023-03-23,france,256,1,0,0
sbordet,2023-03-23,italy,801,2,1,0
sbordet,2023-03-30,italy,1285,1,1,0
sbordet,2023-04-05,italy,387,1,1,1
sbordet,2023-04-06,italy,333,1,1,1
sbouchet,2023-03-28,france,1148,1,0,0
sbouchet,2023-04-05,france,120,1,0,1
sbragagnolo,2023-03-31,france,568,1,0,0
sbrunato,2023-03-29,france,73,1,0,0
scarbain,2023-03-31,france,83,1,0,0
scavzn,2023-03-31,italy,3,1,1,0
scenaristeur,2023-04-07,france,0,1,0,1
schamaille,2023-03-30,france,827,1,0,0
schambon,2023-04-03,france,497,1,0,1
schankam,2023-03-24,france,1212,1,0,0
schankam,2023-03-27,france,694,1,0,0
schematt,2023-03-31,italy,329,1,1,0
schmouk,2023-03-18,france,0,1,0,0
schmouk,2023-03-19,france,69,2,0,0
schmouk,2023-03-20,france,640,12,0,0
schobernoise,2023-04-03,austria,1396,1,0,1
schopin-pro,2023-03-20,france,1000,1,0,0
schwepps,2023-03-28,france,0,1,0,0
schwepps,2023-03-29,france,175,1,0,0
schwepps,2023-04-03,france,219,1,0,1
scognito,2023-04-06,italy,1116,1,1,1
scossin,2023-03-21,france,969,1,0,0
scottini,2023-03-18,italy,378,1,1,0
scraccio,2023-04-04,italy,680,1,1,1
scraly,2023-04-02,france,35,1,0,1
scrocquesel,2023-04-05,france,84,1,0,1
scrocquesel,2023-04-07,france,91,1,0,1
sdeleuze,2023-03-18,france,114,2,0,0
sdeleuze,2023-03-19,france,464,4,0,0
sdeleuze,2023-03-27,france,64,1,0,0
sdeleuze,2023-03-31,france,77,1,0,0
sdeleuze,2023-04-02,france,762,1,0,1
sdeleuze,2023-04-03,france,21,1,0,1
sdeleuze,2023-04-04,france,2133,3,0,1
sdeleuze,2023-04-05,france,74,1,0,1
sdellava,2023-04-03,italy,1114,1,1,1
sdemarch,2023-03-23,italy,158,3,1,0
sdemarch,2023-03-26,italy,117,1,1,0
sdietmar,2023-03-19,austria,199,1,0,0
sdietmar,2023-04-02,austria,333,2,0,1
sdinot,2023-03-30,france,647,1,0,0
sdumetz,2023-03-28,france,207,1,0,0
sdumetz,2023-04-05,france,163,1,0,1
sdumetz,2023-04-07,france,750,1,0,1
sdummett,2023-03-30,france,341,2,0,0
sebCIL,2023-03-20,france,404,1,0,0
sebamarana,2023-03-31,italy,215,4,1,0
sebaplaza,2023-03-21,france,704,1,0,0
sebaplaza,2023-04-07,france,565,1,0,1
sebastian-c,2023-04-03,italy,952,1,1,1
sebastian-c,2023-04-06,italy,688,5,1,1
sebastien-plutniak,2023-03-22,france,450,3,0,0
sebbbastien,2023-03-20,france,623,1,0,0
sebbii17,2023-04-03,austria,91,1,0,1
sebbu2,2023-03-22,france,140,1,0,0
sebescudie,2023-04-06,france,1182,1,0,1
sebglon,2023-04-07,france,656,1,0,1
sebhahn,2023-03-21,austria,52,1,0,0
sebhoerl,2023-03-22,france,565,2,0,0
seboudry,2023-03-22,france,465,1,0,0
sebprt,2023-04-08,france,561,5,0,1
sebsauvage,2023-03-26,france,227,1,0,0
secnum,2023-04-03,france,230,1,0,1
secnum,2023-04-04,france,184,1,0,1
sedax90,2023-03-20,italy,0,1,1,0
sedax90,2023-03-21,italy,0,2,1,0
seedy,2023-03-20,france,0,1,0,0
seinecle,2023-04-04,france,322,1,0,1
seneric,2023-03-28,france,1227,1,0,0
sensorario,2023-03-26,italy,861,4,1,0
sereinity,2023-03-20,france,450,1,0,0
serenasignorelli,2023-03-23,italy,181,1,1,0
sergeykomlev,2023-03-18,austria,742,2,0,0
sergeykomlev,2023-03-20,austria,1252,4,0,0
sergeykomlev,2023-03-22,austria,1178,3,0,0
sergeykomlev,2023-03-23,austria,5645,17,0,0
sergeykomlev,2023-03-25,austria,5436,16,0,0
sergeykomlev,2023-03-26,austria,604,2,0,0
sergeykomlev,2023-03-27,austria,646,2,0,0
sergeykomlev,2023-03-28,austria,1822,4,0,0
sergeykomlev,2023-04-02,austria,2360,8,0,1
sergeykomlev,2023-04-03,austria,9404,30,0,1
sergeykomlev,2023-04-04,austria,4852,15,0,1
sergeykomlev,2023-04-05,austria,409,1,0,1
sergeykomlev,2023-04-06,austria,1425,4,0,1
sergeykomlev,2023-04-07,austria,201,1,0,1
sergeykomlev,2023-04-08,austria,875,3,0,1
serigneka1,2023-03-18,france,0,1,0,0
severo,2023-03-20,france,798,3,0,0
severo,2023-03-21,france,691,1,0,0
severo,2023-03-22,france,430,1,0,0
severo,2023-03-30,france,199,1,0,0
severo,2023-03-31,france,1046,5,0,0
severo,2023-04-03,france,433,1,0,1
severo,2023-04-04,france,263,1,0,1
severo,2023-04-07,france,440,1,0,1
severrol-msft,2023-03-26,france,940,1,0,0
sfinx13,2023-03-22,france,138,1,0,0
sfinx13,2023-03-31,france,113,1,0,0
sfinx13,2023-04-05,france,72,1,0,1
sfinx13,2023-04-06,france,347,1,0,1
sfiorucci,2023-04-03,italy,0,1,1,1
sfonteneau,2023-04-01,france,136,1,0,1
sgarnotel,2023-04-05,france,665,2,0,1
sgaunet,2023-03-25,france,25,1,0,0
sgaunet,2023-03-28,france,66,1,0,0
sgrellet,2023-03-30,france,449,1,0,0
sgrimault,2023-03-21,france,463,1,0,0
shadMod,2023-03-21,italy,25,2,1,0
shadMod,2023-03-25,italy,0,5,1,0
shadMod,2023-04-02,italy,0,6,1,1
shadMod,2023-04-03,italy,0,1,1,1
shankiflang,2023-03-29,france,619,1,0,0
sharp-pixel,2023-03-30,france,788,1,0,0
shemtovsamuel,2023-04-05,france,992,1,0,1
shepilov,2023-04-03,france,24,4,0,1
sheplu,2023-03-29,france,1016,2,0,0
sheplu,2023-03-30,france,890,1,0,0
shieman,2023-03-20,france,346,1,0,0
shiermann,2023-03-21,austria,179,1,0,0
shiermann,2023-03-27,austria,179,1,0,0
shiermann,2023-03-30,austria,179,1,0,0
shiermann,2023-04-06,austria,404,2,0,1
shiermann,2023-04-07,austria,179,1,0,1
shindere,2023-03-31,france,1261,1,0,0
shmykelsa,2023-03-19,italy,1296,1,1,0
shokk47,2023-03-29,italy,353,1,1,0
shral,2023-03-29,austria,0,1,0,0
shral,2023-04-03,austria,219,1,0,1
shral,2023-04-06,austria,0,1,0,1
shyblower,2023-04-02,austria,344,1,0,1
sibylmarziopulcini,2023-03-30,italy,170,1,1,0
sidux,2023-03-22,france,291,1,0,0
sigi2345,2023-04-04,austria,132,1,0,1
sigmoe,2023-04-05,france,1572,1,0,1
signed-log,2023-04-04,france,394,1,0,1
signed-log,2023-04-07,france,179,1,0,1
signor-mike,2023-03-18,italy,119,1,1,0
signor-mike,2023-03-21,italy,196,1,1,0
sileht,2023-03-23,france,96,1,0,0
sili3011,2023-04-02,austria,395,1,0,1
silopolis,2023-03-29,france,780,2,0,0
silopolis,2023-03-31,france,266,1,0,0
silopolis,2023-04-07,france,287,1,0,1
silverhawks1010,2023-04-01,france,0,1,0,1
silverwind,2023-03-18,austria,687,2,0,0
silverwind,2023-03-19,austria,1559,3,0,0
silverwind,2023-03-28,austria,673,2,0,0
silverwind,2023-03-29,austria,442,1,0,0
silverwind,2023-03-31,austria,689,2,0,0
silverwind,2023-04-01,austria,478,1,0,1
silverwind,2023-04-04,austria,155,1,0,1
silverwind,2023-04-06,austria,481,2,0,1
silverwind,2023-04-07,austria,2240,4,0,1
silverwind,2023-04-08,austria,1270,2,0,1
silvicardo,2023-03-25,italy,0,4,1,0
sim51,2023-03-20,france,0,1,0,0
sim51,2023-03-22,france,53,1,0,0
sim51,2023-03-30,france,683,3,0,0
sim51,2023-03-31,france,656,3,0,0
sim51,2023-04-04,france,132,3,0,1
sim51,2023-04-06,france,583,1,0,1
simar0at,2023-03-21,austria,582,2,0,0
simar0at,2023-03-22,austria,563,3,0,0
simar0at,2023-03-27,austria,143,1,0,0
simbrams,2023-04-01,france,539,1,0,1
simdax,2023-04-01,france,318,1,0,1
simogeo,2023-03-31,france,383,1,0,0
simohn,2023-03-23,austria,413,1,0,0
simon-jo8,2023-03-22,france,823,1,0,0
simone-gasparini,2023-04-06,italy,1333,1,1,1
simone80an,2023-04-03,italy,588,1,1,1
simoneAmighini,2023-03-26,italy,525,1,1,0
simonegirlanda,2023-03-23,italy,1534,1,1,0
simoneluetto,2023-03-24,italy,482,1,1,0
simoneorlando,2023-03-21,italy,1377,1,1,0
simoninithomas,2023-03-26,france,28,1,0,0
simonliotier,2023-04-01,france,87,1,0,1
simonliotier,2023-04-06,france,1531,2,0,1
simplyBarbe,2023-04-05,italy,671,1,1,1
simusr2,2023-04-06,italy,189,1,1,1
sinedied,2023-04-07,france,31,1,0,1
sinouJ,2023-03-19,france,157,1,0,0
sinouJ,2023-03-21,france,111,1,0,0
sinouJ,2023-04-04,france,62,1,0,1
sinsedrix,2023-03-27,france,94,1,0,0
sirbastiano,2023-03-27,italy,136,3,1,0
siriokds,2023-03-29,italy,607,1,1,0
siriokds,2023-04-08,italy,601,1,1,1
siskavera,2023-03-21,austria,1162,1,0,0
six7,2023-03-22,austria,311,2,0,0
six7,2023-03-25,austria,2064,5,0,0
six7,2023-03-26,austria,1929,2,0,0
six7,2023-03-27,austria,819,1,0,0
sjanel,2023-03-19,france,499,1,0,0
skanderboudawara,2023-03-21,france,265,1,0,0
skar395,2023-03-25,italy,295,1,1,0
skauertz,2023-03-18,france,400,2,0,0
skelz0r,2023-03-21,france,2861,6,0,0
skelz0r,2023-03-22,france,291,2,0,0
skid9000,2023-03-24,france,230,1,0,0
skitt,2023-03-23,france,726,2,0,0
skitt,2023-03-30,france,755,2,0,0
skrtheboss,2023-03-28,italy,744,1,1,0
skydalriol,2023-04-06,italy,534,1,1,1
skypodolsky,2023-03-18,france,0,1,0,0
skypodolsky,2023-03-21,france,462,1,0,0
slandelle,2023-03-19,france,377,1,0,0
slemeur,2023-03-24,france,122,1,0,0
slemeur,2023-03-31,france,952,2,0,0
slemeur,2023-04-05,france,677,7,0,1
slemeur,2023-04-06,france,1567,2,0,1
slhck,2023-03-27,austria,1126,1,0,0
slhck,2023-04-05,austria,1515,1,0,1
slhck,2023-04-06,austria,431,1,0,1
slurdge,2023-03-31,france,176,1,0,0
smadbe,2023-03-23,france,416,1,0,0
smadbe,2023-03-27,france,498,1,0,0
smadep,2023-04-04,austria,589,1,0,1
smarlhens,2023-04-01,france,69,1,0,1
smedilol,2023-03-20,france,1750,2,0,0
smedilol,2023-04-03,france,1044,1,0,1
smedilol,2023-04-04,france,918,1,0,1
smeubank,2023-04-04,austria,1110,1,0,1
smeubank,2023-04-05,austria,1094,1,0,1
smknstd,2023-03-28,france,157,1,0,0
sn0wst0rm,2023-03-27,italy,1163,1,1,0
snahelou,2023-03-20,france,559,1,0,0
sneko,2023-04-01,france,893,1,0,1
snettah,2023-03-28,france,220,1,0,0
snettah,2023-04-03,france,182,1,0,1
snototter,2023-03-19,austria,1009,1,0,0
snototter,2023-03-22,austria,121,1,0,0
snototter,2023-03-24,austria,520,1,0,0
snototter,2023-03-25,austria,135,2,0,0
snototter,2023-04-06,austria,159,1,0,1
snototter,2023-04-08,austria,292,1,0,1
sofia-calgaro,2023-03-31,italy,691,2,1,0
sofiane-abou-abderrahim,2023-03-31,france,276,1,0,0
sofianegargouri,2023-03-22,france,174,1,0,0
softlion,2023-03-23,france,113,1,0,0
softlion,2023-03-30,france,1177,1,0,0
solevis,2023-03-21,france,195,2,0,0
solevis,2023-04-04,france,109,2,0,1
solidityFrance,2023-04-03,france,523,1,0,1
solverat,2023-03-27,austria,670,1,0,0
solygambas,2023-03-29,france,0,1,0,0
solygambas,2023-04-06,france,0,2,0,1
sonnessa,2023-03-25,italy,271,1,1,0
sopelt,2023-03-24,austria,1534,1,0,0
sopelt,2023-03-29,austria,1154,1,0,0
sorge13248,2023-03-24,italy,34,1,1,0
sorge13248,2023-03-28,italy,61,1,1,0
sorrentmutie,2023-03-31,italy,0,3,1,0
sorrento-lab,2023-03-24,france,966,1,0,0
sorrento-lab,2023-04-02,france,731,1,0,1
soullivaneuh,2023-04-03,france,2206,2,0,1
soullivaneuh,2023-04-07,france,648,1,0,1
souperoot,2023-03-31,france,663,1,0,0
sourproton,2023-04-02,france,2825,5,0,1
soyuka,2023-03-30,france,69,1,0,0
sparky-raccoon,2023-03-31,france,816,1,0,0
spartacus04,2023-03-19,italy,255,1,1,0
spartacus04,2023-04-02,italy,282,1,1,1
spech,2023-04-02,france,35,1,0,1
spech,2023-04-03,france,0,1,0,1
spech,2023-04-04,france,0,2,0,1
spocky,2023-03-24,france,788,1,0,0
sporniket,2023-03-20,france,1220,2,0,0
spotlessmind1975,2023-03-24,italy,1467,5,1,0
spotlessmind1975,2023-04-04,italy,648,1,1,1
spotlessmind1975,2023-04-06,italy,745,2,1,1
spring1843,2023-03-21,italy,789,1,1,0
springcomp,2023-03-21,france,177,1,0,0
springcomp,2023-03-26,france,214,1,0,0
springcomp,2023-04-02,france,1238,4,0,1
springcomp,2023-04-04,france,192,1,0,1
spuliz,2023-03-26,italy,105,1,1,0
squirelo,2023-03-21,france,0,1,0,0
sramazzina,2023-03-20,italy,1068,2,1,0
sramazzina,2023-03-23,italy,157,1,1,0
sreichl,2023-04-05,austria,1404,1,0,1
sreichl,2023-04-06,austria,94,1,0,1
srenault-meeds,2023-03-20,france,1095,2,0,0
srenault-meeds,2023-03-28,france,320,1,0,0
srenault-meeds,2023-03-29,france,867,3,0,0
srenault-meeds,2023-04-04,france,520,1,0,1
srio,2023-03-30,france,495,1,0,0
srounet,2023-03-25,france,875,1,0,0
sschmidTU,2023-03-29,austria,550,1,0,0
sscotti,2023-03-24,austria,787,1,0,0
sseppi,2023-03-22,italy,768,1,1,0
sseppi,2023-03-27,italy,1424,6,1,0
sseppi,2023-03-30,italy,0,1,1,0
sseppi,2023-04-06,italy,0,1,1,1
st-wang,2023-03-30,france,597,1,0,0
stacyharper,2023-03-25,france,720,1,0,0
stacyharper,2023-03-27,france,2015,4,0,0
stacyharper,2023-03-31,france,857,1,0,0
stafyniaksacha,2023-03-19,france,356,1,0,0
stafyniaksacha,2023-03-20,france,194,1,0,0
stafyniaksacha,2023-03-31,france,519,1,0,0
stafyniaksacha,2023-04-06,france,702,1,0,1
stakovicz,2023-04-05,france,257,1,0,1
stanley-regnard,2023-04-05,france,1080,1,0,1
starnakin,2023-03-27,france,72,1,0,0
starnakin,2023-03-31,france,321,1,0,0
stecrotti,2023-04-06,italy,507,1,1,1
steevanb,2023-04-05,france,51,2,0,1
steevanb,2023-04-06,france,130,1,0,1
stefan-schweiger,2023-03-21,austria,1369,1,0,0
stefan0xC,2023-03-26,austria,1046,1,0,0
stefanct,2023-03-28,austria,1219,1,0,0
stefangweichinger,2023-03-20,austria,181,1,0,0
stefangweichinger,2023-03-31,austria,228,1,0,0
stefnotch,2023-03-18,austria,204,1,0,0
stefnotch,2023-04-04,austria,285,1,0,1
stefonarch,2023-04-06,italy,319,1,1,1
steindlmedia,2023-03-24,austria,1493,1,0,0
steph78630,2023-03-29,france,247,1,0,0
stephane-caron,2023-04-03,france,1312,2,0,1
stephane-caron,2023-04-05,france,96,1,0,1
stephane-klein,2023-03-18,france,69,1,0,0
stephane-klein,2023-03-19,france,414,3,0,0
stephane-klein,2023-03-20,france,3386,11,0,0
stephane-klein,2023-03-21,france,124,1,0,0
stephane-klein,2023-03-24,france,183,1,0,0
stephane-klein,2023-03-25,france,161,2,0,0
stephane-klein,2023-03-26,france,201,1,0,0
stephane-klein,2023-03-27,france,60,1,0,0
stephane-klein,2023-04-02,france,1616,5,0,1
stephane-klein,2023-04-03,france,358,2,0,1
stephane-klein,2023-04-04,france,136,1,0,1
stephane-klein,2023-04-05,france,119,1,0,1
stephane-klein,2023-04-06,france,1031,2,0,1
stephane-klein,2023-04-07,france,743,3,0,1
stephanegigandet,2023-03-28,france,284,1,0,0
stephanegigandet,2023-04-07,france,290,1,0,1
stephanepechard,2023-03-25,france,428,1,0,0
stephrobert,2023-03-25,france,127,1,0,0
sthibaul,2023-03-19,france,1006,1,0,0
sthibaul,2023-04-03,france,135,1,0,1
stiebitzhofer,2023-04-03,austria,1315,2,0,1
stodevCoding,2023-04-07,france,400,1,0,1
stof,2023-03-30,france,1546,1,0,0
stof,2023-03-31,france,177,1,0,0
stof,2023-04-08,france,552,1,0,1
strayMat,2023-04-06,france,624,1,0,1
strowbeary,2023-03-23,france,189,1,0,0
stylesuxx,2023-03-20,austria,0,1,0,0
stylesuxx,2023-03-21,austria,32,1,0,0
stylesuxx,2023-03-22,austria,79,1,0,0
stylesuxx,2023-03-28,austria,79,1,0,0
stylesuxx,2023-03-30,austria,0,1,0,0
stylesuxx,2023-04-01,austria,1578,2,0,1
stylesuxx,2023-04-02,austria,272,2,0,1
stylesuxx,2023-04-07,austria,125,1,0,1
submarcos,2023-04-04,france,41,1,0,1
submarcos,2023-04-05,france,265,1,0,1
sugibuchi,2023-03-29,france,1380,1,0,0
suit,2023-03-29,austria,513,1,0,0
suit,2023-03-30,austria,1326,1,0,0
sumpfgottheit,2023-03-23,austria,291,1,0,0
sungyongcho,2023-03-28,france,241,1,0,0
sunix,2023-04-03,france,438,1,0,1
sunti27,2023-04-03,austria,336,1,0,1
supercairos,2023-03-28,france,1533,1,0,0
superkekko,2023-03-21,italy,218,1,1,0
superphil0,2023-03-21,austria,176,1,0,0
superphil0,2023-03-31,austria,176,1,0,0
superphil0,2023-04-03,austria,176,1,0,1
supix,2023-04-02,italy,428,2,1,1
suprasanity,2023-03-21,france,126,1,0,0
supun-io,2023-04-08,france,75,1,0,1
svart-riddare,2023-03-31,france,830,1,0,0
sveetch,2023-03-18,france,163,2,0,0
sveetch,2023-03-22,france,800,1,0,0
sveetch,2023-03-27,france,852,1,0,0
sveetch,2023-03-28,france,1492,2,0,0
sveetch,2023-03-29,france,1294,2,0,0
sveetch,2023-04-02,france,1614,2,0,1
sveetch,2023-04-03,france,755,1,0,1
sveetch,2023-04-07,france,433,1,0,1
svienot,2023-03-20,france,776,1,0,0
svienot,2023-03-31,france,785,1,0,0
svienot,2023-04-03,france,753,1,0,1
svvac,2023-03-21,france,845,1,0,0
swallez,2023-03-31,france,1257,1,0,0
swoga,2023-04-06,austria,872,1,0,1
swrobel,2023-03-19,italy,944,1,1,0
swrobel,2023-03-21,italy,1537,1,1,0
swrobel,2023-03-24,italy,278,1,1,0
syepes,2023-03-21,france,355,1,0,0
syepes,2023-04-05,france,794,1,0,1
syffs,2023-03-28,france,77,1,0,0
syffs,2023-04-07,france,1611,1,0,1
sykhro,2023-03-30,italy,763,1,1,0
sylvain-reynaud,2023-03-29,france,376,1,0,0
sylvainar,2023-04-07,france,434,1,0,1
sylvainleris,2023-03-25,france,307,1,0,0
sylvainleris,2023-03-31,france,371,1,0,0
sylvchev,2023-03-28,france,285,1,0,0
sylvestre,2023-03-18,france,3385,8,0,0
sylvestre,2023-03-19,france,667,2,0,0
sylvestre,2023-03-21,france,113,1,0,0
sylvestre,2023-03-23,france,53,1,0,0
sylvestre,2023-03-24,france,3501,10,0,0
sylvestre,2023-03-25,france,867,1,0,0
sylvestre,2023-04-02,france,2339,4,0,1
sylvlecl,2023-03-31,france,1208,2,0,0
sylware,2023-03-24,france,231,1,0,0
sylware,2023-04-03,france,167,1,0,1
sylware,2023-04-04,france,630,1,0,1
symsmith,2023-03-18,france,508,3,0,0
symsmith,2023-04-07,france,1368,1,0,1
synchroazel,2023-04-08,italy,526,1,1,1
synoptase,2023-03-31,france,684,1,0,0
synoptase,2023-04-03,france,732,1,0,1
syphax-bouazzouni,2023-03-21,france,0,1,0,0
syphax-bouazzouni,2023-03-24,france,210,3,0,0
syphax-bouazzouni,2023-04-03,france,153,1,0,1
syssieben7,2023-03-22,austria,677,1,0,0
szabi,2023-03-20,austria,1144,1,0,0
szabi,2023-03-22,austria,429,1,0,0
szabi,2023-04-07,austria,98,1,0,1
tagliala,2023-03-24,italy,716,1,1,0
tagliala,2023-03-26,italy,911,1,1,0
tagliala,2023-03-27,italy,572,1,1,0
tagliala,2023-04-08,italy,641,2,1,1
taha-yassine,2023-03-19,france,409,1,0,0
taha-yassine,2023-03-31,france,438,1,0,0
taha-yassine,2023-04-07,france,537,1,0,1
taharallouche,2023-03-19,france,158,1,0,0
taharallouche,2023-03-23,france,246,1,0,0
taharallouche,2023-03-26,france,405,1,0,0
taharallouche,2023-03-28,france,863,1,0,0
taharallouche,2023-03-29,france,1591,3,0,0
taharallouche,2023-03-31,france,884,2,0,0
taharallouche,2023-04-08,france,398,1,0,1
tahayk,2023-03-28,france,2245,3,0,0
taminobaumann,2023-03-21,austria,836,1,0,0
taminobaumann,2023-03-22,austria,1286,1,0,0
tanc,2023-03-18,italy,917,1,1,0
tanc,2023-03-30,italy,0,2,1,0
tangb,2023-03-25,france,2606,2,0,0
tapirbug,2023-03-18,austria,101,1,0,0
tapirbug,2023-03-24,austria,150,1,0,0
tarekziade,2023-03-21,france,619,2,0,0
tarekziade,2023-03-23,france,413,2,0,0
tarekziade,2023-03-27,france,208,1,0,0
tarekziade,2023-03-31,france,319,1,0,0
tarekziade,2023-04-06,france,868,1,0,1
tarneaux,2023-03-24,france,102,1,0,0
tassoman,2023-03-18,italy,532,1,1,0
tassoman,2023-03-21,italy,425,1,1,0
tassoman,2023-03-28,italy,1679,3,1,0
tassoman,2023-04-02,italy,441,1,1,1
tassoman,2023-04-04,italy,938,2,1,1
tassoman,2023-04-08,italy,418,1,1,1
tatref,2023-03-29,france,340,1,0,0
tbMaker1,2023-03-18,france,1171,1,0,0
tbascoul,2023-03-29,france,49,1,0,0
tbayart,2023-04-05,france,621,1,0,1
tbenr,2023-03-28,italy,163,1,1,0
tbenr,2023-04-07,italy,53,1,1,1
tblaisot,2023-03-23,france,581,1,0,0
tbobm,2023-03-18,france,203,1,0,0
tbobm,2023-03-20,france,190,1,0,0
tbobm,2023-03-31,france,604,3,0,0
tbobm,2023-04-04,france,199,1,0,1
tbonfort,2023-03-24,france,476,1,0,0
tbor00,2023-03-23,italy,3,1,1,0
tbouffard,2023-03-20,france,156,1,0,0
tbouffard,2023-03-21,france,2589,9,0,0
tbouffard,2023-03-22,france,2898,10,0,0
tbouffard,2023-03-23,france,310,2,0,0
tbouffard,2023-03-24,france,1942,5,0,0
tbouffard,2023-03-27,france,878,2,0,0
tbouffard,2023-04-03,france,671,1,0,1
tbrezot,2023-04-04,france,249,1,0,1
tbroyer,2023-04-05,france,194,1,0,1
tbruyelle,2023-03-21,france,1528,1,0,0
tbruyelle,2023-04-05,france,374,1,0,1
tbruyelle,2023-04-07,france,499,1,0,1
tcalmant,2023-03-27,france,1116,1,0,0
tchiotludo,2023-03-30,france,813,3,0,0
tchiotludo,2023-04-02,france,328,1,0,1
tchoutri,2023-03-21,france,462,1,0,0
tchoutri,2023-03-26,france,107,1,0,0
tchoutri,2023-03-29,france,1418,1,0,0
tchoutri,2023-04-07,france,128,1,0,1
tchoutri,2023-04-08,france,406,1,0,1
tcrasset,2023-03-22,france,917,1,0,0
tdelabro,2023-04-02,france,936,1,0,1
tdelabro,2023-04-05,france,421,1,0,1
tdeverdiere,2023-04-07,france,696,1,0,1
tdislay,2023-03-28,france,766,2,0,0
tduigou,2023-03-23,france,326,1,0,0
technofab,2023-03-20,italy,1478,1,1,0
technofab,2023-03-22,italy,398,1,1,0
teh-cmc,2023-03-23,france,1376,4,0,0
teh-cmc,2023-03-27,france,32,1,0,0
teh-cmc,2023-03-31,france,726,2,0,0
teh-cmc,2023-04-03,france,293,1,0,1
teh-cmc,2023-04-05,france,1901,3,0,1
teh-cmc,2023-04-06,france,109,1,0,1
tekkenkkk,2023-03-29,france,166,1,0,0
tenfourty,2023-03-21,france,354,1,0,0
tenmoves,2023-04-04,france,3543,3,0,1
teolemon,2023-03-19,france,647,2,0,0
teolemon,2023-03-20,france,1344,2,0,0
teolemon,2023-03-22,france,534,2,0,0
teolemon,2023-03-23,france,310,1,0,0
teolemon,2023-03-24,france,723,3,0,0
teolemon,2023-03-25,france,689,1,0,0
teolemon,2023-04-01,france,44,1,0,1
teolemon,2023-04-03,france,1284,1,0,1
teolemon,2023-04-04,france,249,1,0,1
teolemon,2023-04-05,france,3554,20,0,1
teolemon,2023-04-06,france,76,3,0,1
teolemon,2023-04-07,france,447,2,0,1
teragramgius,2023-03-26,italy,2285,5,1,0
teragramgius,2023-04-01,italy,945,5,1,1
teragramgius,2023-04-02,italy,441,2,1,1
teragramgius,2023-04-07,italy,1713,2,1,1
texano00,2023-03-19,italy,0,1,1,0
tgoelles,2023-04-03,austria,228,1,0,1
tgrall,2023-03-18,france,2639,2,0,0
thaaai,2023-03-23,france,198,1,0,0
thaaai,2023-03-27,france,194,1,0,0
thaaai,2023-04-07,france,198,1,0,1
thannerfabian,2023-03-31,austria,342,1,0,0
the42,2023-03-30,austria,482,1,0,0
the42,2023-04-04,austria,699,1,0,1
theRosyProject,2023-04-08,italy,246,1,1,1
thebaptiste,2023-03-30,france,277,1,0,0
thebaptiste,2023-04-07,france,158,1,0,1
thedarkknight197,2023-03-30,italy,320,1,1,0
thehowl,2023-03-27,italy,822,1,1,0
thehowl,2023-03-28,italy,1439,2,1,0
thekatze,2023-03-26,austria,0,1,0,0
thekatze,2023-04-03,austria,51,1,0,1
thekatze,2023-04-04,austria,0,1,0,1
theludovyc,2023-04-05,france,171,1,0,1
theluk,2023-03-27,austria,256,1,0,0
them-es,2023-04-01,austria,256,1,0,1
themoep,2023-03-29,austria,807,1,0,0
theodelrieu,2023-03-31,france,1247,1,0,0
theoplawinski,2023-03-29,france,118,1,0,0
thepaqui,2023-03-27,france,1054,1,0,0
therealpecus,2023-03-29,italy,1457,1,1,0
theredfish,2023-03-28,france,0,1,0,0
thery,2023-03-26,france,926,1,0,0
theskyblockman,2023-03-19,france,154,1,0,0
theskyblockman,2023-03-20,france,0,13,0,0
theskyblockman,2023-04-05,france,334,1,0,1
thesnipiid,2023-04-07,france,1159,1,0,1
thesp0nge,2023-04-06,italy,97,1,1,1
thespino,2023-04-04,italy,47,1,1,1
thespino,2023-04-06,italy,622,1,1,1
thib3113,2023-03-21,france,431,1,0,0
thibaudbesson,2023-03-21,france,297,1,0,0
thibaultleouay,2023-03-18,france,291,1,0,0
thibaultserti,2023-04-05,france,855,1,0,1
thibaut-d,2023-03-22,france,628,1,0,0
thibautvdu,2023-03-21,france,1166,1,0,0
thierry-laval,2023-03-26,france,369,1,0,0
thierrygrange,2023-03-26,france,612,1,0,0
thinkingmik,2023-03-23,italy,782,1,1,0
thisthat,2023-03-21,austria,59,1,0,0
thisthat,2023-03-23,austria,905,1,0,0
thisthat,2023-03-28,austria,873,1,0,0
thisthat,2023-03-29,austria,1117,1,0,0
thisthat,2023-04-06,austria,945,1,0,1
thistlillo,2023-03-24,italy,680,1,1,0
thoanny,2023-04-07,france,85,1,0,1
thoanny,2023-04-08,france,209,1,0,1
thoebert,2023-03-31,austria,414,1,0,0
thollander,2023-03-27,france,989,1,0,0
thomakl,2023-03-27,france,296,1,0,0
thomas-ferraz,2023-03-23,france,69,2,0,0
thomas-ferraz,2023-03-24,france,40,1,0,0
thomas-senechal,2023-03-27,france,1732,3,0,0
thomas-senechal,2023-03-28,france,891,1,0,0
thomas-senechal,2023-03-30,france,1543,2,0,0
thomas-senechal,2023-04-04,france,356,1,0,1
thomas-senechal,2023-04-05,france,1512,1,0,1
thomas-senechal,2023-04-07,france,1717,2,0,1
thomasbnt,2023-03-18,france,149,1,0,0
thomasbnt,2023-03-22,france,746,1,0,0
thomascharbit,2023-03-24,france,171,1,0,0
thomaseyaa,2023-03-30,france,0,1,0,0
thomasferrandiz,2023-03-31,france,0,1,0,0
thomasouvre,2023-03-22,france,197,1,0,0
thomasouvre,2023-03-27,france,290,1,0,0
thomasouvre,2023-03-31,france,285,1,0,0
thomaspibanez,2023-03-22,france,933,3,0,0
thomaspibanez,2023-03-23,france,1242,1,0,0
thomaspibanez,2023-04-04,france,1780,2,0,1
thomaspoignant,2023-03-23,france,347,1,0,0
thomaspoignant,2023-03-24,france,294,1,0,0
thomaspoignant,2023-04-06,france,3496,8,0,1
thomaspoignant,2023-04-07,france,257,1,0,1
thomasstxyz,2023-04-08,austria,348,3,0,1
thomasw04,2023-03-29,austria,177,1,0,0
thoomasbro,2023-04-03,france,0,2,0,1
thpa,2023-04-07,austria,419,1,0,1
thpani,2023-03-20,austria,198,1,0,0
thpani,2023-03-28,austria,140,1,0,0
thpani,2023-04-05,austria,271,1,0,1
thrau,2023-03-18,austria,0,2,0,0
thrau,2023-03-27,austria,119,1,0,0
thrau,2023-04-01,austria,1414,1,0,1
throrin19,2023-03-22,france,450,1,0,0
thschue,2023-03-20,austria,870,3,0,0
thschue,2023-03-21,austria,0,1,0,0
thschue,2023-03-28,austria,111,1,0,0
thschue,2023-03-29,austria,1827,3,0,0
thschue,2023-04-02,austria,1315,1,0,1
thschue,2023-04-03,austria,720,1,0,1
thschue,2023-04-06,austria,1298,2,0,1
tidoust,2023-03-24,france,465,1,0,0
tidoust,2023-03-27,france,323,1,0,0
tidoust,2023-03-31,france,813,2,0,0
tidoust,2023-04-04,france,1061,3,0,1
tiefenb,2023-03-21,austria,364,1,0,0
tilaktilak,2023-03-29,france,99,1,0,0
tillderoquefeuil,2023-03-22,france,134,2,0,0
tillderoquefeuil,2023-03-29,france,12,1,0,0
tim-tim707,2023-04-01,france,153,1,0,1
timothyrusso,2023-03-21,italy,342,1,1,0
timothyrusso,2023-03-31,italy,0,1,1,0
timothyrusso,2023-04-01,italy,0,2,1,1
timothyrusso,2023-04-03,italy,0,3,1,1
timothyrusso,2023-04-05,italy,0,2,1,1
tinohager,2023-03-26,austria,60,1,0,0
tintou,2023-03-20,france,463,1,0,0
tintou,2023-04-06,france,82,1,0,1
tipi85,2023-04-02,france,674,1,0,1
tiraboschi,2023-03-22,italy,849,1,1,0
tiramiseb,2023-04-07,france,556,1,0,1
tishoyanchev,2023-03-27,austria,24,1,0,0
tishoyanchev,2023-03-30,austria,45,2,0,0
tishoyanchev,2023-04-06,austria,20,1,0,1
titouan-joseph,2023-04-02,france,213,1,0,1
titouan-joseph,2023-04-04,france,205,1,0,1
titouan-joseph,2023-04-07,france,399,2,0,1
titouandk,2023-03-19,france,1211,1,0,0
titouanmathis,2023-04-06,france,524,1,0,1
tiziano-morgia,2023-03-28,italy,1112,1,1,0
tjamet,2023-04-03,france,1208,1,0,1
tjpb92,2023-03-25,france,385,2,0,0
tjpb92,2023-03-29,france,455,1,0,0
tjpb92,2023-04-04,france,882,1,0,1
tk5ep,2023-04-02,france,414,1,0,1
tk5ep,2023-04-04,france,748,2,0,1
tkrotoff,2023-03-28,france,1140,1,0,0
tla,2023-04-07,austria,566,1,0,1
tladesignz,2023-03-22,austria,48,1,0,0
tlagoda,2023-03-19,france,204,2,0,0
tlagoda,2023-03-20,france,0,1,0,0
tlagoda,2023-03-24,france,81,2,0,0
tlecoz,2023-03-22,france,926,1,0,0
tmac12,2023-03-20,italy,339,1,1,0
tmerlier,2023-03-24,france,574,1,0,0
tmerlier,2023-03-28,france,499,1,0,0
tmerlier,2023-03-29,france,181,1,0,0
tmerlier,2023-03-31,france,354,1,0,0
tmerlier,2023-04-03,france,797,2,0,1
tmortagne,2023-03-21,france,292,1,0,0
tmprnc,2023-04-01,france,1443,1,0,1
tmtron,2023-03-27,austria,285,1,0,0
tobadia,2023-03-21,france,0,1,0,0
tobozo,2023-04-02,france,1230,1,0,1
todvora,2023-03-24,austria,367,1,0,0
tohuwabohu-io,2023-03-26,austria,315,1,0,0
tohuwabohu-io,2023-04-02,austria,612,1,0,1
tohuwabohu-io,2023-04-03,austria,0,1,0,1
tokazio,2023-03-31,france,520,2,0,0
tom-bywild,2023-04-04,austria,853,1,0,1
tom-rh,2023-03-21,france,293,1,0,0
tom-theret,2023-03-21,france,529,1,0,0
tomconte,2023-03-23,france,656,1,0,0
tomlogan501,2023-03-24,france,367,1,0,0
tommaso-ascani,2023-03-31,italy,201,1,1,0
tommaso-ascani,2023-04-02,italy,85,1,1,1
tommaso-ascani,2023-04-03,italy,831,1,1,1
tommaso-ascani,2023-04-08,italy,288,1,1,1
tommaso-caputi,2023-03-21,italy,31,1,1,0
tomsontom,2023-03-21,austria,144,1,0,0
tomvitale,2023-03-30,italy,1426,1,1,0
tongtwist,2023-03-30,france,136,1,0,0
tongtwist,2023-04-03,france,254,2,0,1
tongtwist,2023-04-04,france,438,4,0,1
tongtwist,2023-04-05,france,849,3,0,1
tongtwist,2023-04-06,france,299,1,0,1
tonka3000,2023-04-08,austria,330,1,0,1
tonnanglionel,2023-03-30,italy,1154,1,1,0
tonyo,2023-03-30,austria,1144,2,0,0
topiga,2023-03-31,france,235,1,0,0
torchiaf,2023-03-20,italy,305,1,1,0
torchiaf,2023-03-29,italy,503,1,1,0
torchiaf,2023-04-03,italy,1516,2,1,1
torea-patissier,2023-03-22,france,480,1,0,0
tortmayr,2023-03-19,austria,773,1,0,0
tortmayr,2023-03-22,austria,265,1,0,0
tortmayr,2023-03-23,austria,613,1,0,0
tortmayr,2023-04-02,austria,1352,1,0,1
totorobin,2023-03-24,france,368,2,0,0
totorobin,2023-03-27,france,98,3,0,0
touficzayed,2023-03-24,france,124,1,0,0
touilleMan,2023-04-03,france,271,1,0,1
tpadioleau,2023-04-02,france,0,1,0,1
tpaviot,2023-03-21,france,158,1,0,0
tpetazzoni,2023-04-06,france,593,1,0,1
tpoindessous,2023-04-05,france,455,1,0,1
tprouvot,2023-03-24,france,437,1,0,0
tprouvot,2023-03-28,france,1405,1,0,0
tprouvot,2023-03-31,france,778,2,0,0
tprouvot,2023-04-03,france,552,1,0,1
tranb3r,2023-03-21,france,1460,1,0,0
tranb3r,2023-03-27,france,1415,2,0,0
tranb3r,2023-04-07,france,63,1,0,1
trandthanh,2023-03-24,france,423,1,0,0
traversaro,2023-03-21,italy,2027,5,1,0
traversaro,2023-03-22,italy,836,1,1,0
traversaro,2023-03-24,italy,770,1,1,0
traversaro,2023-03-25,italy,0,1,1,0
traversaro,2023-03-28,italy,794,3,1,0
traversaro,2023-03-31,italy,220,1,1,0
traversaro,2023-04-05,italy,1807,3,1,1
traversaro,2023-04-07,italy,2259,2,1,1
travier,2023-03-18,france,140,1,0,0
travier,2023-04-04,france,469,3,0,1
travier,2023-04-05,france,1276,2,0,1
traxys,2023-03-24,france,1508,1,0,0
treenerd,2023-03-24,austria,1547,1,0,0
treitmayr,2023-03-18,austria,648,1,0,0
trenta3,2023-03-24,italy,1487,1,1,0
trenta3,2023-03-25,italy,400,1,1,0
trevorsandy,2023-03-20,france,489,1,0,0
trevorsandy,2023-04-04,france,1245,1,0,1
trevorsandy,2023-04-07,france,2075,2,0,1
trinity-1686a,2023-04-01,france,390,1,0,1
trinity-1686a,2023-04-03,france,289,1,0,1
trinity-1686a,2023-04-07,france,976,1,0,1
triska,2023-03-26,austria,491,1,0,0
triska,2023-04-01,austria,309,1,0,1
triska,2023-04-02,austria,1911,2,0,1
tristan-greffe,2023-03-29,france,206,2,0,0
tristan-greffe,2023-03-30,france,1569,4,0,0
tristan-greffe,2023-04-06,france,1703,6,0,1
tristan-greffe,2023-04-07,france,92,1,0,1
tristanlorriaux,2023-03-20,france,1603,1,0,0
tristantarrant,2023-04-02,italy,606,1,1,1
troimaclure,2023-04-05,france,490,1,0,1
troisiemetype,2023-03-21,france,579,1,0,0
trollfot,2023-03-18,france,383,1,0,0
troublestarter,2023-03-28,france,214,1,0,0
truatpasteurdotfr,2023-03-27,france,396,1,0,0
truenicoco,2023-04-05,france,500,1,0,1
tsegismont,2023-03-21,france,643,1,0,0
tshemsedinov,2023-03-21,italy,323,1,1,0
tshemsedinov,2023-04-08,italy,164,1,1,1
tsimian,2023-03-18,austria,367,1,0,0
tsmr,2023-03-30,france,1529,1,0,0
tspoke,2023-04-06,france,702,1,0,1
ttalbot,2023-03-24,france,391,1,0,0
tubiana,2023-03-19,france,1402,1,0,0
tut-tuuut,2023-03-22,france,1074,3,0,0
tux-vador,2023-03-19,france,966,1,0,0
tuxerrante,2023-03-31,italy,1395,1,1,0
tuxette,2023-03-27,france,1158,2,0,0
tuxette,2023-04-04,france,174,2,0,1
twitwi,2023-04-02,france,704,2,0,1
twktheainur,2023-03-22,france,861,1,0,0
tymmesyde,2023-03-19,france,775,1,0,0
tymmesyde,2023-03-20,france,136,1,0,0
tyrcho,2023-03-18,france,0,1,0,0
tyteck,2023-03-19,france,2212,5,0,0
tyzion,2023-03-27,italy,316,1,1,0
u2gilles,2023-04-03,france,319,1,0,1
ubermanu,2023-03-30,france,21,1,0,0
ubersandro,2023-03-29,italy,355,1,1,0
ubersandro,2023-04-04,italy,359,1,1,1
uderline,2023-03-23,france,14,1,0,0
uecker,2023-03-19,austria,239,1,0,0
uecker,2023-03-29,austria,259,1,0,0
ugol,2023-03-19,italy,374,5,1,0
ugol,2023-03-25,italy,811,3,1,0
ugol,2023-03-26,italy,32,3,1,0
ugol,2023-03-28,italy,167,2,1,0
ugol,2023-04-03,italy,215,1,1,1
ugol,2023-04-06,italy,147,2,1,1
ugol,2023-04-08,italy,56,1,1,1
uguy,2023-03-27,france,204,1,0,0
uku3lig,2023-04-07,france,507,1,0,1
uliano,2023-03-27,italy,301,1,1,0
uliano,2023-03-28,italy,1125,1,1,0
ultimate318ai,2023-03-29,france,893,1,0,0
ungarmichael,2023-03-20,austria,115,1,0,0
uniqx,2023-03-26,austria,726,1,0,0
unixfox,2023-03-26,france,215,1,0,0
unixfox,2023-03-30,france,409,1,0,0
unixfox,2023-03-31,france,203,2,0,0
unixfox,2023-04-04,france,74,1,0,1
untereiner,2023-03-20,france,225,1,0,0
untereiner,2023-03-23,france,1086,1,0,0
untitaker,2023-03-26,austria,1027,2,0,0
untitaker,2023-03-31,austria,990,1,0,0
unused,2023-04-04,austria,745,1,0,1
unytics,2023-04-08,france,692,1,0,1
urbantrout,2023-03-23,austria,121,1,0,0
usarskyy,2023-03-26,austria,1405,2,0,0
usfalami,2023-03-18,france,0,1,0,0
usfalami,2023-03-19,france,0,3,0,0
usfalami,2023-03-30,france,0,1,0,0
utarwyn,2023-04-05,france,0,2,0,1
utarwyn,2023-04-07,france,356,1,0,1
utay,2023-03-28,france,1234,1,0,0
utybo,2023-03-22,france,453,1,0,0
vadim-frolov,2023-03-20,austria,0,1,0,0
vadim-frolov,2023-03-22,austria,0,1,0,0
vadimkantorov,2023-04-04,france,711,1,0,1
vadimkantorov,2023-04-08,france,555,1,0,1
vadz,2023-04-04,france,441,1,0,1
vadz,2023-04-08,france,988,1,0,1
valegagge,2023-03-27,italy,222,1,1,0
valentin-cnt,2023-04-02,france,297,1,0,1
valentinMachado,2023-03-20,france,69,1,0,0
valentinMachado,2023-03-21,france,416,3,0,0
valentinMachado,2023-03-24,france,1651,10,0,0
valentinMachado,2023-03-27,france,146,2,0,0
valentinMachado,2023-03-31,france,293,1,0,0
valentinMachado,2023-04-03,france,376,1,0,1
valentinMachado,2023-04-04,france,428,1,0,1
valentinbeggi,2023-03-27,france,1454,1,0,0
valentinmadrid,2023-04-07,france,577,1,0,1
valentinoeval,2023-03-22,france,345,1,0,0
valeriemerle,2023-04-07,france,627,2,0,1
valerionew,2023-04-04,italy,58,1,1,1
valeriosofi,2023-03-24,italy,137,1,1,0
valse,2023-03-24,italy,521,1,1,0
vanGalilea,2023-03-21,austria,1108,1,0,0
vani-or,2023-03-25,italy,399,1,1,0
varris1,2023-03-25,austria,710,1,0,0
vassilidev,2023-04-01,france,75,4,0,1
vassilidev,2023-04-03,france,20,1,0,1
vbachele,2023-03-20,france,496,1,0,0
vbachele,2023-03-22,france,0,3,0,0
vbachele,2023-03-23,france,0,1,0,0
vbachele,2023-03-24,france,0,2,0,0
vbachele,2023-03-25,france,0,5,0,0
vbachele,2023-03-28,france,667,10,0,0
vbachele,2023-03-29,france,0,5,0,0
vbousquet,2023-03-24,france,741,1,0,0
vcarel,2023-04-03,france,708,1,0,1
vdegenne,2023-03-24,france,472,1,0,0
vdegenne,2023-04-07,france,264,1,0,1
vdelachaux,2023-03-31,france,0,4,0,0
vdesabou,2023-03-22,france,87,1,0,0
vdesabou,2023-03-25,france,0,2,0,0
vdesabou,2023-04-05,france,0,1,0,1
vdesabou,2023-04-06,france,0,1,0,1
vdeville,2023-04-06,france,495,1,0,1
veej,2023-03-31,italy,1469,1,1,0
veej,2023-04-06,italy,691,1,1,1
veloce,2023-03-18,france,330,1,0,0
veloce,2023-03-24,france,93,1,0,0
veloce,2023-03-27,france,413,1,0,0
veloce,2023-04-04,france,1609,1,0,1
verdie-g,2023-04-01,france,318,2,0,1
verdie-g,2023-04-07,france,109,1,0,1
verdie-g,2023-04-08,france,86,1,0,1
verlok,2023-03-27,italy,406,1,1,0
vert-rouge,2023-04-01,france,646,1,0,1
vertesy,2023-04-03,austria,856,1,0,1
vescalier,2023-03-22,france,216,1,0,0
vflaux,2023-03-21,france,1228,1,0,0
vhiairrassary,2023-03-21,france,1224,1,0,0
vibl,2023-03-30,france,639,1,0,0
vibl,2023-04-06,france,513,1,0,1
victorcngo,2023-03-31,france,944,1,0,0
victorcouste,2023-03-23,france,547,2,0,0
victore447,2023-04-07,france,572,1,0,1
victorlohezic,2023-03-19,france,2034,4,0,0
victorlohezic,2023-03-20,france,114,3,0,0
victorlohezic,2023-03-23,france,0,1,0,0
victorlohezic,2023-03-24,france,0,2,0,0
victorlohezic,2023-03-25,france,728,7,0,0
victorlohezic,2023-03-26,france,0,1,0,0
victorlohezic,2023-03-31,france,0,1,0,0
victorlohezic,2023-04-07,france,424,1,0,1
victorlohezic,2023-04-08,france,41,1,0,1
victormours,2023-03-27,france,753,2,0,0
victormours,2023-03-28,france,201,1,0,0
victormours,2023-04-03,france,1130,3,0,1
vietj,2023-03-29,france,0,1,0,0
vigna,2023-03-19,italy,787,1,1,0
vince62s,2023-03-24,france,237,1,0,0
vinceAmstoutz,2023-03-24,france,1173,1,0,0
vincelhx,2023-03-30,france,1300,1,0,0
vincent-leblond,2023-04-02,france,0,1,0,1
vincentbernat,2023-04-02,france,741,1,0,1
vincentbernat,2023-04-03,france,842,1,0,1
vincentdephily,2023-03-29,france,63,1,0,0
vincenzopalazzo,2023-03-18,italy,500,4,1,0
vincenzopalazzo,2023-03-19,italy,295,1,1,0
vincenzopalazzo,2023-03-22,italy,307,1,1,0
vincenzopalazzo,2023-03-28,italy,0,1,1,0
vincenzopalazzo,2023-03-30,italy,326,1,1,0
vincenzopalazzo,2023-04-02,italy,121,1,1,1
vincenzopalazzo,2023-04-06,italy,61,1,1,1
vincenzopalazzo,2023-04-07,italy,138,1,1,1
vingerha,2023-03-23,france,153,1,0,0
violabg,2023-03-29,italy,1560,1,1,0
vishnugopy,2023-03-20,france,0,1,0,0
vishnugopy,2023-03-28,france,0,2,0,0
visika,2023-03-20,italy,950,1,1,0
vitofasano,2023-04-06,italy,746,1,1,1
vivedo,2023-04-03,italy,631,1,1,1
vivekjainmaiet,2023-03-24,austria,569,1,0,0
vivienlacourba,2023-03-29,france,1665,3,0,0
vivimouret29,2023-03-22,france,0,1,0,0
vivimouret29,2023-03-28,france,0,2,0,0
vivimouret29,2023-03-29,france,0,1,0,0
vivimouret29,2023-04-04,france,0,1,0,1
vjeantet,2023-03-21,france,275,1,0,0
vjmarteau,2023-03-28,austria,265,1,0,0
vjmarteau,2023-04-06,austria,892,1,0,1
vkuprin,2023-03-22,france,512,1,0,0
vlabo,2023-03-24,austria,302,1,0,0
vladanpaunovic,2023-04-05,austria,286,1,0,1
vmaury,2023-03-22,france,1259,1,0,0
vmoutoussamy,2023-03-30,france,0,1,0,0
vmsh0,2023-03-20,italy,728,1,1,0
vndmark,2023-04-04,austria,276,1,0,1
vogloblinsky,2023-04-01,france,289,1,0,1
voidbrain,2023-03-24,italy,339,3,1,0
voria,2023-03-20,italy,599,1,1,0
vpoulailleau,2023-03-24,france,1495,1,0,0
vqlion,2023-03-21,france,41,1,0,0
vqlion,2023-03-22,france,487,3,0,0
vrindanayak,2023-03-20,austria,1284,2,0,0
vrindanayak,2023-03-21,austria,87,1,0,0
vrindanayak,2023-03-22,austria,1006,3,0,0
vrindanayak,2023-03-24,austria,46,1,0,0
vrindanayak,2023-03-28,austria,591,1,0,0
vrindanayak,2023-03-29,austria,564,1,0,0
vrindanayak,2023-03-30,austria,1063,1,0,0
vrindanayak,2023-03-31,austria,0,1,0,0
vrobert78,2023-03-19,france,306,1,0,0
vrx,2023-03-18,france,595,1,0,0
vrx,2023-04-05,france,252,1,0,1
vsellier,2023-03-23,france,1111,1,0,0
vtavernier,2023-03-26,france,190,1,0,0
vtorri,2023-03-26,france,154,1,0,0
vtorri,2023-04-05,france,335,2,0,1
vtorri,2023-04-08,france,283,1,0,1
vugi99,2023-03-18,france,955,1,0,0
vugi99,2023-04-01,france,1751,3,0,1
vugi99,2023-04-02,france,1018,2,0,1
vugi99,2023-04-08,france,1826,3,0,1
vulevukusej,2023-03-20,austria,394,1,0,0
vulevukusej,2023-03-22,austria,433,1,0,0
vulevukusej,2023-04-03,austria,518,1,0,1
vulevukusej,2023-04-04,austria,0,1,0,1
vulkanosaure,2023-04-06,france,257,1,0,1
vuongc,2023-04-03,france,217,1,0,1
vviers,2023-04-04,france,1017,1,0,1
vvvvalvalval,2023-03-22,france,1534,1,0,0
vxav,2023-03-31,france,507,1,0,0
vyrtualsynthese,2023-03-20,france,315,1,0,0
vzwingma,2023-04-03,france,258,2,0,1
wDiogolo,2023-04-03,france,181,1,0,1
waby38b,2023-03-30,france,736,1,0,0
waghanza,2023-03-26,france,0,1,0,0
waghanza,2023-03-27,france,73,1,0,0
wahbimo,2023-03-30,france,79,1,0,0
walker84837,2023-04-01,italy,748,2,1,1
walterra,2023-03-24,austria,691,1,0,0
walterra,2023-03-27,austria,36,1,0,0
walterra,2023-04-06,austria,78,1,0,1
wanam,2023-03-29,france,267,1,0,0
wanderzen91,2023-04-07,france,262,2,0,1
warisa-inthidet,2023-04-03,france,3,1,0,1
warpdesign,2023-03-20,france,86,1,0,0
watch-janick,2023-03-25,france,856,1,0,0
watery,2023-04-08,italy,901,2,1,1
wbigger,2023-03-29,italy,101,1,1,0
wblondel,2023-03-24,france,599,1,0,0
webdevproformation,2023-03-29,france,48,1,0,0
webfux,2023-03-21,austria,374,4,0,0
webjib,2023-04-08,france,332,1,0,1
weeger,2023-03-23,france,846,6,0,0
weeger,2023-03-24,france,581,5,0,0
weeger,2023-03-25,france,73,1,0,0
weeger,2023-03-31,france,474,3,0,0
wekouri,2023-03-21,italy,56,1,1,0
wekouri,2023-04-06,italy,58,1,1,1
werpu,2023-03-21,austria,921,3,0,0
werpu,2023-03-22,austria,0,1,0,0
werpu,2023-03-31,austria,220,1,0,0
wg-bot,2023-03-30,austria,919,1,0,0
wg-bot,2023-04-04,austria,5821,7,0,1
wgrientidev,2023-03-29,italy,711,1,1,0
whatyouhide,2023-03-21,italy,682,1,1,0
whatyouhide,2023-03-23,italy,685,1,1,0
whatyouhide,2023-04-04,italy,1276,1,1,1
whatyouhide,2023-04-06,italy,132,1,1,1
widhalmt,2023-03-29,austria,1141,4,0,0
widhalmt,2023-03-31,austria,834,2,0,0
widhalmt,2023-04-06,austria,201,1,0,1
wiinxt,2023-04-05,france,414,1,0,1
wiiznokes,2023-03-21,france,231,1,0,0
wiiznokes,2023-03-30,france,396,1,0,0
wikijm,2023-03-25,france,260,1,0,0
wilcar,2023-03-24,france,122,1,0,0
wilfriedroset,2023-03-29,france,379,1,0,0
wilhempujar,2023-03-20,france,192,1,0,0
wilhempujar,2023-03-31,france,110,1,0,0
willDTF,2023-03-21,france,383,1,0,0
willdow,2023-03-20,france,0,4,0,0
willdurand,2023-03-20,france,232,1,0,0
willdurand,2023-03-28,france,530,2,0,0
willdurand,2023-03-29,france,188,1,0,0
willdurand,2023-03-30,france,590,1,0,0
williambezou,2023-03-28,france,81,1,0,0
williamdes,2023-03-18,france,288,1,0,0
williamdes,2023-03-22,france,54,2,0,0
williamdes,2023-03-27,france,655,1,0,0
williamdes,2023-04-05,france,273,2,0,1
williamdes,2023-04-07,france,2124,2,0,1
williamgoulois,2023-03-26,france,902,1,0,0
wlorenzetti,2023-03-21,italy,1135,2,1,0
wlorenzetti,2023-04-04,italy,364,1,1,1
wlorenzetti,2023-04-05,italy,856,1,1,1
wlorenzetti,2023-04-07,italy,1264,1,1,1
wodka,2023-03-25,austria,519,1,0,0
wodka,2023-04-06,austria,1026,1,0,1
wody,2023-03-20,austria,183,1,0,0
wolf4ood,2023-03-20,italy,371,1,1,0
wolf4ood,2023-03-22,italy,304,1,1,0
wolf4ood,2023-03-23,italy,986,3,1,0
wolf4ood,2023-03-24,italy,753,1,1,0
wolf4ood,2023-03-27,italy,618,3,1,0
wolfgangB33r,2023-03-27,austria,0,2,0,0
wollmers,2023-03-21,austria,739,1,0,0
wolruf,2023-03-20,france,1778,2,0,0
wolruf,2023-04-02,france,535,1,0,1
wolruf,2023-04-04,france,521,1,0,1
workgroupengineering,2023-03-21,italy,1049,3,1,0
workgroupengineering,2023-03-23,italy,153,1,1,0
workgroupengineering,2023-03-24,italy,634,1,1,0
workgroupengineering,2023-03-30,italy,630,1,1,0
workgroupengineering,2023-04-05,italy,350,2,1,1
woutdenolf,2023-03-25,france,991,1,0,0
woutdenolf,2023-03-29,france,302,1,0,0
wuarmin,2023-04-03,austria,1499,1,0,1
wuestner,2023-04-08,austria,1132,1,0,1
wulti,2023-04-03,austria,0,1,0,1
x0rld,2023-03-19,france,378,1,0,0
xAlessandroC,2023-04-04,italy,1377,1,1,1
xEnVrE,2023-03-21,italy,632,1,1,0
xEnVrE,2023-03-26,italy,1295,1,1,0
xEnVrE,2023-03-30,italy,1388,1,1,0
xKesvaL,2023-03-19,france,247,1,0,0
xLinkOut,2023-03-31,italy,1358,1,1,0
xakraz,2023-04-06,france,1344,1,0,1
xanscale,2023-03-31,italy,843,1,1,0
xavier8854,2023-03-19,france,108,1,0,0
xavierfoucrier,2023-03-29,france,118,1,0,0
xavierfoucrier,2023-04-05,france,311,1,0,1
xaviergregor,2023-03-31,france,85,1,0,0
xavierjimenezp,2023-04-03,france,286,1,0,1
xdatap1,2023-03-25,italy,215,1,1,0
xdbob,2023-03-19,france,0,1,0,0
xdelatour,2023-04-08,france,296,1,0,1
xenicle,2023-03-31,france,1412,1,0,0
xenon2008,2023-03-19,austria,700,1,0,0
xgaia,2023-04-07,france,0,1,0,1
ximex,2023-04-08,austria,229,2,0,1
xinity,2023-03-28,france,867,1,0,0
xldenis,2023-03-22,france,563,1,0,0
xldenis,2023-03-23,france,3081,4,0,0
xldenis,2023-03-24,france,398,4,0,0
xldenis,2023-04-06,france,185,1,0,1
xm1k3,2023-03-30,italy,885,1,1,0
xnyo,2023-03-28,italy,267,1,1,0
xnyo,2023-03-30,italy,193,1,1,0
xonlly,2023-03-28,france,205,1,0,0
xonlly,2023-04-05,france,189,1,0,1
xpillons,2023-03-29,france,120,2,0,0
xpillons,2023-03-31,france,235,1,0,0
xpillons,2023-04-06,france,137,2,0,1
xsoheilalizadeh,2023-03-22,austria,1473,1,0,0
xtof1,2023-03-20,france,566,1,0,0
xtools-at,2023-03-30,austria,1144,1,0,0
xuanlongORZ,2023-03-22,france,143,1,0,0
xvw,2023-03-22,france,176,1,0,0
xxsimoxx,2023-03-30,italy,1542,4,1,0
xy2iii,2023-03-24,france,854,1,0,0
xy2iii,2023-04-04,france,208,1,0,1
yaaax,2023-03-24,france,244,1,0,0
yaelleC,2023-03-31,france,0,1,0,0
yaelleC,2023-04-04,france,0,1,0,1
yakky,2023-04-05,italy,0,1,1,1
yami2200,2023-03-21,france,0,3,0,0
yami2200,2023-04-04,france,818,3,0,1
yami2200,2023-04-06,france,0,6,0,1
yann-soubeyrand,2023-04-03,france,1540,1,0,1
yannbertrand,2023-03-20,france,15,5,0,0
yannham,2023-04-03,france,1255,1,0,1
yannham,2023-04-04,france,2854,4,0,1
yaperson,2023-03-20,france,0,3,0,0
yasmin-e,2023-03-20,france,508,4,0,0
yasmin-e,2023-03-22,france,150,1,0,0
yasmin-e,2023-03-28,france,321,2,0,0
yassirkachri,2023-04-05,france,611,1,0,1
ybayle,2023-04-07,france,1229,1,0,1
ybizeul,2023-04-03,france,1169,1,0,1
ycardon-pro,2023-03-23,france,0,1,0,0
ycardon-pro,2023-03-28,france,114,1,0,0
yciabaud,2023-04-05,france,409,3,0,1
ycopin,2023-03-28,france,978,1,0,0
ydirson,2023-03-20,france,597,1,0,0
ydirson,2023-03-27,france,425,1,0,0
yeahservice,2023-04-04,austria,1320,1,0,1
yelhousni,2023-04-07,france,278,1,0,1
yessawab,2023-03-22,france,0,1,0,0
yetinam,2023-03-30,france,678,1,0,0
yetinam,2023-04-04,france,582,1,0,1
yger,2023-04-04,france,644,1,0,1
yguedidi,2023-03-21,france,1013,1,0,0
yguedidi,2023-03-26,france,856,1,0,0
yguedidi,2023-03-27,france,1871,2,0,0
yguedidi,2023-03-28,france,772,2,0,0
yguel,2023-03-27,france,476,1,0,0
yguitton,2023-03-20,france,506,1,0,0
yguitton,2023-03-23,france,984,1,0,0
yjaaidi,2023-03-31,france,1350,1,0,0
ylussaud,2023-03-22,france,136,1,0,0
ylussaud,2023-03-23,france,152,1,0,0
ylussaud,2023-03-27,france,50,1,0,0
ylussaud,2023-03-28,france,302,1,0,0
ylussaud,2023-03-30,france,321,1,0,0
ylussaud,2023-03-31,france,79,1,0,0
ylussaud,2023-04-03,france,179,2,0,1
ylussaud,2023-04-05,france,142,2,0,1
ylussaud,2023-04-06,france,302,2,0,1
ymansiaux,2023-04-07,france,967,1,0,1
ymarcon,2023-03-24,france,224,1,0,0
ymarcon,2023-03-25,france,318,2,0,0
ymarcon,2023-03-27,france,0,1,0,0
ymarcon,2023-03-30,france,109,1,0,0
ymzayek,2023-03-23,france,338,1,0,0
ymzayek,2023-03-31,france,614,2,0,0
ymzayek,2023-04-05,france,370,1,0,1
yngwi,2023-04-05,austria,185,1,0,1
yo35,2023-03-18,france,111,1,0,0
yoagauthier,2023-04-06,france,432,1,0,1
yoannfleurydev,2023-03-29,france,0,1,0,0
yoannrenard,2023-04-08,france,223,1,0,1
yohanboniface,2023-04-04,france,152,1,0,1
yomovh,2023-03-22,france,447,1,0,0
yomovh,2023-03-27,france,722,1,0,0
yomovh,2023-04-06,france,917,1,0,1
yostyle,2023-03-23,france,552,1,0,0
yottybyte,2023-03-22,italy,312,1,1,0
youakrim,2023-03-20,france,412,1,0,0
youennL-cs,2023-03-27,france,1471,1,0,0
youennmerel,2023-03-31,france,2779,2,0,0
youennmerel,2023-04-07,france,824,2,0,1
younesaassila,2023-04-01,france,1409,1,0,1
younesbenallal,2023-03-21,france,434,1,0,0
yovanoc,2023-03-20,france,138,1,0,0
yovanoc,2023-03-21,france,778,1,0,0
yovanoc,2023-04-02,france,175,1,0,1
yovanoc,2023-04-06,france,975,1,0,1
ypereirareis,2023-04-05,france,873,1,0,1
ysbaddaden,2023-03-21,france,1361,4,0,0
ysbaddaden,2023-03-24,france,837,1,0,0
ysbaddaden,2023-03-27,france,50,1,0,0
ysbaddaden,2023-04-06,france,992,1,0,1
yscialom,2023-04-02,france,102,1,0,1
ysig,2023-03-29,france,817,1,0,0
ytnoos,2023-03-27,italy,738,1,1,0
ytnoos,2023-03-29,italy,977,1,1,0
yukiisbored,2023-04-01,france,1059,1,0,1
yukulele,2023-04-04,france,137,1,0,1
yukulele,2023-04-05,france,529,2,0,1
yukulele,2023-04-08,france,110,1,0,1
yungmides,2023-03-18,france,505,2,0,0
yvanblanchard,2023-03-21,france,137,1,0,0
yvanblanchard,2023-03-22,france,603,2,0,0
yvanblanchard,2023-03-23,france,237,1,0,0
yvanblanchard,2023-03-28,france,313,1,0,0
yvanblanchard,2023-03-31,france,266,1,0,0
yvanblanchard,2023-04-01,france,480,1,0,1
yvanblanchard,2023-04-02,france,249,2,0,1
yvanblanchard,2023-04-04,france,302,1,0,1
yvanblanchard,2023-04-05,france,1531,4,0,1
yvanblanchard,2023-04-06,france,95,1,0,1
yvanblanchard,2023-04-07,france,1459,2,0,1
z0ph,2023-04-02,france,358,2,0,1
z0ph,2023-04-03,france,1023,1,0,1
zaccharieramzi,2023-03-22,france,549,1,0,0
zaccharieramzi,2023-03-28,france,1019,1,0,0
zaerl,2023-03-29,italy,1340,1,1,0
zaggash,2023-04-04,france,0,1,0,1
zamrokk,2023-03-30,france,1444,1,0,0
zamrokk,2023-03-31,france,1064,1,0,0
zamrokk,2023-04-03,france,1483,1,0,1
zanelliriccardo,2023-03-28,italy,1011,1,1,0
zanza00,2023-04-06,italy,764,1,1,1
zapaz,2023-03-23,france,756,1,0,0
zapaz,2023-03-29,france,189,2,0,0
zas97,2023-03-29,france,405,2,0,0
zas97,2023-04-06,france,629,2,0,1
zas97,2023-04-07,france,221,2,0,1
zatteo,2023-03-31,france,763,1,0,0
zaunermax,2023-03-18,austria,236,2,0,0
zaunermax,2023-03-20,austria,170,2,0,0
zaunermax,2023-03-30,austria,145,1,0,0
zaunermax,2023-03-31,austria,219,1,0,0
zaygraveyard,2023-03-21,france,589,1,0,0
zaygraveyard,2023-03-29,france,1294,1,0,0
zbendhiba,2023-03-24,france,95,1,0,0
zdimension,2023-04-02,france,257,1,0,1
zdimension,2023-04-07,france,1384,1,0,1
zeGolem,2023-03-19,france,561,1,0,0
zecakeh,2023-03-24,france,952,1,0,0
zedr,2023-03-25,italy,1444,2,1,0
zedtux,2023-04-05,france,1599,1,0,1
zedtux,2023-04-07,france,171,1,0,1
zedtux,2023-04-08,france,437,1,0,1
zeileis,2023-04-03,austria,989,1,0,1
zeileis,2023-04-05,austria,1464,3,0,1
zeileis,2023-04-07,austria,1265,1,0,1
zeileis,2023-04-08,austria,600,1,0,1
zepouet,2023-04-04,france,540,1,0,1
zero9178,2023-04-03,austria,647,1,0,1
zertawz,2023-04-01,france,445,1,0,1
zesinger,2023-04-06,france,364,1,0,1
zestones,2023-03-30,france,528,1,0,0
zhaojunGUO,2023-03-27,france,0,1,0,0
zhavir,2023-03-23,italy,133,1,1,0
zhouzi,2023-03-24,france,368,1,0,0
ziadOUA,2023-03-19,france,65,1,0,0
ziadOUA,2023-03-21,france,65,1,0,0
ziadOUA,2023-03-23,france,65,1,0,0
ziadOUA,2023-03-25,france,65,1,0,0
ziadOUA,2023-03-29,france,65,1,0,0
ziadOUA,2023-03-31,france,65,1,0,0
ziadOUA,2023-04-02,france,65,1,0,1
zibous,2023-04-02,austria,1568,1,0,1
zibous,2023-04-03,austria,1314,2,0,1
ziegenberg,2023-03-28,austria,70,1,0,0
zimmski,2023-03-20,austria,1086,1,0,0
zizzo81,2023-03-27,italy,391,1,1,0
zoggy,2023-04-04,france,426,1,0,1
zogs,2023-03-18,france,961,1,0,0
zommiommy,2023-04-04,italy,443,1,1,1
zouloux,2023-03-27,france,2512,8,0,0
zozlak,2023-03-30,austria,510,2,0,0
zucatti,2023-03-28,france,198,1,0,0
zumaawad,2023-04-04,france,126,1,0,1
zunami,2023-03-26,austria,359,1,0,0
zunami,2023-04-02,austria,788,1,0,1
zupzup,2023-04-04,austria,737,1,0,1
